IDN_PIECE;CODE_ECOLE;CODE_PIECE;REDRESSEMENT;ETAGE;IAC_MERE;ANNEE;PERIODE;PERIODE_CONSTR_5CL;SURFACE_SOL;SURFACE_PLAFOND;SURFACE_MURS;VOLUME;N_TPS_PS;N_MS;N_GS;N_CP;N_CE1;N_CE2;N_CM1;N_CM2;N_CLIS;N_CLIN;N_TOTAL;MATERIAU;AUTRE_MATERIAU;RENOVATION_12_MOIS;PEINT_INT;DECAP;PAPIER_PEINT;MOQUETTE;SOLS_PLASTIC;CARRELAGE;PARQUET_MASSIF;PARQUET_MASSIF_VITR;STRATIFIE;AUT_TRAVAUX;QUELS_AUTRES_TRAVAUX;REHABILITATION_10_ANS;FREQ_NETT_VITRE;FREQ_NETT_SOL_SEC;FREQ_NETT_SOL_HUMIDE;FREQ_NETT_MOB_SEC;FREQ_NETT_MOB_HUMIDE;INFILTRA_SDC_12;DEGAT_EAU_SDC_12;INFILTRA_BAT_12;DEGAT_EAU_BAT_12;CONDENS_PERSIS;TACHES_HUMID;SALPETRE;ODEUR_MOISI;MOISI_VISIB;MOISI_SUPERF;HUMID_VISIB;REVETEMENT_MUR;REVETEMENT_PLAFOND;REVETEMENT_SOL;PRES_TAPIS_MOQUET_SOL;POURC_TAPIS_MOQUET_SOL;N_MOB_MASSIF;N_MOB_RECONS;N_MOB_MIXTE;N_MOB_PLASTIQUE;TYPE_VITRAGE;SURF_VITREE;SYSTEME_MERE;VN_FILLE;VMC_FILLE;N_EXTRACT;N_SOUFFL;PRESENCE_GRILLE_TRANSFERT;PRESENCE_AIR_NEUF;N_ENTREE_AIR_NEUF;PRESENCE_GRIL_AERATION;N_GRIL_AERATION;DETALONNAGE;VENTILATION;VENTILATION_FCT;TYPE_TABLEAU;P_ORDI;P_IMPRIM;P_TV;CHAUFFAGE;SAISON_CHAUFFE
EE06ANP239_SDC1;EE06ANP239;SDC1;Oui;0;NA;NA;NA;NA;50,3;50,3;76,9;140;0;0;0;0;26;0;0;0;0;0;26;Autre;béton armé;Non;sans objet;sans objet;sans objet;sans objet;sans objet;sans objet;sans objet;sans objet;sans objet;sans objet;sans objet;Oui;>5 fois par an;>=1 fois par jour;>1 fois par semaine;>1 fois par semaine;>1 fois par semaine;Oui;Non;Oui;Non;Non;Oui;Non;Non;Non;sans objet;Non;Peinture, papier peint, vinyle, toile de verre;Faux-plafond;Plastique, PVC, linoléum;Non;sans objet;0;60;0;1;Simple;9,48;Aucun système;sans objet;sans objet;sans objet;sans objet;Non;Non;sans objet;Non;sans objet;Oui;Aucun système;Aucun système;MAT-CRAIE;Oui;Non;Non;Oui, tout le temps;Chauffe
EE06ANP239_SDC2;EE06ANP239;SDC2;Oui;0;NA;NA;NA;NA;54;54;81,6;161;0;0;0;0;0;6;12;0;0;0;18;Autre;béton armé;Non;sans objet;sans objet;sans objet;sans objet;sans objet;sans objet;sans objet;sans objet;sans objet;sans objet;sans objet;Oui;>5 fois par an;>=1 fois par jour;>1 fois par semaine;>1 fois par semaine;>1 fois par semaine;Oui;Non;Non;Non;Non;Non;Non;Non;Non;sans objet;Non;Peinture, papier peint, vinyle, toile de verre;Peinture, papier peint, vinyle, toile de verre;Carrelage;Non;sans objet;1;50;0;1;Simple;10,28;Aucun système;sans objet;sans objet;sans objet;sans objet;Non;Non;sans objet;Non;sans objet;Oui;Aucun système;Aucun système;MAT-CRAIE;Oui;Non;Non;Oui, tout le temps;Chauffe
EE06GAE230_SDC1;EE06GAE230;SDC1;Oui;1;Oui, date exacte;1990;sans objet;Entre 1982 et 2002;48;53,6;71,1;170;0;0;0;0;0;6;17;0;0;0;23;Béton Parpaing;sans objet;Non;sans objet;sans objet;sans objet;sans objet;sans objet;sans objet;sans objet;sans objet;sans objet;sans objet;sans objet;Oui;1 à 5 fois par an;>=1 fois par jour;>1 fois par semaine;>1 fois par semaine;>1 fois par semaine;Non;Non;Non;Non;Non;Non;Non;Non;Non;sans objet;Non;Peinture, papier peint, vinyle, toile de verre;Faux-plafond;Plastique, PVC, linoléum;Non;sans objet;1;26;39;2;Simple;7,92;VN;sur une même façade;sans objet;sans objet;sans objet;Non;Oui;1;Non;sans objet;Non;Aucun système;Aucun système;BLANC-FEUTRE;Non;Non;Oui;Non;Hors-chauffe
EE06GAE230_SDC2;EE06GAE230;SDC2;Oui;1;Oui, date exacte;1990;sans objet;Entre 1982 et 2002;48;53,6;71,3;170;0;0;0;0;0;0;0;26;0;0;26;Béton Parpaing;sans objet;Non;sans objet;sans objet;sans objet;sans objet;sans objet;sans objet;sans objet;sans objet;sans objet;sans objet;sans objet;Oui;1 à 5 fois par an;>=1 fois par jour;>1 fois par semaine;Jamais;>1 fois par semaine;Non;Non;Non;Non;Non;Non;Non;Non;Non;sans objet;Non;Peinture, papier peint, vinyle, toile de verre;Faux-plafond;Plastique, PVC, linoléum;Non;sans objet;0;56;0;0;Simple;11,94;Aucun système;sans objet;sans objet;sans objet;sans objet;Non;Oui;1;Non;sans objet;Non;Aucun système;Aucun système;BLANC-FEUTRE;Non;Non;Non;Non;Hors-chauffe
EE06GRL225_SDC1;EE06GRL225;SDC1;Oui;1;Oui, date exacte;1966;sans objet;Entre 1949 et 1967;54,7;54,7;83,8;154;0;0;0;0;25;0;0;0;0;0;25;Béton Parpaing;sans objet;Non;sans objet;sans objet;sans objet;sans objet;sans objet;sans objet;sans objet;sans objet;sans objet;sans objet;sans objet;Non;>5 fois par an;>=1 fois par jour;>1 fois par semaine;>1 fois par semaine;<=1 fois par semaine;Non;Non;Non;Non;Non;Non;Non;Non;Non;sans objet;Non;Peinture, papier peint, vinyle, toile de verre;Faux-plafond;Carrelage;Non;sans objet;1;76;0;2;Simple;11,92;Aucun système;sans objet;sans objet;sans objet;sans objet;Non;Non;sans objet;Non;sans objet;Oui;Aucun système;Aucun système;MAT-CRAIE;Oui;Oui;Non;Non;Hors-chauffe
EE06GRL225_SDC2;EE06GRL225;SDC2;Oui;2;Oui, date exacte;1966;sans objet;Entre 1949 et 1967;54,8;54,8;87,2;161;0;0;0;0;0;0;12;15;0;0;27;Béton Parpaing;sans objet;Non;sans objet;sans objet;sans objet;sans objet;sans objet;sans objet;sans objet;sans objet;sans objet;sans objet;sans objet;Non;>5 fois par an;>=1 fois par jour;>1 fois par semaine;>1 fois par semaine;<=1 fois par semaine;Non;Non;Non;Non;Non;Non;Non;Non;Non;sans objet;Non;Peinture, papier peint, vinyle, toile de verre;Faux-plafond;Carrelage;Non;sans objet;2;66;0;5;Simple;12;Aucun système;sans objet;sans objet;sans objet;sans objet;Non;Non;sans objet;Non;sans objet;Oui;Aucun système;Aucun système;MAT-CRAIE;Oui;Oui;Non;Non;Hors-chauffe
EE06NIA222_SDC1;EE06NIA222;SDC1;Oui;3;Connais approxi;sans objet;Entre 1949 et 1961;Entre 1949 et 1967;56;56;79,4;148;0;0;0;0;0;21;0;0;0;0;21;Béton Parpaing;sans objet;Non;sans objet;sans objet;sans objet;sans objet;sans objet;sans objet;sans objet;sans objet;sans objet;sans objet;sans objet;Non;NA;>=1 fois par jour;>1 fois par semaine;>1 fois par semaine;>1 fois par semaine;Ne sait pas;Non;Oui;Oui;Non;Non;Non;Non;Non;sans objet;Non;Peinture, papier peint, vinyle, toile de verre;Faux-plafond;Carrelage;Non;sans objet;2;71;0;2;Simple;5,28;Aucun système;sans objet;sans objet;sans objet;sans objet;Non;Non;sans objet;Non;sans objet;Oui;Aucun système;Aucun système;MAT-CRAIE;Oui;Non;Non;Oui, la plupart du temps;Chauffe
EE06NIA222_SDC2;EE06NIA222;SDC2;Oui;3;Connais approxi;sans objet;Entre 1949 et 1961;Entre 1949 et 1967;57,7;54,7;77,9;143;0;0;0;0;0;23;0;0;0;0;23;Béton Parpaing;sans objet;Non;sans objet;sans objet;sans objet;sans objet;sans objet;sans objet;sans objet;sans objet;sans objet;sans objet;sans objet;Non;NA;>=1 fois par jour;>1 fois par semaine;>1 fois par semaine;>1 fois par semaine;Ne sait pas;Non;Oui;Oui;Non;Non;Non;Non;Non;sans objet;Non;Peinture, papier peint, vinyle, toile de verre;Faux-plafond;Carrelage;Non;sans objet;1;69;0;4;Simple;5,28;Aucun système;sans objet;sans objet;sans objet;sans objet;Non;Non;sans objet;Non;sans objet;Oui;Aucun système;Aucun système;MAT-CRAIE;Oui;Non;Non;Oui, tout le temps;Chauffe
EE07CSC204_SDC1;EE07CSC204;SDC1;Oui;1;Connais approxi;sans objet;Entre 1975 et 1981;Entre 1968 et 1981;63;62;88;171;0;0;0;5;24;0;0;0;0;0;29;Béton Parpaing;sans objet;Non;sans objet;sans objet;sans objet;sans objet;sans objet;sans objet;sans objet;sans objet;sans objet;sans objet;sans objet;Oui;>5 fois par an;>=1 fois par jour;>1 fois par semaine;>1 fois par semaine;>1 fois par semaine;Non;Non;Non;Non;Non;Non;Non;Non;Non;sans objet;Non;Peinture, papier peint, vinyle, toile de verre;Faux-plafond;Carrelage;Non;sans objet;3;40;0;0;Double;7;Aucun système;sans objet;sans objet;sans objet;sans objet;Non;Non;sans objet;Non;sans objet;Oui;Aucun système;Aucun système;BLANC-FEUTRE;Oui;Oui;Non;Non;Chauffe
EE07CSC204_SDC2;EE07CSC204;SDC2;Oui;1;Connais approxi;sans objet;Entre 1975 et 1981;Entre 1968 et 1981;63,6;63,6;90,4;179;0;0;0;0;0;0;25;0;0;0;25;Béton Parpaing;sans objet;Non;sans objet;sans objet;sans objet;sans objet;sans objet;sans objet;sans objet;sans objet;sans objet;sans objet;sans objet;Oui;>5 fois par an;>=1 fois par jour;>1 fois par semaine;>1 fois par semaine;>1 fois par semaine;Non;Non;Non;Non;Non;Oui;Non;Non;Non;sans objet;Oui;Peinture, papier peint, vinyle, toile de verre;Faux-plafond;Carrelage;Non;sans objet;1;50;0;0;Double;5,84;VMC;sans objet;simple flux par extraction avec balayage;0;sans objet;Non;Oui;2;Non;sans objet;Non;VMC ou VN;VMC info manquante;BLANC-FEUTRE;Oui;Non;Non;Non;Chauffe
EE07LVU120_SDC1;EE07LVU120;SDC1;Oui;1;Non;sans objet;sans objet;NA;50;50;86;142;0;0;0;0;15;5;0;0;0;0;20;Pierre;sans objet;Oui;ACHEVES;Non;Non;Non;Non;Non;Non;Non;Non;ACHEVES;Allongement câble électrique + installation d'un tableau;Non;1 à 5 fois par an;<1 fois par jour;<=1 fois par semaine;Jamais;<=1 fois par semaine;Non;Non;Non;Oui;Non;Oui;Non;Non;Non;sans objet;Oui;Peinture, papier peint, vinyle, toile de verre;Faux-plafond;Carrelage;Non;sans objet;3;57;0;0;Double;5,52;Aucun système;sans objet;sans objet;sans objet;sans objet;Non;Non;sans objet;Non;sans objet;Oui;Aucun système;Aucun système;MAT-CRAIE;Oui;Oui;Non;Non;Chauffe
EE07LVU120_SDC2;EE07LVU120;SDC2;Oui;2;Non;sans objet;sans objet;NA;39,4;39,4;71,8;111;0;0;0;0;0;0;9;9;0;0;18;Pierre;sans objet;Non;sans objet;sans objet;sans objet;sans objet;sans objet;sans objet;sans objet;sans objet;sans objet;sans objet;sans objet;Non;1 à 5 fois par an;<1 fois par jour;<=1 fois par semaine;Jamais;<=1 fois par semaine;Non;Oui;Non;Oui;Non;Oui;Non;Non;Non;sans objet;Oui;Peinture, papier peint, vinyle, toile de verre;Faux-plafond;Carrelage;Non;sans objet;0;53;0;0;Double;5,04;Aucun système;sans objet;sans objet;sans objet;sans objet;Non;Non;sans objet;Non;sans objet;Non;Aucun système;Aucun système;MAT-CRAIE;Oui;Non;Non;Non;Chauffe
EE07ROD119_SDC1;EE07ROD119;SDC1;Oui;1;Oui, date exacte;1997;sans objet;Entre 1982 et 2002;55,8;55,8;86,2;161;0;0;0;0;0;28;0;0;0;0;28;Béton Parpaing;sans objet;Non;sans objet;sans objet;sans objet;sans objet;sans objet;sans objet;sans objet;sans objet;sans objet;sans objet;sans objet;Non;>5 fois par an;<1 fois par jour;<=1 fois par semaine;Jamais;<=1 fois par semaine;Non;Non;Non;Non;Non;Non;Non;Non;Non;sans objet;Non;Peinture, papier peint, vinyle, toile de verre;Faux-plafond;Carrelage;Non;sans objet;0;54;0;0;Double;5,52;VMC;sans objet;simple flux par extraction avec balayage;0;sans objet;Non;Oui;3;Non;sans objet;Oui;Aucun système;Aucun système;MIXTE;Oui;Non;Non;Oui, tout le temps;Chauffe
EE07ROD119_SDC2;EE07ROD119;SDC2;Oui;1;Oui, date exacte;1997;sans objet;Entre 1982 et 2002;56,4;56,4;90,2;163;0;0;0;0;0;0;12;14;0;0;26;Béton Parpaing;sans objet;Non;sans objet;sans objet;sans objet;sans objet;sans objet;sans objet;sans objet;sans objet;sans objet;sans objet;sans objet;Non;>5 fois par an;<1 fois par jour;<=1 fois par semaine;Jamais;<=1 fois par semaine;Non;Non;Non;Non;Non;Non;Non;Non;Non;sans objet;Non;Peinture, papier peint, vinyle, toile de verre;Faux-plafond;Carrelage;Non;sans objet;1;54;0;0;Double;5,6;VMC;sans objet;simple flux par extraction avec balayage;0;sans objet;Oui, ouverts;Oui;3;Non;sans objet;Oui;Aucun système;Aucun système;MAT-CRAIE;Oui;Oui;Non;Oui, tout le temps;Chauffe
EE07SEM179_SDC1;EE07SEM179;SDC1;Oui;0;Connais approxi;sans objet;Entre 2003 et 2009;2003 et après;62,4;62,4;80,5;163;0;9;0;16;0;0;0;0;0;0;25;Béton Parpaing;sans objet;Non;sans objet;sans objet;sans objet;sans objet;sans objet;sans objet;sans objet;sans objet;sans objet;sans objet;sans objet;Non;1 à 5 fois par an;<1 fois par jour;>1 fois par semaine;>1 fois par semaine;>1 fois par semaine;Non;Non;Non;Non;Non;Non;Non;Non;Non;sans objet;Non;Peinture, papier peint, vinyle, toile de verre;Faux-plafond;Plastique, PVC, linoléum;Non;sans objet;1;55;0;1;Double;12,72;VMC;sans objet;simple flux par extraction sans balayage;1;sans objet;Non;Non;sans objet;Non;sans objet;Non;VMC ou VN;VMC info manquante;BLANC-FEUTRE;Oui;Oui;Non;Oui, tout le temps;Chauffe
EE07SEM179_SDC2;EE07SEM179;SDC2;Oui;0;Connais approxi;sans objet;Entre 1871 et 1914;Avant 1948;63,9;63,9;94,9;179;0;0;12;0;11;0;0;0;0;0;23;Pierre;sans objet;Non;sans objet;sans objet;sans objet;sans objet;sans objet;sans objet;sans objet;sans objet;sans objet;sans objet;sans objet;Non;1 à 5 fois par an;<1 fois par jour;>1 fois par semaine;>1 fois par semaine;>1 fois par semaine;Non;Non;Non;Non;Non;Non;Non;Non;Non;sans objet;Non;Peinture, papier peint, vinyle, toile de verre;Faux-plafond;Plastique, PVC, linoléum;Non;sans objet;10;54;0;4;Simple;5,3;VMC;sans objet;simple flux par extraction avec balayage;2;sans objet;Non;Non;sans objet;Non;sans objet;Oui;VMC ou VN;VMC info manquante;MAT-CRAIE;Oui;Oui;Non;Oui, la plupart du temps;Chauffe
EE07VIQ113_SDC1;EE07VIQ113;SDC1;Oui;0;Connais approxi;sans objet;Entre 1871 et 1914;Avant 1948;53,8;53,8;91;164;0;0;0;7;7;7;0;0;0;0;21;Pierre;sans objet;Non;sans objet;sans objet;sans objet;sans objet;sans objet;sans objet;sans objet;sans objet;sans objet;sans objet;sans objet;Non;1 à 5 fois par an;Jamais;>1 fois par semaine;Jamais;<=1 fois par semaine;Oui;Non;Oui;Non;Non;Non;Non;Non;Non;sans objet;Non;Peinture, papier peint, vinyle, toile de verre;Faux-plafond;Plastique, PVC, linoléum;Non;sans objet;0;60;0;1;Double;6,66;Aucun système;sans objet;sans objet;sans objet;sans objet;Non;Non;sans objet;Non;sans objet;Oui;Aucun système;Aucun système;BLANC-FEUTRE;Oui;Oui;Non;Oui, la plupart du temps;Chauffe
EE07VIQ113_SDC2;EE07VIQ113;SDC2;Oui;0;Connais approxi;sans objet;Entre 1871 et 1914;Avant 1948;46,3;46,3;83,2;140;0;0;0;0;0;0;13;7;0;0;20;Pierre;sans objet;Non;sans objet;sans objet;sans objet;sans objet;sans objet;sans objet;sans objet;sans objet;sans objet;sans objet;sans objet;Non;1 à 5 fois par an;Jamais;>1 fois par semaine;Jamais;<=1 fois par semaine;Non;Non;Non;Non;Non;Non;Non;Non;Non;sans objet;Non;Peinture, papier peint, vinyle, toile de verre;Faux-plafond;Plastique, PVC, linoléum;Non;sans objet;0;0;52;1;Double;6,42;Aucun système;sans objet;sans objet;sans objet;sans objet;Non;Non;sans objet;Non;sans objet;Oui;Aucun système;Aucun système;MAT-CRAIE;Non;Oui;Non;Oui, la plupart du temps;Chauffe
EE12COJ122_SDC1;EE12COJ122;SDC1;Oui;1;Connais approxi;sans objet;Entre 1871 et 1914;Avant 1948;51,5;51,5;94;169;0;0;0;0;3;4;2;0;0;0;9;Pierre;sans objet;Non;sans objet;sans objet;sans objet;sans objet;sans objet;sans objet;sans objet;sans objet;sans objet;sans objet;sans objet;Oui;1 à 5 fois par an;>=1 fois par jour;<=1 fois par semaine;>1 fois par semaine;>1 fois par semaine;Oui;Ne sait pas;Non;Non;Non;Non;Oui;Non;Non;sans objet;Non;Peinture, papier peint, vinyle, toile de verre;Faux-plafond;Carrelage;Non;sans objet;0;47;0;0;Double;11;VN;sur deux façades différentes;sans objet;sans objet;sans objet;Non;Oui;2;Non;sans objet;Oui;Aucun système;Aucun système;MAT-CRAIE;Non;Non;Non;Oui, tout le temps;Chauffe
EE12ROA193_SDC1;EE12ROA193;SDC1;Oui;1;Connais approxi;sans objet;NA;NA;54,5;55;95,6;174;0;0;0;0;19;8;0;0;0;0;27;Briques;sans objet;Non;sans objet;sans objet;sans objet;sans objet;sans objet;sans objet;sans objet;sans objet;sans objet;sans objet;sans objet;Non;>5 fois par an;<1 fois par jour;>1 fois par semaine;<=1 fois par semaine;<=1 fois par semaine;Non;Non;Non;Non;Non;Non;Non;Non;Non;sans objet;Non;Peinture, papier peint, vinyle, toile de verre;Faux-plafond;Plastique, PVC, linoléum;Non;sans objet;0;61;0;3;Double;12,2;Aucun système;sans objet;sans objet;sans objet;sans objet;Non;Non;sans objet;Non;sans objet;Oui;Aucun système;Aucun système;MAT-CRAIE;Non;Non;Non;Oui, la plupart du temps;Chauffe
EE12ROA193_SDC2;EE12ROA193;SDC2;Oui;1;Connais approxi;sans objet;NA;NA;73,6;73,6;100,6;213;0;0;0;0;0;0;15;11;0;0;26;Briques;sans objet;Non;sans objet;sans objet;sans objet;sans objet;sans objet;sans objet;sans objet;sans objet;sans objet;sans objet;sans objet;Non;>5 fois par an;<1 fois par jour;>1 fois par semaine;<=1 fois par semaine;<=1 fois par semaine;Non;Non;Non;Non;Non;Non;Non;Non;Non;sans objet;Non;Peinture, papier peint, vinyle, toile de verre;Faux-plafond;Plastique, PVC, linoléum;Non;sans objet;0;59;0;0;Simple;20,09;Aucun système;sans objet;sans objet;sans objet;sans objet;Non;Non;sans objet;Non;sans objet;Oui;Aucun système;Aucun système;BLANC-FEUTRE;Oui;Oui;Non;Oui, tout le temps;Chauffe
EE12ROK169_SDC1;EE12ROK169;SDC1;Oui;0;Connais approxi;sans objet;Entre 1949 et 1961;Entre 1949 et 1967;55;55;90;165;0;0;0;0;0;0;14;12;0;0;26;Béton Parpaing;sans objet;Non;sans objet;sans objet;sans objet;sans objet;sans objet;sans objet;sans objet;sans objet;sans objet;sans objet;sans objet;Non;>5 fois par an;>=1 fois par jour;>1 fois par semaine;>1 fois par semaine;>1 fois par semaine;Non;Non;Non;Non;Non;Non;Non;Non;Non;sans objet;Non;Peinture, papier peint, vinyle, toile de verre;Faux-plafond;Plastique, PVC, linoléum;Non;sans objet;1;59;0;0;Double;12,4;VMC;sans objet;simple flux par extraction avec balayage;1;sans objet;Non;Oui;4;Non;sans objet;Oui;VMC ou VN;VMC fonctionnelle;BLANC-FEUTRE;Non;Non;Non;Oui, tout le temps;Chauffe
EE12ROK169_SDC2;EE12ROK169;SDC2;Oui;0;Connais approxi;sans objet;Entre 1949 et 1961;Entre 1949 et 1967;54;54;89,4;162;0;0;0;5;14;0;3;0;4;0;26;Béton Parpaing;sans objet;Non;sans objet;sans objet;sans objet;sans objet;sans objet;sans objet;sans objet;sans objet;sans objet;sans objet;sans objet;Non;>5 fois par an;>=1 fois par jour;>1 fois par semaine;>1 fois par semaine;>1 fois par semaine;Non;Non;Non;Non;Non;Non;Non;Non;Non;sans objet;Non;Peinture, papier peint, vinyle, toile de verre;Faux-plafond;Plastique, PVC, linoléum;Non;sans objet;5;44;0;0;Double;12,4;VMC;sans objet;simple flux par extraction avec balayage;1;sans objet;Non;Oui;4;Non;sans objet;Oui;VMC ou VN;VMC fonctionnelle;BLANC-FEUTRE;Oui;Non;Non;Oui, tout le temps;Chauffe
EE12ROX205_SDC1;EE12ROX205;SDC1;Oui;1;Connais approxi;sans objet;Entre 1915 et 1948;Avant 1948;32,1;32,1;61;83,8;0;0;0;0;0;0;0;22;0;0;22;Pierre;sans objet;Oui;ACHEVES;Non;ACHEVES;Non;Non;Non;Non;Non;ACHEVES;Non;sans objet;Non;1 à 5 fois par an;<1 fois par jour;>1 fois par semaine;<=1 fois par semaine;<=1 fois par semaine;Non;Non;Non;Non;Non;Non;Non;Non;Non;sans objet;Non;Peinture, papier peint, vinyle, toile de verre;Faux-plafond;Parquet massif ou contrecollé, vitrifié, stratifié;Non;sans objet;1;56;0;0;Double;4,9;Aucun système;sans objet;sans objet;sans objet;sans objet;Non;Non;sans objet;Non;sans objet;Oui;Aucun système;Aucun système;MAT-CRAIE;Non;Non;Non;Non;Chauffe
EE12ROX205_SDC2;EE12ROX205;SDC2;Oui;0;Connais approxi;sans objet;Entre 1968 et 1974;Entre 1968 et 1981;50,6;50,6;85,8;151;0;0;0;0;28;0;0;0;0;0;28;Béton Parpaing;sans objet;Non;sans objet;sans objet;sans objet;sans objet;sans objet;sans objet;sans objet;sans objet;sans objet;sans objet;sans objet;Non;1 à 5 fois par an;<1 fois par jour;>1 fois par semaine;<=1 fois par semaine;<=1 fois par semaine;Non;Non;Non;Non;Non;Non;Non;Non;Non;sans objet;Non;Peinture, papier peint, vinyle, toile de verre;Peinture, papier peint, vinyle, toile de verre;Carrelage;Non;sans objet;2;62;0;0;Simple;7,5;Aucun système;sans objet;sans objet;sans objet;sans objet;Non;Non;sans objet;Non;sans objet;Non;Aucun système;Aucun système;BLANC-FEUTRE;Non;Non;Non;Non;Chauffe
EE12SCD184_SDC1;EE12SCD184;SDC1;Oui;0;Connais approxi;sans objet;Entre 1975 et 1981;Entre 1968 et 1981;53;53;83,6;145;0;0;0;0;14;10;0;0;0;0;24;Béton Parpaing;sans objet;Non;sans objet;sans objet;sans objet;sans objet;sans objet;sans objet;sans objet;sans objet;sans objet;sans objet;sans objet;Non;1 à 5 fois par an;>=1 fois par jour;<=1 fois par semaine;Jamais;>1 fois par semaine;Non;Non;Non;Non;Non;Non;Non;Non;Non;sans objet;Non;Peinture, papier peint, vinyle, toile de verre;Peinture, papier peint, vinyle, toile de verre;Plastique, PVC, linoléum;Non;sans objet;0;52;1;0;Double;16,56;Aucun système;sans objet;sans objet;sans objet;sans objet;Non;Oui;2;Non;sans objet;Oui;Aucun système;Aucun système;MAT-CRAIE;Oui;Non;Non;Oui, la plupart du temps;Chauffe
EE12SCD184_SDC2;EE12SCD184;SDC2;Oui;0;Connais approxi;sans objet;Entre 1975 et 1981;Entre 1968 et 1981;53;53;84,1;145;0;0;0;0;0;0;15;8;0;0;23;Béton Parpaing;sans objet;Non;sans objet;sans objet;sans objet;sans objet;sans objet;sans objet;sans objet;sans objet;sans objet;sans objet;sans objet;Non;1 à 5 fois par an;>=1 fois par jour;<=1 fois par semaine;Jamais;>1 fois par semaine;Non;Non;Non;Non;Non;Oui;Oui;Non;Non;sans objet;Non;Peinture, papier peint, vinyle, toile de verre;Peinture, papier peint, vinyle, toile de verre;Plastique, PVC, linoléum;Non;sans objet;0;54;0;1;Double;14,71;Aucun système;sans objet;sans objet;sans objet;sans objet;Non;Oui;2;Non;sans objet;Oui;Aucun système;Aucun système;MAT-CRAIE;Oui;Non;Non;Oui, tout le temps;Chauffe
EE12SGF125_SDC1;EE12SGF125;SDC1;Oui;0;Oui, date exacte;1989;sans objet;Entre 1982 et 2002;49;49;85;122;0;0;0;0;0;8;7;10;0;0;25;Béton Parpaing;sans objet;Non;sans objet;sans objet;sans objet;sans objet;sans objet;sans objet;sans objet;sans objet;sans objet;sans objet;sans objet;Oui;1 à 5 fois par an;<1 fois par jour;>1 fois par semaine;<=1 fois par semaine;>1 fois par semaine;Non;Non;Non;Non;Non;Non;Non;Non;Non;sans objet;Non;Peinture, papier peint, vinyle, toile de verre;Faux-plafond;Plastique, PVC, linoléum;Non;sans objet;12;36;0;0;Double;9,5;VMC;sans objet;simple flux par extraction avec balayage;1;sans objet;Non;Oui;2;Non;sans objet;Oui;VMC ou VN;VMC fonctionnelle;BLANC-FEUTRE;Non;Non;Non;Oui, la plupart du temps;Chauffe
EE12SGF125_SDC2;EE12SGF125;SDC2;Oui;0;Oui, date exacte;1989;sans objet;Entre 1982 et 2002;32;32;58;80;0;0;3;3;6;8;0;0;0;0;20;Béton Parpaing;sans objet;Non;sans objet;sans objet;sans objet;sans objet;sans objet;sans objet;sans objet;sans objet;sans objet;sans objet;sans objet;Oui;1 à 5 fois par an;<1 fois par jour;>1 fois par semaine;<=1 fois par semaine;>1 fois par semaine;Non;Non;Non;Non;Non;Non;Non;Non;Non;sans objet;Non;Peinture, papier peint, vinyle, toile de verre;Peinture, papier peint, vinyle, toile de verre;Plastique, PVC, linoléum;Non;sans objet;4;29;0;0;Double;4,1;VMC;sans objet;simple flux par extraction avec balayage;1;sans objet;Non;Oui;1;Non;sans objet;Oui;VMC ou VN;VMC fonctionnelle;MAT-CRAIE;Non;Non;Non;Oui, tout le temps;Chauffe
EE12SRQ168_SDC1;EE12SRQ168;SDC1;Oui;0;Oui, date exacte;1975;sans objet;Entre 1968 et 1981;46;46;80,4;137;0;0;0;11;6;0;0;0;0;0;17;Béton Parpaing;sans objet;Non;sans objet;sans objet;sans objet;sans objet;sans objet;sans objet;sans objet;sans objet;sans objet;sans objet;sans objet;Non;1 à 5 fois par an;>=1 fois par jour;>1 fois par semaine;Jamais;<=1 fois par semaine;Non;Non;Non;Non;Non;Non;Non;Non;Non;sans objet;Non;Peinture, papier peint, vinyle, toile de verre;Peinture, papier peint, vinyle, toile de verre;Plastique, PVC, linoléum;Non;sans objet;0;57;0;0;Double;8,4;Aucun système;sans objet;sans objet;sans objet;sans objet;Non;Non;sans objet;Non;sans objet;Oui;Aucun système;Aucun système;MAT-CRAIE;Non;Non;Non;Oui, tout le temps;Chauffe
EE12SRQ168_SDC2;EE12SRQ168;SDC2;Oui;0;Oui, date exacte;1975;sans objet;Entre 1968 et 1981;53;53;93,2;134;0;0;0;0;0;5;14;7;0;0;26;Béton Parpaing;sans objet;Non;sans objet;sans objet;sans objet;sans objet;sans objet;sans objet;sans objet;sans objet;sans objet;sans objet;sans objet;Non;1 à 5 fois par an;>=1 fois par jour;>1 fois par semaine;Jamais;<=1 fois par semaine;Non;Non;Non;Non;Non;Non;Non;Non;Non;sans objet;Non;Peinture, papier peint, vinyle, toile de verre;Peinture, papier peint, vinyle, toile de verre;Plastique, PVC, linoléum;Non;sans objet;0;63;0;0;Double;10,4;Aucun système;sans objet;sans objet;sans objet;sans objet;Non;Non;sans objet;Non;sans objet;Oui;Aucun système;Aucun système;BLANC-FEUTRE;Non;Non;Non;Oui, tout le temps;Chauffe
EE13AET078_SDC1;EE13AET078;SDC1;Oui;0;Connais approxi;sans objet;Entre 1968 et 1974;Entre 1968 et 1981;48;48;76;131;0;0;0;0;0;0;0;30;0;0;30;Béton Parpaing;sans objet;Non;sans objet;sans objet;sans objet;sans objet;sans objet;sans objet;sans objet;sans objet;sans objet;sans objet;sans objet;Oui;1 à 5 fois par an;<1 fois par jour;>1 fois par semaine;Jamais;>1 fois par semaine;Non;Non;Oui;Non;Non;Oui;Non;Non;Non;sans objet;Non;Peinture, papier peint, vinyle, toile de verre;Faux-plafond;Plastique, PVC, linoléum;Non;sans objet;2;72;1;3;Double;4,93;Aucun système;sans objet;sans objet;sans objet;sans objet;Non;Oui;3;Non;sans objet;Non;Aucun système;Aucun système;BLANC-FEUTRE;Oui;Oui;Non;Oui, tout le temps;Chauffe
EE13AET078_SDC2;EE13AET078;SDC2;Oui;0;Connais approxi;sans objet;Entre 1968 et 1974;Entre 1968 et 1981;47;47;76;130;0;0;0;0;0;24;0;0;0;0;24;Béton Parpaing;sans objet;Non;sans objet;sans objet;sans objet;sans objet;sans objet;sans objet;sans objet;sans objet;sans objet;sans objet;sans objet;Oui;1 à 5 fois par an;<1 fois par jour;>1 fois par semaine;Jamais;>1 fois par semaine;Non;Non;Oui;Non;Non;Oui;Non;Non;Non;sans objet;Non;Peinture, papier peint, vinyle, toile de verre;Faux-plafond;Plastique, PVC, linoléum;Non;sans objet;1;70;0;1;Double;4,48;Aucun système;sans objet;sans objet;sans objet;sans objet;Non;Oui;4;Non;sans objet;Non;Aucun système;Aucun système;MAT-CRAIE;Oui;Non;Non;Oui, tout le temps;Chauffe
EE13AUT004_SDC1;EE13AUT004;SDC1;Oui;1;Connais approxi;sans objet;Entre 1949 et 1961;Entre 1949 et 1967;45;53;86;153;0;0;0;27;0;0;0;0;0;0;27;Béton Parpaing;sans objet;Oui;ACHEVES;Non;Non;Non;Non;Non;Non;Non;Non;Non;sans objet;Oui;1 à 5 fois par an;Jamais;>1 fois par semaine;Jamais;>1 fois par semaine;Non;Non;Non;Non;Non;Non;Non;Non;Non;sans objet;Non;Peinture, papier peint, vinyle, toile de verre;Faux-plafond;Carrelage;Non;sans objet;1;0;55;3;Double;10,5;Aucun système;sans objet;sans objet;sans objet;sans objet;Non;Non;sans objet;Non;sans objet;Oui;Aucun système;Aucun système;MAT-CRAIE;Non;Non;Non;Oui, tout le temps;Chauffe
EE13AUT004_SDC2;EE13AUT004;SDC2;Oui;1;Connais approxi;sans objet;Entre 1949 et 1961;Entre 1949 et 1967;46;46;79;133;0;0;0;0;0;0;0;25;0;0;25;Béton Parpaing;sans objet;Oui;ACHEVES;Non;Non;Non;Non;Non;Non;Non;Non;Non;sans objet;Non;1 à 5 fois par an;Jamais;>1 fois par semaine;Jamais;>1 fois par semaine;Non;Non;Non;Non;Non;Oui;Non;Non;Non;sans objet;Non;Peinture, papier peint, vinyle, toile de verre;Faux-plafond;Carrelage;Non;sans objet;0;0;54;3;Double;14,1;Aucun système;sans objet;sans objet;sans objet;sans objet;Non;Non;sans objet;Non;sans objet;Oui;Aucun système;Aucun système;BLANC-FEUTRE;Non;Non;Non;Oui, tout le temps;Chauffe
EE13BOC002_SDC1;EE13BOC002;SDC1;Oui;1;Connais approxi;sans objet;Entre 1982 et 1989;Entre 1982 et 2002;65;65;91,9;185;0;0;0;0;26;0;0;0;0;0;26;Béton Parpaing;sans objet;Non;sans objet;sans objet;sans objet;sans objet;sans objet;sans objet;sans objet;sans objet;sans objet;sans objet;sans objet;Oui;1 à 5 fois par an;>=1 fois par jour;>1 fois par semaine;Jamais;>1 fois par semaine;Non;Non;Non;Non;Non;Oui;Non;Non;Non;sans objet;Non;Peinture, papier peint, vinyle, toile de verre;Faux-plafond;Plastique, PVC, linoléum;Non;sans objet;0;58;0;0;Double;4,5;Aucun système;sans objet;sans objet;sans objet;sans objet;Non;Non;sans objet;Non;sans objet;Oui;Aucun système;Aucun système;MAT-CRAIE;Non;Non;Non;Oui, tout le temps;Chauffe
EE13BOC002_SDC2;EE13BOC002;SDC2;Oui;0;Connais approxi;sans objet;Entre 1982 et 1989;Entre 1982 et 2002;45;45;82;136;0;0;0;19;0;0;0;0;0;0;19;Béton Parpaing;sans objet;Oui;ACHEVES;ACHEVES;Non;Non;Non;Non;Non;Non;Non;ACHEVES;FAUX PLAFOND;Oui;1 à 5 fois par an;>=1 fois par jour;>1 fois par semaine;Jamais;>1 fois par semaine;Non;Non;Non;Non;Non;Non;Non;Non;Non;sans objet;Non;Peinture, papier peint, vinyle, toile de verre;Faux-plafond;Plastique, PVC, linoléum;Non;sans objet;1;46;0;1;Double;10,6;Aucun système;sans objet;sans objet;sans objet;sans objet;Non;Non;sans objet;Non;sans objet;Non;Aucun système;Aucun système;BLANC-FEUTRE;Oui;Non;Non;Oui, tout le temps;Chauffe
EE13LPW003_SDC1;EE13LPW003;SDC1;Oui;0;Oui, date exacte;1975;sans objet;Entre 1968 et 1981;55;55;80;149;0;0;0;24;0;0;0;0;0;0;24;Béton Parpaing;sans objet;Non;sans objet;sans objet;sans objet;sans objet;sans objet;sans objet;sans objet;sans objet;sans objet;sans objet;sans objet;Oui;>5 fois par an;>=1 fois par jour;>1 fois par semaine;Jamais;>1 fois par semaine;Non;Non;Oui;Non;Non;Oui;Non;Non;Non;sans objet;Oui;Peinture, papier peint, vinyle, toile de verre;Faux-plafond;Plastique, PVC, linoléum;Non;sans objet;1;61;0;0;Double;4,9;Aucun système;sans objet;sans objet;sans objet;sans objet;Non;Non;sans objet;Non;sans objet;Non;Aucun système;Aucun système;MAT-CRAIE;Oui;Oui;Non;Oui, tout le temps;Chauffe
EE13LPW003_SDC2;EE13LPW003;SDC2;Oui;0;Oui, date exacte;1975;sans objet;Entre 1968 et 1981;59,6;59,9;99,8;184;0;0;0;0;0;0;31;0;0;0;31;Béton Parpaing;sans objet;Non;sans objet;sans objet;sans objet;sans objet;sans objet;sans objet;sans objet;sans objet;sans objet;sans objet;sans objet;Oui;>5 fois par an;>=1 fois par jour;>1 fois par semaine;Jamais;>1 fois par semaine;Non;Non;Oui;Non;Non;Oui;Oui;Non;Non;sans objet;Oui;Peinture, papier peint, vinyle, toile de verre;Peinture, papier peint, vinyle, toile de verre;Carrelage;Non;sans objet;4;58;0;3;Simple;2,8;Aucun système;sans objet;sans objet;sans objet;sans objet;Non;Non;sans objet;Non;sans objet;Non;Aucun système;Aucun système;MAT-CRAIE;Non;Non;Non;Oui, tout le temps;Chauffe
EE13MAH102_SDC1;EE13MAH102;SDC1;Oui;0;Non;sans objet;sans objet;NA;62,5;62,5;119,4;234;0;0;0;0;0;0;22;0;0;0;22;Béton Parpaing;sans objet;Non;sans objet;sans objet;sans objet;sans objet;sans objet;sans objet;sans objet;sans objet;sans objet;sans objet;sans objet;Non;1 à 5 fois par an;>=1 fois par jour;>1 fois par semaine;>1 fois par semaine;>1 fois par semaine;Non;Non;Non;Non;Non;Non;Non;Non;Non;sans objet;Non;Peinture, papier peint, vinyle, toile de verre;Faux-plafond;Plastique, PVC, linoléum;Non;sans objet;0;70;0;1;Double;6,2;Aucun système;sans objet;sans objet;sans objet;sans objet;Non;Non;sans objet;Non;sans objet;Non;Aucun système;Aucun système;MAT-CRAIE;Non;Non;Non;Non;Chauffe
EE13MAH102_SDC2;EE13MAH102;SDC2;Oui;0;Non;sans objet;sans objet;NA;62,5;62,5;119,4;234;0;0;0;0;20;0;0;0;0;0;20;Béton Parpaing;sans objet;Non;sans objet;sans objet;sans objet;sans objet;sans objet;sans objet;sans objet;sans objet;sans objet;sans objet;sans objet;Non;1 à 5 fois par an;>=1 fois par jour;>1 fois par semaine;>1 fois par semaine;>1 fois par semaine;Oui;Non;Oui;Non;Non;Oui;Non;Non;Non;sans objet;Non;Peinture, papier peint, vinyle, toile de verre;Faux-plafond;Plastique, PVC, linoléum;Non;sans objet;0;66;0;1;Double;6,8;Aucun système;sans objet;sans objet;sans objet;sans objet;Non;Non;sans objet;Non;sans objet;Oui;Aucun système;Aucun système;MAT-CRAIE;Non;Non;Non;Oui, tout le temps;Chauffe
EE13MAM006_SDC1;EE13MAM006;SDC1;Oui;1;Connais approxi;sans objet;Avant 1871;Avant 1948;50;50;105;175;0;0;0;0;0;0;9;10;0;0;19;NA;NA;Non;sans objet;sans objet;sans objet;sans objet;sans objet;sans objet;sans objet;sans objet;sans objet;sans objet;sans objet;Non;1 à 5 fois par an;>=1 fois par jour;<=1 fois par semaine;<=1 fois par semaine;<=1 fois par semaine;Oui;Non;Oui;Oui;Non;Non;Oui;Non;Non;sans objet;Non;Peinture, papier peint, vinyle, toile de verre;Peinture, papier peint, vinyle, toile de verre;Carrelage;Non;sans objet;2;53;0;2;Simple;4;Aucun système;sans objet;sans objet;sans objet;sans objet;Non;Non;sans objet;Non;sans objet;Non;Aucun système;Aucun système;MAT-CRAIE;Oui;Oui;Oui;Non;Hors-chauffe
EE13MAM006_SDC2;EE13MAM006;SDC2;Oui;0;Connais approxi;sans objet;Entre 1962 et 1967;Entre 1949 et 1967;47;47;82;141;0;0;28;0;0;0;0;0;0;0;28;Béton Parpaing;sans objet;Non;sans objet;sans objet;sans objet;sans objet;sans objet;sans objet;sans objet;sans objet;sans objet;sans objet;sans objet;Non;1 à 5 fois par an;>=1 fois par jour;<=1 fois par semaine;<=1 fois par semaine;<=1 fois par semaine;Non;Non;Oui;Oui;Non;Non;Oui;Non;Non;sans objet;Non;Peinture, papier peint, vinyle, toile de verre;Peinture, papier peint, vinyle, toile de verre;Carrelage;Non;sans objet;66;0;0;5;Simple;10,4;Aucun système;sans objet;sans objet;sans objet;sans objet;Non;Non;sans objet;Non;sans objet;Non;Aucun système;Aucun système;BLANC-FEUTRE;Non;Non;Non;Non;Hors-chauffe
EE13MAS005_SDC1;EE13MAS005;SDC1;Oui;1;Oui, date exacte;2002;sans objet;Entre 1982 et 2002;51;51;73,8;131;0;0;0;0;0;12;12;0;0;0;24;Autre;Fer préfabriqué;Non;sans objet;sans objet;sans objet;sans objet;sans objet;sans objet;sans objet;sans objet;sans objet;sans objet;sans objet;Non;Jamais;Jamais;>1 fois par semaine;Jamais;Jamais;Non;Non;Non;Non;Non;Non;Non;Non;Non;sans objet;Non;Algeco;Faux-plafond;Plastique, PVC, linoléum;Non;sans objet;35;41;0;1;Double;9;Aucun système;sans objet;sans objet;sans objet;sans objet;Non;Non;sans objet;Non;sans objet;Oui;Aucun système;Aucun système;MIXTE;Non;Oui;Non;Non;Hors-chauffe
EE13MAS005_SDC2;EE13MAS005;SDC2;Oui;1;Oui, date exacte;2002;sans objet;Entre 1982 et 2002;61;61;80;157;0;0;0;0;0;0;11;11;0;0;22;Autre;Fer préfabriqué;Non;sans objet;sans objet;sans objet;sans objet;sans objet;sans objet;sans objet;sans objet;sans objet;sans objet;sans objet;Non;Jamais;Jamais;>1 fois par semaine;Jamais;Jamais;Non;Non;Non;Non;Non;Non;Non;Non;Non;sans objet;Non;Algeco;Faux-plafond;Plastique, PVC, linoléum;Non;sans objet;32;41;0;1;Double;9;Aucun système;sans objet;sans objet;sans objet;sans objet;Non;Non;sans objet;Non;sans objet;Oui;Aucun système;Aucun système;MIXTE;Non;Non;Non;Non;Hors-chauffe
EE13ORA001_SDC1;EE13ORA001;SDC1;Oui;0;NA;NA;NA;Entre 1949 et 1967;59;59;96;187;0;0;0;0;0;0;14;10;0;0;24;Béton Parpaing;sans objet;Non;sans objet;sans objet;sans objet;sans objet;sans objet;sans objet;sans objet;sans objet;sans objet;sans objet;sans objet;Non;>5 fois par an;<1 fois par jour;<=1 fois par semaine;<=1 fois par semaine;>1 fois par semaine;Ne sait pas;Ne sait pas;Non;Non;Non;Oui;Oui;Non;Oui;Surface inf à 1 m2;Oui;Lambris bois;Faux-plafond;Carrelage;Non;sans objet;1;57;0;0;Double;2,6;Aucun système;sans objet;sans objet;sans objet;sans objet;Non;Non;sans objet;Non;sans objet;Non;Aucun système;Aucun système;MAT-CRAIE;Oui;Non;Non;Oui, tout le temps;Chauffe
EE13ORA001_SDC2;EE13ORA001;SDC2;Oui;0;NA;NA;NA;Entre 1949 et 1967;60;60;98;190;0;0;0;0;0;0;0;0;11;0;11;Béton Parpaing;sans objet;Oui;ACHEVES;Non;Non;Non;Non;Non;Non;Non;Non;Non;sans objet;Non;>5 fois par an;<1 fois par jour;<=1 fois par semaine;<=1 fois par semaine;>1 fois par semaine;Ne sait pas;Ne sait pas;Non;Non;Non;Non;Oui;Oui;Oui;Surface sup ou égale à 1 m2;Non;Peinture, papier peint, vinyle, toile de verre;Faux-plafond;Carrelage;Non;sans objet;1;73;3;4;Double;2,6;Aucun système;sans objet;sans objet;sans objet;sans objet;Non;Non;sans objet;Non;sans objet;Oui;Aucun système;Aucun système;MAT-CRAIE;Oui;Non;Non;Non;Chauffe
EE14CAG037_SDC1;EE14CAG037;SDC1;Oui;0;Oui, date exacte;1978;sans objet;Entre 1968 et 1981;55;55;90,4;165;0;0;0;0;0;25;0;0;0;0;25;Béton Parpaing;sans objet;Non;sans objet;sans objet;sans objet;sans objet;sans objet;sans objet;sans objet;sans objet;sans objet;sans objet;sans objet;Non;1 à 5 fois par an;>=1 fois par jour;>1 fois par semaine;>1 fois par semaine;<=1 fois par semaine;Non;Non;Non;Non;Non;Non;Non;Non;Non;sans objet;Non;Peinture, papier peint, vinyle, toile de verre;Faux-plafond;Plastique, PVC, linoléum;Non;sans objet;0;53;0;4;Simple;9,5;Aucun système;sans objet;sans objet;sans objet;sans objet;Non;Non;sans objet;Non;sans objet;Non;Aucun système;Aucun système;MAT-CRAIE;Oui;Oui;Non;Oui, la plupart du temps;Chauffe
EE14CAG037_SDC2;EE14CAG037;SDC2;Oui;0;Oui, date exacte;1978;sans objet;Entre 1968 et 1981;55;55;90,4;165;0;0;0;11;14;0;0;0;0;0;25;Béton Parpaing;sans objet;Non;sans objet;sans objet;sans objet;sans objet;sans objet;sans objet;sans objet;sans objet;sans objet;sans objet;sans objet;Non;1 à 5 fois par an;>=1 fois par jour;>1 fois par semaine;>1 fois par semaine;<=1 fois par semaine;Non;Non;Non;Non;Non;Non;Non;Non;Non;sans objet;Non;Peinture, papier peint, vinyle, toile de verre;Faux-plafond;Plastique, PVC, linoléum;Non;sans objet;2;61;0;3;Simple;9,5;Aucun système;sans objet;sans objet;sans objet;sans objet;Non;Non;sans objet;Non;sans objet;Non;Aucun système;Aucun système;MAT-CRAIE;Non;Non;Non;Oui, tout le temps;Chauffe
EE14CAU039_SDC1;EE14CAU039;SDC1;Oui;0;Oui, date exacte;1959;sans objet;Entre 1949 et 1967;56;56;97,8;180;0;0;0;0;21;0;0;0;0;0;21;Autre;parois préfa-béton;Non;sans objet;sans objet;sans objet;sans objet;sans objet;sans objet;sans objet;sans objet;sans objet;sans objet;sans objet;Non;1 à 5 fois par an;>=1 fois par jour;<=1 fois par semaine;>1 fois par semaine;>1 fois par semaine;Oui;Non;Oui;Non;Non;Non;Non;Non;Non;sans objet;Non;Peinture, papier peint, vinyle, toile de verre;Peinture, papier peint, vinyle, toile de verre;Carrelage;Non;sans objet;0;65;0;1;Simple;12,5;Aucun système;sans objet;sans objet;sans objet;sans objet;Non;Non;sans objet;Non;sans objet;Non;Aucun système;Aucun système;MAT-CRAIE;Non;Non;Non;Oui, tout le temps;Chauffe
EE14CAU039_SDC2;EE14CAU039;SDC2;Oui;0;Oui, date exacte;1959;sans objet;Entre 1949 et 1967;56;56;97,8;180;0;0;0;0;0;0;24;0;0;0;24;Autre;parois préfa-béton;Non;sans objet;sans objet;sans objet;sans objet;sans objet;sans objet;sans objet;sans objet;sans objet;sans objet;sans objet;Non;>5 fois par an;>=1 fois par jour;<=1 fois par semaine;>1 fois par semaine;>1 fois par semaine;Ne sait pas;Ne sait pas;Ne sait pas;Ne sait pas;Non;Non;Non;Non;Non;sans objet;Non;Peinture, papier peint, vinyle, toile de verre;Peinture, papier peint, vinyle, toile de verre;Carrelage;Non;sans objet;0;50;0;0;Simple;9,5;Aucun système;sans objet;sans objet;sans objet;sans objet;Non;Non;sans objet;Non;sans objet;Non;Aucun système;Aucun système;MAT-CRAIE;Non;Non;Non;Oui, tout le temps;Chauffe
EE14CSS036_SDC1;EE14CSS036;SDC1;Oui;0;Connais approxi;sans objet;Entre 1975 et 1981;Entre 1968 et 1981;60;60;86,2;165;0;0;0;13;7;0;0;0;0;0;20;Béton Parpaing;sans objet;Non;sans objet;sans objet;sans objet;sans objet;sans objet;sans objet;sans objet;sans objet;sans objet;sans objet;sans objet;Non;>5 fois par an;>=1 fois par jour;>1 fois par semaine;<=1 fois par semaine;<=1 fois par semaine;Non;Non;Non;Non;Non;Non;Non;Non;Non;sans objet;Non;Peinture, papier peint, vinyle, toile de verre;Faux-plafond;Carrelage;Non;sans objet;0;52;0;8;Double;7,5;Aucun système;sans objet;sans objet;sans objet;sans objet;Non;Oui;5;Non;sans objet;Non;Aucun système;Aucun système;MAT-CRAIE;Non;Non;Non;Oui, tout le temps;Chauffe
EE14CSS036_SDC2;EE14CSS036;SDC2;Oui;1;Connais approxi;sans objet;Entre 1975 et 1981;Entre 1968 et 1981;60;60;86,2;165;0;0;0;0;0;9;12;0;0;0;21;Béton Parpaing;sans objet;Non;sans objet;sans objet;sans objet;sans objet;sans objet;sans objet;sans objet;sans objet;sans objet;sans objet;sans objet;Non;>5 fois par an;>=1 fois par jour;>1 fois par semaine;<=1 fois par semaine;<=1 fois par semaine;Non;Non;Non;Non;Non;Non;Non;Non;Non;sans objet;Non;Peinture, papier peint, vinyle, toile de verre;Faux-plafond;Plastique, PVC, linoléum;Non;sans objet;0;54;0;0;Double;3,2;Aucun système;sans objet;sans objet;sans objet;sans objet;Non;Oui;4;Non;sans objet;Non;Aucun système;Aucun système;MAT-CRAIE;Non;Non;Non;Oui, tout le temps;Chauffe
EE14MOF034_SDC1;EE14MOF034;SDC1;Oui;0;Oui, date exacte;1997;sans objet;Entre 1982 et 2002;48,5;48,5;75,4;128;0;0;0;0;19;0;0;0;0;0;19;Pierre;sans objet;Non;sans objet;sans objet;sans objet;sans objet;sans objet;sans objet;sans objet;sans objet;sans objet;sans objet;sans objet;Non;1 à 5 fois par an;>=1 fois par jour;>1 fois par semaine;<=1 fois par semaine;<=1 fois par semaine;Non;Non;Non;Non;Non;Non;Non;Non;Non;sans objet;Non;Peinture, papier peint, vinyle, toile de verre;Faux-plafond;Plastique, PVC, linoléum;Oui;8;39;21;0;0;Double;9,5;VMC;sans objet;simple flux par extraction sans balayage;2;sans objet;Non;Oui;4;Non;sans objet;Non;VMC ou VN;VMC fonctionnelle;BLANC-FEUTRE;Non;Non;Non;Oui, la plupart du temps;Chauffe
EE14MOF034_SDC2;EE14MOF034;SDC2;Oui;0;Oui, date exacte;2006;sans objet;2003 et après;57;57;74,8;137;0;0;0;0;0;0;8;13;0;0;21;Autre;préfabriqué en métal - panneaux sandwich;Non;sans objet;sans objet;sans objet;sans objet;sans objet;sans objet;sans objet;sans objet;sans objet;sans objet;sans objet;Non;>5 fois par an;>=1 fois par jour;>1 fois par semaine;<=1 fois par semaine;<=1 fois par semaine;Oui;Non;Non;Non;Oui;Non;Non;Non;Non;sans objet;Non;Peinture, papier peint, vinyle, toile de verre;Métal;Plastique, PVC, linoléum;Non;sans objet;22;28;0;1;Double;5,3;VMC;sans objet;simple flux par extraction sans balayage;2;sans objet;Non;Oui;2;Non;sans objet;Non;VMC ou VN;VMC fonctionnelle;BLANC-FEUTRE;Oui;Non;Non;Oui, la plupart du temps;Chauffe
EE14SAB087_SDC1;EE14SAB087;SDC1;Oui;0;Connais approxi;sans objet;Entre 1871 et 1914;Avant 1948;39;39;70,6;109;0;0;0;0;0;16;12;0;0;0;28;Pierre;sans objet;Oui;Non;Non;Non;Non;Non;Non;Non;Non;Non;Non;sans objet;Oui;>5 fois par an;>=1 fois par jour;>1 fois par semaine;>1 fois par semaine;>1 fois par semaine;Ne sait pas;Ne sait pas;Ne sait pas;Ne sait pas;Non;Non;Non;Non;Non;sans objet;Non;Peinture, papier peint, vinyle, toile de verre;Faux-plafond;Carrelage;Non;sans objet;46;2;0;0;Double;8,2;Aucun système;sans objet;sans objet;sans objet;sans objet;Non;Non;sans objet;Non;sans objet;Non;Aucun système;Aucun système;MAT-CRAIE;Non;Non;Non;Oui, tout le temps;Chauffe
EE14SME038_SDC1;EE14SME038;SDC1;Oui;0;Connais approxi;sans objet;Entre 1982 et 1989;Entre 1982 et 2002;50,7;59,4;95,3;151;0;0;0;22;0;0;0;0;0;0;22;Béton Parpaing;sans objet;Non;sans objet;sans objet;sans objet;sans objet;sans objet;sans objet;sans objet;sans objet;sans objet;sans objet;sans objet;Non;1 à 5 fois par an;>=1 fois par jour;<=1 fois par semaine;Jamais;>1 fois par semaine;Non;Non;Non;Non;Non;Non;Non;Non;Non;sans objet;Non;Peinture, papier peint, vinyle, toile de verre;Faux-plafond;Plastique, PVC, linoléum;Oui;8;30;39;0;3;Double;16,4;Aucun système;sans objet;sans objet;sans objet;sans objet;Non;Oui;2;Non;sans objet;Oui;Aucun système;Aucun système;MAT-CRAIE;Oui;Non;Non;Non;Hors-chauffe
EE14SME038_SDC2;EE14SME038;SDC2;Oui;0;Connais approxi;sans objet;Entre 1982 et 1989;Entre 1982 et 2002;60;60;104,2;201;0;0;0;0;0;0;24;0;0;0;24;Béton Parpaing;sans objet;Oui;ACHEVES;Non;Non;Non;Non;Non;Non;Non;Non;Non;sans objet;Oui;1 à 5 fois par an;>=1 fois par jour;<=1 fois par semaine;Jamais;>1 fois par semaine;Non;Non;Non;Non;Non;Non;Non;Non;Non;sans objet;Non;Peinture, papier peint, vinyle, toile de verre;Peinture, papier peint, vinyle, toile de verre;Plastique, PVC, linoléum;Non;sans objet;30;33;0;0;Double;9,6;Aucun système;sans objet;sans objet;sans objet;sans objet;Non;Non;sans objet;Non;sans objet;Non;Aucun système;Aucun système;MAT-CRAIE;Oui;Non;Non;Non;Hors-chauffe
EE14TLV035_SDC1;EE14TLV035;SDC1;Oui;0;Connais approxi;sans objet;Entre 1949 et 1961;Entre 1949 et 1967;59;59;116,8;220;0;0;0;0;17;0;0;0;0;0;17;Béton Parpaing;sans objet;Non;sans objet;sans objet;sans objet;sans objet;sans objet;sans objet;sans objet;sans objet;sans objet;sans objet;sans objet;Oui;>5 fois par an;>=1 fois par jour;>1 fois par semaine;<=1 fois par semaine;<=1 fois par semaine;Non;Non;Non;Non;Non;Non;Oui;Non;Non;sans objet;Non;Peinture, papier peint, vinyle, toile de verre;Faux-plafond;Plastique, PVC, linoléum;Oui;6;4;47;1;1;Double;21,8;Aucun système;sans objet;sans objet;sans objet;sans objet;Non;Non;sans objet;Non;sans objet;Non;Aucun système;Aucun système;MAT-CRAIE;Oui;Non;Non;Oui, tout le temps;Chauffe
EE14TLV035_SDC2;EE14TLV035;SDC2;Non;0;Connais approxi;sans objet;Entre 1962 et 1967;Entre 1949 et 1967;49,7;51;76;138;0;14;10;0;0;0;0;0;0;0;24;Pierre;sans objet;Non;sans objet;sans objet;sans objet;sans objet;sans objet;sans objet;sans objet;sans objet;sans objet;sans objet;sans objet;Oui;>5 fois par an;>=1 fois par jour;>1 fois par semaine;<=1 fois par semaine;>1 fois par semaine;Non;Non;Non;Non;Non;Non;Non;Non;Non;sans objet;Non;Peinture, papier peint, vinyle, toile de verre;Faux-plafond;Plastique, PVC, linoléum;Non;sans objet;4;19;0;26;Double;4,5;VMC;sans objet;simple flux par extraction sans balayage;2;sans objet;Non;Non;sans objet;Non;sans objet;Oui;Aucun système;Aucun système;MAT-CRAIE;Oui;Non;Non;Oui, tout le temps;Chauffe
EE19BLT141_SDC1;EE19BLT141;SDC1;Oui;0;Oui, date exacte;1935;sans objet;Avant 1948;60;60;105,4;204;0;0;0;0;0;20;0;0;0;0;20;Pierre;sans objet;Non;sans objet;sans objet;sans objet;sans objet;sans objet;sans objet;sans objet;sans objet;sans objet;sans objet;sans objet;Oui;>5 fois par an;>=1 fois par jour;>1 fois par semaine;Jamais;>1 fois par semaine;Non;Non;Non;Non;Non;Non;Non;Non;Non;sans objet;Non;Peinture, papier peint, vinyle, toile de verre;Faux-plafond;Carrelage;Non;sans objet;11;60;0;4;Double;11,5;Aucun système;sans objet;sans objet;sans objet;sans objet;Non;Oui;1;Non;sans objet;Oui;Aucun système;Aucun système;BLANC-FEUTRE;Oui;Non;Non;Non;Hors-chauffe
EE19BLT141_SDC2;EE19BLT141;SDC2;Oui;0;Oui, date exacte;1932;sans objet;Avant 1948;52;52;110;198;0;0;0;0;17;0;0;0;0;0;17;Pierre;sans objet;Non;sans objet;sans objet;sans objet;sans objet;sans objet;sans objet;sans objet;sans objet;sans objet;sans objet;sans objet;Oui;>5 fois par an;>=1 fois par jour;>1 fois par semaine;Jamais;>1 fois par semaine;Non;Non;Non;Non;Non;Non;Non;Non;Non;sans objet;Non;Peinture, papier peint, vinyle, toile de verre;Faux-plafond;Parquet massif ou contrecollé, vitrifié, stratifié;Non;sans objet;5;51;0;1;Double;10,2;Aucun système;sans objet;sans objet;sans objet;sans objet;Non;Non;sans objet;Non;sans objet;Oui;Aucun système;Aucun système;ELECTRONIQUE;Oui;Non;Non;Non;Hors-chauffe
EE19LIZ144_SDC1;EE19LIZ144;SDC1;Oui;0;Oui, date exacte;1935;sans objet;Avant 1948;46,6;46,6;96,4;163;0;0;7;6;0;0;0;0;0;0;13;Pierre;sans objet;Non;sans objet;sans objet;sans objet;sans objet;sans objet;sans objet;sans objet;sans objet;sans objet;sans objet;sans objet;Non;1 à 5 fois par an;>=1 fois par jour;Jamais;>1 fois par semaine;>1 fois par semaine;Non;Non;Non;Non;Non;Non;Non;Non;Non;sans objet;Non;Peinture, papier peint, vinyle, toile de verre;Faux-plafond;Parquet massif ou contrecollé, vitrifié, stratifié;Non;sans objet;3;57;0;0;Double;9,2;Aucun système;sans objet;sans objet;sans objet;sans objet;Non;Non;sans objet;Non;sans objet;Non;Aucun système;Aucun système;BLANC-FEUTRE;Oui;Non;Non;Oui, tout le temps;Chauffe
EE19LIZ144_SDC2;EE19LIZ144;SDC2;Oui;0;Oui, date exacte;1935;sans objet;Avant 1948;46,6;46,6;96,4;163;0;0;0;0;0;0;11;11;0;0;22;Pierre;sans objet;Non;sans objet;sans objet;sans objet;sans objet;sans objet;sans objet;sans objet;sans objet;sans objet;sans objet;sans objet;Non;1 à 5 fois par an;>=1 fois par jour;Jamais;>1 fois par semaine;>1 fois par semaine;Non;Non;Non;Non;Non;Non;Non;Non;Non;sans objet;Non;Peinture, papier peint, vinyle, toile de verre;Faux-plafond;Parquet massif ou contrecollé, vitrifié, stratifié;Non;sans objet;0;61;0;4;Double;7,2;Aucun système;sans objet;sans objet;sans objet;sans objet;Non;Non;sans objet;Non;sans objet;Non;Aucun système;Aucun système;MAT-CRAIE;Oui;Oui;Non;Oui, tout le temps;Chauffe
EE19SJY186_SDC1;EE19SJY186;SDC1;Oui;0;Oui, date exacte;1958;sans objet;Entre 1949 et 1967;55;55;90;165;0;0;0;0;0;8;3;5;0;0;16;Béton Parpaing;sans objet;Non;sans objet;sans objet;sans objet;sans objet;sans objet;sans objet;sans objet;sans objet;sans objet;sans objet;sans objet;Oui;1 à 5 fois par an;>=1 fois par jour;>1 fois par semaine;>1 fois par semaine;<=1 fois par semaine;Non;Non;Oui;Non;Non;Non;Non;Non;Non;sans objet;Non;Peinture, papier peint, vinyle, toile de verre;Faux-plafond;Plastique, PVC, linoléum;Non;sans objet;5;47;0;0;Double;11,04;Aucun système;sans objet;sans objet;sans objet;sans objet;Non;Non;sans objet;Non;sans objet;Oui;Aucun système;Aucun système;MAT-CRAIE;Oui;Oui;Non;Oui, la plupart du temps;Chauffe
EE19SJY186_SDC2;EE19SJY186;SDC2;Oui;0;Oui, date exacte;1958;sans objet;Entre 1949 et 1967;55;55;90;165;0;0;6;8;3;0;0;0;0;0;17;Béton Parpaing;sans objet;Non;sans objet;sans objet;sans objet;sans objet;sans objet;sans objet;sans objet;sans objet;sans objet;sans objet;sans objet;Oui;1 à 5 fois par an;>=1 fois par jour;>1 fois par semaine;>1 fois par semaine;<=1 fois par semaine;Non;Non;Oui;Non;Non;Non;Non;Non;Non;sans objet;Non;Peinture, papier peint, vinyle, toile de verre;Faux-plafond;Plastique, PVC, linoléum;Non;sans objet;6;42;0;12;Simple;11,04;Aucun système;sans objet;sans objet;sans objet;sans objet;Non;Non;sans objet;Non;sans objet;Oui;Aucun système;Aucun système;MAT-CRAIE;Oui;Non;Non;Oui, tout le temps;Chauffe
EE24CCE275_SDC1;EE24CCE275;SDC1;Oui;1;Oui, date exacte;1999;sans objet;Entre 1982 et 2002;73,1;73,1;102,6;233;0;0;0;0;0;0;23;0;0;0;23;Béton Parpaing;sans objet;Non;sans objet;sans objet;sans objet;sans objet;sans objet;sans objet;sans objet;sans objet;sans objet;sans objet;sans objet;Non;1 à 5 fois par an;>=1 fois par jour;<=1 fois par semaine;<=1 fois par semaine;<=1 fois par semaine;Ne sait pas;Ne sait pas;Ne sait pas;Ne sait pas;Non;Non;Non;Non;Non;sans objet;Non;Peinture, papier peint, vinyle, toile de verre;Faux-plafond;Plastique, PVC, linoléum;Non;sans objet;0;63;0;3;Double;18,11;Aucun système;sans objet;sans objet;sans objet;sans objet;Non;Oui;5;Non;sans objet;Non;Aucun système;Aucun système;BLANC-FEUTRE;Oui;Non;Non;Oui, la plupart du temps;Chauffe
EE24CCE275_SDC2;EE24CCE275;SDC2;Oui;0;Oui, date exacte;1999;sans objet;Entre 1982 et 2002;72,3;72,3;95,2;202;0;0;0;0;0;20;0;0;2;0;22;Béton Parpaing;sans objet;Non;sans objet;sans objet;sans objet;sans objet;sans objet;sans objet;sans objet;sans objet;sans objet;sans objet;sans objet;Non;1 à 5 fois par an;>=1 fois par jour;<=1 fois par semaine;<=1 fois par semaine;<=1 fois par semaine;Ne sait pas;Ne sait pas;Ne sait pas;Ne sait pas;Non;Non;Non;Non;Non;sans objet;Non;Peinture, papier peint, vinyle, toile de verre;Faux-plafond;Plastique, PVC, linoléum;Non;sans objet;0;58;0;0;Double;18,11;Aucun système;sans objet;sans objet;sans objet;sans objet;Non;Oui;5;Non;sans objet;Non;Aucun système;Aucun système;BLANC-FEUTRE;Oui;Non;Non;Oui, tout le temps;Chauffe
EE24LIL323_SDC1;EE24LIL323;SDC1;Oui;1;Connais approxi;sans objet;Avant 1871;Avant 1948;48;48;99;144;0;0;0;0;0;0;9;12;0;0;21;Pierre;sans objet;Non;sans objet;sans objet;sans objet;sans objet;sans objet;sans objet;sans objet;sans objet;sans objet;sans objet;sans objet;Oui;Jamais;>=1 fois par jour;<=1 fois par semaine;<=1 fois par semaine;<=1 fois par semaine;Non;Non;Non;Non;Non;Non;Non;Non;Non;sans objet;Non;Peinture, papier peint, vinyle, toile de verre;Peinture, papier peint, vinyle, toile de verre;Plastique, PVC, linoléum;Non;sans objet;2;55;0;2;Double;7,56;Aucun système;sans objet;sans objet;sans objet;sans objet;Non;Non;sans objet;Oui;2;Oui;Aucun système;Aucun système;MIXTE;Oui;Non;Non;Non;Hors-chauffe
EE24LIL323_SDC2;EE24LIL323;SDC2;Oui;1;Connais approxi;sans objet;Avant 1871;Avant 1948;44,6;44,6;80,7;133;0;0;0;0;4;12;0;0;0;0;16;Pierre;sans objet;Non;sans objet;sans objet;sans objet;sans objet;sans objet;sans objet;sans objet;sans objet;sans objet;sans objet;sans objet;Non;Jamais;>=1 fois par jour;<=1 fois par semaine;<=1 fois par semaine;<=1 fois par semaine;Non;Non;Non;Non;Non;Non;Non;Non;Non;sans objet;Non;Peinture, papier peint, vinyle, toile de verre;Faux-plafond;Plastique, PVC, linoléum;Non;sans objet;1;50;0;2;Double;4,8;Aucun système;sans objet;sans objet;sans objet;sans objet;Non;Non;sans objet;Non;sans objet;Oui;Aucun système;Aucun système;BLANC-FEUTRE;Oui;Oui;Non;Non;Hors-chauffe
EE24MMF283_SDC1;EE24MMF283;SDC1;Oui;0;Connais approxi;sans objet;Entre 1949 et 1961;Entre 1949 et 1967;51,1;51,1;77,4;137;0;0;0;0;0;0;20;0;0;0;20;Briques;sans objet;Non;sans objet;sans objet;sans objet;sans objet;sans objet;sans objet;sans objet;sans objet;sans objet;sans objet;sans objet;Non;1 à 5 fois par an;>=1 fois par jour;<=1 fois par semaine;>1 fois par semaine;<=1 fois par semaine;Non;Non;Ne sait pas;Ne sait pas;Non;Non;Non;Non;Non;sans objet;Non;Peinture, papier peint, vinyle, toile de verre;Peinture, papier peint, vinyle, toile de verre;Carrelage;Non;sans objet;0;44;3;1;Simple;5,34;Aucun système;sans objet;sans objet;sans objet;sans objet;Non;Non;sans objet;Non;sans objet;Oui;Aucun système;Aucun système;MAT-CRAIE;Oui;Non;Non;Oui, tout le temps;Chauffe
EE24MMF283_SDC2;EE24MMF283;SDC2;Oui;0;Connais approxi;sans objet;Entre 1982 et 1989;Entre 1982 et 2002;55,3;55,3;80,1;148;0;0;0;19;12;0;0;0;0;0;31;Briques;sans objet;Non;sans objet;sans objet;sans objet;sans objet;sans objet;sans objet;sans objet;sans objet;sans objet;sans objet;sans objet;Non;1 à 5 fois par an;>=1 fois par jour;<=1 fois par semaine;>1 fois par semaine;<=1 fois par semaine;Ne sait pas;Ne sait pas;Ne sait pas;Ne sait pas;Non;Non;Non;Non;Non;sans objet;Non;Peinture, papier peint, vinyle, toile de verre;Peinture, papier peint, vinyle, toile de verre;Carrelage;Non;sans objet;0;75;0;9;Simple;4,11;Aucun système;sans objet;sans objet;sans objet;sans objet;Non;Non;sans objet;Non;sans objet;Oui;Aucun système;Aucun système;MAT-CRAIE;Oui;Non;Oui;Oui, tout le temps;Chauffe
EE24MMF283_SDC3;EE24MMF283;SDC3;Oui;0;Connais approxi;sans objet;Entre 1982 et 1989;Entre 1982 et 2002;67,1;67,1;117,4;230;0;0;0;0;24;0;0;0;0;0;24;Briques;sans objet;Non;sans objet;sans objet;sans objet;sans objet;sans objet;sans objet;sans objet;sans objet;sans objet;sans objet;sans objet;Non;1 à 5 fois par an;>=1 fois par jour;<=1 fois par semaine;>1 fois par semaine;<=1 fois par semaine;Ne sait pas;Ne sait pas;Ne sait pas;Ne sait pas;Non;Non;Non;Non;Non;sans objet;Non;Peinture, papier peint, vinyle, toile de verre;Faux-plafond;Plastique, PVC, linoléum;Non;sans objet;2;63;0;0;Double;3,83;Aucun système;sans objet;sans objet;sans objet;sans objet;Non;Non;sans objet;Non;sans objet;Oui;Aucun système;Aucun système;MAT-CRAIE;Oui;Non;Non;Oui, tout le temps;Chauffe
EE24PEA281_SDC1;EE24PEA281;SDC1;Oui;0;Connais approxi;sans objet;Entre 1949 et 1961;Entre 1949 et 1967;57,7;57,7;97,4;185;0;0;0;26;0;0;0;0;0;0;26;Béton Parpaing;sans objet;Non;sans objet;sans objet;sans objet;sans objet;sans objet;sans objet;sans objet;sans objet;sans objet;sans objet;sans objet;Non;1 à 5 fois par an;>=1 fois par jour;<=1 fois par semaine;<=1 fois par semaine;<=1 fois par semaine;Non;Non;Non;Non;Non;Non;Non;Non;Non;sans objet;Non;Peinture, papier peint, vinyle, toile de verre;Peinture, papier peint, vinyle, toile de verre;Plastique, PVC, linoléum;Non;sans objet;0;67;0;0;Simple;7,08;Aucun système;sans objet;sans objet;sans objet;sans objet;Non;Non;sans objet;Non;sans objet;Non;Aucun système;Aucun système;BLANC-FEUTRE;Oui;Non;Non;Oui, tout le temps;Chauffe
EE24PEA281_SDC2;EE24PEA281;SDC2;Oui;0;Connais approxi;sans objet;Entre 1949 et 1961;Entre 1949 et 1967;58;58;99,4;186;0;0;0;0;27;0;0;0;0;0;27;Béton Parpaing;sans objet;Non;sans objet;sans objet;sans objet;sans objet;sans objet;sans objet;sans objet;sans objet;sans objet;sans objet;sans objet;Non;1 à 5 fois par an;>=1 fois par jour;<=1 fois par semaine;<=1 fois par semaine;<=1 fois par semaine;Non;Non;Non;Non;Non;Non;Non;Non;Non;sans objet;Non;Peinture, papier peint, vinyle, toile de verre;Peinture, papier peint, vinyle, toile de verre;Plastique, PVC, linoléum;Non;sans objet;2;92;0;0;Simple;7,02;Aucun système;sans objet;sans objet;sans objet;sans objet;Non;Non;sans objet;Non;sans objet;Non;Aucun système;Aucun système;ELECTRONIQUE;Oui;Non;Non;Oui, tout le temps;Chauffe
EE24PEB277_SDC1;EE24PEB277;SDC1;Oui;0;NA;NA;NA;Avant 1948;63,6;63,6;115;228;0;0;0;0;0;0;0;25;0;0;25;Autre;Briques + Béton parpaing;Non;sans objet;sans objet;sans objet;sans objet;sans objet;sans objet;sans objet;sans objet;sans objet;sans objet;sans objet;Non;1 à 5 fois par an;<1 fois par jour;<=1 fois par semaine;<=1 fois par semaine;<=1 fois par semaine;Non;Non;Oui;Non;Non;Non;Oui;Non;Non;sans objet;Non;Peinture, papier peint, vinyle, toile de verre;Faux-plafond;Parquet massif ou contrecollé, vitrifié, stratifié;Non;sans objet;4;52;0;5;Simple;11,48;Aucun système;sans objet;sans objet;sans objet;sans objet;Non;Non;sans objet;Non;sans objet;Non;Aucun système;Aucun système;BLANC-FEUTRE;Oui;Non;Non;Oui, tout le temps;Chauffe
EE24PEB277_SDC2;EE24PEB277;SDC2;Oui;0;NA;NA;NA;Avant 1948;43,5;43,5;94,8;156;0;0;0;0;0;28;0;0;0;0;28;Pierre;sans objet;Non;sans objet;sans objet;sans objet;sans objet;sans objet;sans objet;sans objet;sans objet;sans objet;sans objet;sans objet;Non;1 à 5 fois par an;<1 fois par jour;<=1 fois par semaine;<=1 fois par semaine;<=1 fois par semaine;Non;Non;Non;Non;Non;Non;Non;Non;Non;sans objet;Non;Peinture, papier peint, vinyle, toile de verre;Faux-plafond;Carrelage;Non;sans objet;1;78;0;0;Simple;4,12;Aucun système;sans objet;sans objet;sans objet;sans objet;Non;Non;sans objet;Non;sans objet;Non;Aucun système;Aucun système;BLANC-FEUTRE;Oui;Non;Non;Oui, tout le temps;Chauffe
EE24PEF279_SDC1;EE24PEF279;SDC1;Oui;0;Connais approxi;sans objet;Entre 1968 et 1974;Entre 1968 et 1981;45,3;45,3;108;181;0;0;0;0;0;10;0;12;0;0;22;Autre;Préfabriqué;Non;sans objet;sans objet;sans objet;sans objet;sans objet;sans objet;sans objet;sans objet;sans objet;sans objet;sans objet;Non;1 à 5 fois par an;>=1 fois par jour;<=1 fois par semaine;<=1 fois par semaine;<=1 fois par semaine;Oui;Non;Oui;Non;Non;Non;Non;Non;Non;sans objet;Non;Peinture, papier peint, vinyle, toile de verre;Peinture, papier peint, vinyle, toile de verre;Plastique, PVC, linoléum;Non;sans objet;0;78;0;1;Simple;4,39;Aucun système;sans objet;sans objet;sans objet;sans objet;Non;Non;sans objet;Non;sans objet;Non;Aucun système;Aucun système;MAT-CRAIE;Oui;Non;Non;Oui, tout le temps;Chauffe
EE24PEF279_SDC2;EE24PEF279;SDC2;Oui;0;Connais approxi;sans objet;Entre 1871 et 1914;Avant 1948;54,4;54,4;87,4;160;0;0;0;0;4;0;15;0;0;0;19;Autre;Béton parpaing et Pierre;Oui;ACHEVES;Non;ACHEVES;Non;Non;Non;Non;Non;Non;Non;sans objet;NA;1 à 5 fois par an;>=1 fois par jour;<=1 fois par semaine;<=1 fois par semaine;<=1 fois par semaine;Oui;Non;Non;Non;Non;Non;Non;Non;Non;sans objet;Non;Peinture, papier peint, vinyle, toile de verre;Peinture, papier peint, vinyle, toile de verre;Parquet massif ou contrecollé, vitrifié, stratifié;Non;sans objet;0;63;0;4;Simple;9,34;Aucun système;sans objet;sans objet;sans objet;sans objet;Non;Non;sans objet;Non;sans objet;Oui;Aucun système;Aucun système;MAT-CRAIE;Oui;Non;Non;Oui, tout le temps;Chauffe
EE24PES285_SDC1;EE24PES285;SDC1;Oui;0;Connais approxi;sans objet;Avant 1871;Avant 1948;49;49;89,6;156;0;0;0;0;14;15;0;0;0;0;29;Pierre;sans objet;Non;sans objet;sans objet;sans objet;sans objet;sans objet;sans objet;sans objet;sans objet;sans objet;sans objet;sans objet;Non;1 à 5 fois par an;<1 fois par jour;<=1 fois par semaine;<=1 fois par semaine;<=1 fois par semaine;Non;Non;Non;Non;Non;Non;Non;Non;Non;sans objet;Non;Peinture, papier peint, vinyle, toile de verre;Faux-plafond;Parquet massif ou contrecollé, vitrifié, stratifié;Non;sans objet;0;50;0;0;Double;4,91;Aucun système;sans objet;sans objet;sans objet;sans objet;Non;Non;sans objet;Non;sans objet;Non;Aucun système;Aucun système;BLANC-FEUTRE;Non;Non;Non;Oui, la plupart du temps;Chauffe
EE24PES285_SDC2;EE24PES285;SDC2;Oui;0;Connais approxi;sans objet;Avant 1871;Avant 1948;54,9;54,9;95,2;175;0;0;0;23;6;0;0;0;0;0;29;Pierre;sans objet;Oui;ACHEVES;Non;ACHEVES;Non;Non;Non;Non;Non;Non;Non;sans objet;Non;1 à 5 fois par an;<1 fois par jour;<=1 fois par semaine;<=1 fois par semaine;<=1 fois par semaine;Non;Non;Non;Non;Non;Non;Non;Non;Non;sans objet;Non;Peinture, papier peint, vinyle, toile de verre;Faux-plafond;Parquet massif ou contrecollé, vitrifié, stratifié;Non;sans objet;0;60;0;32;Double;5,72;Aucun système;sans objet;sans objet;sans objet;sans objet;Non;Non;sans objet;Non;sans objet;Non;Aucun système;Aucun système;ELECTRONIQUE;Oui;Non;Non;Oui, tout le temps;Chauffe
EE24SOS276_SDC1;EE24SOS276;SDC1;Oui;0;Connais approxi;sans objet;Entre 1871 et 1914;Avant 1948;48,4;50,5;112,1;244;0;0;0;0;0;9;7;5;0;0;21;Pierre;sans objet;Oui;ACHEVES;Non;Non;Non;Non;Non;Non;Non;Non;Non;sans objet;Non;1 à 5 fois par an;<1 fois par jour;>1 fois par semaine;>1 fois par semaine;>1 fois par semaine;Oui;Non;Oui;Oui;Non;Oui;Non;Non;Non;sans objet;Non;Peinture, papier peint, vinyle, toile de verre;Peinture, papier peint, vinyle, toile de verre;Plastique, PVC, linoléum;Non;sans objet;1;49;0;9;Double;4,08;Aucun système;sans objet;sans objet;sans objet;sans objet;Non;Non;sans objet;Non;sans objet;Oui;Aucun système;Aucun système;MAT-CRAIE;Oui;Oui;Non;Oui, la plupart du temps;Chauffe
EE29COK236_SDC1;EE29COK236;SDC1;Oui;1;Connais approxi;sans objet;Entre 1871 et 1914;Avant 1948;58;58;83,2;157;0;0;7;15;0;0;0;0;0;0;22;Autre;Préfabriqué;Non;sans objet;sans objet;sans objet;sans objet;sans objet;sans objet;sans objet;sans objet;sans objet;sans objet;sans objet;Non;1 à 5 fois par an;>=1 fois par jour;<=1 fois par semaine;>1 fois par semaine;>1 fois par semaine;Non;Non;Non;Non;Non;Non;Non;Non;Non;sans objet;Non;Peinture, papier peint, vinyle, toile de verre;Faux-plafond;Plastique, PVC, linoléum;Non;sans objet;5;30;0;2;Double;4,27;Aucun système;sans objet;sans objet;sans objet;sans objet;Non;Non;sans objet;Non;sans objet;Non;Aucun système;Aucun système;MAT-CRAIE;Oui;Oui;Non;Oui, la plupart du temps;Chauffe
EE29COK236_SDC2;EE29COK236;SDC2;Oui;1;Non;sans objet;sans objet;Avant 1948;48;48;83,4;139;0;0;0;0;0;0;12;11;0;0;23;Pierre;sans objet;Non;sans objet;sans objet;sans objet;sans objet;sans objet;sans objet;sans objet;sans objet;sans objet;sans objet;sans objet;Non;1 à 5 fois par an;<1 fois par jour;<=1 fois par semaine;<=1 fois par semaine;<=1 fois par semaine;Non;Non;Non;Non;Non;Non;Non;Non;Non;sans objet;Non;Peinture, papier peint, vinyle, toile de verre;Faux-plafond;Parquet massif ou contrecollé, vitrifié, stratifié;Non;sans objet;32;28;0;0;Double;8,26;VMC;sans objet;simple flux par extraction sans balayage;2;sans objet;Non;Oui;2;Non;sans objet;Non;VMC ou VN;VMC fonctionnelle;ELECTRONIQUE;Non;Non;Non;Non;Chauffe
EE29COW248_SDC1;EE29COW248;SDC1;Oui;0;Connais approxi;sans objet;Entre 1949 et 1961;Entre 1949 et 1967;78;78;122;245;0;0;0;25;0;0;0;0;0;0;25;Pierre;sans objet;Non;sans objet;sans objet;sans objet;sans objet;sans objet;sans objet;sans objet;sans objet;sans objet;sans objet;sans objet;Oui;1 à 5 fois par an;<1 fois par jour;<=1 fois par semaine;<=1 fois par semaine;<=1 fois par semaine;Non;Non;Non;Non;Non;Non;Non;Non;Non;sans objet;Non;Peinture, papier peint, vinyle, toile de verre;Faux-plafond;Plastique, PVC, linoléum;Non;sans objet;44;49;0;2;Double;8,7;Aucun système;sans objet;sans objet;sans objet;sans objet;Non;Non;sans objet;Non;sans objet;Oui;Aucun système;Aucun système;BLANC-FEUTRE;Oui;Oui;Non;Non;Hors-chauffe
EE29COW248_SDC2;EE29COW248;SDC2;Oui;1;Connais approxi;sans objet;Entre 1949 et 1961;Entre 1949 et 1967;76;76;104;212;0;0;0;0;0;0;25;0;0;0;25;Pierre;sans objet;Non;sans objet;sans objet;sans objet;sans objet;sans objet;sans objet;sans objet;sans objet;sans objet;sans objet;sans objet;Non;1 à 5 fois par an;>=1 fois par jour;<=1 fois par semaine;<=1 fois par semaine;<=1 fois par semaine;Non;Non;Non;Non;Non;Oui;Non;Non;Non;sans objet;Non;Peinture, papier peint, vinyle, toile de verre;Faux-plafond;Parquet massif ou contrecollé, vitrifié, stratifié;Non;sans objet;5;32;0;0;Double;10,43;Aucun système;sans objet;sans objet;sans objet;sans objet;Non;Non;sans objet;Non;sans objet;Oui;Aucun système;Aucun système;ELECTRONIQUE;Oui;Non;Non;Non;Hors-chauffe
EE29ELZ245_SDC1;EE29ELZ245;SDC1;Oui;2;Connais approxi;sans objet;Entre 1871 et 1914;Avant 1948;59;59;73;145;0;0;0;0;0;0;0;31;0;0;31;Béton Parpaing;sans objet;Non;sans objet;sans objet;sans objet;sans objet;sans objet;sans objet;sans objet;sans objet;sans objet;sans objet;sans objet;Oui;1 à 5 fois par an;>=1 fois par jour;<=1 fois par semaine;<=1 fois par semaine;<=1 fois par semaine;Non;Non;Non;Non;Non;Non;Non;Non;Non;sans objet;Non;Peinture, papier peint, vinyle, toile de verre;Faux-plafond;Plastique, PVC, linoléum;Non;sans objet;1;70;0;1;Double;8,1;VMC;sans objet;simple flux par extraction sans balayage;3;sans objet;Oui, ouverts;Oui;6;Non;sans objet;Oui;VMC ou VN;VMC fonctionnelle;MAT-CRAIE;Oui;Non;Non;Oui, tout le temps;Chauffe
EE29ELZ245_SDC2;EE29ELZ245;SDC2;Oui;0;Connais approxi;sans objet;Entre 1871 et 1914;Avant 1948;72;72;88;178;0;0;0;0;0;0;27;0;0;0;27;Béton Parpaing;sans objet;Non;sans objet;sans objet;sans objet;sans objet;sans objet;sans objet;sans objet;sans objet;sans objet;sans objet;sans objet;Oui;1 à 5 fois par an;>=1 fois par jour;<=1 fois par semaine;<=1 fois par semaine;<=1 fois par semaine;Non;Non;Non;Non;Non;Non;Non;Non;Non;sans objet;Non;Peinture, papier peint, vinyle, toile de verre;Faux-plafond;Plastique, PVC, linoléum;Non;sans objet;31;38;0;0;Double;6,68;VMC;sans objet;simple flux par extraction sans balayage;3;sans objet;Non;Oui;4;Non;sans objet;Oui;VMC ou VN;VMC fonctionnelle;MAT-CRAIE;Non;Non;Oui;Oui, tout le temps;Chauffe
EE29LOQ243_SDC1;EE29LOQ243;SDC1;Oui;1;NA;NA;NA;2003 et après;52;62;64;179;0;0;0;0;0;20;0;0;0;0;20;NA;NA;NA;sans objet;sans objet;sans objet;sans objet;sans objet;sans objet;sans objet;sans objet;sans objet;sans objet;sans objet;NA;NA;NA;NA;NA;NA;NA;NA;NA;NA;Oui;Oui;Non;Non;Oui;QQues taches eparses;Oui;Peinture, papier peint, vinyle, toile de verre;Faux-plafond;Plastique, PVC, linoléum;Non;sans objet;2;57;0;0;Double;7,11;Aucun système;sans objet;sans objet;sans objet;sans objet;Non;Non;sans objet;Non;sans objet;Oui;Aucun système;Aucun système;MAT-CRAIE;Oui;Non;Non;Oui, tout le temps;Chauffe
EE29LOQ243_SDC2;EE29LOQ243;SDC2;Oui;0;NA;NA;NA;2003 et après;64;64;89;160;0;0;6;10;0;0;0;0;0;0;16;NA;NA;NA;sans objet;sans objet;sans objet;sans objet;sans objet;sans objet;sans objet;sans objet;sans objet;sans objet;sans objet;NA;NA;NA;NA;NA;NA;NA;NA;NA;NA;Non;Non;Non;Non;Non;sans objet;Non;Peinture, papier peint, vinyle, toile de verre;Faux-plafond;Plastique, PVC, linoléum;Non;sans objet;7;49;0;8;Double;16,75;VN;sur une même façade;sans objet;sans objet;sans objet;Non;Non;sans objet;Non;sans objet;Non;VMC ou VN;VMC info manquante;MAT-CRAIE;Oui;Non;Non;Oui, la plupart du temps;Chauffe
EE29LPY255_SDC1;EE29LPY255;SDC1;Oui;0;Connais approxi;sans objet;Entre 1968 et 1974;Entre 1968 et 1981;54;54;86;157;0;0;0;10;11;0;0;0;0;0;21;Béton Parpaing;sans objet;Non;sans objet;sans objet;sans objet;sans objet;sans objet;sans objet;sans objet;sans objet;sans objet;sans objet;sans objet;Non;1 à 5 fois par an;>=1 fois par jour;<=1 fois par semaine;Jamais;>1 fois par semaine;Non;Non;Non;Non;Non;Non;Non;Non;Non;sans objet;Non;Peinture, papier peint, vinyle, toile de verre;Faux-plafond;Carrelage;Non;sans objet;32;22;0;1;Double;14,76;Aucun système;sans objet;sans objet;sans objet;sans objet;Non;Non;sans objet;Non;sans objet;Non;Aucun système;Aucun système;ELECTRONIQUE;Non;Non;Non;Non;Chauffe
EE29LPY255_SDC2;EE29LPY255;SDC2;Oui;0;Connais approxi;sans objet;Entre 1968 et 1974;Entre 1968 et 1981;54;54;86;157;0;0;0;0;0;4;9;9;0;0;22;Béton Parpaing;sans objet;Non;sans objet;sans objet;sans objet;sans objet;sans objet;sans objet;sans objet;sans objet;sans objet;sans objet;sans objet;Non;1 à 5 fois par an;>=1 fois par jour;<=1 fois par semaine;Jamais;<=1 fois par semaine;Non;Non;Non;Non;Non;Non;Non;Non;Non;sans objet;Non;Peinture, papier peint, vinyle, toile de verre;Faux-plafond;Carrelage;Non;sans objet;33;14;0;1;Double;14,76;Aucun système;sans objet;sans objet;sans objet;sans objet;Non;Oui;1;Non;sans objet;Non;Aucun système;Aucun système;ELECTRONIQUE;Oui;Non;Oui;Oui, la plupart du temps;Chauffe
EE29QUB266_SDC1;EE29QUB266;SDC1;Oui;2;Connais approxi;sans objet;Entre 1968 et 1974;Entre 1968 et 1981;59;59;89;168;0;0;0;0;28;0;0;0;0;0;28;Béton Parpaing;sans objet;Non;sans objet;sans objet;sans objet;sans objet;sans objet;sans objet;sans objet;sans objet;sans objet;sans objet;sans objet;Non;1 à 5 fois par an;>=1 fois par jour;<=1 fois par semaine;<=1 fois par semaine;>1 fois par semaine;Non;Non;Non;Non;Non;Oui;Non;Non;Oui;QQues taches eparses;Non;Peinture, papier peint, vinyle, toile de verre;Faux-plafond;Plastique, PVC, linoléum;Non;sans objet;33;39;0;0;Double;8;Aucun système;sans objet;sans objet;sans objet;sans objet;Non;Oui;3;Non;sans objet;Oui;Aucun système;Aucun système;MAT-CRAIE;Oui;Non;Non;Non;Hors-chauffe
EE29QUB266_SDC2;EE29QUB266;SDC2;Oui;1;Connais approxi;sans objet;Entre 1968 et 1974;Entre 1968 et 1981;60;60;88;169;0;0;0;0;0;28;0;0;0;0;28;Béton Parpaing;sans objet;Non;sans objet;sans objet;sans objet;sans objet;sans objet;sans objet;sans objet;sans objet;sans objet;sans objet;sans objet;Non;1 à 5 fois par an;>=1 fois par jour;<=1 fois par semaine;<=1 fois par semaine;>1 fois par semaine;Non;Non;Non;Non;Non;Non;Non;Non;Non;sans objet;Non;Peinture, papier peint, vinyle, toile de verre;Faux-plafond;Plastique, PVC, linoléum;Non;sans objet;39;45;0;1;Double;8;Aucun système;sans objet;sans objet;sans objet;sans objet;Non;Oui;3;Non;sans objet;Oui;Aucun système;Aucun système;MAT-CRAIE;Non;Non;Non;Non;Hors-chauffe
EE29QUQ214_SDC1;EE29QUQ214;SDC1;Oui;1;Connais approxi;sans objet;Entre 1871 et 1914;Avant 1948;52;52;90;162;0;0;0;0;0;28;0;0;0;0;28;Pierre;sans objet;Non;sans objet;sans objet;sans objet;sans objet;sans objet;sans objet;sans objet;sans objet;sans objet;sans objet;sans objet;Non;1 à 5 fois par an;<1 fois par jour;<=1 fois par semaine;Jamais;<=1 fois par semaine;Non;Non;Non;Non;Non;Non;Non;Non;Non;sans objet;Non;Peinture, papier peint, vinyle, toile de verre;Faux-plafond;Plastique, PVC, linoléum;Oui;4;52;14;0;0;Double;6,7;Aucun système;sans objet;sans objet;sans objet;sans objet;Oui, ouverts;Non;sans objet;Non;sans objet;Non;Aucun système;Aucun système;BLANC-FEUTRE;Non;Non;Non;Oui, tout le temps;Chauffe
EE29QUQ214_SDC2;EE29QUQ214;SDC2;Oui;0;Connais approxi;sans objet;Entre 1871 et 1914;Avant 1948;50;50;76;133;0;0;0;24;0;0;0;0;0;0;24;Pierre;sans objet;Non;sans objet;sans objet;sans objet;sans objet;sans objet;sans objet;sans objet;sans objet;sans objet;sans objet;sans objet;Non;1 à 5 fois par an;<1 fois par jour;<=1 fois par semaine;Jamais;<=1 fois par semaine;Non;Non;Non;Non;Non;Non;Non;Non;Non;sans objet;Non;Peinture, papier peint, vinyle, toile de verre;Faux-plafond;Carrelage;Oui;8;36;32;0;2;Double;6,69;Aucun système;sans objet;sans objet;sans objet;sans objet;Non;Non;sans objet;Non;sans objet;Non;Aucun système;Aucun système;BLANC-FEUTRE;Oui;Non;Oui;Oui, tout le temps;Chauffe
EE29SPH254_SDC1;EE29SPH254;SDC1;Oui;0;NA;NA;NA;Avant 1948;57;57;76;145;0;0;10;13;0;0;0;0;0;0;23;NA;NA;NA;sans objet;sans objet;sans objet;sans objet;sans objet;sans objet;sans objet;sans objet;sans objet;sans objet;sans objet;NA;NA;NA;NA;NA;NA;NA;NA;NA;NA;Non;Non;Non;Non;Non;sans objet;Non;Lambris plastique;Faux-plafond;Plastique, PVC, linoléum;Non;sans objet;27;24;0;1;Double;9,81;Aucun système;sans objet;sans objet;sans objet;sans objet;Non;Non;sans objet;Non;sans objet;Non;Aucun système;Aucun système;MAT-CRAIE;Oui;Non;Non;Oui, la plupart du temps;Chauffe
EE29SPH254_SDC2;EE29SPH254;SDC2;Oui;0;NA;NA;NA;Avant 1948;60;60;96;184;0;0;0;0;0;0;7;14;0;0;21;NA;NA;NA;sans objet;sans objet;sans objet;sans objet;sans objet;sans objet;sans objet;sans objet;sans objet;sans objet;sans objet;NA;NA;NA;NA;NA;NA;NA;NA;NA;NA;Non;Oui;Non;Non;Non;sans objet;Non;Peinture, papier peint, vinyle, toile de verre;Faux-plafond;Plastique, PVC, linoléum;Non;sans objet;25;23;1;0;Double;8,46;Aucun système;sans objet;sans objet;sans objet;sans objet;Non;Oui;10;Non;sans objet;Oui;Aucun système;Aucun système;BLANC-FEUTRE;Non;Non;Non;Oui, la plupart du temps;Chauffe
EE29SUN217_SDC1;EE29SUN217;SDC1;Oui;0;Oui, date exacte;1977;sans objet;Entre 1968 et 1981;73;73;98;208;0;0;0;0;27;0;0;0;0;0;27;Autre;préfabriqué béton + menuiseries aluminium;Oui;ACHEVES;Non;Non;Non;Non;Non;Non;Non;Non;ACHEVES;isolation thermique de la cloison Nord;Oui;1 à 5 fois par an;>=1 fois par jour;<=1 fois par semaine;>1 fois par semaine;<=1 fois par semaine;Non;Non;Non;Non;Non;Oui;Non;Non;Oui;QQues taches eparses;Non;Peinture, papier peint, vinyle, toile de verre;Métal;Plastique, PVC, linoléum;Non;sans objet;0;85;0;0;Double;14,93;Aucun système;sans objet;sans objet;sans objet;sans objet;Non;Oui;2;Non;sans objet;Non;Aucun système;Aucun système;MAT-CRAIE;Oui;Oui;Non;Non;Chauffe
EE29SUN217_SDC2;EE29SUN217;SDC2;Oui;0;Oui, date exacte;1977;sans objet;Entre 1968 et 1981;49,7;49,7;80,2;141;0;0;0;30;0;0;0;0;0;0;30;Béton Parpaing;sans objet;Non;sans objet;sans objet;sans objet;sans objet;sans objet;sans objet;sans objet;sans objet;sans objet;sans objet;sans objet;Non;1 à 5 fois par an;>=1 fois par jour;<=1 fois par semaine;>1 fois par semaine;<=1 fois par semaine;Non;Non;Non;Non;Oui;Oui;Non;Non;Non;sans objet;Non;Peinture, papier peint, vinyle, toile de verre;Métal;Plastique, PVC, linoléum;Non;sans objet;0;75;0;0;Double;10,36;Aucun système;sans objet;sans objet;sans objet;sans objet;Non;Non;sans objet;Non;sans objet;Non;Aucun système;Aucun système;MAT-CRAIE;Oui;Oui;Non;Oui, la plupart du temps;Chauffe
EE36CHH064_SDC1;EE36CHH064;SDC1;Oui;0;Oui, date exacte;1960;sans objet;Entre 1949 et 1967;54,8;54,8;86,5;154;0;0;0;0;22;0;0;0;0;0;22;Béton Parpaing;sans objet;Non;sans objet;sans objet;sans objet;sans objet;sans objet;sans objet;sans objet;sans objet;sans objet;sans objet;sans objet;Non;1 à 5 fois par an;>=1 fois par jour;<=1 fois par semaine;>1 fois par semaine;>1 fois par semaine;Non;Non;Non;Non;Non;Non;Non;Non;Non;sans objet;Non;Peinture, papier peint, vinyle, toile de verre;Faux-plafond;Plastique, PVC, linoléum;Non;sans objet;1;58;0;2;Simple;9,9;Aucun système;sans objet;sans objet;sans objet;sans objet;Non;Non;sans objet;Non;sans objet;Non;Aucun système;Aucun système;MAT-CRAIE;Non;Non;Non;Oui, tout le temps;Chauffe
EE36CHH064_SDC2;EE36CHH064;SDC2;Oui;1;Oui, date exacte;1960;sans objet;Entre 1949 et 1967;53,3;53,3;91,2;148;0;0;0;26;0;0;0;0;0;0;26;Béton Parpaing;sans objet;Non;sans objet;sans objet;sans objet;sans objet;sans objet;sans objet;sans objet;sans objet;sans objet;sans objet;sans objet;Non;1 à 5 fois par an;>=1 fois par jour;<=1 fois par semaine;>1 fois par semaine;>1 fois par semaine;Non;Non;Non;Non;Non;Non;Non;Non;Non;sans objet;Non;Peinture, papier peint, vinyle, toile de verre;Faux-plafond;Plastique, PVC, linoléum;Non;sans objet;4;59;0;0;Simple;11,4;Aucun système;sans objet;sans objet;sans objet;sans objet;Non;Non;sans objet;Non;sans objet;Non;Aucun système;Aucun système;MAT-CRAIE;Non;Non;Non;Oui, tout le temps;Chauffe
EE36CHU066_SDC1;EE36CHU066;SDC1;Oui;0;Connais approxi;sans objet;Entre 1871 et 1914;Avant 1948;68,5;68,5;113,2;230;0;0;0;0;0;0;16;8;0;0;24;Pierre;sans objet;Non;sans objet;sans objet;sans objet;sans objet;sans objet;sans objet;sans objet;sans objet;sans objet;sans objet;sans objet;Oui;1 à 5 fois par an;>=1 fois par jour;<=1 fois par semaine;>1 fois par semaine;>1 fois par semaine;Non;Non;Ne sait pas;Ne sait pas;Non;Non;Non;Non;Non;sans objet;Non;Peinture, papier peint, vinyle, toile de verre;Faux-plafond;Parquet massif ou contrecollé, vitrifié, stratifié;Non;sans objet;4;74;0;2;Double;10,8;Aucun système;sans objet;sans objet;sans objet;sans objet;Non;Non;sans objet;Non;sans objet;Non;Aucun système;Aucun système;MAT-CRAIE;Non;Non;Non;Oui, tout le temps;Chauffe
EE36CHU066_SDC2;EE36CHU066;SDC2;Oui;0;Connais approxi;sans objet;Entre 1871 et 1914;Avant 1948;54;54;97;177;0;0;0;0;0;0;26;0;0;0;26;Pierre;sans objet;Non;sans objet;sans objet;sans objet;sans objet;sans objet;sans objet;sans objet;sans objet;sans objet;sans objet;sans objet;Oui;1 à 5 fois par an;>=1 fois par jour;<=1 fois par semaine;>1 fois par semaine;>1 fois par semaine;Non;Non;Ne sait pas;Ne sait pas;Non;Non;Non;Non;Non;sans objet;Non;Peinture, papier peint, vinyle, toile de verre;Faux-plafond;Parquet massif ou contrecollé, vitrifié, stratifié;Non;sans objet;3;53;3;0;Double;8,2;Aucun système;sans objet;sans objet;sans objet;sans objet;Non;Non;sans objet;Non;sans objet;Non;Aucun système;Aucun système;MAT-CRAIE;Non;Non;Non;Oui, tout le temps;Chauffe
EE36MAF060_SDC1;EE36MAF060;SDC1;Oui;0;Connais approxi;sans objet;Entre 1871 et 1914;Avant 1948;20,6;20,6;61;63,6;0;0;0;8;12;0;0;0;0;0;20;Pierre;sans objet;Non;sans objet;sans objet;sans objet;sans objet;sans objet;sans objet;sans objet;sans objet;sans objet;sans objet;sans objet;Non;1 à 5 fois par an;<1 fois par jour;<=1 fois par semaine;>1 fois par semaine;>1 fois par semaine;Non;Non;Oui;Non;Non;Non;Non;Non;Non;sans objet;Non;Peinture, papier peint, vinyle, toile de verre;Faux-plafond;Carrelage;Oui;15;1;61;0;8;Double;2,8;Aucun système;sans objet;sans objet;sans objet;sans objet;Non;Non;sans objet;Non;sans objet;Non;Aucun système;Aucun système;BLANC-FEUTRE;Oui;Non;Oui;Oui, la plupart du temps;Chauffe
EE36PSS062_SDC1;EE36PSS062;SDC1;Oui;0;NA;NA;NA;Entre 1982 et 2002;53;53;88;159;0;0;0;10;6;0;0;0;0;0;16;Pierre;sans objet;Non;sans objet;sans objet;sans objet;sans objet;sans objet;sans objet;sans objet;sans objet;sans objet;sans objet;sans objet;Non;Jamais;<1 fois par jour;>1 fois par semaine;<=1 fois par semaine;<=1 fois par semaine;Non;Non;Non;Non;Non;Non;Non;Non;Non;sans objet;Non;Peinture, papier peint, vinyle, toile de verre;Faux-plafond;Carrelage;Non;sans objet;4;45;0;1;Double;6,7;VMC;sans objet;simple flux par extraction sans balayage;3;sans objet;Non;Oui;3;Non;sans objet;Non;VMC ou VN;VMC non fonctionnelle;ELECTRONIQUE;Oui;Non;Non;Non;Hors-chauffe
EE36PSS062_SDC2;EE36PSS062;SDC2;Oui;0;NA;NA;NA;Entre 1982 et 2002;68;68;118;204;0;0;0;0;0;9;8;8;0;0;25;Pierre;sans objet;Oui;ACHEVES;Non;ACHEVES;Non;Non;Non;Non;Non;Non;Non;sans objet;Non;Jamais;<1 fois par jour;>1 fois par semaine;<=1 fois par semaine;<=1 fois par semaine;Non;Non;Non;Non;Non;Non;Non;Non;Non;sans objet;Non;Peinture, papier peint, vinyle, toile de verre;Peinture, papier peint, vinyle, toile de verre;Plastique, PVC, linoléum;Non;sans objet;3;74;0;3;Double;4,2;Aucun système;sans objet;sans objet;sans objet;sans objet;Non;Oui;2;Non;sans objet;Non;Aucun système;Aucun système;MAT-CRAIE;Non;Non;Non;Non;Hors-chauffe
EE37ASI075_SDC1;EE37ASI075;SDC1;Oui;0;Oui, date exacte;1961;sans objet;Entre 1949 et 1967;55;55;93,8;172;0;0;0;0;0;0;11;10;0;0;21;Béton Parpaing;sans objet;Non;sans objet;sans objet;sans objet;sans objet;sans objet;sans objet;sans objet;sans objet;sans objet;sans objet;sans objet;Non;1 à 5 fois par an;>=1 fois par jour;>1 fois par semaine;>1 fois par semaine;>1 fois par semaine;Non;Non;Non;Non;Non;Non;Non;Non;Non;sans objet;Non;Peinture, papier peint, vinyle, toile de verre;Peinture, papier peint, vinyle, toile de verre;Carrelage;Non;sans objet;27;40;0;0;Simple;14,4;Aucun système;sans objet;sans objet;sans objet;sans objet;Non;Non;sans objet;Non;sans objet;Non;Aucun système;Aucun système;MAT-CRAIE;Oui;Non;Non;Oui, tout le temps;Chauffe
EE37ASI075_SDC2;EE37ASI075;SDC2;Oui;0;Oui, date exacte;1885;sans objet;Avant 1948;55,7;55,7;84;155;0;0;0;0;0;14;8;0;0;0;22;Pierre;sans objet;Non;sans objet;sans objet;sans objet;sans objet;sans objet;sans objet;sans objet;sans objet;sans objet;sans objet;sans objet;Oui;1 à 5 fois par an;>=1 fois par jour;>1 fois par semaine;>1 fois par semaine;>1 fois par semaine;Non;Non;Non;Non;Non;Non;Non;Non;Non;sans objet;Non;Peinture, papier peint, vinyle, toile de verre;Faux-plafond;Carrelage;Non;sans objet;3;58;0;1;Double;15,1;Aucun système;sans objet;sans objet;sans objet;sans objet;Non;Non;sans objet;Non;sans objet;Non;Aucun système;Aucun système;MAT-CRAIE;Non;Non;Non;Oui, tout le temps;Chauffe
EE37BLK061_SDC1;EE37BLK061;SDC1;Oui;0;NA;NA;NA;Avant 1948;65,3;65,3;106,6;212;0;0;0;0;0;0;15;15;0;0;30;Pierre;sans objet;Non;sans objet;sans objet;sans objet;sans objet;sans objet;sans objet;sans objet;sans objet;sans objet;sans objet;sans objet;Non;>5 fois par an;>=1 fois par jour;>1 fois par semaine;>1 fois par semaine;Jamais;Non;Non;Non;Non;Non;Non;Non;Non;Non;sans objet;Non;Peinture, papier peint, vinyle, toile de verre;Faux-plafond;Carrelage;Non;sans objet;0;58;0;1;Double;11;Aucun système;sans objet;sans objet;sans objet;sans objet;Non;Non;sans objet;Non;sans objet;Non;Aucun système;Aucun système;BLANC-FEUTRE;Oui;Non;Non;Non;Hors-chauffe
EE37BLK061_SDC2;EE37BLK061;SDC2;Oui;0;NA;NA;NA;NA;55,6;55,6;99,8;185;0;0;0;0;11;16;0;0;0;0;27;Pierre;sans objet;Non;sans objet;sans objet;sans objet;sans objet;sans objet;sans objet;sans objet;sans objet;sans objet;sans objet;sans objet;Non;>5 fois par an;>=1 fois par jour;>1 fois par semaine;>1 fois par semaine;Jamais;Non;Non;Non;Non;Non;Non;Non;Non;Non;sans objet;Non;Peinture, papier peint, vinyle, toile de verre;Faux-plafond;Carrelage;Non;sans objet;0;52;0;0;Double;11,2;Aucun système;sans objet;sans objet;sans objet;sans objet;Non;Non;sans objet;Non;sans objet;Non;Aucun système;Aucun système;BLANC-FEUTRE;Oui;Non;Non;Non;Hors-chauffe
EE37BLK061_SDC3;EE37BLK061;SDC3;Oui;0;NA;NA;NA;NA;57;57,1;89,6;169;0;0;0;16;10;0;0;0;0;0;26;Pierre;sans objet;Non;sans objet;sans objet;sans objet;sans objet;sans objet;sans objet;sans objet;sans objet;sans objet;sans objet;sans objet;Non;>5 fois par an;>=1 fois par jour;>1 fois par semaine;>1 fois par semaine;Jamais;Non;Non;Non;Non;Non;Non;Non;Non;Non;sans objet;Non;Peinture, papier peint, vinyle, toile de verre;Faux-plafond;Carrelage;Oui;3;0;56;0;10;Double;7,5;Aucun système;sans objet;sans objet;sans objet;sans objet;Non;Non;sans objet;Non;sans objet;Non;Aucun système;Aucun système;BLANC-FEUTRE;Non;Non;Non;Non;Hors-chauffe
EE37CHX065_SDC1;EE37CHX065;SDC1;Oui;1;Connais approxi;sans objet;Entre 1871 et 1914;Avant 1948;59,5;59,5;96;178;0;0;0;25;0;0;0;0;1;0;26;Pierre;sans objet;Oui;ACHEVES;ACHEVES;ACHEVES;Non;ACHEVES;ACHEVES;Non;Non;Non;Non;sans objet;Non;1 à 5 fois par an;>=1 fois par jour;>1 fois par semaine;<=1 fois par semaine;<=1 fois par semaine;Non;Non;Non;Non;Non;Non;Non;Non;Non;sans objet;Non;Peinture, papier peint, vinyle, toile de verre;Faux-plafond;Plastique, PVC, linoléum;Non;sans objet;3;63;0;3;Double;4,4;Aucun système;sans objet;sans objet;sans objet;sans objet;Non;Non;sans objet;Non;sans objet;Non;Aucun système;Aucun système;MAT-CRAIE;Non;Non;Non;Non;Hors-chauffe
EE37CHX065_SDC2;EE37CHX065;SDC2;Oui;1;Connais approxi;sans objet;Entre 1871 et 1914;Avant 1948;85;85;124;296;0;0;0;0;0;0;23;0;0;0;23;Pierre;sans objet;Non;sans objet;sans objet;sans objet;sans objet;sans objet;sans objet;sans objet;sans objet;sans objet;sans objet;sans objet;Non;1 à 5 fois par an;>=1 fois par jour;>1 fois par semaine;<=1 fois par semaine;<=1 fois par semaine;Non;Non;Non;Non;Non;Non;Non;Non;Non;sans objet;Non;Peinture, papier peint, vinyle, toile de verre;Faux-plafond;Parquet massif ou contrecollé, vitrifié, stratifié;Non;sans objet;12;51;0;1;Simple;14,4;Aucun système;sans objet;sans objet;sans objet;sans objet;Non;Non;sans objet;Non;sans objet;Non;Aucun système;Aucun système;MAT-CRAIE;Non;Non;Non;Non;Hors-chauffe
EE37DEU063_SDC1;EE37DEU063;SDC1;Oui;0;Oui, date exacte;1973;sans objet;Entre 1968 et 1981;59;59;94;176;0;0;0;0;19;0;0;0;0;0;19;Béton Parpaing;sans objet;Non;sans objet;sans objet;sans objet;sans objet;sans objet;sans objet;sans objet;sans objet;sans objet;sans objet;sans objet;Non;1 à 5 fois par an;>=1 fois par jour;>1 fois par semaine;>1 fois par semaine;>1 fois par semaine;Non;Non;Non;Non;Non;Non;Non;Non;Non;sans objet;Non;Peinture, papier peint, vinyle, toile de verre;Peinture, papier peint, vinyle, toile de verre;Plastique, PVC, linoléum;Oui;5;6;60;0;1;Simple;13,7;Aucun système;sans objet;sans objet;sans objet;sans objet;Non;Non;sans objet;Non;sans objet;Non;Aucun système;Aucun système;MAT-CRAIE;Oui;Non;Non;Non;Hors-chauffe
EE37DEU063_SDC2;EE37DEU063;SDC2;Oui;0;Oui, date exacte;1973;sans objet;Entre 1968 et 1981;59;59;94;177;0;0;0;0;0;18;0;0;2;0;20;Béton Parpaing;sans objet;Non;sans objet;sans objet;sans objet;sans objet;sans objet;sans objet;sans objet;sans objet;sans objet;sans objet;sans objet;Non;1 à 5 fois par an;>=1 fois par jour;>1 fois par semaine;>1 fois par semaine;>1 fois par semaine;Non;Non;Non;Non;Non;Non;Non;Non;Non;sans objet;Non;Peinture, papier peint, vinyle, toile de verre;Peinture, papier peint, vinyle, toile de verre;Plastique, PVC, linoléum;Non;sans objet;7;51;0;0;Simple;13,7;Aucun système;sans objet;sans objet;sans objet;sans objet;Non;Non;sans objet;Non;sans objet;Non;Aucun système;Aucun système;MAT-CRAIE;Non;Non;Non;Non;Hors-chauffe
EE37LUV093_SDC1;EE37LUV093;SDC1;Oui;0;NA;NA;NA;Entre 1949 et 1967;54,2;54,2;89,6;162;0;0;0;0;11;11;0;0;0;0;22;Béton Parpaing;sans objet;Oui;ACHEVES;ACHEVES;Non;Non;Non;Non;Non;Non;Non;ACHEVES;changement fenêtres et portes en PVC;Non;>5 fois par an;Jamais;>1 fois par semaine;>1 fois par semaine;Jamais;Non;Non;Non;Non;Non;Non;Non;Non;Non;sans objet;Non;Peinture, papier peint, vinyle, toile de verre;Faux-plafond;Carrelage;Non;sans objet;42;7;0;0;Double;8,4;Aucun système;sans objet;sans objet;sans objet;sans objet;Non;Non;sans objet;Non;sans objet;Oui;Aucun système;Aucun système;MAT-CRAIE;Non;Non;Non;Non;Chauffe
EE37LUV093_SDC2;EE37LUV093;SDC2;Oui;0;NA;NA;NA;Entre 1949 et 1967;53,7;53,7;93,2;173;0;0;0;0;0;0;13;6;0;0;19;Béton Parpaing;sans objet;Oui;ACHEVES;ACHEVES;Non;Non;Non;Non;Non;Non;Non;Non;sans objet;Non;>5 fois par an;Jamais;>1 fois par semaine;>1 fois par semaine;Jamais;Non;Non;Non;Non;Non;Non;Non;Non;Non;sans objet;Non;Peinture, papier peint, vinyle, toile de verre;Peinture, papier peint, vinyle, toile de verre;Carrelage;Non;sans objet;27;0;16;2;Double;8,4;Aucun système;sans objet;sans objet;sans objet;sans objet;Non;Non;sans objet;Non;sans objet;Oui;Aucun système;Aucun système;MAT-CRAIE;Oui;Non;Non;Oui, tout le temps;Chauffe
EE44AEG178_SDC1;EE44AEG178;SDC1;Oui;0;Connais approxi;sans objet;Avant 1871;Avant 1948;49,7;49,7;78,4;137;0;0;0;4;5;0;6;3;0;0;18;Pierre;sans objet;Non;sans objet;sans objet;sans objet;sans objet;sans objet;sans objet;sans objet;sans objet;sans objet;sans objet;sans objet;Oui;>5 fois par an;>=1 fois par jour;>1 fois par semaine;Jamais;<=1 fois par semaine;Non;Non;Oui;Non;Non;Non;Non;Non;Non;sans objet;Non;Peinture, papier peint, vinyle, toile de verre;Peinture, papier peint, vinyle, toile de verre;Carrelage;Non;sans objet;23;21;0;4;Double;6,02;VMC;sans objet;simple flux par extraction sans balayage;3;sans objet;Non;Non;sans objet;Non;sans objet;Non;VMC ou VN;VMC info manquante;BLANC-FEUTRE;Oui;Non;Non;Oui, tout le temps;Chauffe
EE44AEG178_SDC2;EE44AEG178;SDC2;Oui;0;Connais approxi;sans objet;Avant 1871;Avant 1948;48;49,5;58,4;133;0;0;7;0;0;5;0;0;0;0;12;Pierre;sans objet;Non;sans objet;sans objet;sans objet;sans objet;sans objet;sans objet;sans objet;sans objet;sans objet;sans objet;sans objet;Oui;>5 fois par an;>=1 fois par jour;>1 fois par semaine;Jamais;<=1 fois par semaine;Non;Non;Oui;Non;Non;Non;Non;Non;Non;sans objet;Non;Peinture, papier peint, vinyle, toile de verre;Peinture, papier peint, vinyle, toile de verre;Carrelage;Non;sans objet;19;17;0;7;Double;3,36;VMC;sans objet;simple flux par extraction sans balayage;3;sans objet;Non;Non;sans objet;Non;sans objet;Non;VMC ou VN;VMC info manquante;BLANC-FEUTRE;Non;Non;Non;Oui, tout le temps;Chauffe
EE44BGX128_SDC1;EE44BGX128;SDC1;Oui;1;Connais approxi;sans objet;Entre 1968 et 1974;Entre 1968 et 1981;58,8;58,8;94,3;170;0;0;0;12;9;0;0;0;0;0;21;Béton Parpaing;sans objet;Non;sans objet;sans objet;sans objet;sans objet;sans objet;sans objet;sans objet;sans objet;sans objet;sans objet;sans objet;Oui;1 à 5 fois par an;<1 fois par jour;>1 fois par semaine;<=1 fois par semaine;<=1 fois par semaine;Non;Non;Oui;Non;Non;Non;Non;Non;Non;sans objet;Non;Peinture, papier peint, vinyle, toile de verre;Peinture, papier peint, vinyle, toile de verre;Parquet massif ou contrecollé, vitrifié, stratifié;Non;sans objet;0;50;0;10;Double;7,4;Aucun système;sans objet;sans objet;sans objet;sans objet;Non;Non;sans objet;Non;sans objet;Non;Aucun système;Aucun système;BLANC-FEUTRE;Non;Non;Non;Non;Chauffe
EE44BGX128_SDC2;EE44BGX128;SDC2;Oui;1;Connais approxi;sans objet;Entre 1968 et 1974;Entre 1968 et 1981;58,8;58,8;95,1;174;0;0;0;0;25;0;0;0;0;0;25;Béton Parpaing;sans objet;Non;sans objet;sans objet;sans objet;sans objet;sans objet;sans objet;sans objet;sans objet;sans objet;sans objet;sans objet;Oui;1 à 5 fois par an;<1 fois par jour;>1 fois par semaine;<=1 fois par semaine;<=1 fois par semaine;Non;Non;Oui;Non;Non;Non;Non;Non;Non;sans objet;Non;Peinture, papier peint, vinyle, toile de verre;Peinture, papier peint, vinyle, toile de verre;Parquet massif ou contrecollé, vitrifié, stratifié;Non;sans objet;3;64;0;5;Double;7,4;Aucun système;sans objet;sans objet;sans objet;sans objet;Non;Non;sans objet;Non;sans objet;Non;Aucun système;Aucun système;BLANC-FEUTRE;Oui;Non;Non;Oui, tout le temps;Chauffe
EE44DOR170_SDC1;EE44DOR170;SDC1;Oui;0;Connais approxi;sans objet;Entre 1949 et 1961;Entre 1949 et 1967;59,3;59,3;80,8;154;0;0;0;0;0;24;0;0;0;0;24;Béton Parpaing;sans objet;Non;sans objet;sans objet;sans objet;sans objet;sans objet;sans objet;sans objet;sans objet;sans objet;sans objet;sans objet;Oui;1 à 5 fois par an;>=1 fois par jour;>1 fois par semaine;Jamais;>1 fois par semaine;Non;Non;Non;Non;Non;Non;Non;Non;Non;sans objet;Non;Peinture, papier peint, vinyle, toile de verre;Faux-plafond;Carrelage;Non;sans objet;0;71;0;2;Double;5,59;Aucun système;sans objet;sans objet;sans objet;sans objet;Non;Oui;6;Oui;2;Oui;Aucun système;Aucun système;MIXTE;Oui;Non;Non;Oui, tout le temps;Chauffe
EE44DOR170_SDC2;EE44DOR170;SDC2;Oui;0;Connais approxi;sans objet;Entre 1949 et 1961;Entre 1949 et 1967;55,7;55,7;94,2;173;0;0;0;0;0;0;24;0;0;0;24;Béton Parpaing;sans objet;Non;sans objet;sans objet;sans objet;sans objet;sans objet;sans objet;sans objet;sans objet;sans objet;sans objet;sans objet;Non;1 à 5 fois par an;>=1 fois par jour;>1 fois par semaine;Jamais;>1 fois par semaine;Non;Non;Non;Non;Non;Non;Non;Non;Non;sans objet;Non;Peinture, papier peint, vinyle, toile de verre;Peinture, papier peint, vinyle, toile de verre;Peinture;Non;sans objet;1;62;0;1;Simple;12,18;Aucun système;sans objet;sans objet;sans objet;sans objet;Non;Non;sans objet;Non;sans objet;Non;Aucun système;Aucun système;MAT-CRAIE;Non;Non;Non;Oui, tout le temps;Chauffe
EE44GUQ127_SDC1;EE44GUQ127;SDC1;Oui;0;Connais approxi;sans objet;Entre 1982 et 1989;Entre 1982 et 2002;48,2;48,2;77,5;133;0;0;0;0;9;13;0;0;0;0;22;Béton Parpaing;sans objet;Non;sans objet;sans objet;sans objet;sans objet;sans objet;sans objet;sans objet;sans objet;sans objet;sans objet;sans objet;Non;1 à 5 fois par an;>=1 fois par jour;>1 fois par semaine;<=1 fois par semaine;<=1 fois par semaine;Non;Non;Non;Non;Oui;Non;Non;Non;Non;sans objet;Non;Peinture, papier peint, vinyle, toile de verre;Peinture, papier peint, vinyle, toile de verre;Carrelage;Non;sans objet;2;44;1;0;Simple;7,5;VMC;sans objet;simple flux par extraction avec balayage;1;sans objet;Non;Oui;2;Non;sans objet;Oui;VMC ou VN;VMC non fonctionnelle;BLANC-FEUTRE;Non;Non;Non;Oui, tout le temps;Chauffe
EE44GUQ127_SDC2;EE44GUQ127;SDC2;Oui;0;Oui, date exacte;2013;sans objet;2003 et après;60,1;60,1;78,6;149;0;0;0;0;0;13;9;0;0;0;22;Bois;sans objet;Non;sans objet;sans objet;sans objet;sans objet;sans objet;sans objet;sans objet;sans objet;sans objet;sans objet;sans objet;Non;1 à 5 fois par an;>=1 fois par jour;>1 fois par semaine;<=1 fois par semaine;<=1 fois par semaine;Non;Non;Non;Non;Non;Non;Non;Non;Non;sans objet;Non;Peinture, papier peint, vinyle, toile de verre;Peinture, papier peint, vinyle, toile de verre;Carrelage;Non;sans objet;1;52;1;1;Double;6,41;Aucun système;sans objet;sans objet;sans objet;sans objet;Non;Non;sans objet;Non;sans objet;Non;Aucun système;Aucun système;MIXTE;Oui;Non;Non;Oui, tout le temps;Chauffe
EE44LMR126_SDC1;EE44LMR126;SDC1;Oui;0;NA;NA;NA;Avant 1948;59;59;98,2;188;0;0;0;0;0;0;13;12;0;0;25;Béton Parpaing;sans objet;Non;sans objet;sans objet;sans objet;sans objet;sans objet;sans objet;sans objet;sans objet;sans objet;sans objet;sans objet;Non;>5 fois par an;>=1 fois par jour;>1 fois par semaine;Jamais;>1 fois par semaine;Non;Non;Non;Non;Non;Non;Non;Non;Oui;Surface inf à 1 m2;Non;Peinture, papier peint, vinyle, toile de verre;Peinture, papier peint, vinyle, toile de verre;Carrelage;Non;sans objet;1;55;0;1;Double;17,18;Aucun système;sans objet;sans objet;sans objet;sans objet;Non;Oui;5;Non;sans objet;Non;Aucun système;Aucun système;MIXTE;Non;Non;Non;Oui, la plupart du temps;Chauffe
EE44LMR126_SDC2;EE44LMR126;SDC2;Oui;0;NA;NA;NA;Avant 1948;40,9;40,9;72;114;0;0;12;12;0;0;0;0;0;0;24;Pierre;sans objet;Non;sans objet;sans objet;sans objet;sans objet;sans objet;sans objet;sans objet;sans objet;sans objet;sans objet;sans objet;Oui;>5 fois par an;>=1 fois par jour;>1 fois par semaine;Jamais;>1 fois par semaine;Non;Non;Non;Non;Non;Non;Non;Non;Non;sans objet;Non;Peinture, papier peint, vinyle, toile de verre;Faux-plafond;Carrelage;Non;sans objet;1;45;6;2;Double;7,63;Aucun système;sans objet;sans objet;sans objet;sans objet;Non;Non;sans objet;Non;sans objet;Oui;Aucun système;Aucun système;MAT-CRAIE;Non;Non;Non;Oui, tout le temps;Chauffe
EE44MAG135_SDC1;EE44MAG135;SDC1;Oui;1;Oui, date exacte;2010;sans objet;2003 et après;54;55,3;83,9;149;0;0;0;0;0;29;0;0;0;0;29;Béton Parpaing;sans objet;Non;sans objet;sans objet;sans objet;sans objet;sans objet;sans objet;sans objet;sans objet;sans objet;sans objet;sans objet;Non;1 à 5 fois par an;>=1 fois par jour;<=1 fois par semaine;Jamais;<=1 fois par semaine;Non;Non;Non;Non;Non;Non;Non;Non;Non;sans objet;Non;Peinture, papier peint, vinyle, toile de verre;Faux-plafond;Plastique, PVC, linoléum;Non;sans objet;1;77;0;2;Double;11,32;VMC;sans objet;VMC double flux sans balayage;4;4;Non;Non;sans objet;Non;sans objet;Non;VMC ou VN;VMC fonctionnelle;BLANC-FEUTRE;Oui;Non;Non;Oui, tout le temps;Chauffe
EE44MAG135_SDC2;EE44MAG135;SDC2;Oui;1;Oui, date exacte;2010;sans objet;2003 et après;54,3;55,6;83,8;149;0;0;0;0;0;0;15;6;0;0;21;Béton Parpaing;sans objet;Non;sans objet;sans objet;sans objet;sans objet;sans objet;sans objet;sans objet;sans objet;sans objet;sans objet;sans objet;Non;1 à 5 fois par an;>=1 fois par jour;<=1 fois par semaine;Jamais;<=1 fois par semaine;Non;Non;Non;Non;Non;Non;Non;Non;Non;sans objet;Non;Peinture, papier peint, vinyle, toile de verre;Faux-plafond;Plastique, PVC, linoléum;Non;sans objet;0;63;0;0;Double;11,33;VMC;sans objet;VMC double flux sans balayage;4;4;Non;Non;sans objet;Non;sans objet;Non;VMC ou VN;VMC fonctionnelle;MIXTE;Oui;Oui;Non;Oui, tout le temps;Chauffe
EE44REU131_SDC1;EE44REU131;SDC1;Oui;0;Oui, date exacte;1932;sans objet;Avant 1948;54,6;51,6;86,6;154;0;0;0;17;7;0;0;0;0;0;24;Pierre;sans objet;Non;sans objet;sans objet;sans objet;sans objet;sans objet;sans objet;sans objet;sans objet;sans objet;sans objet;sans objet;Oui;1 à 5 fois par an;>=1 fois par jour;>1 fois par semaine;>1 fois par semaine;>1 fois par semaine;Non;Non;Non;Non;Non;Non;Non;Non;Non;sans objet;Oui;Peinture, papier peint, vinyle, toile de verre;Faux-plafond;Carrelage;Oui;2;0;70;0;2;Double;6,32;Aucun système;sans objet;sans objet;sans objet;sans objet;Non;Oui;1;Non;sans objet;Oui;Aucun système;Aucun système;MIXTE;Oui;Non;Non;Oui, tout le temps;Chauffe
EE44REU131_SDC2;EE44REU131;SDC2;Oui;1;Connais approxi;sans objet;Entre 1949 et 1961;Entre 1949 et 1967;52,7;52,7;87,2;158;0;0;0;0;0;21;0;0;0;0;21;Béton Parpaing;sans objet;Non;sans objet;sans objet;sans objet;sans objet;sans objet;sans objet;sans objet;sans objet;sans objet;sans objet;sans objet;Oui;1 à 5 fois par an;>=1 fois par jour;>1 fois par semaine;>1 fois par semaine;>1 fois par semaine;Oui;Ne sait pas;Oui;Non;Non;Non;Non;Non;Non;sans objet;Non;Peinture, papier peint, vinyle, toile de verre;Faux-plafond;Parquet massif ou contrecollé, vitrifié, stratifié;Non;sans objet;0;66;0;6;Double;8,7;Aucun système;sans objet;sans objet;sans objet;sans objet;Non;Oui;5;Non;sans objet;Non;Aucun système;Aucun système;MIXTE;Non;Non;Non;Oui, la plupart du temps;Chauffe
EE44RIU134_SDC1;EE44RIU134;SDC1;Oui;1;NA;NA;NA;2003 et après;45,1;45,1;81,3;133;0;0;0;0;0;19;8;0;0;0;27;Pierre;sans objet;Non;sans objet;sans objet;sans objet;sans objet;sans objet;sans objet;sans objet;sans objet;sans objet;sans objet;sans objet;Non;1 à 5 fois par an;>=1 fois par jour;<=1 fois par semaine;Jamais;<=1 fois par semaine;Non;Non;Non;Non;Non;Non;Non;Non;Non;sans objet;Non;Peinture, papier peint, vinyle, toile de verre;Peinture, papier peint, vinyle, toile de verre;Plastique, PVC, linoléum;Non;sans objet;4;60;1;1;Double;3,14;Aucun système;sans objet;sans objet;sans objet;sans objet;Non;Oui;2;Non;sans objet;Non;Aucun système;Aucun système;BLANC-FEUTRE;Non;Non;Non;Oui, tout le temps;Chauffe
EE44RIU134_SDC2;EE44RIU134;SDC2;Oui;0;NA;NA;NA;2003 et après;44,5;44,5;87,5;143;0;0;0;0;19;6;0;0;0;0;25;Pierre;sans objet;Non;sans objet;sans objet;sans objet;sans objet;sans objet;sans objet;sans objet;sans objet;sans objet;sans objet;sans objet;Non;1 à 5 fois par an;>=1 fois par jour;<=1 fois par semaine;Jamais;<=1 fois par semaine;Non;Non;Non;Non;Oui;Oui;Oui;Non;Oui;Surface inf à 1 m2;Non;Peinture, papier peint, vinyle, toile de verre;Faux-plafond;Carrelage;Non;sans objet;6;75;0;4;Simple;4,05;Aucun système;sans objet;sans objet;sans objet;sans objet;Non;Oui;1;Non;sans objet;Non;Aucun système;Aucun système;BLANC-FEUTRE;Non;Non;Non;Oui, tout le temps;Chauffe
EE44TSA136_SDC1;EE44TSA136;SDC1;Oui;0;Oui, date exacte;2006;sans objet;2003 et après;52,1;52,1;82,8;145;0;0;0;0;0;0;0;31;0;0;31;Béton Parpaing;sans objet;Non;sans objet;sans objet;sans objet;sans objet;sans objet;sans objet;sans objet;sans objet;sans objet;sans objet;sans objet;Non;1 à 5 fois par an;>=1 fois par jour;>1 fois par semaine;Jamais;>1 fois par semaine;Non;Non;Non;Non;Non;Non;Non;Non;Non;sans objet;Non;Peinture, papier peint, vinyle, toile de verre;Faux-plafond;Plastique, PVC, linoléum;Non;sans objet;0;69;0;0;Double;11,05;VMC;sans objet;simple flux par extraction sans balayage;2;sans objet;Non;Oui;4;Non;sans objet;Non;VMC ou VN;VMC fonctionnelle;MAT-CRAIE;Oui;Non;Non;Oui, la plupart du temps;Chauffe
EE44TSA136_SDC2;EE44TSA136;SDC2;Oui;0;Oui, date exacte;2005;sans objet;2003 et après;50;50;84,4;144;0;0;0;0;0;26;0;0;0;0;26;Béton Parpaing;sans objet;Non;sans objet;sans objet;sans objet;sans objet;sans objet;sans objet;sans objet;sans objet;sans objet;sans objet;sans objet;Non;1 à 5 fois par an;>=1 fois par jour;>1 fois par semaine;Jamais;>1 fois par semaine;Oui;Non;Non;Non;Non;Oui;Non;Non;Non;sans objet;Non;Peinture, papier peint, vinyle, toile de verre;Faux-plafond;Plastique, PVC, linoléum;Non;sans objet;0;69;0;2;Double;13,84;VMC;sans objet;simple flux par extraction sans balayage;2;sans objet;Non;Oui;4;Non;sans objet;Non;VMC ou VN;VMC fonctionnelle;MIXTE;Oui;Non;Non;Oui, la plupart du temps;Chauffe
EE46PLM296_SDC1;EE46PLM296;SDC1;Oui;1;Connais approxi;sans objet;Entre 1915 et 1948;Avant 1948;41,3;41,3;87,4;140;0;0;0;0;0;9;12;0;0;0;21;Pierre;sans objet;Non;sans objet;sans objet;sans objet;sans objet;sans objet;sans objet;sans objet;sans objet;sans objet;sans objet;sans objet;NA;>5 fois par an;>=1 fois par jour;>1 fois par semaine;>1 fois par semaine;>1 fois par semaine;Ne sait pas;Non;Ne sait pas;Non;Non;Non;Non;Non;Non;sans objet;Non;Peinture, papier peint, vinyle, toile de verre;Peinture, papier peint, vinyle, toile de verre;Plastique, PVC, linoléum;Non;sans objet;0;46;0;1;Double;7,9;Aucun système;sans objet;sans objet;sans objet;sans objet;Non;Non;sans objet;Non;sans objet;Non;Aucun système;Aucun système;MAT-CRAIE;Oui;Non;Non;Oui, la plupart du temps;Chauffe
EE46PLM296_SDC2;EE46PLM296;SDC2;Oui;0;Connais approxi;sans objet;Entre 1915 et 1948;Avant 1948;50;50;97,2;170;0;0;0;10;12;0;0;0;0;0;22;Pierre;sans objet;Non;sans objet;sans objet;sans objet;sans objet;sans objet;sans objet;sans objet;sans objet;sans objet;sans objet;sans objet;NA;>5 fois par an;>=1 fois par jour;>1 fois par semaine;>1 fois par semaine;>1 fois par semaine;Ne sait pas;Non;Ne sait pas;Non;Non;Non;Non;Non;Non;sans objet;Non;Peinture, papier peint, vinyle, toile de verre;Peinture, papier peint, vinyle, toile de verre;Plastique, PVC, linoléum;Non;sans objet;6;54;0;0;Double;8,2;Aucun système;sans objet;sans objet;sans objet;sans objet;Non;Non;sans objet;Non;sans objet;Oui;Aucun système;Aucun système;BLANC-FEUTRE;Oui;Non;Non;NA;Chauffe
EE61LFU032_SDC1;EE61LFU032;SDC1;Oui;0;Oui, date exacte;2001;sans objet;Entre 1982 et 2002;55;60;80,7;154;0;0;0;11;11;0;0;0;0;0;22;Béton Parpaing;sans objet;Non;sans objet;sans objet;sans objet;sans objet;sans objet;sans objet;sans objet;sans objet;sans objet;sans objet;sans objet;Non;>5 fois par an;Jamais;>1 fois par semaine;Jamais;>1 fois par semaine;Non;Non;Non;Non;Non;Non;Non;Non;Non;sans objet;Non;Peinture, papier peint, vinyle, toile de verre;Faux-plafond;Plastique, PVC, linoléum;Non;sans objet;1;58;0;1;Double;6,2;VMC;sans objet;simple flux par extraction sans balayage;3;sans objet;Non;Oui;3;Non;sans objet;Non;VMC ou VN;VMC fonctionnelle;MAT-CRAIE;Oui;Non;Non;Oui, tout le temps;Chauffe
EE61LFU032_SDC2;EE61LFU032;SDC2;Oui;0;Oui, date exacte;2001;sans objet;Entre 1982 et 2002;61;66;85,6;175;0;0;0;0;9;11;0;0;0;0;20;Béton Parpaing;sans objet;Non;sans objet;sans objet;sans objet;sans objet;sans objet;sans objet;sans objet;sans objet;sans objet;sans objet;sans objet;Non;>5 fois par an;Jamais;>1 fois par semaine;Jamais;>1 fois par semaine;Non;Non;Non;Non;Non;Non;Non;Non;Non;sans objet;Non;Peinture, papier peint, vinyle, toile de verre;Faux-plafond;Plastique, PVC, linoléum;Non;sans objet;1;54;1;1;Double;8,8;VMC;sans objet;simple flux par extraction sans balayage;2;sans objet;Non;Oui;3;Non;sans objet;Non;VMC ou VN;VMC fonctionnelle;MAT-CRAIE;Oui;Oui;Non;Oui, tout le temps;Chauffe
EE61PLY033_SDC1;EE61PLY033;SDC1;Oui;0;Connais approxi;sans objet;Entre 1871 et 1914;Avant 1948;44,7;44,7;85,2;142;0;0;0;22;0;0;0;0;0;0;22;Pierre;sans objet;Non;sans objet;sans objet;sans objet;sans objet;sans objet;sans objet;sans objet;sans objet;sans objet;sans objet;sans objet;Non;1 à 5 fois par an;>=1 fois par jour;>1 fois par semaine;<=1 fois par semaine;<=1 fois par semaine;Non;Ne sait pas;Non;Non;Non;Non;Non;Non;Non;sans objet;Oui;Peinture, papier peint, vinyle, toile de verre;Faux-plafond;Parquet massif ou contrecollé, vitrifié, stratifié;Non;sans objet;31;7;0;2;Simple;8;Aucun système;sans objet;sans objet;sans objet;sans objet;Non;Non;sans objet;Oui;1;Non;Aucun système;Aucun système;ELECTRONIQUE;Oui;Non;Non;Non;Hors-chauffe
EE61PLY033_SDC2;EE61PLY033;SDC2;Oui;0;Connais approxi;sans objet;Entre 1871 et 1914;Avant 1948;46,4;46,4;85,6;143;0;0;0;0;0;0;20;0;0;0;20;Pierre;sans objet;Non;sans objet;sans objet;sans objet;sans objet;sans objet;sans objet;sans objet;sans objet;sans objet;sans objet;sans objet;Non;1 à 5 fois par an;>=1 fois par jour;>1 fois par semaine;<=1 fois par semaine;<=1 fois par semaine;Oui;Ne sait pas;Oui;Non;Non;Non;Non;Non;Non;sans objet;Non;Peinture, papier peint, vinyle, toile de verre;Faux-plafond;Carrelage;Non;sans objet;42;6;0;0;Simple;6,9;Aucun système;sans objet;sans objet;sans objet;sans objet;Non;Non;sans objet;Non;sans objet;Non;Aucun système;Aucun système;ELECTRONIQUE;Non;Non;Non;Non;Hors-chauffe
EE62ARL288_SDC1;EE62ARL288;SDC1;Oui;0;Connais approxi;sans objet;Entre 1968 et 1974;Entre 1968 et 1981;53;53;94;174;0;0;0;21;0;0;0;0;0;0;21;Béton Parpaing;sans objet;Non;sans objet;sans objet;sans objet;sans objet;sans objet;sans objet;sans objet;sans objet;sans objet;sans objet;sans objet;Oui;>5 fois par an;>=1 fois par jour;<=1 fois par semaine;>1 fois par semaine;>1 fois par semaine;Non;Non;Non;Non;Non;Non;Non;Non;Non;sans objet;Non;Peinture, papier peint, vinyle, toile de verre;Peinture, papier peint, vinyle, toile de verre;Carrelage;Non;sans objet;0;66;0;0;Double;11,2;VMC;sans objet;simple flux par extraction sans balayage;5;sans objet;Non;Oui;5;Non;sans objet;Non;VMC ou VN;VMC fonctionnelle;MAT-CRAIE;Non;Non;Non;Oui, la plupart du temps;Chauffe
EE62ARL288_SDC2;EE62ARL288;SDC2;Oui;0;Connais approxi;sans objet;Entre 1968 et 1974;Entre 1968 et 1981;54;54;94;175;0;0;0;0;0;12;14;0;0;0;26;Béton Parpaing;sans objet;Non;sans objet;sans objet;sans objet;sans objet;sans objet;sans objet;sans objet;sans objet;sans objet;sans objet;sans objet;Oui;>5 fois par an;>=1 fois par jour;<=1 fois par semaine;>1 fois par semaine;>1 fois par semaine;Non;Non;Non;Non;Non;Non;Non;Non;Non;sans objet;Non;Peinture, papier peint, vinyle, toile de verre;Peinture, papier peint, vinyle, toile de verre;Carrelage;Non;sans objet;0;58;0;2;Double;6,7;VMC;sans objet;simple flux par extraction sans balayage;2;sans objet;Non;Oui;2;Non;sans objet;Non;VMC ou VN;VMC fonctionnelle;MAT-CRAIE;Non;Non;Oui;Oui, tout le temps;Chauffe
EE62ARN292_SDC1;EE62ARN292;SDC1;Oui;2;Oui, date exacte;1964;sans objet;Entre 1949 et 1967;55;55;74;135;0;0;0;0;0;0;0;27;4;0;31;Autre;bardage en zinc;Oui;ACHEVES;ACHEVES;ACHEVES;Non;ACHEVES;ACHEVES;Non;Non;Non;Non;sans objet;NA;1 à 5 fois par an;<1 fois par jour;<=1 fois par semaine;Jamais;<=1 fois par semaine;Non;Non;Non;Non;Non;Non;Non;Non;Non;sans objet;Non;Peinture, papier peint, vinyle, toile de verre;Faux-plafond;Plastique, PVC, linoléum;Non;sans objet;0;62;0;0;Double;4,56;VMC;sans objet;simple flux par extraction sans balayage;3;sans objet;Non;Oui;6;Non;sans objet;Oui;VMC ou VN;VMC fonctionnelle;BLANC-FEUTRE;Oui;Oui;Oui;Oui, tout le temps;Chauffe
EE62ARN292_SDC2;EE62ARN292;SDC2;Oui;1;Oui, date exacte;1964;sans objet;Entre 1949 et 1967;52;52;102;187;0;0;0;0;0;0;0;0;11;0;11;Briques;sans objet;Non;sans objet;sans objet;sans objet;sans objet;sans objet;sans objet;sans objet;sans objet;sans objet;sans objet;sans objet;Non;1 à 5 fois par an;<1 fois par jour;<=1 fois par semaine;Jamais;<=1 fois par semaine;Non;Non;Non;Non;Non;Non;Non;Non;Non;sans objet;Non;Peinture, papier peint, vinyle, toile de verre;Peinture, papier peint, vinyle, toile de verre;Plastique, PVC, linoléum;Non;sans objet;0;45;0;2;Simple;7,2;Aucun système;sans objet;sans objet;sans objet;sans objet;Non;Non;sans objet;Non;sans objet;Oui;Aucun système;Aucun système;MAT-CRAIE;Non;Non;Non;Oui, tout le temps;Chauffe
EE62BAZ310_SDC1;EE62BAZ310;SDC1;Non;0;Oui, date exacte;2016;sans objet;2003 et après;46;46;78;132;0;0;0;0;12;15;0;0;0;0;27;Briques;sans objet;Non;sans objet;sans objet;sans objet;sans objet;sans objet;sans objet;sans objet;sans objet;sans objet;sans objet;sans objet;Oui;>5 fois par an;>=1 fois par jour;>1 fois par semaine;<=1 fois par semaine;>1 fois par semaine;Non;Non;Non;Non;Non;Non;Non;Non;Non;sans objet;Non;Peinture, papier peint, vinyle, toile de verre;Faux-plafond;Plastique, PVC, linoléum;Non;sans objet;0;48;0;2;Double;6,2;VMC;sans objet;simple flux par insufflation sans balayage;sans objet;1;Non;Non;sans objet;Non;sans objet;Oui;VMC ou VN;VMC fonctionnelle;MAT-CRAIE;Non;Non;Non;Oui, tout le temps;Chauffe
EE62BAZ310_SDC2;EE62BAZ310;SDC2;Non;0;Oui, date exacte;2016;sans objet;2003 et après;45;45;92;157;0;0;0;0;0;0;9;11;0;0;20;Briques;sans objet;Non;sans objet;sans objet;sans objet;sans objet;sans objet;sans objet;sans objet;sans objet;sans objet;sans objet;sans objet;Oui;>5 fois par an;>=1 fois par jour;>1 fois par semaine;<=1 fois par semaine;>1 fois par semaine;Non;Non;Non;Non;Non;Non;Non;Non;Non;sans objet;Non;Peinture, papier peint, vinyle, toile de verre;Faux-plafond;Plastique, PVC, linoléum;Non;sans objet;1;49;0;1;Double;9,03;VMC;sans objet;simple flux par insufflation sans balayage;sans objet;0;Non;Non;sans objet;Non;sans objet;Non;VMC ou VN;VMC info manquante;MAT-CRAIE;Oui;Oui;Oui;Oui, tout le temps;Chauffe
EE62BSB324_SDC1;EE62BSB324;SDC1;Oui;0;NA;NA;NA;Avant 1948;57,5;57,5;105,6;200;0;0;0;0;15;14;0;0;0;0;29;NA;NA;NA;sans objet;sans objet;sans objet;sans objet;sans objet;sans objet;sans objet;sans objet;sans objet;sans objet;sans objet;NA;NA;NA;NA;NA;NA;NA;NA;NA;NA;Non;Non;Non;Non;Non;sans objet;Non;Peinture, papier peint, vinyle, toile de verre;Peinture, papier peint, vinyle, toile de verre;Parquet massif ou contrecollé, vitrifié, stratifié;Non;sans objet;1;67;0;1;NA;6,46;Aucun système;sans objet;sans objet;sans objet;sans objet;Non;Non;sans objet;Non;sans objet;Non;Aucun système;Aucun système;MAT-CRAIE;Oui;Non;Non;Non;Hors-chauffe
EE62BSB324_SDC2;EE62BSB324;SDC2;Oui;0;NA;NA;NA;Avant 1948;55,8;55,8;102;194;0;0;0;0;0;0;18;14;0;0;32;NA;NA;NA;sans objet;sans objet;sans objet;sans objet;sans objet;sans objet;sans objet;sans objet;sans objet;sans objet;sans objet;NA;NA;NA;NA;NA;NA;NA;NA;NA;NA;Non;Non;Non;Non;Non;sans objet;Non;Peinture, papier peint, vinyle, toile de verre;Peinture, papier peint, vinyle, toile de verre;Parquet massif ou contrecollé, vitrifié, stratifié;Non;sans objet;0;73;0;0;Double;6,46;Aucun système;sans objet;sans objet;sans objet;sans objet;Non;Non;sans objet;Non;sans objet;Oui;Aucun système;Aucun système;BLANC-FEUTRE;Oui;Oui;Non;Non;Hors-chauffe
EE62FOY313_SDC1;EE62FOY313;SDC1;Oui;0;Oui, date exacte;1922;sans objet;Avant 1948;53,2;53,2;119,2;212;0;0;0;0;0;0;6;21;0;0;27;Briques;sans objet;Non;sans objet;sans objet;sans objet;sans objet;sans objet;sans objet;sans objet;sans objet;sans objet;sans objet;sans objet;Non;1 à 5 fois par an;<1 fois par jour;>1 fois par semaine;Jamais;<=1 fois par semaine;Non;Non;Non;Non;Non;Non;Non;Non;Non;sans objet;Non;Peinture, papier peint, vinyle, toile de verre;Peinture, papier peint, vinyle, toile de verre;Parquet massif ou contrecollé, vitrifié, stratifié;Non;sans objet;7;58;0;8;Double;7,08;Aucun système;sans objet;sans objet;sans objet;sans objet;Non;Non;sans objet;Non;sans objet;Non;Aucun système;Aucun système;MAT-CRAIE;Oui;Oui;Oui;Oui, tout le temps;Chauffe
EE62FOY313_SDC2;EE62FOY313;SDC2;Oui;0;Oui, date exacte;1922;sans objet;Avant 1948;53,1;53,1;119;212;0;0;0;0;0;6;22;0;0;0;28;Briques;sans objet;Non;sans objet;sans objet;sans objet;sans objet;sans objet;sans objet;sans objet;sans objet;sans objet;sans objet;sans objet;Non;1 à 5 fois par an;<1 fois par jour;>1 fois par semaine;Jamais;<=1 fois par semaine;Non;Non;Non;Non;Non;Non;Non;Non;Non;sans objet;Non;Peinture, papier peint, vinyle, toile de verre;Peinture, papier peint, vinyle, toile de verre;Parquet massif ou contrecollé, vitrifié, stratifié;Non;sans objet;0;60;0;0;Double;7,08;Aucun système;sans objet;sans objet;sans objet;sans objet;Non;Non;sans objet;Non;sans objet;Oui;Aucun système;Aucun système;MAT-CRAIE;Non;Non;Non;Oui, la plupart du temps;Chauffe
EE62LOU298_SDC1;EE62LOU298;SDC1;Oui;1;Oui, date exacte;1969;sans objet;Entre 1968 et 1981;55;55;92;178;0;0;0;12;8;0;0;0;1;0;21;Briques;sans objet;Non;sans objet;sans objet;sans objet;sans objet;sans objet;sans objet;sans objet;sans objet;sans objet;sans objet;sans objet;Non;>5 fois par an;>=1 fois par jour;<=1 fois par semaine;>1 fois par semaine;>1 fois par semaine;Non;Non;Non;Non;Non;Non;Non;Non;Non;sans objet;Non;Lambris bois;Faux-plafond;Carrelage;Non;sans objet;0;60;0;0;Double;11,6;Aucun système;sans objet;sans objet;sans objet;sans objet;Non;Non;sans objet;Non;sans objet;Non;Aucun système;Aucun système;MAT-CRAIE;Non;Non;Non;Oui, la plupart du temps;Chauffe
EE62LOU298_SDC2;EE62LOU298;SDC2;Oui;0;Oui, date exacte;1969;sans objet;Entre 1968 et 1981;59;59;92;179;0;0;16;6;0;0;0;0;0;0;22;Briques;sans objet;Non;sans objet;sans objet;sans objet;sans objet;sans objet;sans objet;sans objet;sans objet;sans objet;sans objet;sans objet;Non;>5 fois par an;>=1 fois par jour;<=1 fois par semaine;>1 fois par semaine;>1 fois par semaine;Non;Non;Non;Non;Non;Non;Non;Non;Non;sans objet;Non;Brique;Métal;Carrelage;Non;sans objet;4;60;0;0;NA;11,6;Aucun système;sans objet;sans objet;sans objet;sans objet;Non;Non;sans objet;Non;sans objet;Non;Aucun système;Aucun système;MAT-CRAIE;Oui;Oui;Oui;Oui, tout le temps;Chauffe
EE62SET314_SDC1;EE62SET314;SDC1;Oui;0;Oui, date exacte;1988;sans objet;Entre 1982 et 2002;50,2;50,2;73,2;134;0;0;0;0;18;7;0;0;0;0;25;Briques;sans objet;Non;sans objet;sans objet;sans objet;sans objet;sans objet;sans objet;sans objet;sans objet;sans objet;sans objet;sans objet;Non;>5 fois par an;>=1 fois par jour;<=1 fois par semaine;<=1 fois par semaine;<=1 fois par semaine;Non;Non;Non;Non;Non;Non;Non;Non;Non;sans objet;Non;Peinture, papier peint, vinyle, toile de verre;Peinture, papier peint, vinyle, toile de verre;Plastique, PVC, linoléum;Non;sans objet;0;70;0;5;NA;6,42;Aucun système;sans objet;sans objet;sans objet;sans objet;Non;Non;sans objet;Non;sans objet;Non;Aucun système;Aucun système;MAT-CRAIE;Oui;Non;Oui;Oui, la plupart du temps;Chauffe
EE62SET314_SDC2;EE62SET314;SDC2;Oui;0;Oui, date exacte;1988;sans objet;Entre 1982 et 2002;44;44;71,4;118;0;0;0;18;0;0;0;0;0;0;18;Briques;sans objet;Non;sans objet;sans objet;sans objet;sans objet;sans objet;sans objet;sans objet;sans objet;sans objet;sans objet;sans objet;Non;>5 fois par an;>=1 fois par jour;<=1 fois par semaine;<=1 fois par semaine;<=1 fois par semaine;Oui;Oui;Non;Non;Non;Non;Non;Non;Non;sans objet;Non;Peinture, papier peint, vinyle, toile de verre;Peinture, papier peint, vinyle, toile de verre;Plastique, PVC, linoléum;Non;sans objet;0;59;0;2;Double;5,69;Aucun système;sans objet;sans objet;sans objet;sans objet;Non;Non;sans objet;Non;sans objet;Non;Aucun système;Aucun système;MAT-CRAIE;Oui;Non;Non;Oui, la plupart du temps;Chauffe
EE62SSX260_SDC1;EE62SSX260;SDC1;Oui;0;Connais approxi;sans objet;Entre 1982 et 1989;Entre 1982 et 2002;52;52;84;154;0;0;0;9;13;0;0;0;0;0;22;Briques;sans objet;Non;sans objet;sans objet;sans objet;sans objet;sans objet;sans objet;sans objet;sans objet;sans objet;sans objet;sans objet;Non;>5 fois par an;>=1 fois par jour;>1 fois par semaine;<=1 fois par semaine;<=1 fois par semaine;Non;Non;Non;Non;Non;Non;Non;Non;Non;sans objet;Non;Peinture, papier peint, vinyle, toile de verre;Faux-plafond;Plastique, PVC, linoléum;Non;sans objet;40;4;0;0;Double;13,19;Aucun système;sans objet;sans objet;sans objet;sans objet;Non;Non;sans objet;Non;sans objet;Non;Aucun système;Aucun système;MAT-CRAIE;Non;Non;Non;Oui, tout le temps;Chauffe
EE62SSX260_SDC2;EE62SSX260;SDC2;Oui;0;Connais approxi;sans objet;Entre 1915 et 1948;Avant 1948;61;61;94;183;0;0;0;0;24;0;0;0;0;0;24;Briques;sans objet;Non;sans objet;sans objet;sans objet;sans objet;sans objet;sans objet;sans objet;sans objet;sans objet;sans objet;sans objet;Oui;>5 fois par an;>=1 fois par jour;>1 fois par semaine;<=1 fois par semaine;<=1 fois par semaine;Non;Non;Non;Non;Non;Non;Non;Non;Non;sans objet;Non;Peinture, papier peint, vinyle, toile de verre;Faux-plafond;Plastique, PVC, linoléum;Non;sans objet;2;58;0;6;Double;4,8;Aucun système;sans objet;sans objet;sans objet;sans objet;Non;Oui;6;Non;sans objet;Non;Aucun système;Aucun système;MAT-CRAIE;Oui;Non;Oui;Oui, tout le temps;Chauffe
EE62VEJ278_SDC1;EE62VEJ278;SDC1;Oui;0;Non;sans objet;sans objet;Entre 1968 et 1981;59;59;101,4;193;0;0;0;17;13;0;0;0;0;0;30;Briques;sans objet;Non;sans objet;sans objet;sans objet;sans objet;sans objet;sans objet;sans objet;sans objet;sans objet;sans objet;sans objet;Non;>5 fois par an;>=1 fois par jour;>1 fois par semaine;<=1 fois par semaine;<=1 fois par semaine;Non;Non;Non;Non;NA;NA;NA;NA;NA;NA;NA;Peinture, papier peint, vinyle, toile de verre;Faux-plafond;Carrelage;Non;sans objet;0;0;0;0;NA;NA;NA;NA;NA;NA;NA;NA;NA;NA;NA;NA;Non;NA;NA;MAT-CRAIE;NA;NA;NA;Oui, tout le temps;Chauffe
EE67BAX049_SDC1;EE67BAX049;SDC1;Oui;1;Connais approxi;sans objet;Entre 1915 et 1948;Avant 1948;83,7;83,7;95,8;209;0;0;0;21;0;0;0;0;0;0;21;Béton Parpaing;sans objet;Oui;ACHEVES;ACHEVES;Non;Non;Non;Non;Non;Non;Non;Non;sans objet;Non;NA;NA;NA;NA;NA;Non;Non;Non;Non;Non;Non;Non;Non;Non;sans objet;Non;Peinture, papier peint, vinyle, toile de verre;Faux-plafond;Plastique, PVC, linoléum;Non;sans objet;1;73;0;0;Double;3,6;Aucun système;sans objet;sans objet;sans objet;sans objet;Non;Non;sans objet;Non;sans objet;Oui;Aucun système;Aucun système;MAT-CRAIE;Oui;Oui;Non;Non;Hors-chauffe
EE67BAX049_SDC2;EE67BAX049;SDC2;Oui;1;Connais approxi;sans objet;Entre 1915 et 1948;Avant 1948;83,7;83,7;95,8;209;0;0;0;0;0;7;5;8;0;0;20;Béton Parpaing;sans objet;Oui;ACHEVES;ACHEVES;Non;Non;Non;Non;Non;Non;Non;Non;sans objet;Non;NA;NA;NA;NA;NA;Non;Non;Non;Non;Non;Non;Non;Non;Non;sans objet;Non;Peinture, papier peint, vinyle, toile de verre;Faux-plafond;Plastique, PVC, linoléum;Non;sans objet;0;63;0;0;Double;5,4;Aucun système;sans objet;sans objet;sans objet;sans objet;Non;Non;sans objet;Non;sans objet;Oui;Aucun système;Aucun système;MAT-CRAIE;Oui;Non;Non;Non;Hors-chauffe
EE67BOH051_SDC1;EE67BOH051;SDC1;Oui;1;Oui, date exacte;1954;sans objet;Entre 1949 et 1967;54,7;54,7;97,6;179;0;0;0;0;0;0;10;15;0;0;25;Briques;sans objet;Non;sans objet;sans objet;sans objet;sans objet;sans objet;sans objet;sans objet;sans objet;sans objet;sans objet;sans objet;Non;1 à 5 fois par an;>=1 fois par jour;>1 fois par semaine;<=1 fois par semaine;<=1 fois par semaine;Ne sait pas;Ne sait pas;Ne sait pas;Ne sait pas;Non;Non;Non;Non;Non;sans objet;Non;Peinture, papier peint, vinyle, toile de verre;Peinture, papier peint, vinyle, toile de verre;Plastique, PVC, linoléum;Non;sans objet;1;57;0;1;Double;9,5;Aucun système;sans objet;sans objet;sans objet;sans objet;Non;Non;sans objet;Non;sans objet;Oui;Aucun système;Aucun système;MAT-CRAIE;Oui;Oui;Non;Oui, tout le temps;Chauffe
EE67BOH051_SDC2;EE67BOH051;SDC2;Oui;1;Oui, date exacte;1954;sans objet;Entre 1949 et 1967;57,2;57,2;99,8;187;0;0;0;0;0;24;0;0;0;0;24;Briques;sans objet;Non;sans objet;sans objet;sans objet;sans objet;sans objet;sans objet;sans objet;sans objet;sans objet;sans objet;sans objet;Non;1 à 5 fois par an;>=1 fois par jour;>1 fois par semaine;<=1 fois par semaine;<=1 fois par semaine;Ne sait pas;Ne sait pas;Ne sait pas;Ne sait pas;Non;Non;Non;Non;Non;sans objet;Non;Peinture, papier peint, vinyle, toile de verre;Peinture, papier peint, vinyle, toile de verre;Plastique, PVC, linoléum;Non;sans objet;2;72;0;1;Double;9,5;Aucun système;sans objet;sans objet;sans objet;sans objet;Non;Non;sans objet;Non;sans objet;Oui;Aucun système;Aucun système;MAT-CRAIE;Oui;Non;Non;Oui, tout le temps;Chauffe
EE67EPC045_SDC1;EE67EPC045;SDC1;Oui;1;Connais approxi;sans objet;Avant 1871;Avant 1948;80;80;98,6;222;0;0;0;0;0;0;27;0;0;0;27;Pierre;sans objet;Non;sans objet;sans objet;sans objet;sans objet;sans objet;sans objet;sans objet;sans objet;sans objet;sans objet;sans objet;Oui;1 à 5 fois par an;>=1 fois par jour;<=1 fois par semaine;>1 fois par semaine;>1 fois par semaine;Non;Non;Oui;Non;Non;Non;Non;Non;Non;sans objet;Non;Peinture, papier peint, vinyle, toile de verre;Peinture, papier peint, vinyle, toile de verre;Plastique, PVC, linoléum;Non;sans objet;4;67;0;1;Double;6,6;Aucun système;sans objet;sans objet;sans objet;sans objet;Non;Non;sans objet;Non;sans objet;Oui;Aucun système;Aucun système;MAT-CRAIE;Oui;Non;Non;Non;Hors-chauffe
EE67EPC045_SDC2;EE67EPC045;SDC2;Oui;0;Oui, date exacte;1857;sans objet;Avant 1948;78,4;78,4;123,6;271;0;0;0;11;16;0;0;0;0;0;27;Pierre;sans objet;Non;sans objet;sans objet;sans objet;sans objet;sans objet;sans objet;sans objet;sans objet;sans objet;sans objet;sans objet;Non;1 à 5 fois par an;>=1 fois par jour;<=1 fois par semaine;>1 fois par semaine;>1 fois par semaine;Non;Non;Non;Non;Non;Non;Non;Non;Non;sans objet;Non;Peinture, papier peint, vinyle, toile de verre;Peinture, papier peint, vinyle, toile de verre;Plastique, PVC, linoléum;Non;sans objet;3;68;0;0;Double;4,2;Aucun système;sans objet;sans objet;sans objet;sans objet;Non;Non;sans objet;Non;sans objet;Oui;Aucun système;Aucun système;BLANC-FEUTRE;Oui;Non;Non;Non;Hors-chauffe
EE67ESU046_SDC1;EE67ESU046;SDC1;Oui;0;Oui, date exacte;1965;sans objet;Entre 1949 et 1967;53,5;53,5;88,8;160;0;0;0;16;0;0;0;0;0;0;16;Briques;sans objet;Non;sans objet;sans objet;sans objet;sans objet;sans objet;sans objet;sans objet;sans objet;sans objet;sans objet;sans objet;Non;1 à 5 fois par an;Jamais;>1 fois par semaine;<=1 fois par semaine;<=1 fois par semaine;Non;Non;Non;Non;Non;Non;Non;Non;Non;sans objet;Non;Peinture, papier peint, vinyle, toile de verre;Faux-plafond;Plastique, PVC, linoléum;Non;sans objet;0;56;0;4;Double;8,8;VMC;sans objet;simple flux par extraction avec balayage;1;sans objet;Non;Oui;1;Non;sans objet;Oui;VMC ou VN;VMC non fonctionnelle;BLANC-FEUTRE;Oui;Non;Non;Oui, tout le temps;Chauffe
EE67ESU046_SDC2;EE67ESU046;SDC2;Oui;0;Oui, date exacte;1933;sans objet;Avant 1948;42,1;42,1;103,2;166;0;0;0;0;14;4;0;0;0;0;18;Autre;briques et pierres;Non;sans objet;sans objet;sans objet;sans objet;sans objet;sans objet;sans objet;sans objet;sans objet;sans objet;sans objet;Non;1 à 5 fois par an;Jamais;>1 fois par semaine;<=1 fois par semaine;<=1 fois par semaine;Non;Non;Non;Non;Non;Non;Non;Non;Non;sans objet;Non;Peinture, papier peint, vinyle, toile de verre;Peinture, papier peint, vinyle, toile de verre;Plastique, PVC, linoléum;Non;sans objet;0;37;0;22;Double;9,5;Aucun système;sans objet;sans objet;sans objet;sans objet;Non;Non;sans objet;Non;sans objet;Oui;Aucun système;Aucun système;BLANC-FEUTRE;Oui;Oui;Non;Oui, tout le temps;Chauffe
EE67MAN050_SDC1;EE67MAN050;SDC1;Oui;0;Connais approxi;sans objet;Entre 1997 et 2002;Entre 1982 et 2002;60,5;60,6;111,2;216;0;0;0;10;14;0;0;0;0;0;24;Pierre;sans objet;Non;sans objet;sans objet;sans objet;sans objet;sans objet;sans objet;sans objet;sans objet;sans objet;sans objet;sans objet;Non;1 à 5 fois par an;>=1 fois par jour;>1 fois par semaine;<=1 fois par semaine;<=1 fois par semaine;Non;Non;Non;Non;Non;Non;Non;Non;Non;sans objet;Non;Peinture, papier peint, vinyle, toile de verre;Peinture, papier peint, vinyle, toile de verre;Plastique, PVC, linoléum;Non;sans objet;4;55;0;1;Double;7,2;Aucun système;sans objet;sans objet;sans objet;sans objet;Non;Non;sans objet;Non;sans objet;Oui;Aucun système;Aucun système;MAT-CRAIE;Oui;Oui;Non;Oui, tout le temps;Chauffe
EE67MAN050_SDC2;EE67MAN050;SDC2;Oui;1;Connais approxi;sans objet;Entre 1997 et 2002;Entre 1982 et 2002;58,4;58,4;117,6;221;0;0;0;0;0;0;0;24;0;0;24;Pierre;sans objet;Non;sans objet;sans objet;sans objet;sans objet;sans objet;sans objet;sans objet;sans objet;sans objet;sans objet;sans objet;Non;1 à 5 fois par an;>=1 fois par jour;>1 fois par semaine;<=1 fois par semaine;<=1 fois par semaine;Non;Non;Non;Non;Non;Non;Non;Non;Non;sans objet;Non;Peinture, papier peint, vinyle, toile de verre;Peinture, papier peint, vinyle, toile de verre;Parquet massif ou contrecollé, vitrifié, stratifié;Non;sans objet;2;56;0;1;Double;12;Aucun système;sans objet;sans objet;sans objet;sans objet;Non;Non;sans objet;Non;sans objet;Oui;Aucun système;Aucun système;MAT-CRAIE;Oui;Non;Non;Oui, tout le temps;Chauffe
EE67OBU044_SDC1;EE67OBU044;SDC1;Oui;1;Connais approxi;sans objet;Entre 1968 et 1974;Entre 1968 et 1981;54,9;54,9;92,2;169;0;0;0;0;17;6;0;0;0;0;23;Béton Parpaing;sans objet;Oui;ACHEVES;Non;Non;Non;Non;Non;Non;Non;Non;Non;sans objet;Oui;>5 fois par an;>=1 fois par jour;>1 fois par semaine;<=1 fois par semaine;<=1 fois par semaine;Non;Non;Non;Non;Non;Non;Oui;Non;Non;sans objet;Oui;Peinture, papier peint, vinyle, toile de verre;Peinture, papier peint, vinyle, toile de verre;Plastique, PVC, linoléum;Non;sans objet;7;69;0;1;Double;6,8;Aucun système;sans objet;sans objet;sans objet;sans objet;Oui, ouverts;Non;sans objet;Non;sans objet;Oui;Aucun système;Aucun système;MAT-CRAIE;Oui;Oui;Oui;Oui, tout le temps;Chauffe
EE67OBU044_SDC2;EE67OBU044;SDC2;Oui;-1;Connais approxi;sans objet;Entre 1968 et 1974;Entre 1968 et 1981;57,5;57,5;84;158;0;0;0;0;0;0;0;20;0;0;20;Béton Parpaing;sans objet;Oui;ACHEVES;Non;Non;Non;Non;Non;Non;Non;Non;Non;sans objet;Oui;>5 fois par an;>=1 fois par jour;>1 fois par semaine;<=1 fois par semaine;<=1 fois par semaine;Non;Non;Non;Non;Non;Non;Non;Non;Non;sans objet;Oui;Peinture, papier peint, vinyle, toile de verre;Faux-plafond;Plastique, PVC, linoléum;Non;sans objet;1;65;0;2;Double;11,8;Aucun système;sans objet;sans objet;sans objet;sans objet;Non;Non;sans objet;Non;sans objet;Oui;Aucun système;Aucun système;MAT-CRAIE;Oui;Oui;Non;Oui, tout le temps;Chauffe
EE67SPC047_SDC1;EE67SPC047;SDC1;Oui;0;Oui, date exacte;2009;sans objet;2003 et après;74,4;74,4;86,6;193;5;6;4;6;0;0;0;0;0;0;21;Bois;sans objet;Non;sans objet;sans objet;sans objet;sans objet;sans objet;sans objet;sans objet;sans objet;sans objet;sans objet;sans objet;Non;1 à 5 fois par an;>=1 fois par jour;>1 fois par semaine;>1 fois par semaine;<=1 fois par semaine;Non;Non;Non;Non;Non;Non;Non;Non;Non;sans objet;Non;Peinture, papier peint, vinyle, toile de verre;Faux-plafond;Plastique, PVC, linoléum;Non;sans objet;0;77;0;1;Double;19,5;VMC;sans objet;VMC double flux sans balayage;1;1;Non;Non;sans objet;Non;sans objet;Oui;VMC ou VN;VMC fonctionnelle;MAT-CRAIE;Oui;Oui;Non;Oui, tout le temps;Chauffe
EE67SPC047_SDC2;EE67SPC047;SDC2;Oui;1;Oui, date exacte;2009;sans objet;2003 et après;64,2;64,2;100;173;0;0;0;0;4;4;3;8;1;0;20;Briques;sans objet;Non;sans objet;sans objet;sans objet;sans objet;sans objet;sans objet;sans objet;sans objet;sans objet;sans objet;sans objet;Non;1 à 5 fois par an;>=1 fois par jour;>1 fois par semaine;>1 fois par semaine;<=1 fois par semaine;Non;Non;Non;Non;Non;Non;Non;Non;Non;sans objet;Non;Peinture, papier peint, vinyle, toile de verre;Faux-plafond;Plastique, PVC, linoléum;Non;sans objet;1;55;0;2;Double;7;VMC;sans objet;VMC double flux sans balayage;1;1;Non;Non;sans objet;Non;sans objet;Oui;VMC ou VN;VMC non fonctionnelle;MAT-CRAIE;Oui;Oui;Non;Non;Chauffe
EE67STI053_SDC1;EE67STI053;SDC1;Oui;1;Connais approxi;sans objet;Entre 1968 et 1974;Entre 1968 et 1981;56;56;90;168;0;0;0;0;23;0;0;0;0;0;23;Béton Parpaing;sans objet;Non;sans objet;sans objet;sans objet;sans objet;sans objet;sans objet;sans objet;sans objet;sans objet;sans objet;sans objet;Oui;>5 fois par an;>=1 fois par jour;<=1 fois par semaine;>1 fois par semaine;>1 fois par semaine;Non;Non;Non;Non;Non;Non;Non;Non;Non;sans objet;Non;Peinture, papier peint, vinyle, toile de verre;Peinture, papier peint, vinyle, toile de verre;Plastique, PVC, linoléum;Non;sans objet;0;55;0;0;Double;10,5;Aucun système;sans objet;sans objet;sans objet;sans objet;Non;Non;sans objet;Non;sans objet;Oui;Aucun système;Aucun système;MAT-CRAIE;Non;Non;Non;Non;Hors-chauffe
EE67STI053_SDC2;EE67STI053;SDC2;Oui;2;Connais approxi;sans objet;Entre 1968 et 1974;Entre 1968 et 1981;56;56;90;168;0;0;0;0;0;0;0;23;0;0;23;Béton Parpaing;sans objet;Non;sans objet;sans objet;sans objet;sans objet;sans objet;sans objet;sans objet;sans objet;sans objet;sans objet;sans objet;Oui;>5 fois par an;>=1 fois par jour;<=1 fois par semaine;>1 fois par semaine;>1 fois par semaine;Non;Non;Non;Non;Non;Non;Non;Non;Non;sans objet;Non;Peinture, papier peint, vinyle, toile de verre;Peinture, papier peint, vinyle, toile de verre;Plastique, PVC, linoléum;Non;sans objet;0;55;0;0;Double;10,5;Aucun système;sans objet;sans objet;sans objet;sans objet;Non;Oui;5;Non;sans objet;Oui;Aucun système;Aucun système;MAT-CRAIE;Non;Non;Non;Non;Hors-chauffe
EE67STR052_SDC1;EE67STR052;SDC1;Oui;1;Connais approxi;sans objet;Entre 1949 et 1961;Entre 1949 et 1967;37,9;37,9;67,6;102;0;0;0;10;12;0;0;0;0;0;22;Briques;sans objet;Non;sans objet;sans objet;sans objet;sans objet;sans objet;sans objet;sans objet;sans objet;sans objet;sans objet;sans objet;Non;1 à 5 fois par an;<1 fois par jour;>1 fois par semaine;<=1 fois par semaine;<=1 fois par semaine;Non;Non;Non;Non;Non;Non;Non;Non;Non;sans objet;Non;Peinture, papier peint, vinyle, toile de verre;Peinture, papier peint, vinyle, toile de verre;Plastique, PVC, linoléum;Non;sans objet;0;41;0;1;Double;4,2;Aucun système;sans objet;sans objet;sans objet;sans objet;Non;Oui;3;Non;sans objet;Oui;Aucun système;Aucun système;BLANC-FEUTRE;Oui;Oui;Non;Non;Hors-chauffe
EE67STR052_SDC2;EE67STR052;SDC2;Oui;2;Connais approxi;sans objet;Entre 1949 et 1961;Entre 1949 et 1967;42,3;42,3;75,2;120;0;0;0;24;0;0;0;0;0;0;24;Briques;sans objet;Non;sans objet;sans objet;sans objet;sans objet;sans objet;sans objet;sans objet;sans objet;sans objet;sans objet;sans objet;Non;1 à 5 fois par an;<1 fois par jour;>1 fois par semaine;<=1 fois par semaine;<=1 fois par semaine;Non;Non;Non;Non;Non;Non;Non;Non;Non;sans objet;Non;Peinture, papier peint, vinyle, toile de verre;Peinture, papier peint, vinyle, toile de verre;Plastique, PVC, linoléum;Non;sans objet;0;39;0;2;Double;4,2;Aucun système;sans objet;sans objet;sans objet;sans objet;Non;Oui;3;Non;sans objet;Oui;Aucun système;Aucun système;BLANC-FEUTRE;Oui;Oui;Non;Non;Hors-chauffe
EE67WEY048_SDC1;EE67WEY048;SDC1;Oui;0;Connais approxi;sans objet;Entre 1871 et 1914;Avant 1948;68,5;68,6;99,8;205;0;0;0;0;0;25;0;0;0;0;25;Pierre;sans objet;Non;sans objet;sans objet;sans objet;sans objet;sans objet;sans objet;sans objet;sans objet;sans objet;sans objet;sans objet;Non;1 à 5 fois par an;>=1 fois par jour;<=1 fois par semaine;Jamais;<=1 fois par semaine;Ne sait pas;Ne sait pas;Ne sait pas;Ne sait pas;Non;Non;Oui;Non;Non;sans objet;Non;Peinture, papier peint, vinyle, toile de verre;Faux-plafond;Plastique, PVC, linoléum;Non;sans objet;9;62;0;3;Double;7,8;Aucun système;sans objet;sans objet;sans objet;sans objet;Non;Oui;4;Non;sans objet;Oui;Aucun système;Aucun système;MAT-CRAIE;Non;Non;Non;Non;Hors-chauffe
EE67WEY048_SDC2;EE67WEY048;SDC2;Oui;0;Connais approxi;sans objet;Entre 1871 et 1914;Avant 1948;68,9;68,9;100,2;206;0;0;0;0;0;13;12;0;0;0;25;Pierre;sans objet;Non;sans objet;sans objet;sans objet;sans objet;sans objet;sans objet;sans objet;sans objet;sans objet;sans objet;sans objet;Non;1 à 5 fois par an;>=1 fois par jour;<=1 fois par semaine;Jamais;<=1 fois par semaine;Ne sait pas;Ne sait pas;Ne sait pas;Ne sait pas;Non;Non;Non;Non;Non;sans objet;Non;Peinture, papier peint, vinyle, toile de verre;Faux-plafond;Parquet massif ou contrecollé, vitrifié, stratifié;Non;sans objet;6;59;0;1;Double;7,8;Aucun système;sans objet;sans objet;sans objet;sans objet;Non;Oui;4;Non;sans objet;Oui;Aucun système;Aucun système;MAT-CRAIE;Non;Non;Non;Non;Hors-chauffe
EE69CLC274_SDC1;EE69CLC274;SDC1;Oui;0;Oui, date exacte;1986;sans objet;Entre 1982 et 2002;71;74,3;140,2;246;0;0;0;0;0;20;0;0;0;0;20;Béton Parpaing;sans objet;Non;sans objet;sans objet;sans objet;sans objet;sans objet;sans objet;sans objet;sans objet;sans objet;sans objet;sans objet;Non;>5 fois par an;>=1 fois par jour;>1 fois par semaine;>1 fois par semaine;>1 fois par semaine;Oui;Non;Non;Non;Non;Non;Non;Non;Non;sans objet;Non;Peinture, papier peint, vinyle, toile de verre;Faux-plafond;Plastique, PVC, linoléum;Non;sans objet;2;84;0;2;Double;11,78;VMC;sans objet;simple flux par extraction sans balayage;1;sans objet;Non;Oui;4;Non;sans objet;Non;VMC ou VN;VMC non fonctionnelle;ELECTRONIQUE;Oui;Non;Non;Oui, tout le temps;Chauffe
EE69CLC274_SDC2;EE69CLC274;SDC2;Oui;0;Oui, date exacte;1986;sans objet;Entre 1982 et 2002;74,6;102;135,5;250;0;0;0;0;0;0;12;14;0;0;26;Béton Parpaing;sans objet;Non;sans objet;sans objet;sans objet;sans objet;sans objet;sans objet;sans objet;sans objet;sans objet;sans objet;sans objet;Non;>5 fois par an;>=1 fois par jour;>1 fois par semaine;>1 fois par semaine;>1 fois par semaine;Oui;Non;Non;Non;Non;Non;Non;Non;Non;sans objet;Non;Peinture, papier peint, vinyle, toile de verre;Peinture, papier peint, vinyle, toile de verre;Plastique, PVC, linoléum;Non;sans objet;0;83;0;1;Double;9,57;VMC;sans objet;simple flux par extraction avec balayage;1;sans objet;Non;Oui;6;Non;sans objet;Oui;VMC ou VN;VMC non fonctionnelle;MIXTE;Oui;Non;Non;Oui, tout le temps;Chauffe
EE69GLM286_SDC1;EE69GLM286;SDC1;Oui;-1;Connais approxi;sans objet;Avant 1871;Avant 1948;46,5;46,5;67,6;114;0;0;11;6;11;9;0;0;0;0;37;NA;NA;Oui;Non;Non;Non;Non;Non;Non;Non;Non;Non;ACHEVES;Agrandissement de la classe en tombant un mur séparant deux pièces;Non;NA;<1 fois par jour;<=1 fois par semaine;>1 fois par semaine;>1 fois par semaine;Non;Non;Ne sait pas;Ne sait pas;Non;Non;Non;Non;Non;sans objet;Non;Peinture, papier peint, vinyle, toile de verre;Peinture, papier peint, vinyle, toile de verre;Plastique, PVC, linoléum;Non;sans objet;17;45;0;1;Double;2,7;Aucun système;sans objet;sans objet;sans objet;sans objet;Non;Non;sans objet;Non;sans objet;Oui;Aucun système;Aucun système;MAT-CRAIE;Non;Oui;Non;Oui, la plupart du temps;Chauffe
EE69GLM286_SDC2;EE69GLM286;SDC2;Oui;1;Connais approxi;sans objet;Avant 1871;Avant 1948;72,7;72,7;107,6;209;0;0;0;0;0;9;17;3;0;0;29;NA;NA;Non;sans objet;sans objet;sans objet;sans objet;sans objet;sans objet;sans objet;sans objet;sans objet;sans objet;sans objet;Non;NA;<1 fois par jour;<=1 fois par semaine;>1 fois par semaine;>1 fois par semaine;Non;Non;Ne sait pas;Ne sait pas;Non;Non;Non;Non;Non;sans objet;Non;Peinture, papier peint, vinyle, toile de verre;Faux-plafond;Plastique, PVC, linoléum;Non;sans objet;8;49;0;21;Double;8,66;Aucun système;sans objet;sans objet;sans objet;sans objet;Non;Non;sans objet;Non;sans objet;Oui;Aucun système;Aucun système;MAT-CRAIE;Oui;Non;Non;Non;Chauffe
EE69LYD262_SDC1;EE69LYD262;SDC1;Oui;0;NA;NA;NA;Entre 1982 et 2002;72,5;72,5;106,5;213;NA;NA;NA;NA;NA;NA;NA;NA;NA;NA;NA;NA;NA;Non;sans objet;sans objet;sans objet;sans objet;sans objet;sans objet;sans objet;sans objet;sans objet;sans objet;sans objet;Non;>5 fois par an;>=1 fois par jour;>1 fois par semaine;>1 fois par semaine;>1 fois par semaine;Non;Non;Oui;Non;Non;Non;Non;Non;Non;sans objet;Non;Peinture, papier peint, vinyle, toile de verre;Faux-plafond;Plastique, PVC, linoléum;Non;sans objet;0;81;0;6;Double;12,6;Aucun système;sans objet;sans objet;sans objet;sans objet;Non;Non;sans objet;Non;sans objet;Non;Aucun système;Aucun système;MIXTE;Oui;Non;Oui;Non;Hors-chauffe
EE69LYD262_SDC2;EE69LYD262;SDC2;Oui;1;NA;NA;NA;Entre 1982 et 2002;54,8;54,8;88,8;164;0;0;0;0;8;18;0;0;0;0;26;NA;NA;Non;sans objet;sans objet;sans objet;sans objet;sans objet;sans objet;sans objet;sans objet;sans objet;sans objet;sans objet;Non;>5 fois par an;>=1 fois par jour;>1 fois par semaine;>1 fois par semaine;>1 fois par semaine;Non;Non;Oui;Non;Non;Non;Non;Non;Non;sans objet;Non;Peinture, papier peint, vinyle, toile de verre;Faux-plafond;Plastique, PVC, linoléum;Non;sans objet;0;69;0;1;Double;7,09;VMC;sans objet;simple flux par extraction avec balayage;0;sans objet;Non;Oui;2;Non;sans objet;Oui;Aucun système;Aucun système;BLANC-FEUTRE;Oui;Non;Non;Non;Hors-chauffe
EE69LYO265_SDC1;EE69LYO265;SDC1;Oui;2;NA;NA;NA;Avant 1948;49,1;49,1;95,8;164;0;0;0;0;22;0;0;0;0;0;22;Pierre;sans objet;Non;sans objet;sans objet;sans objet;sans objet;sans objet;sans objet;sans objet;sans objet;sans objet;sans objet;sans objet;Oui;NA;>=1 fois par jour;<=1 fois par semaine;Jamais;>1 fois par semaine;Non;Non;Oui;Non;Non;Non;Non;Non;Non;sans objet;Non;Peinture, papier peint, vinyle, toile de verre;Faux-plafond;Parquet massif ou contrecollé, vitrifié, stratifié;Non;sans objet;1;62;1;4;Double;4,32;Aucun système;sans objet;sans objet;sans objet;sans objet;Non;Non;sans objet;Non;sans objet;Oui;Aucun système;Aucun système;BLANC-FEUTRE;Oui;Non;Non;Non;Hors-chauffe
EE69LYO265_SDC2;EE69LYO265;SDC2;Oui;2;NA;NA;NA;Avant 1948;48,9;48,9;93,6;161;0;0;0;0;0;20;0;0;0;0;20;Pierre;sans objet;Non;sans objet;sans objet;sans objet;sans objet;sans objet;sans objet;sans objet;sans objet;sans objet;sans objet;sans objet;Oui;NA;>=1 fois par jour;<=1 fois par semaine;Jamais;>1 fois par semaine;Non;Non;Oui;Non;Non;Non;Non;Non;Non;sans objet;Non;Peinture, papier peint, vinyle, toile de verre;Faux-plafond;Parquet massif ou contrecollé, vitrifié, stratifié;Non;sans objet;1;58;0;1;Double;4,08;Aucun système;sans objet;sans objet;sans objet;sans objet;Non;Non;sans objet;Non;sans objet;Oui;Aucun système;Aucun système;BLANC-FEUTRE;Oui;Non;Non;Non;Hors-chauffe
EE69PLE317_SDC1;EE69PLE317;SDC1;Oui;0;NA;NA;NA;Avant 1948;72,7;72,7;87,4;176;0;0;0;0;0;25;4;0;0;0;29;Autre;panneaux sandwichs (algeco);Non;sans objet;sans objet;sans objet;sans objet;sans objet;sans objet;sans objet;sans objet;sans objet;sans objet;sans objet;Non;1 à 5 fois par an;>=1 fois par jour;<=1 fois par semaine;<=1 fois par semaine;Jamais;Oui;Non;Oui;Non;Non;Non;Non;Non;Non;sans objet;Non;Algeco;Lambris bois;Plastique, PVC, linoléum;Non;sans objet;3;62;0;1;Double;7,6;Aucun système;sans objet;sans objet;sans objet;sans objet;Non;Oui;3;Non;sans objet;Non;Aucun système;Aucun système;BLANC-FEUTRE;Oui;Oui;Non;Non;Hors-chauffe
EE69PLE317_SDC2;EE69PLE317;SDC2;Oui;1;Oui, date exacte;1915;sans objet;Avant 1948;68,6;68,6;100,5;178;0;0;0;0;0;0;10;18;0;0;28;Béton Parpaing;sans objet;Non;sans objet;sans objet;sans objet;sans objet;sans objet;sans objet;sans objet;sans objet;sans objet;sans objet;sans objet;Non;1 à 5 fois par an;>=1 fois par jour;<=1 fois par semaine;<=1 fois par semaine;Jamais;Non;Non;Non;Non;Non;Non;Non;Non;Non;sans objet;Oui;Peinture, papier peint, vinyle, toile de verre;Faux-plafond;Plastique, PVC, linoléum;Non;sans objet;5;39;0;30;Double;6,4;Aucun système;sans objet;sans objet;sans objet;sans objet;Non;Non;sans objet;Non;sans objet;Oui;Aucun système;Aucun système;BLANC-FEUTRE;Oui;Non;Non;Non;Hors-chauffe
EE69SCJ309_SDC1;EE69SCJ309;SDC1;Oui;0;Oui, date exacte;1983;sans objet;Entre 1982 et 2002;60;60;83,6;157;0;0;0;6;6;11;0;0;0;0;23;Béton Parpaing;sans objet;Non;sans objet;sans objet;sans objet;sans objet;sans objet;sans objet;sans objet;sans objet;sans objet;sans objet;sans objet;Non;NA;>=1 fois par jour;>1 fois par semaine;<=1 fois par semaine;<=1 fois par semaine;Non;Non;Non;Non;Non;Non;Non;Non;Non;sans objet;Non;Peinture, papier peint, vinyle, toile de verre;Faux-plafond;Carrelage;Non;sans objet;3;71;0;1;Double;8,17;VN;sur deux façades différentes;sans objet;sans objet;sans objet;Non;Non;sans objet;Oui;8;Non;VMC ou VN;VN;MAT-CRAIE;Non;Non;Non;Oui, tout le temps;Chauffe
EE69SCJ309_SDC2;EE69SCJ309;SDC2;Oui;1;Oui, date exacte;1906;sans objet;Avant 1948;57,5;57,5;93,6;169;0;0;0;0;0;0;9;11;0;0;20;Pierre;sans objet;Non;sans objet;sans objet;sans objet;sans objet;sans objet;sans objet;sans objet;sans objet;sans objet;sans objet;sans objet;Non;NA;>=1 fois par jour;>1 fois par semaine;<=1 fois par semaine;<=1 fois par semaine;Non;Non;Non;Non;Non;Non;Non;Non;Non;sans objet;Non;Peinture, papier peint, vinyle, toile de verre;Faux-plafond;Plastique, PVC, linoléum;Non;sans objet;7;60;0;2;Double;4,96;Aucun système;sans objet;sans objet;sans objet;sans objet;Non;Non;sans objet;Non;sans objet;Oui;Aucun système;Aucun système;MAT-CRAIE;Oui;Non;Non;Non;Chauffe
EE69SDP304_SDC1;EE69SDP304;SDC1;Oui;0;Connais approxi;sans objet;Entre 1871 et 1914;Avant 1948;60;60;122,8;175;0;0;0;9;7;5;0;0;0;0;21;Pierre;sans objet;Non;sans objet;sans objet;sans objet;sans objet;sans objet;sans objet;sans objet;sans objet;sans objet;sans objet;sans objet;Oui;1 à 5 fois par an;<1 fois par jour;<=1 fois par semaine;Jamais;>1 fois par semaine;Non;Non;Non;Non;Non;Non;Non;Non;Non;sans objet;Non;Peinture, papier peint, vinyle, toile de verre;Faux-plafond;Plastique, PVC, linoléum;Non;sans objet;4;57;0;4;Double;2,92;Aucun système;sans objet;sans objet;sans objet;sans objet;Non;Non;sans objet;Oui;1;Oui;Aucun système;Aucun système;MIXTE;Oui;Oui;Non;Non;Hors-chauffe
EE69SDP304_SDC2;EE69SDP304;SDC2;Oui;0;Connais approxi;sans objet;Entre 1871 et 1914;Avant 1948;57,9;57,9;112,2;211;0;0;0;0;0;6;8;11;0;0;25;Pierre;sans objet;Non;sans objet;sans objet;sans objet;sans objet;sans objet;sans objet;sans objet;sans objet;sans objet;sans objet;sans objet;Non;1 à 5 fois par an;<1 fois par jour;<=1 fois par semaine;Jamais;>1 fois par semaine;Non;Non;Non;Non;Non;Non;Non;Non;Non;sans objet;Non;Peinture, papier peint, vinyle, toile de verre;Peinture, papier peint, vinyle, toile de verre;Plastique, PVC, linoléum;Non;sans objet;3;56;0;4;Double;4,7;Aucun système;sans objet;sans objet;sans objet;sans objet;Non;Non;sans objet;Oui;1;Non;Aucun système;Aucun système;MAT-CRAIE;Oui;Non;Non;Non;Hors-chauffe
EE69SJT287_SDC1;EE69SJT287;SDC1;Oui;1;Connais approxi;sans objet;Avant 1871;Avant 1948;57,5;57,5;87,7;149;0;0;0;0;0;9;2;10;0;0;21;Pierre;sans objet;Non;sans objet;sans objet;sans objet;sans objet;sans objet;sans objet;sans objet;sans objet;sans objet;sans objet;sans objet;Oui;1 à 5 fois par an;>=1 fois par jour;<=1 fois par semaine;<=1 fois par semaine;<=1 fois par semaine;Non;Non;Non;Non;Non;Non;Non;Non;Non;sans objet;Non;Peinture, papier peint, vinyle, toile de verre;Faux-plafond;Plastique, PVC, linoléum;Non;sans objet;5;51;0;3;Double;7,25;VMC;sans objet;simple flux par extraction avec balayage;4;sans objet;Non;Oui;5;Non;sans objet;Oui;VMC ou VN;VMC non fonctionnelle;MAT-CRAIE;Oui;Oui;Non;Oui, la plupart du temps;Chauffe
EE69SJT287_SDC2;EE69SJT287;SDC2;Oui;1;Connais approxi;sans objet;Avant 1871;Avant 1948;39,6;39,6;67,9;102;0;0;0;6;8;9;0;0;0;0;23;Pierre;sans objet;Non;sans objet;sans objet;sans objet;sans objet;sans objet;sans objet;sans objet;sans objet;sans objet;sans objet;sans objet;Oui;1 à 5 fois par an;>=1 fois par jour;<=1 fois par semaine;<=1 fois par semaine;<=1 fois par semaine;Non;Non;Non;Non;Non;Non;Non;Non;Non;sans objet;Non;Peinture, papier peint, vinyle, toile de verre;Faux-plafond;Plastique, PVC, linoléum;Non;sans objet;1;60;0;1;Double;6;VMC;sans objet;simple flux par extraction sans balayage;2;sans objet;Non;Oui;3;Non;sans objet;Oui;VMC ou VN;VMC non fonctionnelle;MAT-CRAIE;Oui;Oui;Non;Oui, tout le temps;Chauffe
EE69TLC305_SDC1;EE69TLC305;SDC1;Oui;0;Connais approxi;sans objet;Entre 1871 et 1914;Avant 1948;54,5;54,5;104,3;182;0;0;0;0;0;0;7;8;0;0;15;Pierre;sans objet;Non;sans objet;sans objet;sans objet;sans objet;sans objet;sans objet;sans objet;sans objet;sans objet;sans objet;sans objet;Oui;NA;NA;NA;NA;NA;NA;NA;NA;NA;Non;Non;Non;Non;Non;sans objet;Non;Peinture, papier peint, vinyle, toile de verre;Peinture, papier peint, vinyle, toile de verre;Plastique, PVC, linoléum;Non;sans objet;39;9;0;4;Double;10,32;Aucun système;sans objet;sans objet;sans objet;sans objet;Non;Non;sans objet;Non;sans objet;Oui;Aucun système;Aucun système;MAT-CRAIE;Oui;Oui;Non;Oui, tout le temps;Chauffe
EE69VEG272_SDC1;EE69VEG272;SDC1;Oui;0;Connais approxi;sans objet;Entre 1968 et 1974;Entre 1968 et 1981;57,7;57,7;84,5;156;0;0;0;28;0;0;0;0;0;0;28;Béton Parpaing;sans objet;Non;sans objet;sans objet;sans objet;sans objet;sans objet;sans objet;sans objet;sans objet;sans objet;sans objet;sans objet;Non;1 à 5 fois par an;Jamais;>1 fois par semaine;Jamais;>1 fois par semaine;Non;Non;Oui;Oui;Non;Non;Non;Non;Non;sans objet;Non;Peinture, papier peint, vinyle, toile de verre;Faux-plafond;Plastique, PVC, linoléum;Non;sans objet;4;64;0;1;Double;7,8;Aucun système;sans objet;sans objet;sans objet;sans objet;Non;Oui;1;Non;sans objet;Non;Aucun système;Aucun système;MAT-CRAIE;Oui;Non;Non;Oui, la plupart du temps;Chauffe
EE69VEG272_SDC2;EE69VEG272;SDC2;Oui;0;Connais approxi;sans objet;Entre 1968 et 1974;Entre 1968 et 1981;59,9;59,9;79,6;162;0;0;0;0;0;22;0;0;0;0;22;Béton Parpaing;sans objet;Non;sans objet;sans objet;sans objet;sans objet;sans objet;sans objet;sans objet;sans objet;sans objet;sans objet;sans objet;Non;1 à 5 fois par an;Jamais;>1 fois par semaine;Jamais;>1 fois par semaine;Non;Non;Oui;Oui;Non;Non;Non;Non;Non;sans objet;Non;Peinture, papier peint, vinyle, toile de verre;Faux-plafond;Plastique, PVC, linoléum;Non;sans objet;1;62;0;1;Double;7,8;Aucun système;sans objet;sans objet;sans objet;sans objet;Non;Oui;1;Non;sans objet;Oui;Aucun système;Aucun système;MIXTE;Oui;Oui;Non;Oui, tout le temps;Chauffe
EE70ECE180_SDC1;EE70ECE180;SDC1;Oui;0;Oui, date exacte;1998;sans objet;Entre 1982 et 2002;43,3;43,3;70;116;0;0;0;0;16;10;0;0;0;0;26;Béton Parpaing;sans objet;Non;sans objet;sans objet;sans objet;sans objet;sans objet;sans objet;sans objet;sans objet;sans objet;sans objet;sans objet;Non;1 à 5 fois par an;>=1 fois par jour;>1 fois par semaine;>1 fois par semaine;>1 fois par semaine;Non;Non;Non;Non;Non;Non;Non;Non;Non;sans objet;Non;Peinture, papier peint, vinyle, toile de verre;Faux-plafond;Plastique, PVC, linoléum;Non;sans objet;3;65;0;3;Double;7,86;VMC;sans objet;simple flux par extraction sans balayage;1;sans objet;Non;Oui;10;Non;sans objet;Non;VMC ou VN;VMC non fonctionnelle;MAT-CRAIE;Oui;Non;Non;Oui, la plupart du temps;Chauffe
EE70ECE180_SDC2;EE70ECE180;SDC2;Oui;0;Connais approxi;sans objet;Entre 1962 et 1967;Entre 1949 et 1967;52,3;52,3;95,8;171;0;0;0;0;0;17;10;0;0;0;27;Béton Parpaing;sans objet;Oui;ACHEVES;Non;Non;Non;Non;Non;Non;Non;Non;ACHEVES;Pièges à son;Oui;1 à 5 fois par an;>=1 fois par jour;>1 fois par semaine;>1 fois par semaine;>1 fois par semaine;Non;Non;Non;Non;Non;Non;Non;Non;Non;sans objet;Non;Peinture, papier peint, vinyle, toile de verre;Peinture, papier peint, vinyle, toile de verre;Parquet massif ou contrecollé, vitrifié, stratifié;Non;sans objet;2;61;0;2;Double;15,88;VMC;sans objet;VMC double flux sans balayage;3;NA;Non;Non;sans objet;Non;sans objet;Non;VMC ou VN;VMC info manquante;ELECTRONIQUE;Oui;Non;Non;Oui, tout le temps;Chauffe
EE70LVF151_SDC1;EE70LVF151;SDC1;Oui;0;Oui, date exacte;2007;sans objet;2003 et après;52,7;52,7;75,1;133;0;0;0;0;25;0;0;0;0;0;25;Béton Parpaing;sans objet;Non;sans objet;sans objet;sans objet;sans objet;sans objet;sans objet;sans objet;sans objet;sans objet;sans objet;sans objet;Non;1 à 5 fois par an;>=1 fois par jour;>1 fois par semaine;Jamais;>1 fois par semaine;Non;Non;Oui;Non;Non;Non;Non;Non;Non;sans objet;Non;Peinture, papier peint, vinyle, toile de verre;Faux-plafond;Plastique, PVC, linoléum;Non;sans objet;7;48;0;3;Double;5,25;VMC;sans objet;simple flux par extraction sans balayage;3;sans objet;Non;Oui;5;Non;sans objet;Non;VMC ou VN;VMC fonctionnelle;MIXTE;Oui;Non;Non;Oui, tout le temps;Chauffe
EE70LVF151_SDC2;EE70LVF151;SDC2;Oui;0;Oui, date exacte;2007;sans objet;2003 et après;54,2;54,2;74,2;136;0;0;0;18;0;0;0;0;0;0;18;Béton Parpaing;sans objet;Non;sans objet;sans objet;sans objet;sans objet;sans objet;sans objet;sans objet;sans objet;sans objet;sans objet;sans objet;Non;1 à 5 fois par an;>=1 fois par jour;>1 fois par semaine;Jamais;>1 fois par semaine;Oui;Non;Non;Non;Non;Non;Non;Non;Non;sans objet;Non;Peinture, papier peint, vinyle, toile de verre;Faux-plafond;Plastique, PVC, linoléum;Non;sans objet;2;64;0;5;Double;5,25;VMC;sans objet;simple flux par extraction sans balayage;3;sans objet;Non;Oui;5;Non;sans objet;Non;VMC ou VN;VMC fonctionnelle;MIXTE;Oui;Non;Non;Oui, tout le temps;Chauffe
EE70MAE153_SDC1;EE70MAE153;SDC1;Oui;0;Connais approxi;sans objet;Avant 1871;Avant 1948;45,6;45,6;82;129;0;0;0;0;0;6;7;2;0;0;15;Pierre;sans objet;Non;sans objet;sans objet;sans objet;sans objet;sans objet;sans objet;sans objet;sans objet;sans objet;sans objet;sans objet;Non;>5 fois par an;>=1 fois par jour;>1 fois par semaine;Jamais;>1 fois par semaine;Non;Non;Non;Non;Non;Non;Non;Non;Non;sans objet;Oui;Peinture, papier peint, vinyle, toile de verre;Faux-plafond;Plastique, PVC, linoléum;Non;sans objet;0;41;0;2;Double;8,46;Aucun système;sans objet;sans objet;sans objet;sans objet;Non;Non;sans objet;Non;sans objet;Non;Aucun système;Aucun système;MAT-CRAIE;Oui;Non;Non;Oui, tout le temps;Chauffe
EE70MAE153_SDC2;EE70MAE153;SDC2;Oui;0;Connais approxi;sans objet;Avant 1871;Avant 1948;43,5;43,5;68;121;0;0;0;8;8;0;0;0;0;0;16;Pierre;sans objet;Oui;Non;Non;Non;Non;Non;Non;Non;Non;En cours;Non;sans objet;Non;>5 fois par an;>=1 fois par jour;>1 fois par semaine;Jamais;>1 fois par semaine;Non;Non;Non;Non;Non;Non;Non;Non;Non;sans objet;Oui;Peinture, papier peint, vinyle, toile de verre;Faux-plafond;Parquet massif ou contrecollé, vitrifié, stratifié;Non;sans objet;2;51;0;3;Double;12,42;Aucun système;sans objet;sans objet;sans objet;sans objet;Non;Non;sans objet;Non;sans objet;Non;Aucun système;Aucun système;MAT-CRAIE;Non;Non;Non;Oui, la plupart du temps;Chauffe
EE70MAX173_SDC1;EE70MAX173;SDC1;Oui;0;Connais approxi;sans objet;Entre 1871 et 1914;Avant 1948;42,9;42,9;77,2;126;0;0;0;0;0;16;6;0;0;0;22;Pierre;sans objet;Non;sans objet;sans objet;sans objet;sans objet;sans objet;sans objet;sans objet;sans objet;sans objet;sans objet;sans objet;Non;>5 fois par an;>=1 fois par jour;>1 fois par semaine;<=1 fois par semaine;>1 fois par semaine;Non;Non;Non;Non;Non;Non;Non;Non;Non;sans objet;Oui;Peinture, papier peint, vinyle, toile de verre;Faux-plafond;Carrelage;Non;sans objet;5;47;0;2;Simple;4,4;Aucun système;sans objet;sans objet;sans objet;sans objet;Non;Non;sans objet;Non;sans objet;Non;Aucun système;Aucun système;MAT-CRAIE;Oui;Non;Non;Oui, tout le temps;Chauffe
EE70MAX173_SDC2;EE70MAX173;SDC2;Oui;0;Connais approxi;sans objet;Entre 1871 et 1914;Avant 1948;39,4;39,4;81;106;0;0;0;0;0;0;7;14;0;0;21;Pierre;sans objet;Non;sans objet;sans objet;sans objet;sans objet;sans objet;sans objet;sans objet;sans objet;sans objet;sans objet;sans objet;Non;>5 fois par an;>=1 fois par jour;>1 fois par semaine;<=1 fois par semaine;>1 fois par semaine;Non;Non;Non;Non;Non;Non;Non;Non;Non;sans objet;Oui;Peinture, papier peint, vinyle, toile de verre;Faux-plafond;Carrelage;Non;sans objet;4;43;0;1;NA;5,36;Aucun système;sans objet;sans objet;sans objet;sans objet;Non;Non;sans objet;Non;sans objet;Non;Aucun système;Aucun système;BLANC-FEUTRE;Non;Non;Non;Oui, tout le temps;Chauffe
EE70QUC157_SDC1;EE70QUC157;SDC1;Oui;0;Oui, date exacte;1978;sans objet;Entre 1968 et 1981;53,3;53,3;89,6;161;0;0;0;0;0;0;21;5;0;0;26;Béton Parpaing;sans objet;Non;sans objet;sans objet;sans objet;sans objet;sans objet;sans objet;sans objet;sans objet;sans objet;sans objet;sans objet;Non;>5 fois par an;>=1 fois par jour;>1 fois par semaine;>1 fois par semaine;>1 fois par semaine;Non;Non;Non;Non;Non;Non;Non;Non;Non;sans objet;Non;Peinture, papier peint, vinyle, toile de verre;Peinture, papier peint, vinyle, toile de verre;Plastique, PVC, linoléum;Non;sans objet;0;48;0;1;Double;10;Aucun système;sans objet;sans objet;sans objet;sans objet;Non;Oui;2;Non;sans objet;Non;Aucun système;Aucun système;MIXTE;Oui;Non;Non;Oui, la plupart du temps;Chauffe
EE70QUC157_SDC2;EE70QUC157;SDC2;Oui;0;Oui, date exacte;1991;sans objet;Entre 1982 et 2002;48,4;48,4;128,8;166;0;0;0;6;19;0;0;0;0;0;25;Béton Parpaing;sans objet;Non;sans objet;sans objet;sans objet;sans objet;sans objet;sans objet;sans objet;sans objet;sans objet;sans objet;sans objet;Non;>5 fois par an;>=1 fois par jour;>1 fois par semaine;>1 fois par semaine;>1 fois par semaine;Non;Non;Non;Non;Non;Non;Non;Non;Non;sans objet;Non;Peinture, papier peint, vinyle, toile de verre;Faux-plafond;Plastique, PVC, linoléum;Non;sans objet;0;28;0;2;Double;9,3;Aucun système;sans objet;sans objet;sans objet;sans objet;Non;Non;sans objet;Non;sans objet;Non;Aucun système;Aucun système;MAT-CRAIE;Non;Non;Non;Oui, la plupart du temps;Chauffe
EE73DOG016_SDC1;EE73DOG016;SDC1;Oui;0;Oui, date exacte;1884;sans objet;Avant 1948;58;58;110,8;210;0;0;0;0;0;6;19;0;0;0;25;Pierre;sans objet;Oui;Non;Non;Non;Non;Non;Non;Non;Non;Non;Non;sans objet;Oui;1 à 5 fois par an;<1 fois par jour;<=1 fois par semaine;>1 fois par semaine;>1 fois par semaine;Non;Non;Non;Non;Non;Non;Non;Non;Non;sans objet;Non;Peinture, papier peint, vinyle, toile de verre;Faux-plafond;Parquet massif ou contrecollé, vitrifié, stratifié;Non;sans objet;5;33;27;7;Double;14,7;Aucun système;sans objet;sans objet;sans objet;sans objet;Non;Non;sans objet;Non;sans objet;Non;Aucun système;Aucun système;MAT-CRAIE;Oui;Non;Non;Oui, la plupart du temps;Chauffe
EE73DOG016_SDC2;EE73DOG016;SDC2;Oui;0;Oui, date exacte;1884;sans objet;Avant 1948;57,7;57,7;110,4;209;0;0;0;0;0;0;7;19;0;0;26;Pierre;sans objet;Oui;Non;Non;Non;Non;Non;Non;Non;Non;Non;Non;sans objet;Oui;1 à 5 fois par an;<1 fois par jour;<=1 fois par semaine;>1 fois par semaine;>1 fois par semaine;Non;Non;Non;Non;Non;Oui;Non;Non;Non;sans objet;Non;Peinture, papier peint, vinyle, toile de verre;Faux-plafond;Plastique, PVC, linoléum;Non;sans objet;2;32;31;1;Double;14,4;Aucun système;sans objet;sans objet;sans objet;sans objet;Non;Non;sans objet;Non;sans objet;Non;Aucun système;Aucun système;MAT-CRAIE;Oui;Non;Non;Oui, la plupart du temps;Chauffe
EE73MEH017_SDC1;EE73MEH017;SDC1;Oui;0;Oui, date exacte;1973;sans objet;Entre 1968 et 1981;73;73;100;207;0;0;0;0;0;0;12;13;0;0;25;Béton Parpaing;sans objet;Non;sans objet;sans objet;sans objet;sans objet;sans objet;sans objet;sans objet;sans objet;sans objet;sans objet;sans objet;Oui;1 à 5 fois par an;<1 fois par jour;>1 fois par semaine;>1 fois par semaine;>1 fois par semaine;Non;Non;Non;Non;Non;Non;Non;Non;Non;sans objet;Non;Peinture, papier peint, vinyle, toile de verre;Faux-plafond;Carrelage;Non;sans objet;4;63;4;3;Double;16;Aucun système;sans objet;sans objet;sans objet;sans objet;Non;Non;sans objet;Non;sans objet;Non;Aucun système;Aucun système;BLANC-FEUTRE;Oui;Non;Non;Non;Hors-chauffe
EE73MEH017_SDC2;EE73MEH017;SDC2;Oui;1;Oui, date exacte;1973;sans objet;Entre 1968 et 1981;58;58;82;154;0;0;0;0;11;12;0;0;0;0;23;Béton Parpaing;sans objet;Non;sans objet;sans objet;sans objet;sans objet;sans objet;sans objet;sans objet;sans objet;sans objet;sans objet;sans objet;Oui;1 à 5 fois par an;<1 fois par jour;>1 fois par semaine;>1 fois par semaine;>1 fois par semaine;Non;Non;Non;Non;Non;Non;Non;Non;Non;sans objet;Non;Peinture, papier peint, vinyle, toile de verre;Faux-plafond;Carrelage;Non;sans objet;1;60;0;7;Double;5;Aucun système;sans objet;sans objet;sans objet;sans objet;Non;Non;sans objet;Non;sans objet;Oui;Aucun système;Aucun système;BLANC-FEUTRE;Oui;Oui;Non;Non;Hors-chauffe
EE73SPE014_SDC1;EE73SPE014;SDC1;Oui;0;Oui, date exacte;1892;sans objet;Avant 1948;62,3;52,9;124,9;207;0;0;0;0;0;6;5;9;0;0;20;Pierre;sans objet;Non;sans objet;sans objet;sans objet;sans objet;sans objet;sans objet;sans objet;sans objet;sans objet;sans objet;sans objet;Non;>5 fois par an;>=1 fois par jour;Jamais;<=1 fois par semaine;Jamais;Non;Non;Non;Non;Non;Oui;Oui;Non;Non;sans objet;Non;Peinture, papier peint, vinyle, toile de verre;Faux-plafond;Parquet massif ou contrecollé, vitrifié, stratifié;Non;sans objet;6;10;40;6;Double;11,9;Aucun système;sans objet;sans objet;sans objet;sans objet;Non;Non;sans objet;Non;sans objet;Non;Aucun système;Aucun système;MAT-CRAIE;Oui;Oui;Oui;Oui, la plupart du temps;Chauffe
EE73SPE014_SDC2;EE73SPE014;SDC2;Oui;0;Oui, date exacte;2010;sans objet;2003 et après;62;62;111;204;0;0;4;8;8;0;0;0;0;0;20;Béton Parpaing;sans objet;Non;sans objet;sans objet;sans objet;sans objet;sans objet;sans objet;sans objet;sans objet;sans objet;sans objet;sans objet;Non;>5 fois par an;>=1 fois par jour;>1 fois par semaine;<=1 fois par semaine;Jamais;Non;Non;Non;Non;Non;Non;Non;Non;Non;sans objet;Non;Peinture, papier peint, vinyle, toile de verre;Faux-plafond;Plastique, PVC, linoléum;Non;sans objet;0;11;51;5;Double;15,5;VMC;sans objet;simple flux par extraction sans balayage;4;sans objet;Non;Non;sans objet;Non;sans objet;Oui;VMC ou VN;VMC info manquante;MAT-CRAIE;Oui;Oui;Non;Oui, tout le temps;Chauffe
EE74ANX015_SDC1;EE74ANX015;SDC1;Oui;2;Oui, date exacte;1965;sans objet;Entre 1949 et 1967;56,4;56,4;93,8;174;0;0;0;0;0;12;10;0;0;0;22;Béton Parpaing;sans objet;Non;sans objet;sans objet;sans objet;sans objet;sans objet;sans objet;sans objet;sans objet;sans objet;sans objet;sans objet;Non;1 à 5 fois par an;>=1 fois par jour;>1 fois par semaine;<=1 fois par semaine;<=1 fois par semaine;Non;Non;Non;Non;Non;Non;Non;Non;Non;sans objet;Non;Peinture, papier peint, vinyle, toile de verre;Faux-plafond;Plastique, PVC, linoléum;Non;sans objet;0;59;0;1;Double;10,3;Aucun système;sans objet;sans objet;sans objet;sans objet;Non;Oui;2;Non;sans objet;Oui;Aucun système;Aucun système;MAT-CRAIE;Oui;Non;Non;Non;Chauffe
EE74ANX015_SDC2;EE74ANX015;SDC2;Oui;1;Oui, date exacte;1965;sans objet;Entre 1949 et 1967;56,4;56,4;97;180;0;0;0;0;25;0;0;0;1;0;26;Béton Parpaing;sans objet;Non;sans objet;sans objet;sans objet;sans objet;sans objet;sans objet;sans objet;sans objet;sans objet;sans objet;sans objet;Non;1 à 5 fois par an;>=1 fois par jour;>1 fois par semaine;<=1 fois par semaine;<=1 fois par semaine;Non;Non;Non;Non;Non;Non;Non;Non;Non;sans objet;Non;Peinture, papier peint, vinyle, toile de verre;Faux-plafond;Plastique, PVC, linoléum;Non;sans objet;0;65;0;2;Double;10,3;Aucun système;sans objet;sans objet;sans objet;sans objet;Oui, ouverts;Oui;2;Non;sans objet;Oui;Aucun système;Aucun système;MAT-CRAIE;Oui;Non;Non;Non;Chauffe
EE74BRK013_SDC1;EE74BRK013;SDC1;Oui;0;Oui, date exacte;2002;sans objet;Entre 1982 et 2002;56,5;54,3;106;168;0;0;0;9;4;0;0;0;0;0;13;Pierre;sans objet;Non;sans objet;sans objet;sans objet;sans objet;sans objet;sans objet;sans objet;sans objet;sans objet;sans objet;sans objet;Non;>5 fois par an;>=1 fois par jour;<=1 fois par semaine;>1 fois par semaine;>1 fois par semaine;Non;Non;Non;Non;Non;Non;Non;Non;Non;sans objet;Non;Peinture, papier peint, vinyle, toile de verre;Peinture, papier peint, vinyle, toile de verre;Plastique, PVC, linoléum;Non;sans objet;9;36;0;7;Double;19,2;VMC;sans objet;simple flux par extraction sans balayage;3;sans objet;Non;Oui;4;Non;sans objet;Non;VMC ou VN;VMC fonctionnelle;MAT-CRAIE;Oui;Non;Non;Oui, tout le temps;Chauffe
EE74BRK013_SDC2;EE74BRK013;SDC2;Oui;0;Connais approxi;sans objet;Entre 1871 et 1914;Avant 1948;55,2;55,2;98;178;0;0;0;0;0;7;6;7;0;0;20;Pierre;sans objet;Oui;ACHEVES;ACHEVES;Non;Non;Non;Non;Non;Non;Non;Non;sans objet;Oui;1 à 5 fois par an;>=1 fois par jour;<=1 fois par semaine;>1 fois par semaine;>1 fois par semaine;Non;Non;Non;Non;Non;Non;Non;Non;Non;sans objet;Non;Peinture, papier peint, vinyle, toile de verre;Lambris bois;Plastique, PVC, linoléum;Non;sans objet;1;83;0;2;Double;5,4;Aucun système;sans objet;sans objet;sans objet;sans objet;Non;Non;sans objet;Non;sans objet;Non;Aucun système;Aucun système;MAT-CRAIE;Non;Oui;Non;Oui, tout le temps;Chauffe
EE74CHN107_SDC1;EE74CHN107;SDC1;Oui;0;Connais approxi;sans objet;Avant 1871;Avant 1948;56,6;58,6;99,8;191;0;0;5;14;0;0;0;0;0;0;19;Pierre;sans objet;Non;sans objet;sans objet;sans objet;sans objet;sans objet;sans objet;sans objet;sans objet;sans objet;sans objet;sans objet;Oui;1 à 5 fois par an;>=1 fois par jour;>1 fois par semaine;<=1 fois par semaine;>1 fois par semaine;Non;Non;Non;Non;Non;Non;Non;Non;Non;sans objet;Non;Peinture, papier peint, vinyle, toile de verre;Faux-plafond;Plastique, PVC, linoléum;Non;sans objet;7;53;0;0;Double;8,8;Aucun système;sans objet;sans objet;sans objet;sans objet;Oui, ouverts;Non;sans objet;Non;sans objet;Non;Aucun système;Aucun système;MAT-CRAIE;Non;Non;Non;Oui, tout le temps;Chauffe
EE74CHN107_SDC2;EE74CHN107;SDC2;Oui;1;Connais approxi;sans objet;Avant 1871;Avant 1948;58,5;58,5;79,6;152;0;0;0;0;0;0;13;12;0;0;25;Pierre;sans objet;Non;sans objet;sans objet;sans objet;sans objet;sans objet;sans objet;sans objet;sans objet;sans objet;sans objet;sans objet;Oui;1 à 5 fois par an;>=1 fois par jour;>1 fois par semaine;<=1 fois par semaine;>1 fois par semaine;Non;Non;Non;Non;Non;Non;Non;Non;Non;sans objet;Non;Peinture, papier peint, vinyle, toile de verre;Faux-plafond;Plastique, PVC, linoléum;Non;sans objet;1;62;0;0;Double;4;VMC;sans objet;simple flux par extraction sans balayage;1;sans objet;Non;Non;sans objet;Non;sans objet;Oui;VMC ou VN;VMC info manquante;BLANC-FEUTRE;Oui;Oui;Non;Non;Chauffe
EE74CSV108_SDC1;EE74CSV108;SDC1;Oui;0;Oui, date exacte;2009;sans objet;2003 et après;63,3;63,3;90;179;0;0;0;13;7;0;0;0;0;0;20;Béton Parpaing;sans objet;Non;sans objet;sans objet;sans objet;sans objet;sans objet;sans objet;sans objet;sans objet;sans objet;sans objet;sans objet;Oui;>5 fois par an;>=1 fois par jour;>1 fois par semaine;Jamais;>1 fois par semaine;Non;Non;Oui;Non;Non;Non;Non;Non;Non;sans objet;Non;Peinture, papier peint, vinyle, toile de verre;Faux-plafond;Plastique, PVC, linoléum;Non;sans objet;2;36;0;1;Double;9,4;VMC;sans objet;VMC double flux sans balayage;2;1;Non;Non;sans objet;Non;sans objet;Non;VMC ou VN;VMC fonctionnelle;MAT-CRAIE;Non;Non;Non;Non;Chauffe
EE74CSV108_SDC2;EE74CSV108;SDC2;Oui;1;Oui, date exacte;1962;sans objet;Entre 1949 et 1967;56,5;56,4;85,2;159;0;0;0;0;0;8;6;7;0;0;21;Béton Parpaing;sans objet;Non;sans objet;sans objet;sans objet;sans objet;sans objet;sans objet;sans objet;sans objet;sans objet;sans objet;sans objet;Oui;>5 fois par an;>=1 fois par jour;>1 fois par semaine;Jamais;>1 fois par semaine;Non;Non;Non;Non;Non;Non;Non;Non;Non;sans objet;Non;Peinture, papier peint, vinyle, toile de verre;Faux-plafond;Plastique, PVC, linoléum;Non;sans objet;11;58;0;1;Double;9,5;Aucun système;sans objet;sans objet;sans objet;sans objet;Non;Non;sans objet;Non;sans objet;Oui;Aucun système;Aucun système;MAT-CRAIE;Oui;Non;Non;Non;Chauffe
EE74SAJ018_SDC1;EE74SAJ018;SDC1;Oui;1;Oui, date exacte;1987;sans objet;Entre 1982 et 2002;49;49;76;134;0;0;0;0;0;26;0;0;0;0;26;Béton Parpaing;sans objet;Non;sans objet;sans objet;sans objet;sans objet;sans objet;sans objet;sans objet;sans objet;sans objet;sans objet;sans objet;Non;1 à 5 fois par an;<1 fois par jour;>1 fois par semaine;Jamais;>1 fois par semaine;Non;Non;Non;Non;Non;Non;Non;Non;Non;sans objet;Non;Peinture, papier peint, vinyle, toile de verre;Faux-plafond;Plastique, PVC, linoléum;Non;sans objet;2;64;0;0;Double;8;VMC;sans objet;simple flux par extraction sans balayage;3;sans objet;Non;Oui;7;Non;sans objet;Oui;VMC ou VN;VMC fonctionnelle;MAT-CRAIE;Non;Non;Non;Non;Hors-chauffe
EE74SAJ018_SDC2;EE74SAJ018;SDC2;Oui;1;Oui, date exacte;1987;sans objet;Entre 1982 et 2002;49;49;76;134;0;0;0;0;0;0;13;11;0;0;24;Béton Parpaing;sans objet;Non;sans objet;sans objet;sans objet;sans objet;sans objet;sans objet;sans objet;sans objet;sans objet;sans objet;sans objet;Non;1 à 5 fois par an;<1 fois par jour;>1 fois par semaine;Jamais;>1 fois par semaine;Non;Non;Non;Non;Non;Non;Non;Non;Non;sans objet;Non;Peinture, papier peint, vinyle, toile de verre;Faux-plafond;Plastique, PVC, linoléum;Non;sans objet;1;56;0;0;Double;6;VMC;sans objet;simple flux par extraction sans balayage;5;sans objet;Non;Oui;7;Non;sans objet;Oui;VMC ou VN;VMC fonctionnelle;MAT-CRAIE;Oui;Non;Non;Non;Hors-chauffe
EE74SEI012_SDC1;EE74SEI012;SDC1;Oui;0;Connais approxi;sans objet;Avant 1871;Avant 1948;44,6;44,6;101;167;0;0;18;5;0;0;0;0;0;0;23;Pierre;sans objet;Non;sans objet;sans objet;sans objet;sans objet;sans objet;sans objet;sans objet;sans objet;sans objet;sans objet;sans objet;Non;1 à 5 fois par an;>=1 fois par jour;>1 fois par semaine;<=1 fois par semaine;<=1 fois par semaine;Non;Non;Oui;Oui;Non;Non;Non;Non;Non;sans objet;Oui;Peinture, papier peint, vinyle, toile de verre;Lambris bois;Carrelage;Non;sans objet;6;54;0;2;Double;6,9;Aucun système;sans objet;sans objet;sans objet;sans objet;Non;Non;sans objet;Non;sans objet;Non;Aucun système;Aucun système;MAT-CRAIE;Oui;Oui;Non;Non;Hors-chauffe
EE74SEI012_SDC2;EE74SEI012;SDC2;Oui;0;Connais approxi;sans objet;Entre 1997 et 2002;Entre 1982 et 2002;53;53;72;130;0;0;0;10;13;0;0;0;0;0;23;Autre;Local préfabriqué;Non;sans objet;sans objet;sans objet;sans objet;sans objet;sans objet;sans objet;sans objet;sans objet;sans objet;sans objet;Non;1 à 5 fois par an;>=1 fois par jour;>1 fois par semaine;<=1 fois par semaine;<=1 fois par semaine;Non;Non;Non;Non;Non;Non;Non;Non;Non;sans objet;Non;Algeco;Métal;Plastique, PVC, linoléum;Non;sans objet;8;51;1;1;Double;7,4;VN;sur deux façades différentes;sans objet;sans objet;sans objet;Non;Oui;4;Non;sans objet;Non;Aucun système;Aucun système;MAT-CRAIE;Non;Non;Non;Non;Hors-chauffe
EE75PAK211_SDC1;EE75PAK211;SDC1;Oui;2;Oui, date exacte;1931;sans objet;Avant 1948;53,7;53,7;117,6;215;0;0;0;0;0;26;0;0;0;0;26;Autre;Architecture en béton armé des années 1930;Non;sans objet;sans objet;sans objet;sans objet;sans objet;sans objet;sans objet;sans objet;sans objet;sans objet;sans objet;Oui;1 à 5 fois par an;<1 fois par jour;<=1 fois par semaine;<=1 fois par semaine;Jamais;Non;Non;Non;Non;Non;Non;Non;Non;Non;sans objet;Non;Peinture, papier peint, vinyle, toile de verre;Peinture, papier peint, vinyle, toile de verre;Plastique, PVC, linoléum;Non;sans objet;3;72;1;3;Double;9,37;Aucun système;sans objet;sans objet;sans objet;sans objet;Oui, ouverts;Non;sans objet;Non;sans objet;Oui;Aucun système;Aucun système;MAT-CRAIE;Non;Non;Non;Non;Chauffe
EE75PAK211_SDC2;EE75PAK211;SDC2;Oui;3;Oui, date exacte;1931;sans objet;Avant 1948;52,2;52,2;114,8;206;0;0;0;0;0;0;0;20;0;0;20;Autre;Béton armé;Non;sans objet;sans objet;sans objet;sans objet;sans objet;sans objet;sans objet;sans objet;sans objet;sans objet;sans objet;Non;>5 fois par an;<1 fois par jour;<=1 fois par semaine;<=1 fois par semaine;Jamais;Non;Non;Non;Non;Non;Non;Non;Non;Non;sans objet;Non;Peinture, papier peint, vinyle, toile de verre;Peinture, papier peint, vinyle, toile de verre;Plastique, PVC, linoléum;Non;sans objet;2;66;1;3;Double;9,37;Aucun système;sans objet;sans objet;sans objet;sans objet;Oui, ouverts;Non;sans objet;Non;sans objet;Oui;Aucun système;Aucun système;MAT-CRAIE;Oui;Non;Non;Oui, tout le temps;Chauffe
EE75PAM210_SDC1;EE75PAM210;SDC1;Oui;1;Connais approxi;sans objet;Entre 1871 et 1914;Avant 1948;47,7;53,4;83,7;149;0;0;0;0;30;0;0;0;0;0;30;Pierre;sans objet;Non;sans objet;sans objet;sans objet;sans objet;sans objet;sans objet;sans objet;sans objet;sans objet;sans objet;sans objet;Oui;1 à 5 fois par an;>=1 fois par jour;<=1 fois par semaine;>1 fois par semaine;<=1 fois par semaine;Non;Non;Non;Non;Non;Non;Non;Non;Non;sans objet;Non;Peinture, papier peint, vinyle, toile de verre;Faux-plafond;Parquet massif ou contrecollé, vitrifié, stratifié;Non;sans objet;2;65;0;5;Simple;11;Aucun système;sans objet;sans objet;sans objet;sans objet;Non;Non;sans objet;Non;sans objet;Oui;Aucun système;Aucun système;MAT-CRAIE;Non;Non;Oui;Non;Hors-chauffe
EE75PAM210_SDC2;EE75PAM210;SDC2;Oui;2;Connais approxi;sans objet;Entre 1871 et 1914;Avant 1948;80,7;99,6;126,2;253;0;0;0;0;0;0;0;28;0;0;28;Pierre;sans objet;Non;sans objet;sans objet;sans objet;sans objet;sans objet;sans objet;sans objet;sans objet;sans objet;sans objet;sans objet;Oui;1 à 5 fois par an;>=1 fois par jour;<=1 fois par semaine;>1 fois par semaine;<=1 fois par semaine;Non;Non;Non;Non;Non;Non;Non;Non;Non;sans objet;Non;Peinture, papier peint, vinyle, toile de verre;Faux-plafond;Parquet massif ou contrecollé, vitrifié, stratifié;Non;sans objet;10;73;1;6;Simple;14,4;Aucun système;sans objet;sans objet;sans objet;sans objet;Non;Non;sans objet;Non;sans objet;Oui;Aucun système;Aucun système;MAT-CRAIE;Oui;Oui;Oui;Non;Hors-chauffe
EE75PAP160_SDC1;EE75PAP160;SDC1;Oui;1;Connais approxi;sans objet;Entre 1915 et 1948;Avant 1948;51,4;51,4;115,4;205;0;0;0;26;0;0;0;0;0;0;26;Briques;sans objet;Non;sans objet;sans objet;sans objet;sans objet;sans objet;sans objet;sans objet;sans objet;sans objet;sans objet;sans objet;Oui;1 à 5 fois par an;Jamais;>1 fois par semaine;<=1 fois par semaine;Jamais;Non;Non;Non;Non;Non;Non;Non;Non;Non;sans objet;Non;Peinture, papier peint, vinyle, toile de verre;Peinture, papier peint, vinyle, toile de verre;Plastique, PVC, linoléum;Non;sans objet;4;68;0;37;Double;7,68;Aucun système;sans objet;sans objet;sans objet;sans objet;Non;Non;sans objet;Non;sans objet;Oui;Aucun système;Aucun système;MAT-CRAIE;Oui;Oui;Non;Oui, tout le temps;Chauffe
EE75PAP160_SDC2;EE75PAP160;SDC2;Oui;3;Connais approxi;sans objet;Entre 1915 et 1948;Avant 1948;68,6;98;138,4;331;0;0;0;0;0;0;23;0;0;0;23;Briques;sans objet;Non;sans objet;sans objet;sans objet;sans objet;sans objet;sans objet;sans objet;sans objet;sans objet;sans objet;sans objet;Oui;1 à 5 fois par an;Jamais;>1 fois par semaine;<=1 fois par semaine;Jamais;Non;Non;Non;Non;Non;Non;Oui;Non;Non;sans objet;Non;Peinture, papier peint, vinyle, toile de verre;Peinture, papier peint, vinyle, toile de verre;Plastique, PVC, linoléum;Non;sans objet;9;78;0;21;Double;12,1;Aucun système;sans objet;sans objet;sans objet;sans objet;Non;Non;sans objet;Non;sans objet;Oui;Aucun système;Aucun système;MAT-CRAIE;Oui;Oui;Oui;Oui, tout le temps;Chauffe
EE81LAQ175_SDC1;EE81LAQ175;SDC1;Oui;0;Oui, date exacte;1986;sans objet;Entre 1982 et 2002;51;51;90;158;0;0;0;23;0;0;0;0;0;0;23;Béton Parpaing;sans objet;Non;sans objet;sans objet;sans objet;sans objet;sans objet;sans objet;sans objet;sans objet;sans objet;sans objet;sans objet;Non;1 à 5 fois par an;Jamais;>1 fois par semaine;Jamais;<=1 fois par semaine;Non;Non;Oui;Non;Non;Oui;Oui;Non;Oui;QQues taches eparses;Non;Lambris bois;Faux-plafond;Carrelage;Non;sans objet;0;56;0;1;Simple;13,13;VMC;sans objet;VMC double flux sans balayage;2;2;Non;Non;sans objet;Non;sans objet;Non;VMC ou VN;VMC non fonctionnelle;MAT-CRAIE;Non;Non;Non;Non;Chauffe
EE81LAQ175_SDC2;EE81LAQ175;SDC2;Oui;0;Oui, date exacte;1958;sans objet;Entre 1949 et 1967;58;58;110;210;0;0;0;0;0;0;23;0;0;0;23;Béton Parpaing;sans objet;Non;sans objet;sans objet;sans objet;sans objet;sans objet;sans objet;sans objet;sans objet;sans objet;sans objet;sans objet;Non;1 à 5 fois par an;Jamais;>1 fois par semaine;Jamais;<=1 fois par semaine;Non;Non;Oui;Non;Non;Non;Non;Non;Non;sans objet;Non;Peinture, papier peint, vinyle, toile de verre;Peinture, papier peint, vinyle, toile de verre;Parquet massif ou contrecollé, vitrifié, stratifié;Non;sans objet;1;47;0;0;Simple;16,5;Aucun système;sans objet;sans objet;sans objet;sans objet;Non;Non;sans objet;Non;sans objet;Oui;Aucun système;Aucun système;MAT-CRAIE;Non;Non;Non;Oui, la plupart du temps;Chauffe
EE83DRA240_SDC1;EE83DRA240;SDC1;Oui;1;Connais approxi;sans objet;Entre 1871 et 1914;Avant 1948;44,8;44,8;95,8;160;0;0;0;28;0;0;0;0;0;0;28;Béton Parpaing;sans objet;Non;sans objet;sans objet;sans objet;sans objet;sans objet;sans objet;sans objet;sans objet;sans objet;sans objet;sans objet;NA;NA;<1 fois par jour;>1 fois par semaine;>1 fois par semaine;>1 fois par semaine;Non;Non;Non;Non;Non;Oui;Oui;Non;Oui;Surface inf à 1 m2;Non;Peinture, papier peint, vinyle, toile de verre;Faux-plafond;Plastique, PVC, linoléum;Non;sans objet;2;67;0;3;Double;4,7;Aucun système;sans objet;sans objet;sans objet;sans objet;Non;Oui;1;Non;sans objet;Oui;Aucun système;Aucun système;ELECTRONIQUE;Oui;Non;Non;Non;Hors-chauffe
EE83DRA240_SDC2;EE83DRA240;SDC2;Oui;1;Connais approxi;sans objet;Entre 1871 et 1914;Avant 1948;44,8;44,8;95,8;160;0;0;0;0;24;0;0;0;0;0;24;Béton Parpaing;sans objet;Non;sans objet;sans objet;sans objet;sans objet;sans objet;sans objet;sans objet;sans objet;sans objet;sans objet;sans objet;NA;NA;<1 fois par jour;>1 fois par semaine;>1 fois par semaine;>1 fois par semaine;Non;Non;Non;Non;Non;Oui;Non;Non;Non;sans objet;Non;Peinture, papier peint, vinyle, toile de verre;Faux-plafond;Plastique, PVC, linoléum;Non;sans objet;0;66;0;1;Double;4,7;Aucun système;sans objet;sans objet;sans objet;sans objet;Non;Oui;1;Non;sans objet;Oui;Aucun système;Aucun système;MAT-CRAIE;Oui;Non;Non;Non;Hors-chauffe
EE83GRU234_SDC1;EE83GRU234;SDC1;Non;0;Oui, date exacte;2009;sans objet;2003 et après;60,1;60,1;78;151;0;0;0;0;18;6;0;0;0;0;24;Béton Parpaing;sans objet;Non;sans objet;sans objet;sans objet;sans objet;sans objet;sans objet;sans objet;sans objet;sans objet;sans objet;sans objet;Non;>5 fois par an;>=1 fois par jour;>1 fois par semaine;>1 fois par semaine;>1 fois par semaine;Non;Non;Non;Non;Non;Non;Non;Non;Non;sans objet;Non;Peinture, papier peint, vinyle, toile de verre;Faux-plafond;Plastique, PVC, linoléum;Non;sans objet;1;68;0;3;NA;8,5;Aucun système;sans objet;sans objet;sans objet;sans objet;Oui, ouverts;Oui;1;Non;sans objet;Oui;Aucun système;Aucun système;BLANC-FEUTRE;Oui;Oui;Non;Non;Chauffe
EE83GRU234_SDC2;EE83GRU234;SDC2;Non;1;Oui, date exacte;2009;sans objet;2003 et après;51,7;51,7;73,2;129;0;0;0;0;0;0;0;0;11;0;11;Béton Parpaing;sans objet;Non;sans objet;sans objet;sans objet;sans objet;sans objet;sans objet;sans objet;sans objet;sans objet;sans objet;sans objet;Non;>5 fois par an;>=1 fois par jour;>1 fois par semaine;>1 fois par semaine;>1 fois par semaine;Non;Non;Non;Non;Non;Non;Non;Non;Non;sans objet;Non;Peinture, papier peint, vinyle, toile de verre;Faux-plafond;Plastique, PVC, linoléum;Non;sans objet;0;49;0;3;NA;8,4;VMC;sans objet;simple flux par extraction avec balayage;0;sans objet;Oui, ouverts;Oui;1;Non;sans objet;Oui;Aucun système;Aucun système;BLANC-FEUTRE;Oui;Oui;Non;Non;Chauffe
EE83TOC226_SDC1;EE83TOC226;SDC1;Oui;1;Connais approxi;sans objet;Entre 1968 et 1974;Entre 1968 et 1981;56,1;56,8;77,1;146;0;0;0;24;0;0;0;0;0;0;24;Béton Parpaing;sans objet;Non;sans objet;sans objet;sans objet;sans objet;sans objet;sans objet;sans objet;sans objet;sans objet;sans objet;sans objet;Non;>5 fois par an;Jamais;>1 fois par semaine;Jamais;>1 fois par semaine;Non;Non;Ne sait pas;Ne sait pas;Non;Non;Non;Non;Non;sans objet;Non;Peinture, papier peint, vinyle, toile de verre;Faux-plafond;Plastique, PVC, linoléum;Non;sans objet;0;56;0;2;Double;11,7;Aucun système;sans objet;sans objet;sans objet;sans objet;Non;Non;sans objet;Non;sans objet;Non;Aucun système;Aucun système;BLANC-FEUTRE;Non;Non;Non;Non;Hors-chauffe
EE83TOC226_SDC2;EE83TOC226;SDC2;Oui;2;Connais approxi;sans objet;Entre 1968 et 1974;Entre 1968 et 1981;56,5;57,2;86,9;169;0;0;0;0;0;0;20;0;0;0;20;Béton Parpaing;sans objet;Non;sans objet;sans objet;sans objet;sans objet;sans objet;sans objet;sans objet;sans objet;sans objet;sans objet;sans objet;Non;>5 fois par an;Jamais;>1 fois par semaine;Jamais;>1 fois par semaine;Non;Non;Ne sait pas;Ne sait pas;Non;Non;Non;Non;Non;sans objet;Non;Peinture, papier peint, vinyle, toile de verre;Faux-plafond;Plastique, PVC, linoléum;Non;sans objet;1;56;0;1;Double;11,7;Aucun système;sans objet;sans objet;sans objet;sans objet;Non;Non;sans objet;Non;sans objet;Non;Aucun système;Aucun système;MAT-CRAIE;Non;Non;Non;Non;Hors-chauffe
EE87LIU187_SDC1;EE87LIU187;SDC1;Oui;1;Connais approxi;sans objet;Entre 1915 et 1948;Avant 1948;73;73;132;277;0;0;0;0;0;0;0;29;0;0;29;Pierre;sans objet;Non;sans objet;sans objet;sans objet;sans objet;sans objet;sans objet;sans objet;sans objet;sans objet;sans objet;sans objet;Non;>5 fois par an;>=1 fois par jour;>1 fois par semaine;Jamais;>1 fois par semaine;Non;Non;Non;Non;Non;Non;Non;Non;Non;sans objet;Non;Peinture, papier peint, vinyle, toile de verre;Faux-plafond;Parquet massif ou contrecollé, vitrifié, stratifié;Non;sans objet;0;55;0;19;Simple;10,8;VMC;sans objet;simple flux par insufflation sans balayage;sans objet;2;Non;Non;sans objet;Oui;1;Non;VMC ou VN;VMC fonctionnelle;ELECTRONIQUE;Oui;Non;Non;Oui, tout le temps;Chauffe
EE87LIU187_SDC2;EE87LIU187;SDC2;Oui;0;Connais approxi;sans objet;Entre 1915 et 1948;Avant 1948;52,5;52,5;105,8;191;0;0;0;0;25;0;0;0;0;0;25;Pierre;sans objet;Non;sans objet;sans objet;sans objet;sans objet;sans objet;sans objet;sans objet;sans objet;sans objet;sans objet;sans objet;Non;>5 fois par an;>=1 fois par jour;>1 fois par semaine;Jamais;>1 fois par semaine;Non;Non;Non;Non;Non;Non;Non;Non;Non;sans objet;Non;Peinture, papier peint, vinyle, toile de verre;Faux-plafond;Parquet massif ou contrecollé, vitrifié, stratifié;Non;sans objet;3;21;0;0;Simple;16,1;Aucun système;sans objet;sans objet;sans objet;sans objet;Non;Non;sans objet;Non;sans objet;Non;Aucun système;Aucun système;BLANC-FEUTRE;Oui;Non;Non;Oui, tout le temps;Chauffe
EE87LIV172_SDC1;EE87LIV172;SDC1;Oui;1;Connais approxi;sans objet;Entre 1915 et 1948;Avant 1948;42,4;42,4;85,2;135;0;0;0;0;0;28;0;0;0;0;28;Briques;sans objet;Non;sans objet;sans objet;sans objet;sans objet;sans objet;sans objet;sans objet;sans objet;sans objet;sans objet;sans objet;Oui;1 à 5 fois par an;>=1 fois par jour;<=1 fois par semaine;Jamais;>1 fois par semaine;Non;Non;Oui;Non;Non;Non;Non;Non;Non;sans objet;Non;Peinture, papier peint, vinyle, toile de verre;Faux-plafond;Plastique, PVC, linoléum;Non;sans objet;4;47;0;2;Double;5,2;Aucun système;sans objet;sans objet;sans objet;sans objet;Non;Non;sans objet;Non;sans objet;Non;Aucun système;Aucun système;MAT-CRAIE;Oui;Non;Non;Oui, la plupart du temps;Chauffe
EE87LIV172_SDC2;EE87LIV172;SDC2;Oui;1;Connais approxi;sans objet;Entre 1962 et 1967;Entre 1949 et 1967;44,2;44,2;96,4;159;0;0;0;0;0;0;13;17;0;0;30;NA;NA;Non;sans objet;sans objet;sans objet;sans objet;sans objet;sans objet;sans objet;sans objet;sans objet;sans objet;sans objet;NA;1 à 5 fois par an;>=1 fois par jour;<=1 fois par semaine;Jamais;<=1 fois par semaine;Oui;Non;Oui;Non;Oui;Non;Non;Non;Non;sans objet;Non;Peinture, papier peint, vinyle, toile de verre;Faux-plafond;Plastique, PVC, linoléum;Non;sans objet;0;67;0;4;Double;8,52;Aucun système;sans objet;sans objet;sans objet;sans objet;Non;Non;sans objet;Non;sans objet;Oui;Aucun système;Aucun système;MAT-CRAIE;Non;Non;Non;Oui, tout le temps;Chauffe
EE87LIY190_SDC1;EE87LIY190;SDC1;Oui;1;Connais approxi;sans objet;Entre 1975 et 1981;Entre 1968 et 1981;49;49;84;147;0;0;0;0;25;0;0;0;0;0;25;Béton Parpaing;sans objet;Non;sans objet;sans objet;sans objet;sans objet;sans objet;sans objet;sans objet;sans objet;sans objet;sans objet;sans objet;Non;>5 fois par an;>=1 fois par jour;<=1 fois par semaine;Jamais;>1 fois par semaine;Non;Non;Non;Non;Non;Non;Non;Non;Non;sans objet;Non;Peinture, papier peint, vinyle, toile de verre;Peinture, papier peint, vinyle, toile de verre;Plastique, PVC, linoléum;Non;sans objet;1;24;0;4;Simple;8,4;Aucun système;sans objet;sans objet;sans objet;sans objet;Non;Non;sans objet;Non;sans objet;Oui;Aucun système;Aucun système;BLANC-FEUTRE;Non;Non;Non;Oui, tout le temps;Chauffe
EE87LIY190_SDC2;EE87LIY190;SDC2;Oui;2;Connais approxi;sans objet;Entre 1975 et 1981;Entre 1968 et 1981;49;49;84;147;0;0;0;0;0;0;25;0;0;0;25;Béton Parpaing;sans objet;Non;sans objet;sans objet;sans objet;sans objet;sans objet;sans objet;sans objet;sans objet;sans objet;sans objet;sans objet;Non;>5 fois par an;>=1 fois par jour;<=1 fois par semaine;Jamais;>1 fois par semaine;Non;Non;Non;Non;Non;Non;Non;Non;Non;sans objet;Non;Peinture, papier peint, vinyle, toile de verre;Peinture, papier peint, vinyle, toile de verre;Plastique, PVC, linoléum;Non;sans objet;2;26;0;1;Simple;8,4;Aucun système;sans objet;sans objet;sans objet;sans objet;Non;Non;sans objet;Non;sans objet;Oui;Aucun système;Aucun système;BLANC-FEUTRE;Oui;Non;Non;Oui, tout le temps;Chauffe
EE87SBS146_SDC1;EE87SBS146;SDC1;Oui;1;Connais approxi;sans objet;Entre 1871 et 1914;Avant 1948;52,3;52,3;78;141;0;0;0;0;22;0;0;0;0;0;22;Pierre;sans objet;Non;sans objet;sans objet;sans objet;sans objet;sans objet;sans objet;sans objet;sans objet;sans objet;sans objet;sans objet;Non;1 à 5 fois par an;>=1 fois par jour;>1 fois par semaine;>1 fois par semaine;Jamais;Non;Non;Non;Non;Non;Non;Non;Non;Non;sans objet;Non;Lambris plastique;Faux-plafond;Carrelage;Non;sans objet;19;12;0;3;Double;7,6;Aucun système;sans objet;sans objet;sans objet;sans objet;Non;Oui;3;Non;sans objet;Non;Aucun système;Aucun système;MAT-CRAIE;Oui;Non;Non;Oui, tout le temps;Chauffe
EE87SBS146_SDC2;EE87SBS146;SDC2;Oui;0;Connais approxi;sans objet;Entre 1871 et 1914;Avant 1948;45,5;45,5;87,6;147;0;0;0;0;12;6;0;0;0;0;18;Pierre;sans objet;Non;sans objet;sans objet;sans objet;sans objet;sans objet;sans objet;sans objet;sans objet;sans objet;sans objet;sans objet;Non;1 à 5 fois par an;>=1 fois par jour;>1 fois par semaine;>1 fois par semaine;Jamais;Non;Non;Non;Non;Non;Non;Non;Non;Non;sans objet;Non;Peinture, papier peint, vinyle, toile de verre;Faux-plafond;Carrelage;Non;sans objet;0;53;0;1;Double;7,7;Aucun système;sans objet;sans objet;sans objet;sans objet;Non;Oui;1;Non;sans objet;Non;Aucun système;Aucun système;MAT-CRAIE;Non;Non;Non;Oui, tout le temps;Chauffe
EE87SJL198_SDC1;EE87SJL198;SDC1;Oui;0;Connais approxi;sans objet;Entre 1949 et 1961;Entre 1949 et 1967;56;58,8;98,6;184;0;0;0;26;0;0;0;0;0;0;26;Béton Parpaing;sans objet;Non;sans objet;sans objet;sans objet;sans objet;sans objet;sans objet;sans objet;sans objet;sans objet;sans objet;sans objet;Oui;1 à 5 fois par an;Jamais;>1 fois par semaine;Jamais;>1 fois par semaine;Non;Non;Non;Non;Non;Non;Non;Non;Non;sans objet;Non;Peinture, papier peint, vinyle, toile de verre;Faux-plafond;Plastique, PVC, linoléum;Non;sans objet;6;64;0;1;Double;6,24;Aucun système;sans objet;sans objet;sans objet;sans objet;Non;Non;sans objet;Non;sans objet;Oui;Aucun système;Aucun système;BLANC-FEUTRE;Non;Non;Non;Oui, tout le temps;Chauffe
EE87SJL198_SDC2;EE87SJL198;SDC2;Oui;0;Connais approxi;sans objet;Entre 1949 et 1961;Entre 1949 et 1967;56;58,8;97,9;184;0;0;0;0;28;0;0;0;0;0;28;Béton Parpaing;sans objet;Non;sans objet;sans objet;sans objet;sans objet;sans objet;sans objet;sans objet;sans objet;sans objet;sans objet;sans objet;Oui;1 à 5 fois par an;Jamais;>1 fois par semaine;Jamais;>1 fois par semaine;Non;Non;Non;Non;Non;Non;Oui;Non;Non;sans objet;Non;Peinture, papier peint, vinyle, toile de verre;Faux-plafond;Plastique, PVC, linoléum;Non;sans objet;3;62;0;28;Double;6,24;Aucun système;sans objet;sans objet;sans objet;sans objet;Non;Non;sans objet;Non;sans objet;Oui;Aucun système;Aucun système;MIXTE;Oui;Non;Non;Oui, tout le temps;Chauffe
EE87SYG174_SDC1;EE87SYG174;SDC1;Oui;0;Oui, date exacte;2003;sans objet;2003 et après;44;44;73,8;121;0;0;0;0;0;6;12;9;0;0;27;Autre;revêtement métal - panneaux métalliques (voir photo SDC1);Non;sans objet;sans objet;sans objet;sans objet;sans objet;sans objet;sans objet;sans objet;sans objet;sans objet;sans objet;Non;>5 fois par an;>=1 fois par jour;>1 fois par semaine;Jamais;>1 fois par semaine;Non;Non;Non;Non;Non;Non;Non;Non;Non;sans objet;Non;Peinture, papier peint, vinyle, toile de verre;Faux-plafond;Plastique, PVC, linoléum;Non;sans objet;3;59;0;1;Double;7,7;Aucun système;sans objet;sans objet;sans objet;sans objet;Non;Oui;1;Non;sans objet;Non;Aucun système;Aucun système;MAT-CRAIE;Oui;Oui;Non;Oui, tout le temps;Chauffe
EE87SYG174_SDC2;EE87SYG174;SDC2;Oui;0;Oui, date exacte;2003;sans objet;2003 et après;44;44;73,8;121;0;0;0;6;10;0;0;0;0;0;16;Autre;revêtement métal: panneaux métalliques;Non;sans objet;sans objet;sans objet;sans objet;sans objet;sans objet;sans objet;sans objet;sans objet;sans objet;sans objet;Non;>5 fois par an;>=1 fois par jour;>1 fois par semaine;Jamais;>1 fois par semaine;Non;Non;Non;Non;Non;Non;Non;Non;Non;sans objet;Non;Peinture, papier peint, vinyle, toile de verre;Faux-plafond;Plastique, PVC, linoléum;Non;sans objet;4;53;0;1;Double;7,7;Aucun système;sans objet;sans objet;sans objet;sans objet;Non;Oui;1;Non;sans objet;Non;Aucun système;Aucun système;MAT-CRAIE;Oui;Non;Non;Non;Chauffe
EE88BST176_SDC1;EE88BST176;SDC1;Oui;0;Connais approxi;sans objet;Entre 1871 et 1914;Avant 1948;62,3;62,3;107,6;210;0;0;0;7;10;0;0;0;0;0;17;Pierre;sans objet;Non;sans objet;sans objet;sans objet;sans objet;sans objet;sans objet;sans objet;sans objet;sans objet;sans objet;sans objet;Non;>5 fois par an;<1 fois par jour;<=1 fois par semaine;Jamais;>1 fois par semaine;Non;Non;Non;Non;Non;Non;Oui;Non;Non;sans objet;Non;Peinture, papier peint, vinyle, toile de verre;Faux-plafond;Parquet massif ou contrecollé, vitrifié, stratifié;Non;sans objet;7;56;0;4;Double;8,4;Aucun système;sans objet;sans objet;sans objet;sans objet;Non;Non;sans objet;Non;sans objet;Non;Aucun système;Aucun système;MAT-CRAIE;Oui;Oui;Oui;Oui, tout le temps;Chauffe
EE88BST176_SDC2;EE88BST176;SDC2;Oui;0;Connais approxi;sans objet;Entre 1871 et 1914;Avant 1948;62,5;62,5;109,8;215;0;0;0;0;0;7;8;5;0;0;20;Pierre;sans objet;Non;sans objet;sans objet;sans objet;sans objet;sans objet;sans objet;sans objet;sans objet;sans objet;sans objet;sans objet;Non;>5 fois par an;<1 fois par jour;<=1 fois par semaine;Jamais;>1 fois par semaine;Non;Non;Non;Non;Non;Non;Non;Non;Non;sans objet;Non;Peinture, papier peint, vinyle, toile de verre;Faux-plafond;Parquet massif ou contrecollé, vitrifié, stratifié;Non;sans objet;3;65;0;1;Double;8,4;Aucun système;sans objet;sans objet;sans objet;sans objet;Non;Oui;1;Non;sans objet;Non;Aucun système;Aucun système;MAT-CRAIE;Oui;Oui;Non;Oui, tout le temps;Chauffe
EE88NEX156_SDC1;EE88NEX156;SDC1;Oui;0;Connais approxi;sans objet;Entre 1915 et 1948;Avant 1948;58,4;58,4;107,7;205;0;0;0;1;0;0;0;0;12;0;13;Pierre;sans objet;Non;sans objet;sans objet;sans objet;sans objet;sans objet;sans objet;sans objet;sans objet;sans objet;sans objet;sans objet;NA;>5 fois par an;>=1 fois par jour;>1 fois par semaine;>1 fois par semaine;<=1 fois par semaine;Non;Non;Non;Non;Non;Non;Non;Non;Non;sans objet;Non;Peinture, papier peint, vinyle, toile de verre;Faux-plafond;Parquet massif ou contrecollé, vitrifié, stratifié;Non;sans objet;6;46;2;4;Simple;11;Aucun système;sans objet;sans objet;sans objet;sans objet;Non;Non;sans objet;Non;sans objet;Non;Aucun système;Aucun système;MIXTE;Oui;Non;Non;Oui, tout le temps;Chauffe
EE88NEX156_SDC2;EE88NEX156;SDC2;Oui;1;Connais approxi;sans objet;Entre 1915 et 1948;Avant 1948;57,8;57,7;76;144;0;0;0;0;0;0;15;8;2;0;25;Pierre;sans objet;Non;sans objet;sans objet;sans objet;sans objet;sans objet;sans objet;sans objet;sans objet;sans objet;sans objet;sans objet;NA;>5 fois par an;>=1 fois par jour;>1 fois par semaine;>1 fois par semaine;<=1 fois par semaine;Non;Non;Non;Non;Non;Non;Non;Non;Non;sans objet;Non;Peinture, papier peint, vinyle, toile de verre;Faux-plafond;Plastique, PVC, linoléum;Non;sans objet;0;64;0;4;Double;8,43;VMC;sans objet;simple flux par insufflation avec balayage;sans objet;2;Non;Non;sans objet;Non;sans objet;Non;VMC ou VN;VMC non fonctionnelle;MAT-CRAIE;Oui;Non;Non;Oui, la plupart du temps;Chauffe
EE88SAL181_SDC1;EE88SAL181;SDC1;Oui;1;Oui, date exacte;1840;sans objet;Avant 1948;62,7;62,7;100,8;197;0;0;0;0;0;7;7;5;0;0;19;Pierre;sans objet;Non;sans objet;sans objet;sans objet;sans objet;sans objet;sans objet;sans objet;sans objet;sans objet;sans objet;sans objet;Oui;1 à 5 fois par an;>=1 fois par jour;>1 fois par semaine;>1 fois par semaine;<=1 fois par semaine;Non;Non;Non;Non;Non;Oui;Non;Non;Non;sans objet;Non;Peinture, papier peint, vinyle, toile de verre;Faux-plafond;Plastique, PVC, linoléum;Non;sans objet;1;65;0;5;Double;6,44;Aucun système;sans objet;sans objet;sans objet;sans objet;Non;Oui;5;Non;sans objet;Non;Aucun système;Aucun système;BLANC-FEUTRE;Oui;Non;Non;Oui, la plupart du temps;Chauffe
EE88SDD197_SDC1;EE88SDD197;SDC1;Oui;0;Connais approxi;sans objet;Entre 1968 et 1974;Entre 1968 et 1981;68;68,2;92,6;207;0;0;0;0;0;20;0;0;0;0;20;Béton Parpaing;sans objet;NA;sans objet;sans objet;sans objet;sans objet;sans objet;sans objet;sans objet;sans objet;sans objet;sans objet;sans objet;NA;NA;NA;NA;NA;NA;NA;NA;NA;NA;Non;Non;Non;Non;Non;sans objet;Non;Peinture, papier peint, vinyle, toile de verre;Faux-plafond;Plastique, PVC, linoléum;Non;sans objet;6;49;0;3;Double;7,89;Aucun système;sans objet;sans objet;sans objet;sans objet;Non;Oui;1;Non;sans objet;Non;Aucun système;Aucun système;MAT-CRAIE;Oui;Non;Oui;Oui, tout le temps;Chauffe
EE88SDD197_SDC2;EE88SDD197;SDC2;Oui;0;Connais approxi;sans objet;Entre 1968 et 1974;Entre 1968 et 1981;56,7;58;96,6;202;0;0;0;0;19;0;0;0;0;0;19;Béton Parpaing;sans objet;NA;sans objet;sans objet;sans objet;sans objet;sans objet;sans objet;sans objet;sans objet;sans objet;sans objet;sans objet;NA;NA;NA;NA;NA;NA;NA;NA;NA;NA;Non;Non;Non;Non;Non;sans objet;Non;Peinture, papier peint, vinyle, toile de verre;Peinture, papier peint, vinyle, toile de verre;Plastique, PVC, linoléum;Non;sans objet;8;61;0;3;Double;9,2;Aucun système;sans objet;sans objet;sans objet;sans objet;Non;Oui;3;Non;sans objet;Non;Aucun système;Aucun système;ELECTRONIQUE;Oui;Oui;Non;Oui, tout le temps;Chauffe
EE88SDD197_SDC3;EE88SDD197;SDC3;Oui;0;Connais approxi;sans objet;Entre 1968 et 1974;Entre 1968 et 1981;57,3;57,3;84,6;183;0;0;0;22;0;0;0;0;0;0;22;Béton Parpaing;sans objet;NA;sans objet;sans objet;sans objet;sans objet;sans objet;sans objet;sans objet;sans objet;sans objet;sans objet;sans objet;NA;NA;NA;NA;NA;NA;NA;NA;NA;NA;Non;Oui;Non;Non;Non;sans objet;Non;Peinture, papier peint, vinyle, toile de verre;Peinture, papier peint, vinyle, toile de verre;Plastique, PVC, linoléum;Non;sans objet;4;50;0;22;Double;9,12;Aucun système;sans objet;sans objet;sans objet;sans objet;Non;Oui;3;Non;sans objet;Non;Aucun système;Aucun système;MAT-CRAIE;Oui;Oui;Oui;Oui, tout le temps;Chauffe
EE88SDF196_SDC1;EE88SDF196;SDC1;Oui;0;Connais approxi;sans objet;NA;NA;54;54;77;137;0;0;0;0;0;0;7;15;0;0;22;Béton Parpaing;sans objet;Non;sans objet;sans objet;sans objet;sans objet;sans objet;sans objet;sans objet;sans objet;sans objet;sans objet;sans objet;Non;>5 fois par an;>=1 fois par jour;>1 fois par semaine;>1 fois par semaine;Jamais;Non;Non;Non;Non;Non;Non;Non;Non;Non;sans objet;Non;Peinture, papier peint, vinyle, toile de verre;Faux-plafond;Plastique, PVC, linoléum;Non;sans objet;4;57;0;3;Double;6,32;VMC;sans objet;simple flux par extraction sans balayage;2;sans objet;Non;Oui;2;Non;sans objet;Non;VMC ou VN;VMC fonctionnelle;MAT-CRAIE;Oui;Non;Non;Non;Hors-chauffe
EE88SDF196_SDC2;EE88SDF196;SDC2;Oui;0;Connais approxi;sans objet;NA;NA;56;56;94;161;0;0;0;11;11;0;0;0;0;0;22;Béton Parpaing;sans objet;Non;sans objet;sans objet;sans objet;sans objet;sans objet;sans objet;sans objet;sans objet;sans objet;sans objet;sans objet;Non;>5 fois par an;>=1 fois par jour;>1 fois par semaine;>1 fois par semaine;Jamais;Non;Non;NA;NA;Non;Non;Non;Non;Non;sans objet;Non;Peinture, papier peint, vinyle, toile de verre;Faux-plafond;Plastique, PVC, linoléum;Non;sans objet;1;60;0;1;Double;31,96;VMC;sans objet;simple flux par extraction sans balayage;2;sans objet;Non;Oui;3;Non;sans objet;Non;VMC ou VN;VMC fonctionnelle;MAT-CRAIE;Non;Non;Non;Non;Hors-chauffe
EE91ALI023_SDC1;EE91ALI023;SDC1;Oui;0;Connais approxi;sans objet;Entre 1871 et 1914;Avant 1948;38;38;44;95;0;0;0;0;0;0;0;10;0;0;10;Pierre;sans objet;Non;sans objet;sans objet;sans objet;sans objet;sans objet;sans objet;sans objet;sans objet;sans objet;sans objet;sans objet;Oui;>5 fois par an;<1 fois par jour;>1 fois par semaine;>1 fois par semaine;Jamais;Non;Non;Non;Non;Non;Non;Non;Non;Non;sans objet;Non;Peinture, papier peint, vinyle, toile de verre;Faux-plafond;Plastique, PVC, linoléum;Non;sans objet;0;33;0;0;Double;12;Aucun système;sans objet;sans objet;sans objet;sans objet;Non;Oui;6;Non;sans objet;Non;Aucun système;Aucun système;MIXTE;Non;Non;Non;Non;Hors-chauffe
EE91AMF025_SDC1;EE91AMF025;SDC1;Oui;1;Non;sans objet;sans objet;Entre 1949 et 1967;37;37;61;94;0;0;0;23;0;0;0;0;0;0;23;Béton Parpaing;sans objet;Non;sans objet;sans objet;sans objet;sans objet;sans objet;sans objet;sans objet;sans objet;sans objet;sans objet;sans objet;Non;1 à 5 fois par an;Jamais;>1 fois par semaine;Jamais;<=1 fois par semaine;Non;Non;Non;Non;Non;Non;Non;Non;Non;sans objet;Non;Peinture, papier peint, vinyle, toile de verre;Faux-plafond;Plastique, PVC, linoléum;Non;sans objet;0;40;0;0;NA;NA;Aucun système;sans objet;sans objet;sans objet;sans objet;Oui, ouverts;Non;sans objet;Non;sans objet;Non;Aucun système;Aucun système;MAT-CRAIE;Non;Non;Non;Non;Hors-chauffe
EE91AMF025_SDC2;EE91AMF025;SDC2;Oui;1;Non;sans objet;sans objet;Entre 1949 et 1967;37;37;61;94;0;0;0;0;17;0;0;6;0;0;23;Béton Parpaing;sans objet;Non;sans objet;sans objet;sans objet;sans objet;sans objet;sans objet;sans objet;sans objet;sans objet;sans objet;sans objet;Non;1 à 5 fois par an;Jamais;>1 fois par semaine;Jamais;<=1 fois par semaine;Non;Non;Non;Non;Non;Non;Non;Non;Non;sans objet;Non;Peinture, papier peint, vinyle, toile de verre;Faux-plafond;Plastique, PVC, linoléum;Non;sans objet;0;40;0;0;NA;NA;Aucun système;sans objet;sans objet;sans objet;sans objet;Non;Non;sans objet;Non;sans objet;Non;Aucun système;Aucun système;MAT-CRAIE;Non;Non;Non;Non;Hors-chauffe
EE91ANQ103_SDC1;EE91ANQ103;SDC1;Oui;0;Oui, date exacte;1973;sans objet;Entre 1968 et 1981;40;40;44;100;0;0;0;22;0;0;0;0;0;0;22;Béton Parpaing;sans objet;Non;sans objet;sans objet;sans objet;sans objet;sans objet;sans objet;sans objet;sans objet;sans objet;sans objet;sans objet;Non;Jamais;>=1 fois par jour;<=1 fois par semaine;Jamais;>1 fois par semaine;Non;Non;Non;Non;Non;Non;Non;Non;Non;sans objet;Non;Peinture, papier peint, vinyle, toile de verre;Faux-plafond;Carrelage;Oui;2;0;45;0;0;Double;15;Aucun système;sans objet;sans objet;sans objet;sans objet;Non;Non;sans objet;Non;sans objet;Oui;Aucun système;Aucun système;MAT-CRAIE;Non;Non;Non;Oui, tout le temps;Chauffe
EE91ANQ103_SDC2;EE91ANQ103;SDC2;Oui;0;Oui, date exacte;1973;sans objet;Entre 1968 et 1981;40;40;44;100;0;0;0;0;24;0;0;0;0;0;24;Béton Parpaing;sans objet;Non;sans objet;sans objet;sans objet;sans objet;sans objet;sans objet;sans objet;sans objet;sans objet;sans objet;sans objet;Non;Jamais;>=1 fois par jour;<=1 fois par semaine;Jamais;>1 fois par semaine;Non;Non;Non;Non;Non;Non;Non;Non;Non;sans objet;Non;Peinture, papier peint, vinyle, toile de verre;Faux-plafond;Carrelage;Non;sans objet;0;45;0;0;Double;15;Aucun système;sans objet;sans objet;sans objet;sans objet;Oui, ouverts;Non;sans objet;Non;sans objet;Oui;Aucun système;Aucun système;MAT-CRAIE;Non;Non;Non;Oui, tout le temps;Chauffe
EE91GRC109_SDC1;EE91GRC109;SDC1;Oui;1;Connais approxi;sans objet;Entre 2003 et 2009;2003 et après;50;50;42;125;0;0;0;22;0;0;0;0;0;0;22;Béton Parpaing;sans objet;Non;sans objet;sans objet;sans objet;sans objet;sans objet;sans objet;sans objet;sans objet;sans objet;sans objet;sans objet;Non;Jamais;>=1 fois par jour;>1 fois par semaine;>1 fois par semaine;>1 fois par semaine;Ne sait pas;Ne sait pas;Oui;Oui;Non;Non;Non;Non;Non;sans objet;Non;Peinture, papier peint, vinyle, toile de verre;Faux-plafond;Plastique, PVC, linoléum;Non;sans objet;0;35;0;0;Double;8;Aucun système;sans objet;sans objet;sans objet;sans objet;Non;Non;sans objet;Non;sans objet;Oui;Aucun système;Aucun système;BLANC-FEUTRE;Non;Non;Non;Oui, tout le temps;Chauffe
EE91GRC109_SDC2;EE91GRC109;SDC2;Oui;1;Connais approxi;sans objet;Entre 2003 et 2009;2003 et après;50;50;42;125;0;0;0;0;26;0;0;0;0;0;26;Béton Parpaing;sans objet;Non;sans objet;sans objet;sans objet;sans objet;sans objet;sans objet;sans objet;sans objet;sans objet;sans objet;sans objet;Non;Jamais;>=1 fois par jour;>1 fois par semaine;>1 fois par semaine;>1 fois par semaine;Ne sait pas;Ne sait pas;Oui;Oui;Non;Non;Non;Non;Non;sans objet;Non;Peinture, papier peint, vinyle, toile de verre;Faux-plafond;Plastique, PVC, linoléum;Non;sans objet;0;45;0;0;Double;8;Aucun système;sans objet;sans objet;sans objet;sans objet;Non;Non;sans objet;Non;sans objet;Oui;Aucun système;Aucun système;BLANC-FEUTRE;Non;Non;Non;Oui, la plupart du temps;Chauffe
EE91LGK024_SDC1;EE91LGK024;SDC1;Oui;0;Oui, date exacte;1980;sans objet;Entre 1968 et 1981;44,8;44,8;50;130;0;0;0;0;22;5;0;0;0;0;27;Béton Parpaing;sans objet;Non;sans objet;sans objet;sans objet;sans objet;sans objet;sans objet;sans objet;sans objet;sans objet;sans objet;sans objet;Oui;>5 fois par an;>=1 fois par jour;<=1 fois par semaine;<=1 fois par semaine;<=1 fois par semaine;Non;Non;Non;Non;Non;Non;Non;Non;Non;sans objet;Non;Peinture, papier peint, vinyle, toile de verre;Faux-plafond;Carrelage;Non;sans objet;0;40;0;0;NA;NA;Aucun système;sans objet;sans objet;sans objet;sans objet;Non;Non;sans objet;Non;sans objet;Non;Aucun système;Aucun système;BLANC-FEUTRE;Non;Non;Non;Non;Chauffe
EE91LGK024_SDC2;EE91LGK024;SDC2;Oui;0;Oui, date exacte;1882;sans objet;Avant 1948;50,2;50,2;55;146;0;0;0;0;0;0;9;16;0;0;25;Pierre;sans objet;Non;sans objet;sans objet;sans objet;sans objet;sans objet;sans objet;sans objet;sans objet;sans objet;sans objet;sans objet;Oui;>5 fois par an;>=1 fois par jour;<=1 fois par semaine;<=1 fois par semaine;<=1 fois par semaine;Non;Non;Non;Oui;Non;Non;Non;Non;Non;sans objet;Non;Peinture, papier peint, vinyle, toile de verre;Faux-plafond;Plastique, PVC, linoléum;Non;sans objet;0;50;0;0;NA;NA;Aucun système;sans objet;sans objet;sans objet;sans objet;Non;Non;sans objet;Non;sans objet;Non;Aucun système;Aucun système;BLANC-FEUTRE;Non;Non;Non;Non;Chauffe
EE91LNC069_SDC1;EE91LNC069;SDC1;Oui;0;Oui, date exacte;1973;sans objet;Entre 1968 et 1981;48,4;48,4;48;135;0;0;0;0;0;0;24;0;0;0;24;Autre;La classe est en panneaux pré fabriqués.;Non;sans objet;sans objet;sans objet;sans objet;sans objet;sans objet;sans objet;sans objet;sans objet;sans objet;sans objet;Non;>5 fois par an;>=1 fois par jour;>1 fois par semaine;>1 fois par semaine;>1 fois par semaine;Non;Non;Non;Non;Non;Oui;Non;Non;Non;sans objet;Non;Peinture, papier peint, vinyle, toile de verre;Faux-plafond;Plastique, PVC, linoléum;Non;sans objet;27;9;0;0;Double;8;Aucun système;sans objet;sans objet;sans objet;sans objet;Non;Non;sans objet;Non;sans objet;Oui;Aucun système;Aucun système;BLANC-FEUTRE;Non;Non;Non;Oui, tout le temps;Chauffe
EE91LNC069_SDC2;EE91LNC069;SDC2;Oui;0;Oui, date exacte;1984;sans objet;Entre 1982 et 2002;48,4;48,4;57;135;0;0;0;28;0;0;0;0;0;0;28;Béton Parpaing;sans objet;Non;sans objet;sans objet;sans objet;sans objet;sans objet;sans objet;sans objet;sans objet;sans objet;sans objet;sans objet;Non;>5 fois par an;>=1 fois par jour;>1 fois par semaine;>1 fois par semaine;>1 fois par semaine;Non;Non;Non;Non;Non;Non;Non;Non;Non;sans objet;Non;Peinture, papier peint, vinyle, toile de verre;Faux-plafond;Plastique, PVC, linoléum;Non;sans objet;0;51;0;0;Double;15;Aucun système;sans objet;sans objet;sans objet;sans objet;Non;Non;sans objet;Non;sans objet;Oui;Aucun système;Aucun système;MAT-CRAIE;Non;Non;Non;Oui, tout le temps;Chauffe
EE92ANI208_SDC1;EE92ANI208;SDC1;Oui;0;Oui, date exacte;1977;sans objet;Entre 1968 et 1981;20;20;44;50;0;0;0;0;0;0;0;26;0;0;26;Béton Parpaing;sans objet;Non;sans objet;sans objet;sans objet;sans objet;sans objet;sans objet;sans objet;sans objet;sans objet;sans objet;sans objet;Non;1 à 5 fois par an;>=1 fois par jour;<=1 fois par semaine;Jamais;>1 fois par semaine;Non;Non;Non;Non;Non;Non;Non;Non;Non;sans objet;Non;Peinture, papier peint, vinyle, toile de verre;Faux-plafond;Plastique, PVC, linoléum;Non;sans objet;0;40;0;0;Double;16;Aucun système;sans objet;sans objet;sans objet;sans objet;Non;Non;sans objet;Non;sans objet;Oui;Aucun système;Aucun système;MAT-CRAIE;Non;Non;Non;Non;Hors-chauffe
EE92ANI208_SDC2;EE92ANI208;SDC2;Oui;1;Oui, date exacte;1977;sans objet;Entre 1968 et 1981;20;20;44;50;0;0;0;6;0;18;0;0;0;0;24;Béton Parpaing;sans objet;Non;sans objet;sans objet;sans objet;sans objet;sans objet;sans objet;sans objet;sans objet;sans objet;sans objet;sans objet;Non;1 à 5 fois par an;>=1 fois par jour;<=1 fois par semaine;Jamais;>1 fois par semaine;Non;Non;Non;Non;Non;Non;Non;Non;Non;sans objet;Non;Peinture, papier peint, vinyle, toile de verre;Peinture, papier peint, vinyle, toile de verre;Plastique, PVC, linoléum;Non;sans objet;0;40;0;0;Double;16;Aucun système;sans objet;sans objet;sans objet;sans objet;Non;Non;sans objet;Non;sans objet;Oui;Aucun système;Aucun système;MAT-CRAIE;Non;Non;Non;Non;Hors-chauffe
EE92ANZ163_SDC1;EE92ANZ163;SDC1;Oui;1;NA;NA;NA;Entre 1982 et 2002;48;48;77;115;0;0;0;28;0;0;0;0;0;0;28;NA;NA;NA;sans objet;sans objet;sans objet;sans objet;sans objet;sans objet;sans objet;sans objet;sans objet;sans objet;sans objet;NA;NA;NA;NA;NA;NA;NA;NA;NA;NA;Non;Non;Non;Non;Non;sans objet;Non;Peinture, papier peint, vinyle, toile de verre;Faux-plafond;Carrelage;Non;sans objet;0;57;0;1;Double;8;Aucun système;sans objet;sans objet;sans objet;sans objet;Non;Non;sans objet;Non;sans objet;Non;Aucun système;Aucun système;MAT-CRAIE;Oui;Non;Non;Oui, tout le temps;Chauffe
EE92ANZ163_SDC2;EE92ANZ163;SDC2;Oui;1;NA;NA;NA;Entre 1982 et 2002;57;57;80;142;0;0;0;0;0;28;0;0;0;0;28;NA;NA;NA;sans objet;sans objet;sans objet;sans objet;sans objet;sans objet;sans objet;sans objet;sans objet;sans objet;sans objet;NA;NA;NA;NA;NA;NA;NA;NA;NA;NA;Non;Non;Non;Non;Non;sans objet;Non;Peinture, papier peint, vinyle, toile de verre;Faux-plafond;Carrelage;Non;sans objet;0;54;0;0;Double;17;Aucun système;sans objet;sans objet;sans objet;sans objet;Non;Non;sans objet;Non;sans objet;Non;Aucun système;Aucun système;MAT-CRAIE;Oui;Oui;Non;Oui, tout le temps;Chauffe
EE92LPZ164_SDC1;EE92LPZ164;SDC1;Oui;3;Oui, date exacte;2008;sans objet;2003 et après;30;30;52;75;0;0;0;0;0;0;0;28;0;0;28;Béton Parpaing;sans objet;Non;sans objet;sans objet;sans objet;sans objet;sans objet;sans objet;sans objet;sans objet;sans objet;sans objet;sans objet;Non;Jamais;>=1 fois par jour;<=1 fois par semaine;<=1 fois par semaine;<=1 fois par semaine;Non;Non;Non;Non;Non;Non;Non;Non;Non;sans objet;Non;Peinture, papier peint, vinyle, toile de verre;Faux-plafond;Plastique, PVC, linoléum;Non;sans objet;0;47;0;0;Double;8;Aucun système;sans objet;sans objet;sans objet;sans objet;Non;Non;sans objet;Non;sans objet;Oui;Aucun système;Aucun système;MAT-CRAIE;Non;Non;Non;Non;Chauffe
EE92LPZ164_SDC2;EE92LPZ164;SDC2;Oui;3;Oui, date exacte;2008;sans objet;2003 et après;30;30;52;NA;0;0;0;0;0;0;0;28;0;0;28;Béton Parpaing;sans objet;Non;sans objet;sans objet;sans objet;sans objet;sans objet;sans objet;sans objet;sans objet;sans objet;sans objet;sans objet;Non;Jamais;>=1 fois par jour;<=1 fois par semaine;<=1 fois par semaine;<=1 fois par semaine;Non;Non;Non;Non;NA;NA;NA;NA;NA;NA;NA;Peinture, papier peint, vinyle, toile de verre;Faux-plafond;Plastique, PVC, linoléum;Non;sans objet;0;0;0;0;NA;NA;NA;NA;NA;NA;NA;NA;NA;NA;NA;NA;Non;NA;NA;MAT-CRAIE;NA;NA;NA;Oui, la plupart du temps;Chauffe
EE92RUB267_SDC1;EE92RUB267;SDC1;Oui;1;Oui, date exacte;2012;sans objet;2003 et après;60;60;83,9;151;0;0;0;28;0;0;0;0;0;0;28;Béton Parpaing;sans objet;Non;sans objet;sans objet;sans objet;sans objet;sans objet;sans objet;sans objet;sans objet;sans objet;sans objet;sans objet;Non;1 à 5 fois par an;>=1 fois par jour;>1 fois par semaine;>1 fois par semaine;>1 fois par semaine;Non;Non;Non;Non;Non;Non;Non;Non;Non;sans objet;Non;Peinture, papier peint, vinyle, toile de verre;Faux-plafond;Plastique, PVC, linoléum;Oui;3;2;69;0;7;Double;6,9;VMC;sans objet;simple flux par extraction sans balayage;1;sans objet;Non;Oui;4;Non;sans objet;Non;VMC ou VN;VMC fonctionnelle;ELECTRONIQUE;Non;Non;Non;Oui, tout le temps;Chauffe
EE92RUB267_SDC2;EE92RUB267;SDC2;Oui;3;Oui, date exacte;2012;sans objet;2003 et après;51,3;51,3;83,8;149;0;0;0;0;0;0;30;0;0;0;30;Béton Parpaing;sans objet;Non;sans objet;sans objet;sans objet;sans objet;sans objet;sans objet;sans objet;sans objet;sans objet;sans objet;sans objet;Non;1 à 5 fois par an;>=1 fois par jour;>1 fois par semaine;>1 fois par semaine;>1 fois par semaine;Non;Non;Non;Non;Non;Non;Non;Non;Non;sans objet;Non;Peinture, papier peint, vinyle, toile de verre;Faux-plafond;Plastique, PVC, linoléum;Non;sans objet;2;69;0;1;Double;11,2;VMC;sans objet;simple flux par extraction sans balayage;1;sans objet;Non;Oui;4;Non;sans objet;Non;VMC ou VN;VMC fonctionnelle;ELECTRONIQUE;Non;Non;Non;Oui, tout le temps;Chauffe
EE92RUL232_SDC1;EE92RUL232;SDC1;Oui;0;Oui, date exacte;1958;sans objet;Entre 1949 et 1967;54;54;84,4;153;0;0;0;22;0;0;0;0;0;0;22;Béton Parpaing;sans objet;Non;sans objet;sans objet;sans objet;sans objet;sans objet;sans objet;sans objet;sans objet;sans objet;sans objet;sans objet;Oui;1 à 5 fois par an;>=1 fois par jour;<=1 fois par semaine;Jamais;>1 fois par semaine;Non;Non;Non;Non;Non;Non;Non;Non;Non;sans objet;Non;Peinture, papier peint, vinyle, toile de verre;Faux-plafond;Plastique, PVC, linoléum;Oui;4;14;15;4;2;Double;10,5;Aucun système;sans objet;sans objet;sans objet;sans objet;Non;Oui;6;Non;sans objet;Non;Aucun système;Aucun système;MAT-CRAIE;Oui;Non;Non;Non;Hors-chauffe
EE92RUL232_SDC2;EE92RUL232;SDC2;Oui;1;Connais approxi;sans objet;Entre 1982 et 1989;Entre 1982 et 2002;54;54;84,4;153;0;0;0;0;0;0;0;21;0;0;21;Béton Parpaing;sans objet;Non;sans objet;sans objet;sans objet;sans objet;sans objet;sans objet;sans objet;sans objet;sans objet;sans objet;sans objet;Oui;1 à 5 fois par an;>=1 fois par jour;<=1 fois par semaine;Jamais;>1 fois par semaine;Non;Non;Non;Non;Non;Non;Non;Non;Non;sans objet;Non;Peinture, papier peint, vinyle, toile de verre;Faux-plafond;Plastique, PVC, linoléum;Non;sans objet;1;46;1;0;Double;8,7;Aucun système;sans objet;sans objet;sans objet;sans objet;Non;Oui;6;Non;sans objet;Non;Aucun système;Aucun système;MAT-CRAIE;Oui;Non;Non;Non;Hors-chauffe
EE94CRE027_SDC1;EE94CRE027;SDC1;Oui;0;Oui, date exacte;1974;sans objet;Entre 1968 et 1981;67;67;106;211;0;0;0;0;0;24;0;0;0;0;24;Bois;sans objet;Non;sans objet;sans objet;sans objet;sans objet;sans objet;sans objet;sans objet;sans objet;sans objet;sans objet;sans objet;Oui;>5 fois par an;>=1 fois par jour;<=1 fois par semaine;Jamais;>1 fois par semaine;Non;Non;Non;Non;Non;Non;Non;Non;Non;sans objet;Non;Lambris bois;Peinture, papier peint, vinyle, toile de verre;Plastique, PVC, linoléum;Non;sans objet;5;55;0;2;Simple;13,1;Aucun système;sans objet;sans objet;sans objet;sans objet;Non;Non;sans objet;Oui;1;Oui;Aucun système;Aucun système;MAT-CRAIE;Non;Non;Non;Oui, tout le temps;Chauffe
EE94CRE027_SDC2;EE94CRE027;SDC2;Oui;0;Oui, date exacte;1974;sans objet;Entre 1968 et 1981;67;67;106;211;0;0;0;0;12;0;0;13;0;0;25;Bois;sans objet;Non;sans objet;sans objet;sans objet;sans objet;sans objet;sans objet;sans objet;sans objet;sans objet;sans objet;sans objet;Oui;>5 fois par an;>=1 fois par jour;<=1 fois par semaine;Jamais;>1 fois par semaine;Non;Non;Non;Non;Non;Non;Non;Non;Non;sans objet;Non;Lambris bois;Peinture, papier peint, vinyle, toile de verre;Plastique, PVC, linoléum;Non;sans objet;1;60;0;4;Simple;13,1;Aucun système;sans objet;sans objet;sans objet;sans objet;Non;Non;sans objet;Oui;1;Oui;Aucun système;Aucun système;MAT-CRAIE;Non;Non;Non;Oui, tout le temps;Chauffe
EE94CRK026_SDC1;EE94CRK026;SDC1;Oui;2;Oui, date exacte;1967;sans objet;Entre 1949 et 1967;48;48;54;121;0;0;0;0;0;0;9;12;2;0;23;Béton Parpaing;sans objet;Oui;Non;Non;Non;Non;Non;Non;Non;Non;Non;ACHEVES;Câblage internet des classes avec perçage des murs et des sols;Non;1 à 5 fois par an;<1 fois par jour;<=1 fois par semaine;Jamais;>1 fois par semaine;Oui;Oui;Oui;Oui;Non;Non;Non;Non;Non;sans objet;Non;Peinture, papier peint, vinyle, toile de verre;Faux-plafond;Carrelage;Non;sans objet;0;52;0;0;NA;NA;Aucun système;sans objet;sans objet;sans objet;sans objet;Non;Non;sans objet;Non;sans objet;Non;Aucun système;Aucun système;MAT-CRAIE;Non;Non;Non;Oui, tout le temps;Chauffe
EE94CRK026_SDC2;EE94CRK026;SDC2;Oui;2;Oui, date exacte;1967;sans objet;Entre 1949 et 1967;48;48;54;121;0;0;0;0;20;0;0;0;3;0;23;Béton Parpaing;sans objet;Oui;Non;Non;Non;Non;Non;Non;Non;Non;Non;ACHEVES;Câblage internet des classes avec perçage des murs et des sols;Non;1 à 5 fois par an;<1 fois par jour;<=1 fois par semaine;Jamais;>1 fois par semaine;Oui;Oui;Oui;Non;Non;Non;Non;Non;Non;sans objet;Non;Peinture, papier peint, vinyle, toile de verre;Faux-plafond;Carrelage;Non;sans objet;0;48;0;0;NA;NA;Aucun système;sans objet;sans objet;sans objet;sans objet;Non;Non;sans objet;Non;sans objet;Non;Aucun système;Aucun système;MAT-CRAIE;Non;Non;Non;Oui, tout le temps;Chauffe
EE94FSE250_SDC1;EE94FSE250;SDC1;Oui;1;NA;NA;NA;Entre 1949 et 1967;55,6;55,6;92,8;171;0;0;0;0;0;0;0;24;0;0;24;NA;NA;NA;sans objet;sans objet;sans objet;sans objet;sans objet;sans objet;sans objet;sans objet;sans objet;sans objet;sans objet;NA;NA;NA;NA;NA;NA;NA;NA;NA;NA;Non;Non;Non;Non;Non;sans objet;Non;Peinture, papier peint, vinyle, toile de verre;Faux-plafond;Plastique, PVC, linoléum;Non;sans objet;1;68;1;4;Double;9,7;Aucun système;sans objet;sans objet;sans objet;sans objet;Non;Non;sans objet;Non;sans objet;Non;Aucun système;Aucun système;MAT-CRAIE;Oui;Oui;Non;Oui, la plupart du temps;Chauffe
EE94FSE250_SDC2;EE94FSE250;SDC2;Oui;1;NA;NA;NA;Entre 1949 et 1967;57,3;57,3;82,2;155;0;0;0;8;11;0;0;0;0;0;19;NA;NA;NA;sans objet;sans objet;sans objet;sans objet;sans objet;sans objet;sans objet;sans objet;sans objet;sans objet;sans objet;NA;NA;NA;NA;NA;NA;NA;NA;NA;NA;Non;Non;Non;Non;Non;sans objet;Non;Peinture, papier peint, vinyle, toile de verre;Faux-plafond;Plastique, PVC, linoléum;Non;sans objet;1;60;0;7;Double;10,42;Aucun système;sans objet;sans objet;sans objet;sans objet;Non;Non;sans objet;Non;sans objet;Oui;Aucun système;Aucun système;MIXTE;Non;Non;Non;Oui, tout le temps;Chauffe
EE94FSW252_SDC1;EE94FSW252;SDC1;Oui;2;Oui, date exacte;1909;sans objet;Avant 1948;52;52;89,4;161;0;0;0;0;0;0;26;0;0;0;26;Pierre;sans objet;Non;sans objet;sans objet;sans objet;sans objet;sans objet;sans objet;sans objet;sans objet;sans objet;sans objet;sans objet;Oui;Jamais;>=1 fois par jour;<=1 fois par semaine;Jamais;<=1 fois par semaine;Non;Non;Non;Non;Non;Non;Non;Non;Non;sans objet;Non;Peinture, papier peint, vinyle, toile de verre;Faux-plafond;Plastique, PVC, linoléum;Non;sans objet;0;72;0;9;Double;5,97;Aucun système;sans objet;sans objet;sans objet;sans objet;Non;Oui;3;Oui;2;Oui;Aucun système;Aucun système;MIXTE;Oui;Non;Non;Oui, tout le temps;Chauffe
EE94FSW252_SDC2;EE94FSW252;SDC2;Oui;2;Oui, date exacte;1909;sans objet;Avant 1948;54;54;91,2;167;0;0;0;0;0;0;25;0;0;0;25;Pierre;sans objet;Non;sans objet;sans objet;sans objet;sans objet;sans objet;sans objet;sans objet;sans objet;sans objet;sans objet;sans objet;Oui;Jamais;>=1 fois par jour;<=1 fois par semaine;Jamais;<=1 fois par semaine;Non;Non;Non;Non;Non;Non;Non;Non;Non;sans objet;Non;Peinture, papier peint, vinyle, toile de verre;Faux-plafond;Plastique, PVC, linoléum;Non;sans objet;0;70;0;2;Double;5,97;Aucun système;sans objet;sans objet;sans objet;sans objet;Non;Oui;3;Oui;2;Oui;Aucun système;Aucun système;MIXTE;Non;Non;Non;Oui, tout le temps;Chauffe
EE94ISF090_SDC1;EE94ISF090;SDC1;Oui;1;Oui, date exacte;2002;sans objet;Entre 1982 et 2002;63,8;69,5;171,5;252;0;0;0;0;0;0;0;23;0;0;23;Béton Parpaing;sans objet;Non;sans objet;sans objet;sans objet;sans objet;sans objet;sans objet;sans objet;sans objet;sans objet;sans objet;sans objet;Non;1 à 5 fois par an;>=1 fois par jour;<=1 fois par semaine;<=1 fois par semaine;<=1 fois par semaine;Non;Non;Non;Non;Non;Non;Non;Non;Non;sans objet;Oui;Peinture, papier peint, vinyle, toile de verre;Faux-plafond;Plastique, PVC, linoléum;Non;sans objet;2;62;0;4;Double;23,7;VMC;sans objet;simple flux par extraction avec balayage;1;sans objet;Non;Oui;2;Non;sans objet;Oui;VMC ou VN;VMC non fonctionnelle;MAT-CRAIE;Non;Non;Non;Non;Chauffe
EE94ISF090_SDC2;EE94ISF090;SDC2;Oui;1;Oui, date exacte;2002;sans objet;Entre 1982 et 2002;66,1;66,1;133,2;223;0;0;0;25;0;0;0;0;0;0;25;Béton Parpaing;sans objet;Non;sans objet;sans objet;sans objet;sans objet;sans objet;sans objet;sans objet;sans objet;sans objet;sans objet;sans objet;Non;1 à 5 fois par an;>=1 fois par jour;<=1 fois par semaine;<=1 fois par semaine;<=1 fois par semaine;Non;Non;Non;Non;Non;Non;Non;Non;Non;sans objet;Oui;Peinture, papier peint, vinyle, toile de verre;Faux-plafond;Plastique, PVC, linoléum;Non;sans objet;4;41;0;2;Double;15,1;VMC;sans objet;simple flux par extraction avec balayage;1;sans objet;Non;Oui;2;Non;sans objet;Oui;VMC ou VN;VMC non fonctionnelle;BLANC-FEUTRE;Non;Non;Non;Oui, tout le temps;Chauffe
EE94LPN028_SDC1;EE94LPN028;SDC1;Oui;0;Oui, date exacte;1871;sans objet;Avant 1948;64;64;110;222;0;0;0;28;0;0;0;0;0;0;28;Pierre;sans objet;NA;sans objet;sans objet;sans objet;sans objet;sans objet;sans objet;sans objet;sans objet;sans objet;sans objet;sans objet;NA;NA;NA;NA;NA;NA;Non;Non;NA;NA;Non;Non;Non;Non;Non;sans objet;Non;Peinture, papier peint, vinyle, toile de verre;Faux-plafond;Plastique, PVC, linoléum;Non;sans objet;0;64;0;1;Simple;9,2;Aucun système;sans objet;sans objet;sans objet;sans objet;Non;Non;sans objet;Non;sans objet;Non;Aucun système;Aucun système;MAT-CRAIE;Non;Non;Non;Non;Chauffe
EE94LPN028_SDC2;EE94LPN028;SDC2;Oui;1;Oui, date exacte;1871;sans objet;Avant 1948;64;64;110;222;0;0;0;0;0;26;0;0;0;0;26;Pierre;sans objet;NA;sans objet;sans objet;sans objet;sans objet;sans objet;sans objet;sans objet;sans objet;sans objet;sans objet;sans objet;NA;NA;NA;NA;NA;NA;Non;Non;NA;NA;Non;Non;Oui;Non;Non;sans objet;Non;Peinture, papier peint, vinyle, toile de verre;Faux-plafond;Plastique, PVC, linoléum;Non;sans objet;0;65;0;2;Simple;9,2;Aucun système;sans objet;sans objet;sans objet;sans objet;Non;Non;sans objet;Non;sans objet;Oui;Aucun système;Aucun système;MAT-CRAIE;Non;Non;Non;Oui, tout le temps;Chauffe
EM06ANE224_SDC1;EM06ANE224;SDC1;Oui;1;Oui, date exacte;1971;sans objet;Entre 1968 et 1981;62,2;62,2;89,8;172;0;8;21;0;0;0;0;0;0;0;29;Autre;Ossature metalique;Non;sans objet;sans objet;sans objet;sans objet;sans objet;sans objet;sans objet;sans objet;sans objet;sans objet;sans objet;Oui;Jamais;>=1 fois par jour;>1 fois par semaine;Jamais;>1 fois par semaine;Non;Non;Oui;Non;Non;Non;Non;Non;Non;sans objet;Non;Peinture, papier peint, vinyle, toile de verre;Faux-plafond;Carrelage;Non;sans objet;1;91;0;1;Double;12,15;Aucun système;sans objet;sans objet;sans objet;sans objet;Non;Oui;5;Non;sans objet;Non;Aucun système;Aucun système;MAT-CRAIE;Non;Non;Non;Oui, tout le temps;Chauffe
EM06ANE224_SDC2;EM06ANE224;SDC2;Oui;2;Oui, date exacte;1971;sans objet;Entre 1968 et 1981;67;67,3;92,3;193;0;0;29;0;0;0;0;0;0;0;29;Autre;Ossature metalique;Non;sans objet;sans objet;sans objet;sans objet;sans objet;sans objet;sans objet;sans objet;sans objet;sans objet;sans objet;Oui;Jamais;>=1 fois par jour;>1 fois par semaine;Jamais;>1 fois par semaine;Non;Non;Oui;Non;Non;Oui;Oui;Non;Non;sans objet;Non;Peinture, papier peint, vinyle, toile de verre;Peinture, papier peint, vinyle, toile de verre;Carrelage;Non;sans objet;3;58;0;34;Double;14,35;Aucun système;sans objet;sans objet;sans objet;sans objet;Non;Oui;5;Oui;2;Oui;Aucun système;Aucun système;MAT-CRAIE;Oui;Oui;Oui;Oui, tout le temps;Chauffe
EM06GRM258_SDC1;EM06GRM258;SDC1;Oui;0;Oui, date exacte;1990;sans objet;Entre 1982 et 2002;65,8;65,8;89,2;181;18;8;0;0;0;0;0;0;0;0;26;Béton Parpaing;sans objet;Non;sans objet;sans objet;sans objet;sans objet;sans objet;sans objet;sans objet;sans objet;sans objet;sans objet;sans objet;Oui;>5 fois par an;>=1 fois par jour;>1 fois par semaine;<=1 fois par semaine;<=1 fois par semaine;Non;Non;Non;Non;Non;Non;Non;Non;Non;sans objet;Non;Peinture, papier peint, vinyle, toile de verre;Faux-plafond;Plastique, PVC, linoléum;Non;sans objet;3;75;0;2;Double;13,16;Aucun système;sans objet;sans objet;sans objet;sans objet;Non;Non;sans objet;Non;sans objet;Non;Aucun système;Aucun système;MAT-CRAIE;Oui;Oui;Non;Non;Hors-chauffe
EM06GRM258_SDC2;EM06GRM258;SDC2;Oui;0;Oui, date exacte;1990;sans objet;Entre 1982 et 2002;67,6;67,6;98,7;184;0;8;18;0;0;0;0;0;0;0;26;Béton Parpaing;sans objet;Non;sans objet;sans objet;sans objet;sans objet;sans objet;sans objet;sans objet;sans objet;sans objet;sans objet;sans objet;Oui;>5 fois par an;>=1 fois par jour;>1 fois par semaine;<=1 fois par semaine;<=1 fois par semaine;Non;Non;Non;Non;Non;Non;Non;Non;Non;sans objet;Non;Peinture, papier peint, vinyle, toile de verre;Faux-plafond;Plastique, PVC, linoléum;Non;sans objet;3;70;25;12;Double;12,03;Aucun système;sans objet;sans objet;sans objet;sans objet;Non;Non;sans objet;Non;sans objet;Oui;Aucun système;Aucun système;BLANC-FEUTRE;Oui;Oui;Oui;Non;Hors-chauffe
EM06NIJ221_SDC1;EM06NIJ221;SDC1;Oui;0;Connais approxi;sans objet;Entre 1968 et 1974;Entre 1968 et 1981;55,8;55,8;90,4;167;23;0;0;0;0;0;0;0;0;0;23;Béton Parpaing;sans objet;Non;sans objet;sans objet;sans objet;sans objet;sans objet;sans objet;sans objet;sans objet;sans objet;sans objet;sans objet;Non;NA;>=1 fois par jour;>1 fois par semaine;>1 fois par semaine;>1 fois par semaine;Ne sait pas;Ne sait pas;Ne sait pas;Ne sait pas;Non;Non;Non;Non;Non;sans objet;Non;Peinture, papier peint, vinyle, toile de verre;Faux-plafond;Carrelage;Non;sans objet;3;56;0;1;Simple;10,88;Aucun système;sans objet;sans objet;sans objet;sans objet;Non;Non;sans objet;Non;sans objet;Oui;Aucun système;Aucun système;BLANC-FEUTRE;Oui;Oui;Non;Non;Hors-chauffe
EM06NIJ221_SDC2;EM06NIJ221;SDC2;Oui;1;Connais approxi;sans objet;Entre 1968 et 1974;Entre 1968 et 1981;58;58;93,2;177;0;0;23;0;0;0;0;0;0;0;23;Béton Parpaing;sans objet;Non;sans objet;sans objet;sans objet;sans objet;sans objet;sans objet;sans objet;sans objet;sans objet;sans objet;sans objet;Non;NA;>=1 fois par jour;>1 fois par semaine;>1 fois par semaine;>1 fois par semaine;Ne sait pas;Ne sait pas;Ne sait pas;Ne sait pas;Non;Non;Non;Non;Non;sans objet;Non;Peinture, papier peint, vinyle, toile de verre;Faux-plafond;Carrelage;Non;sans objet;4;54;0;10;Simple;9,84;Aucun système;sans objet;sans objet;sans objet;sans objet;Non;Non;sans objet;Non;sans objet;Oui;Aucun système;Aucun système;MAT-CRAIE;Oui;Non;Non;Non;Hors-chauffe
EM06NIS238_SDC1;EM06NIS238;SDC1;Oui;0;Oui, date exacte;1974;sans objet;Entre 1968 et 1981;61,6;61,6;85,4;173;23;0;0;0;0;0;0;0;0;0;23;Béton Parpaing;sans objet;Non;sans objet;sans objet;sans objet;sans objet;sans objet;sans objet;sans objet;sans objet;sans objet;sans objet;sans objet;Non;NA;>=1 fois par jour;>1 fois par semaine;>1 fois par semaine;>1 fois par semaine;Non;Non;Oui;Non;Non;Non;Non;Non;Non;sans objet;Non;Peinture, papier peint, vinyle, toile de verre;Faux-plafond;Plastique, PVC, linoléum;Non;sans objet;2;74;0;10;Simple;6,54;Aucun système;sans objet;sans objet;sans objet;sans objet;Non;Non;sans objet;Oui;2;Oui;Aucun système;Aucun système;BLANC-FEUTRE;Oui;Non;Non;Oui, tout le temps;Chauffe
EM06NIS238_SDC2;EM06NIS238;SDC2;Oui;1;Oui, date exacte;1974;sans objet;Entre 1968 et 1981;75,9;75,9;89,1;194;0;0;24;0;0;0;0;0;0;0;24;Béton Parpaing;sans objet;Oui;ACHEVES;Non;Non;Non;Non;Non;Non;Non;Non;Non;sans objet;Non;NA;>=1 fois par jour;>1 fois par semaine;>1 fois par semaine;>1 fois par semaine;Oui;Non;Oui;Non;Non;Non;Non;Non;Non;sans objet;Non;Peinture, papier peint, vinyle, toile de verre;Faux-plafond;Plastique, PVC, linoléum;Non;sans objet;2;80;0;10;Double;7,03;Aucun système;sans objet;sans objet;sans objet;sans objet;Non;Non;sans objet;Oui;2;Oui;Aucun système;Aucun système;MAT-CRAIE;Oui;Oui;Non;Oui, la plupart du temps;Chauffe
EM06NIW220_SDC1;EM06NIW220;SDC1;Oui;2;Oui, date exacte;1911;sans objet;Avant 1948;56,4;56,4;90;166;0;28;0;0;0;0;0;0;0;0;28;Béton Parpaing;sans objet;Non;sans objet;sans objet;sans objet;sans objet;sans objet;sans objet;sans objet;sans objet;sans objet;sans objet;sans objet;Non;NA;>=1 fois par jour;>1 fois par semaine;>1 fois par semaine;>1 fois par semaine;Non;Non;Ne sait pas;Non;Non;Non;Non;Non;Non;sans objet;Non;Peinture, papier peint, vinyle, toile de verre;Faux-plafond;Plastique, PVC, linoléum;Non;sans objet;0;93;0;0;Simple;9;Aucun système;sans objet;sans objet;sans objet;sans objet;Non;Non;sans objet;Non;sans objet;Non;Aucun système;Aucun système;MAT-CRAIE;Non;Non;Non;Oui, tout le temps;Chauffe
EM06NIW220_SDC2;EM06NIW220;SDC2;Oui;3;Oui, date exacte;1911;sans objet;Avant 1948;56,4;55,4;90;166;0;0;28;0;0;0;0;0;0;0;28;Béton Parpaing;sans objet;Non;sans objet;sans objet;sans objet;sans objet;sans objet;sans objet;sans objet;sans objet;sans objet;sans objet;sans objet;Non;NA;>=1 fois par jour;>1 fois par semaine;>1 fois par semaine;>1 fois par semaine;Non;Non;Ne sait pas;Non;Non;Non;Non;Non;Non;sans objet;Non;Peinture, papier peint, vinyle, toile de verre;Faux-plafond;Plastique, PVC, linoléum;Non;sans objet;3;84;0;5;Simple;9;Aucun système;sans objet;sans objet;sans objet;sans objet;Non;Non;sans objet;Non;sans objet;Non;Aucun système;Aucun système;MAT-CRAIE;Oui;Oui;Non;Oui, tout le temps;Chauffe
EM07ANI166_SDC1;EM07ANI166;SDC1;Oui;1;Oui, date exacte;1992;sans objet;Entre 1982 et 2002;40;42,5;152,6;181;18;0;0;0;0;0;0;0;0;0;18;Béton Parpaing;sans objet;Non;sans objet;sans objet;sans objet;sans objet;sans objet;sans objet;sans objet;sans objet;sans objet;sans objet;sans objet;Non;1 à 5 fois par an;<1 fois par jour;<=1 fois par semaine;Jamais;>1 fois par semaine;Non;Non;Non;Non;Non;Non;Non;Non;Non;sans objet;Non;Peinture, papier peint, vinyle, toile de verre;Faux-plafond;Plastique, PVC, linoléum;Non;sans objet;2;32;0;6;Double;12,25;VMC;sans objet;simple flux par extraction sans balayage;1;sans objet;Non;Oui;8;Non;sans objet;Oui;VMC ou VN;VMC fonctionnelle;MAT-CRAIE;Non;Non;Non;Oui, tout le temps;Chauffe
EM07ANI166_SDC2;EM07ANI166;SDC2;Oui;1;Oui, date exacte;1992;sans objet;Entre 1982 et 2002;46;50;102,8;146;0;13;0;0;0;0;0;0;0;0;13;Béton Parpaing;sans objet;Non;sans objet;sans objet;sans objet;sans objet;sans objet;sans objet;sans objet;sans objet;sans objet;sans objet;sans objet;Non;1 à 5 fois par an;<1 fois par jour;>1 fois par semaine;Jamais;<=1 fois par semaine;Non;Non;Non;Non;Non;Non;Non;Non;Non;sans objet;Non;Peinture, papier peint, vinyle, toile de verre;Faux-plafond;Plastique, PVC, linoléum;Non;sans objet;15;30;0;0;Double;11,8;VMC;sans objet;simple flux par extraction sans balayage;1;sans objet;Non;Oui;9;Non;sans objet;Non;VMC ou VN;VMC non fonctionnelle;BLANC-FEUTRE;Oui;Oui;Non;Oui, tout le temps;Chauffe
EM07AUX192_SDC1;EM07AUX192;SDC1;Oui;1;Connais approxi;sans objet;Entre 1982 et 1989;Entre 1982 et 2002;60,6;60,6;82,5;163;0;30;0;0;0;0;0;0;0;0;30;Béton Parpaing;sans objet;Non;sans objet;sans objet;sans objet;sans objet;sans objet;sans objet;sans objet;sans objet;sans objet;sans objet;sans objet;Non;1 à 5 fois par an;>=1 fois par jour;<=1 fois par semaine;<=1 fois par semaine;<=1 fois par semaine;Non;Non;Non;Oui;Non;Oui;Non;Non;Non;sans objet;Non;Peinture, papier peint, vinyle, toile de verre;Faux-plafond;Plastique, PVC, linoléum;Non;sans objet;2;62;0;44;Simple;6,46;VMC;sans objet;simple flux par extraction sans balayage;1;sans objet;Non;Non;sans objet;Non;sans objet;Oui;VMC ou VN;VMC info manquante;MAT-CRAIE;Oui;Non;Non;Oui, tout le temps;Chauffe
EM07AUX192_SDC2;EM07AUX192;SDC2;Oui;2;Connais approxi;sans objet;Entre 1982 et 1989;Entre 1982 et 2002;73,5;73,5;129,2;273;0;0;8;12;0;0;0;0;0;0;20;Pierre;sans objet;Non;sans objet;sans objet;sans objet;sans objet;sans objet;sans objet;sans objet;sans objet;sans objet;sans objet;sans objet;Non;Jamais;<1 fois par jour;<=1 fois par semaine;Jamais;<=1 fois par semaine;Non;Oui;Non;Non;Oui;Oui;Oui;Non;Oui;QQues taches eparses;Oui;Peinture, papier peint, vinyle, toile de verre;Faux-plafond;Carrelage;Non;sans objet;0;61;0;10;Double;9,88;VMC;sans objet;simple flux par extraction sans balayage;2;sans objet;Non;Non;sans objet;Non;sans objet;Oui;VMC ou VN;VMC info manquante;MAT-CRAIE;Non;Non;Non;Oui, tout le temps;Chauffe
EM07COZ115_SDC1;EM07COZ115;SDC1;Oui;0;Connais approxi;sans objet;Entre 1871 et 1914;Avant 1948;65,2;65,2;116,4;190;8;4;6;0;0;0;0;0;0;0;18;Béton Parpaing;sans objet;Non;sans objet;sans objet;sans objet;sans objet;sans objet;sans objet;sans objet;sans objet;sans objet;sans objet;sans objet;Oui;>5 fois par an;>=1 fois par jour;>1 fois par semaine;>1 fois par semaine;>1 fois par semaine;Non;Non;Non;Non;Non;Non;Non;Non;Non;sans objet;Non;Peinture, papier peint, vinyle, toile de verre;Faux-plafond;Plastique, PVC, linoléum;Non;sans objet;0;57;0;3;Double;4,8;Aucun système;sans objet;sans objet;sans objet;sans objet;Non;Non;sans objet;Non;sans objet;Oui;Aucun système;Aucun système;BLANC-FEUTRE;Oui;Oui;Non;Oui, tout le temps;Chauffe
EM07GUB185_SDC1;EM07GUB185;SDC1;Oui;1;Oui, date exacte;1975;sans objet;Entre 1968 et 1981;64;64;90;179;21;0;0;0;0;0;0;0;0;0;21;Béton Parpaing;sans objet;Non;sans objet;sans objet;sans objet;sans objet;sans objet;sans objet;sans objet;sans objet;sans objet;sans objet;sans objet;Oui;1 à 5 fois par an;>=1 fois par jour;>1 fois par semaine;>1 fois par semaine;>1 fois par semaine;Non;Non;Non;Non;Non;Non;Non;Non;Non;sans objet;Non;Peinture, papier peint, vinyle, toile de verre;Faux-plafond;Plastique, PVC, linoléum;Non;sans objet;0;58;0;3;Double;8,63;Aucun système;sans objet;sans objet;sans objet;sans objet;Non;Oui;2;Non;sans objet;Oui;Aucun système;Aucun système;MAT-CRAIE;Non;Non;Non;Oui, tout le temps;Chauffe
EM07GUB185_SDC2;EM07GUB185;SDC2;Oui;1;Oui, date exacte;1975;sans objet;Entre 1968 et 1981;61,1;61,1;84,8;165;0;0;22;0;0;0;0;0;0;0;22;Béton Parpaing;sans objet;Non;sans objet;sans objet;sans objet;sans objet;sans objet;sans objet;sans objet;sans objet;sans objet;sans objet;sans objet;Oui;1 à 5 fois par an;>=1 fois par jour;>1 fois par semaine;>1 fois par semaine;>1 fois par semaine;Non;Non;Non;Non;Non;Non;Non;Non;Non;sans objet;Non;Peinture, papier peint, vinyle, toile de verre;Faux-plafond;Carrelage;Oui;5;1;69;1;7;Double;7,56;Aucun système;sans objet;sans objet;sans objet;sans objet;Non;Oui;2;Non;sans objet;Non;Aucun système;Aucun système;MAT-CRAIE;Oui;Oui;Non;Oui, tout le temps;Chauffe
EM07GUX114_SDC1;EM07GUX114;SDC1;Oui;0;Oui, date exacte;2001;sans objet;Entre 1982 et 2002;59;59;104,1;189;21;0;0;0;0;0;0;0;0;0;21;Béton Parpaing;sans objet;Non;sans objet;sans objet;sans objet;sans objet;sans objet;sans objet;sans objet;sans objet;sans objet;sans objet;sans objet;Non;1 à 5 fois par an;>=1 fois par jour;>1 fois par semaine;>1 fois par semaine;>1 fois par semaine;Oui;Non;Oui;Non;Non;Non;Non;Non;Non;sans objet;Oui;Peinture, papier peint, vinyle, toile de verre;Faux-plafond;Plastique, PVC, linoléum;Non;sans objet;3;49;0;1;Double;8,48;VMC;sans objet;simple flux par extraction sans balayage;2;sans objet;Non;Oui;4;Non;sans objet;Non;VMC ou VN;VMC fonctionnelle;BLANC-FEUTRE;Non;Non;Non;Oui, tout le temps;Chauffe
EM07GUX114_SDC2;EM07GUX114;SDC2;Oui;0;Oui, date exacte;2001;sans objet;Entre 1982 et 2002;67;67;90;168;0;25;0;0;0;0;0;0;0;0;25;Béton Parpaing;sans objet;Non;sans objet;sans objet;sans objet;sans objet;sans objet;sans objet;sans objet;sans objet;sans objet;sans objet;sans objet;Non;1 à 5 fois par an;>=1 fois par jour;>1 fois par semaine;>1 fois par semaine;>1 fois par semaine;Non;Non;Oui;Non;Non;Non;Non;Non;Non;sans objet;Oui;Peinture, papier peint, vinyle, toile de verre;Faux-plafond;Plastique, PVC, linoléum;Non;sans objet;0;72;0;12;Double;9,88;VMC;sans objet;simple flux par extraction sans balayage;1;sans objet;Non;Oui;3;Non;sans objet;Non;VMC ou VN;VMC non fonctionnelle;BLANC-FEUTRE;Non;Non;Non;Oui, tout le temps;Chauffe
EM07GUX114_SDC3;EM07GUX114;SDC3;Oui;0;Oui, date exacte;2001;sans objet;Entre 1982 et 2002;59;59;104,1;189;0;0;27;0;0;0;0;0;0;0;27;Béton Parpaing;sans objet;Non;sans objet;sans objet;sans objet;sans objet;sans objet;sans objet;sans objet;sans objet;sans objet;sans objet;sans objet;Non;1 à 5 fois par an;>=1 fois par jour;>1 fois par semaine;>1 fois par semaine;>1 fois par semaine;Non;Non;Oui;Non;Non;Oui;Non;Non;Non;sans objet;Oui;Peinture, papier peint, vinyle, toile de verre;Faux-plafond;Plastique, PVC, linoléum;Non;sans objet;0;67;0;2;Double;8,48;VMC;sans objet;simple flux par extraction sans balayage;1;sans objet;Non;Oui;4;Non;sans objet;Non;VMC ou VN;VMC fonctionnelle;BLANC-FEUTRE;Non;Non;Non;Oui, tout le temps;Chauffe
EM07STY117_SDC1;EM07STY117;SDC1;Oui;0;Oui, date exacte;2004;sans objet;2003 et après;59;59;106,9;160;9;8;6;0;0;0;0;0;0;0;23;Béton Parpaing;sans objet;Non;sans objet;sans objet;sans objet;sans objet;sans objet;sans objet;sans objet;sans objet;sans objet;sans objet;sans objet;Non;1 à 5 fois par an;<1 fois par jour;>1 fois par semaine;>1 fois par semaine;>1 fois par semaine;Non;Non;Non;Non;Non;Non;Non;Non;Non;sans objet;Non;Peinture, papier peint, vinyle, toile de verre;Faux-plafond;Plastique, PVC, linoléum;Non;sans objet;1;23;0;30;Double;10,34;VMC;sans objet;simple flux par extraction avec balayage;4;sans objet;Non;Oui;8;Non;sans objet;Non;VMC ou VN;VMC info manquante;PAS DE TABLEAU;Non;Non;Non;Non;Hors-chauffe
EM07VAC116_SDC1;EM07VAC116;SDC1;Oui;0;Connais approxi;sans objet;Entre 1871 et 1914;Avant 1948;64;64;102;205;4;4;5;3;0;0;0;0;0;0;16;Pierre;sans objet;Non;sans objet;sans objet;sans objet;sans objet;sans objet;sans objet;sans objet;sans objet;sans objet;sans objet;sans objet;Non;1 à 5 fois par an;>=1 fois par jour;>1 fois par semaine;Jamais;<=1 fois par semaine;Non;Non;Non;Non;Non;Oui;Non;Non;Non;sans objet;Non;Peinture, papier peint, vinyle, toile de verre;Faux-plafond;Plastique, PVC, linoléum;Non;sans objet;16;47;0;2;Double;7,44;Aucun système;sans objet;sans objet;sans objet;sans objet;Oui, ouverts;Non;sans objet;Non;sans objet;Non;Aucun système;Aucun système;MIXTE;Oui;Oui;Oui;Oui, la plupart du temps;Chauffe
EM12FLD124_SDC1;EM12FLD124;SDC1;Oui;0;Connais approxi;sans objet;Entre 1915 et 1948;Avant 1948;67;67;105;178;12;8;0;0;0;0;0;0;0;0;20;Pierre;sans objet;Non;sans objet;sans objet;sans objet;sans objet;sans objet;sans objet;sans objet;sans objet;sans objet;sans objet;sans objet;Non;>5 fois par an;<1 fois par jour;<=1 fois par semaine;<=1 fois par semaine;<=1 fois par semaine;Oui;Non;Non;Non;Non;Oui;Non;Non;Oui;Surface inf à 1 m2;Non;Peinture, papier peint, vinyle, toile de verre;Faux-plafond;Plastique, PVC, linoléum;Non;sans objet;6;40;0;3;Double;9,95;Aucun système;sans objet;sans objet;sans objet;sans objet;Non;Non;sans objet;Non;sans objet;Oui;Aucun système;Aucun système;MAT-CRAIE;Oui;Oui;Non;Oui, tout le temps;Chauffe
EM12FLD124_SDC2;EM12FLD124;SDC2;Oui;0;Connais approxi;sans objet;Entre 1915 et 1948;Avant 1948;49;49;88;145;0;0;26;0;0;0;0;0;0;0;26;Pierre;sans objet;Non;sans objet;sans objet;sans objet;sans objet;sans objet;sans objet;sans objet;sans objet;sans objet;sans objet;sans objet;Oui;>5 fois par an;<1 fois par jour;<=1 fois par semaine;<=1 fois par semaine;<=1 fois par semaine;Oui;Non;Non;Non;Non;Oui;Non;Non;Non;sans objet;Non;Peinture, papier peint, vinyle, toile de verre;Faux-plafond;Plastique, PVC, linoléum;Non;sans objet;6;45;0;0;Double;13,43;Aucun système;sans objet;sans objet;sans objet;sans objet;Non;Non;sans objet;Non;sans objet;Oui;Aucun système;Aucun système;MAT-CRAIE;Non;Non;Non;Oui, tout le temps;Chauffe
EM12ROL194_SDC1;EM12ROL194;SDC1;Oui;-1;Connais approxi;sans objet;Entre 1990 et 1996;Entre 1982 et 2002;65,8;65,8;88,6;197;31;0;0;0;0;0;0;0;0;0;31;Briques;sans objet;Non;sans objet;sans objet;sans objet;sans objet;sans objet;sans objet;sans objet;sans objet;sans objet;sans objet;sans objet;Non;>5 fois par an;<1 fois par jour;>1 fois par semaine;<=1 fois par semaine;<=1 fois par semaine;Non;Non;Non;Non;Non;Non;Non;Non;Non;sans objet;Non;Peinture, papier peint, vinyle, toile de verre;Faux-plafond;Plastique, PVC, linoléum;Non;sans objet;0;35;0;8;Simple;14,8;VMC;sans objet;simple flux par extraction avec balayage;0;sans objet;Non;Oui;4;Non;sans objet;Oui;Aucun système;Aucun système;BLANC-FEUTRE;Non;Non;Non;Oui, tout le temps;Chauffe
EM12ROL194_SDC2;EM12ROL194;SDC2;Oui;1;Connais approxi;sans objet;Entre 1990 et 1996;Entre 1982 et 2002;77,5;77,5;109,8;248;0;0;23;0;0;0;0;0;0;0;23;Briques;sans objet;Non;sans objet;sans objet;sans objet;sans objet;sans objet;sans objet;sans objet;sans objet;sans objet;sans objet;sans objet;Non;>5 fois par an;<1 fois par jour;>1 fois par semaine;<=1 fois par semaine;<=1 fois par semaine;Non;Non;Non;Non;Non;Non;Non;Non;Non;sans objet;Non;Peinture, papier peint, vinyle, toile de verre;Faux-plafond;Plastique, PVC, linoléum;Non;sans objet;0;57;0;0;Double;16;Aucun système;sans objet;sans objet;sans objet;sans objet;Non;Non;sans objet;Non;sans objet;Oui;Aucun système;Aucun système;MAT-CRAIE;Non;Non;Non;Oui, tout le temps;Chauffe
EM12ROQ182_SDC1;EM12ROQ182;SDC1;Oui;0;Connais approxi;sans objet;Entre 1949 et 1961;Entre 1949 et 1967;56;56;92,1;168;6;21;0;0;0;0;0;0;0;0;27;Pierre;sans objet;Non;sans objet;sans objet;sans objet;sans objet;sans objet;sans objet;sans objet;sans objet;sans objet;sans objet;sans objet;Non;>5 fois par an;>=1 fois par jour;>1 fois par semaine;>1 fois par semaine;>1 fois par semaine;Non;Non;Oui;Non;Non;Non;Non;Non;Non;sans objet;Non;Peinture, papier peint, vinyle, toile de verre;Faux-plafond;Plastique, PVC, linoléum;Non;sans objet;12;34;0;43;Double;15,2;Aucun système;sans objet;sans objet;sans objet;sans objet;Non;Non;sans objet;Non;sans objet;Oui;Aucun système;Aucun système;MAT-CRAIE;Oui;Non;Non;Oui, tout le temps;Chauffe
EM12ROQ182_SDC2;EM12ROQ182;SDC2;Oui;0;Connais approxi;sans objet;Entre 1949 et 1961;Entre 1949 et 1967;82;82;187,9;343;0;6;20;0;0;0;0;0;0;0;26;Pierre;sans objet;Non;sans objet;sans objet;sans objet;sans objet;sans objet;sans objet;sans objet;sans objet;sans objet;sans objet;sans objet;Non;>5 fois par an;>=1 fois par jour;>1 fois par semaine;>1 fois par semaine;>1 fois par semaine;Non;Non;Oui;Non;Non;Non;Non;Non;Non;sans objet;Non;Peinture, papier peint, vinyle, toile de verre;Peinture, papier peint, vinyle, toile de verre;Plastique, PVC, linoléum;Non;sans objet;9;32;0;36;Double;30;Aucun système;sans objet;sans objet;sans objet;sans objet;Non;Non;sans objet;Non;sans objet;Oui;Aucun système;Aucun système;MAT-CRAIE;Non;Non;Non;Oui, la plupart du temps;Chauffe
EM12SAG123_SDC1;EM12SAG123;SDC1;Oui;0;Oui, date exacte;2000;sans objet;Entre 1982 et 2002;58;58;86;163;22;0;0;0;0;0;0;0;0;0;22;Béton Parpaing;sans objet;Non;sans objet;sans objet;sans objet;sans objet;sans objet;sans objet;sans objet;sans objet;sans objet;sans objet;sans objet;NA;>5 fois par an;>=1 fois par jour;>1 fois par semaine;>1 fois par semaine;>1 fois par semaine;Non;Non;Non;Non;Non;Non;Non;Non;Non;sans objet;Non;Peinture, papier peint, vinyle, toile de verre;Faux-plafond;Parquet massif ou contrecollé, vitrifié, stratifié;Non;sans objet;0;67;0;6;Double;16;Aucun système;sans objet;sans objet;sans objet;sans objet;Non;Non;sans objet;Non;sans objet;Oui;Aucun système;Aucun système;BLANC-FEUTRE;Non;Non;Non;Oui, tout le temps;Chauffe
EM12SAG123_SDC2;EM12SAG123;SDC2;Oui;0;Oui, date exacte;2000;sans objet;Entre 1982 et 2002;58;58;86;163;21;19;0;0;0;0;0;0;0;0;40;Béton Parpaing;sans objet;Non;sans objet;sans objet;sans objet;sans objet;sans objet;sans objet;sans objet;sans objet;sans objet;sans objet;sans objet;NA;>5 fois par an;>=1 fois par jour;>1 fois par semaine;>1 fois par semaine;>1 fois par semaine;Non;Non;Non;Non;Non;Non;Non;Non;Non;sans objet;Non;Peinture, papier peint, vinyle, toile de verre;Faux-plafond;Parquet massif ou contrecollé, vitrifié, stratifié;Non;sans objet;0;57;0;8;Double;16;Aucun système;sans objet;sans objet;sans objet;sans objet;Non;Non;sans objet;Non;sans objet;Oui;Aucun système;Aucun système;MAT-CRAIE;Non;Non;Non;Oui, tout le temps;Chauffe
EM13AEI081_SDC1;EM13AEI081;SDC1;Oui;0;Non;sans objet;sans objet;Entre 1968 et 1981;58,6;58,6;86;163;14;0;14;0;0;0;0;0;0;0;28;Béton Parpaing;sans objet;Non;sans objet;sans objet;sans objet;sans objet;sans objet;sans objet;sans objet;sans objet;sans objet;sans objet;sans objet;Oui;Jamais;>=1 fois par jour;Jamais;Jamais;>1 fois par semaine;Non;Non;Non;Non;Non;Non;Non;Non;Non;sans objet;Non;Peinture, papier peint, vinyle, toile de verre;Faux-plafond;Plastique, PVC, linoléum;Non;sans objet;0;0;40;15;Double;7,5;Aucun système;sans objet;sans objet;sans objet;sans objet;Non;Oui;3;Non;sans objet;Non;Aucun système;Aucun système;MAT-CRAIE;Non;Non;Non;Oui, tout le temps;Chauffe
EM13AEI081_SDC2;EM13AEI081;SDC2;Oui;0;Non;sans objet;sans objet;Entre 1968 et 1981;60;60;85,6;165;0;31;0;0;0;0;0;0;0;0;31;Béton Parpaing;sans objet;Non;sans objet;sans objet;sans objet;sans objet;sans objet;sans objet;sans objet;sans objet;sans objet;sans objet;sans objet;Oui;Jamais;>=1 fois par jour;Jamais;Jamais;>1 fois par semaine;Non;Non;Non;Non;Non;Non;Non;Non;Non;sans objet;Non;Peinture, papier peint, vinyle, toile de verre;Faux-plafond;Plastique, PVC, linoléum;Non;sans objet;0;28;0;33;Double;5,5;Aucun système;sans objet;sans objet;sans objet;sans objet;Non;Oui;5;Non;sans objet;Non;Aucun système;Aucun système;MAT-CRAIE;Non;Non;Non;Oui, la plupart du temps;Chauffe
EM13AUM079_SDC1;EM13AUM079;SDC1;Oui;0;NA;NA;NA;Entre 1949 et 1967;73,3;90;136,9;286;17;13;0;0;0;0;0;0;0;0;30;Béton Parpaing;sans objet;Non;sans objet;sans objet;sans objet;sans objet;sans objet;sans objet;sans objet;sans objet;sans objet;sans objet;sans objet;Non;>5 fois par an;<1 fois par jour;>1 fois par semaine;Jamais;>1 fois par semaine;Non;Non;Non;Oui;Non;Non;Non;Non;Non;sans objet;Non;Peinture, papier peint, vinyle, toile de verre;Faux-plafond;Carrelage;Non;sans objet;0;65;0;8;Double;9,4;VMC;sans objet;simple flux par extraction avec balayage;0;sans objet;Non;Oui;2;Non;sans objet;Oui;Aucun système;Aucun système;MAT-CRAIE;Oui;Oui;Non;Oui, la plupart du temps;Chauffe
EM13AUM079_SDC2;EM13AUM079;SDC2;Oui;0;NA;NA;NA;Entre 1949 et 1967;54,7;70;119,1;213;0;13;17;0;0;0;0;0;0;0;30;Béton Parpaing;sans objet;Non;sans objet;sans objet;sans objet;sans objet;sans objet;sans objet;sans objet;sans objet;sans objet;sans objet;sans objet;Non;>5 fois par an;<1 fois par jour;>1 fois par semaine;Jamais;>1 fois par semaine;Non;Non;Non;Oui;Non;Non;Non;Non;Non;sans objet;Non;Peinture, papier peint, vinyle, toile de verre;Faux-plafond;Carrelage;Non;sans objet;0;58;0;3;NA;8,4;VMC;sans objet;simple flux par extraction avec balayage;0;sans objet;Non;Non;sans objet;Non;sans objet;Oui;Aucun système;Aucun système;MAT-CRAIE;Non;Non;Non;Non;Chauffe
EM13BEY007_SDC1;EM13BEY007;SDC1;Oui;0;Connais approxi;sans objet;Entre 1871 et 1914;Avant 1948;53;53;104;185;3;3;7;0;0;0;0;0;0;0;13;Pierre;sans objet;Non;sans objet;sans objet;sans objet;sans objet;sans objet;sans objet;sans objet;sans objet;sans objet;sans objet;sans objet;Non;>5 fois par an;>=1 fois par jour;>1 fois par semaine;Jamais;>1 fois par semaine;Non;Non;Non;Non;Non;Non;Non;Non;Non;sans objet;Non;Peinture, papier peint, vinyle, toile de verre;Faux-plafond;Carrelage;Oui;15;16;17;0;25;Double;8,3;Aucun système;sans objet;sans objet;sans objet;sans objet;Non;Non;sans objet;Non;sans objet;Non;Aucun système;Aucun système;MAT-CRAIE;Oui;Non;Non;Non;Hors-chauffe
EM13BLR080_SDC1;EM13BLR080;SDC1;Oui;0;Oui, date exacte;1962;sans objet;Entre 1949 et 1967;59;59;92;175;22;0;0;0;0;0;0;0;0;0;22;Béton Parpaing;sans objet;Non;sans objet;sans objet;sans objet;sans objet;sans objet;sans objet;sans objet;sans objet;sans objet;sans objet;sans objet;Non;1 à 5 fois par an;Jamais;>1 fois par semaine;Jamais;>1 fois par semaine;Non;Non;Non;Non;Non;Non;Non;Non;Non;sans objet;Non;Peinture, papier peint, vinyle, toile de verre;Faux-plafond;Carrelage;Non;sans objet;2;65;0;5;Double;10,7;Aucun système;sans objet;sans objet;sans objet;sans objet;Non;Non;sans objet;Non;sans objet;Oui;Aucun système;Aucun système;MAT-CRAIE;Non;Non;Non;Oui, tout le temps;Chauffe
EM13BLR080_SDC2;EM13BLR080;SDC2;Oui;0;Oui, date exacte;1962;sans objet;Entre 1949 et 1967;59;69;92;175;0;24;0;0;0;0;0;0;0;0;24;Béton Parpaing;sans objet;Non;sans objet;sans objet;sans objet;sans objet;sans objet;sans objet;sans objet;sans objet;sans objet;sans objet;sans objet;Non;1 à 5 fois par an;Jamais;>1 fois par semaine;Jamais;>1 fois par semaine;Non;Non;Non;Non;Non;Non;Non;Non;Non;sans objet;Non;Peinture, papier peint, vinyle, toile de verre;Faux-plafond;Carrelage;Non;sans objet;5;45;0;1;Double;11,1;Aucun système;sans objet;sans objet;sans objet;sans objet;Non;Non;sans objet;Non;sans objet;Oui;Aucun système;Aucun système;MAT-CRAIE;Non;Non;Non;Oui, tout le temps;Chauffe
EM13BOS110_SDC1;EM13BOS110;SDC1;Oui;1;Connais approxi;sans objet;NA;Avant 1948;42,3;42,6;86,4;140;0;22;0;0;0;0;0;0;0;0;22;Béton Parpaing;sans objet;Non;sans objet;sans objet;sans objet;sans objet;sans objet;sans objet;sans objet;sans objet;sans objet;sans objet;sans objet;NA;1 à 5 fois par an;>=1 fois par jour;>1 fois par semaine;>1 fois par semaine;>1 fois par semaine;Non;Non;Non;Non;Non;Non;Non;Non;Non;sans objet;Non;Peinture, papier peint, vinyle, toile de verre;Peinture, papier peint, vinyle, toile de verre;Carrelage;Non;sans objet;0;14;0;24;Double;6;Aucun système;sans objet;sans objet;sans objet;sans objet;Non;Non;sans objet;Non;sans objet;Non;Aucun système;Aucun système;PAS DE TABLEAU;Non;Non;Non;Oui, la plupart du temps;Chauffe
EM13BOS110_SDC2;EM13BOS110;SDC2;Oui;0;Connais approxi;sans objet;Entre 1982 et 1989;Entre 1982 et 2002;50;50;71,7;125;28;0;0;0;0;0;0;0;0;0;28;Pierre;sans objet;Non;sans objet;sans objet;sans objet;sans objet;sans objet;sans objet;sans objet;sans objet;sans objet;sans objet;sans objet;NA;1 à 5 fois par an;>=1 fois par jour;>1 fois par semaine;>1 fois par semaine;>1 fois par semaine;Non;Non;Non;Non;Non;Non;Oui;Non;Non;sans objet;Non;Peinture, papier peint, vinyle, toile de verre;Peinture, papier peint, vinyle, toile de verre;Carrelage;Non;sans objet;0;12;0;36;Simple;9,6;Aucun système;sans objet;sans objet;sans objet;sans objet;Non;Non;sans objet;Non;sans objet;Non;Aucun système;Aucun système;PAS DE TABLEAU;Oui;Non;Non;Oui, la plupart du temps;Chauffe
EM13ISB009_SDC1;EM13ISB009;SDC1;Oui;0;Oui, date exacte;2002;sans objet;Entre 1982 et 2002;56;54;78;143;11;19;0;0;0;0;0;0;0;0;30;Béton Parpaing;sans objet;Non;sans objet;sans objet;sans objet;sans objet;sans objet;sans objet;sans objet;sans objet;sans objet;sans objet;sans objet;Non;>5 fois par an;<1 fois par jour;>1 fois par semaine;Jamais;>1 fois par semaine;Non;Non;Non;Non;Non;Oui;Non;Non;Non;sans objet;Non;Peinture, papier peint, vinyle, toile de verre;Faux-plafond;Plastique, PVC, linoléum;Non;sans objet;0;49;0;0;Double;6,4;Aucun système;sans objet;sans objet;sans objet;sans objet;Non;Oui;4;Non;sans objet;Non;Aucun système;Aucun système;MAT-CRAIE;Non;Non;Non;Oui, tout le temps;Chauffe
EM13ISB009_SDC2;EM13ISB009;SDC2;Oui;0;Oui, date exacte;1968;sans objet;Entre 1968 et 1981;56;56;88;158;9;19;0;0;0;0;0;0;0;0;28;Autre;construction pailleron;Non;sans objet;sans objet;sans objet;sans objet;sans objet;sans objet;sans objet;sans objet;sans objet;sans objet;sans objet;Non;>5 fois par an;<1 fois par jour;>1 fois par semaine;Jamais;>1 fois par semaine;Non;Non;Non;Non;Non;Non;Non;Non;Non;sans objet;Non;Peinture, papier peint, vinyle, toile de verre;Faux-plafond;Plastique, PVC, linoléum;Non;sans objet;2;56;2;6;Double;7;Aucun système;sans objet;sans objet;sans objet;sans objet;Non;Non;sans objet;Non;sans objet;Non;Aucun système;Aucun système;MAT-CRAIE;Non;Non;Non;Oui, tout le temps;Chauffe
EM13MAD008_SDC1;EM13MAD008;SDC1;Oui;1;Non;sans objet;sans objet;Avant 1948;63;63;116,4;212;0;19;12;0;0;0;0;0;0;0;31;Pierre;sans objet;Oui;Non;Non;Non;Non;Non;Non;Non;Non;Non;ACHEVES;REFECTION TOIT;Non;1 à 5 fois par an;>=1 fois par jour;>1 fois par semaine;Jamais;>1 fois par semaine;Oui;Oui;Oui;Oui;Non;Oui;Oui;Non;Oui;QQues taches eparses;Non;Peinture, papier peint, vinyle, toile de verre;Faux-plafond;Plastique, PVC, linoléum;Non;sans objet;0;53;0;26;Simple;10;Aucun système;sans objet;sans objet;sans objet;sans objet;Non;Non;sans objet;Non;sans objet;Non;Aucun système;Aucun système;MAT-CRAIE;Oui;Non;Non;Non;Hors-chauffe
EM13MAD008_SDC2;EM13MAD008;SDC2;Oui;1;Non;sans objet;sans objet;Avant 1948;63;63;116;229;7;0;27;0;0;0;0;0;0;0;34;Pierre;sans objet;Non;sans objet;sans objet;sans objet;sans objet;sans objet;sans objet;sans objet;sans objet;sans objet;sans objet;sans objet;Non;1 à 5 fois par an;>=1 fois par jour;>1 fois par semaine;Jamais;>1 fois par semaine;Non;Non;Non;Non;NA;NA;NA;NA;NA;NA;NA;Peinture, papier peint, vinyle, toile de verre;Faux-plafond;Plastique, PVC, linoléum;Non;sans objet;0;75;0;6;Simple;13,7;Aucun système;sans objet;sans objet;sans objet;sans objet;Non;Non;sans objet;Non;sans objet;Non;Aucun système;Aucun système;MAT-CRAIE;Oui;Non;Non;Non;Hors-chauffe
EM13MAD008_SDC3;EM13MAD008;SDC3;Oui;0;Non;sans objet;sans objet;Avant 1948;63;63;130;262;20;11;0;0;0;0;0;0;0;0;31;Pierre;sans objet;Non;sans objet;sans objet;sans objet;sans objet;sans objet;sans objet;sans objet;sans objet;sans objet;sans objet;sans objet;Non;1 à 5 fois par an;>=1 fois par jour;>1 fois par semaine;Jamais;>1 fois par semaine;Non;Non;Non;Non;Non;Non;Non;Non;Non;sans objet;Non;Peinture, papier peint, vinyle, toile de verre;Faux-plafond;Plastique, PVC, linoléum;Non;sans objet;0;52;0;18;Simple;17,4;Aucun système;sans objet;sans objet;sans objet;sans objet;Non;Non;sans objet;Non;sans objet;Oui;Aucun système;Aucun système;MAT-CRAIE;Non;Non;Non;Non;Hors-chauffe
EM13MAF010_SDC1;EM13MAF010;SDC1;Oui;0;Connais approxi;sans objet;Entre 1962 et 1967;Entre 1949 et 1967;59;59;80;154;31;0;0;0;0;0;0;0;0;0;31;Béton Parpaing;sans objet;Non;sans objet;sans objet;sans objet;sans objet;sans objet;sans objet;sans objet;sans objet;sans objet;sans objet;sans objet;Non;>5 fois par an;>=1 fois par jour;>1 fois par semaine;Jamais;>1 fois par semaine;Non;Non;Non;Non;Non;Non;Oui;Non;Non;sans objet;Non;Peinture, papier peint, vinyle, toile de verre;Faux-plafond;Carrelage;Non;sans objet;5;39;0;1;Double;2,9;Aucun système;sans objet;sans objet;sans objet;sans objet;Non;Non;sans objet;Non;sans objet;Oui;Aucun système;Aucun système;MAT-CRAIE;Non;Non;Non;Non;Hors-chauffe
EM13MAF010_SDC2;EM13MAF010;SDC2;Oui;1;Oui, date exacte;2009;sans objet;2003 et après;62;62;86;168;0;14;14;0;0;0;0;0;0;0;28;Bois;sans objet;Non;sans objet;sans objet;sans objet;sans objet;sans objet;sans objet;sans objet;sans objet;sans objet;sans objet;sans objet;Non;>5 fois par an;Jamais;>1 fois par semaine;Jamais;>1 fois par semaine;Non;Non;Non;Non;Non;Non;Non;Non;Non;sans objet;Non;Peinture, papier peint, vinyle, toile de verre;Faux-plafond;Plastique, PVC, linoléum;Non;sans objet;4;50;1;0;Double;8,3;VMC;sans objet;simple flux par extraction avec balayage;2;sans objet;Non;Oui;2;Non;sans objet;Oui;VMC ou VN;VMC fonctionnelle;MAT-CRAIE;Non;Non;Non;Non;Hors-chauffe
EM13MAQ011_SDC1;EM13MAQ011;SDC1;Oui;0;Oui, date exacte;1966;sans objet;Entre 1949 et 1967;55;55;80;147;0;9;18;0;0;0;0;0;0;0;27;Béton Parpaing;sans objet;Non;sans objet;sans objet;sans objet;sans objet;sans objet;sans objet;sans objet;sans objet;sans objet;sans objet;sans objet;Non;1 à 5 fois par an;>=1 fois par jour;>1 fois par semaine;<=1 fois par semaine;>1 fois par semaine;Non;Non;Non;Non;Non;Non;Non;Non;Non;sans objet;Non;Peinture, papier peint, vinyle, toile de verre;Faux-plafond;Carrelage;Non;sans objet;7;47;0;2;Double;0,6;Aucun système;sans objet;sans objet;sans objet;sans objet;Non;Non;sans objet;Non;sans objet;Non;Aucun système;Aucun système;BLANC-FEUTRE;Oui;Non;Non;Non;Hors-chauffe
EM13MAQ011_SDC2;EM13MAQ011;SDC2;Oui;0;Oui, date exacte;1966;sans objet;Entre 1949 et 1967;56;56;85;147;10;16;0;0;0;0;0;0;0;0;26;Béton Parpaing;sans objet;Non;sans objet;sans objet;sans objet;sans objet;sans objet;sans objet;sans objet;sans objet;sans objet;sans objet;sans objet;Non;1 à 5 fois par an;>=1 fois par jour;>1 fois par semaine;<=1 fois par semaine;>1 fois par semaine;Non;Non;Non;Non;Non;Non;Non;Non;Non;sans objet;Non;Peinture, papier peint, vinyle, toile de verre;Faux-plafond;Carrelage;Non;sans objet;5;48;0;2;Simple;6;Aucun système;sans objet;sans objet;sans objet;sans objet;Non;Non;sans objet;Non;sans objet;Non;Aucun système;Aucun système;BLANC-FEUTRE;Non;Non;Non;Non;Hors-chauffe
EM14CAJ111_SDC1;EM14CAJ111;SDC1;Oui;0;NA;NA;NA;2003 et après;46;46;71;115;0;0;27;0;0;0;0;0;0;0;27;NA;NA;NA;sans objet;sans objet;sans objet;sans objet;sans objet;sans objet;sans objet;sans objet;sans objet;sans objet;sans objet;NA;NA;NA;NA;NA;NA;NA;NA;NA;NA;Non;Non;Non;Non;Non;sans objet;Non;Peinture, papier peint, vinyle, toile de verre;Faux-plafond;Plastique, PVC, linoléum;Non;sans objet;6;34;6;8;Double;10,2;VMC;sans objet;VMC double flux sans balayage;3;3;Non;Non;sans objet;Non;sans objet;Non;VMC ou VN;VMC fonctionnelle;BLANC-FEUTRE;Oui;Oui;Non;Non;Hors-chauffe
EM14CAJ111_SDC2;EM14CAJ111;SDC2;Oui;0;NA;NA;NA;2003 et après;46;46;71;115;14;14;0;0;0;0;0;0;0;0;28;NA;NA;NA;sans objet;sans objet;sans objet;sans objet;sans objet;sans objet;sans objet;sans objet;sans objet;sans objet;sans objet;NA;NA;NA;NA;NA;NA;NA;NA;NA;NA;Non;Non;Non;Non;Non;sans objet;Non;Peinture, papier peint, vinyle, toile de verre;Faux-plafond;Carrelage;Non;sans objet;1;22;1;33;Double;10,2;VMC;sans objet;VMC double flux sans balayage;3;3;Non;Non;sans objet;Non;sans objet;Non;VMC ou VN;VMC fonctionnelle;PAS DE TABLEAU;Non;Non;Non;Non;Hors-chauffe
EM14CAJ111_SDC3;EM14CAJ111;SDC3;Oui;0;NA;NA;NA;2003 et après;46;46;71;115;13;14;0;0;0;0;0;0;0;0;27;NA;NA;NA;sans objet;sans objet;sans objet;sans objet;sans objet;sans objet;sans objet;sans objet;sans objet;sans objet;sans objet;NA;NA;NA;NA;NA;NA;NA;NA;NA;NA;Non;Non;Non;Non;Non;sans objet;Non;Peinture, papier peint, vinyle, toile de verre;Faux-plafond;Carrelage;Non;sans objet;0;44;1;2;Double;8,9;VMC;sans objet;VMC double flux sans balayage;4;3;Non;Non;sans objet;Non;sans objet;Non;VMC ou VN;VMC non fonctionnelle;MAT-CRAIE;Non;Non;Non;Non;Hors-chauffe
EM14CAY104_SDC1;EM14CAY104;SDC1;Oui;1;Non;sans objet;sans objet;Entre 1968 et 1981;55;56;84,4;160;25;0;0;0;0;0;0;0;0;0;25;Autre;mur préfabriqué;Non;sans objet;sans objet;sans objet;sans objet;sans objet;sans objet;sans objet;sans objet;sans objet;sans objet;sans objet;Non;1 à 5 fois par an;>=1 fois par jour;<=1 fois par semaine;<=1 fois par semaine;>1 fois par semaine;Non;Non;Non;Non;Non;Non;Non;Non;Non;sans objet;Non;Peinture, papier peint, vinyle, toile de verre;Métal;Plastique, PVC, linoléum;Non;sans objet;2;17;0;29;Double;11,5;Aucun système;sans objet;sans objet;sans objet;sans objet;Non;Oui;5;Non;sans objet;Oui;Aucun système;Aucun système;MAT-CRAIE;Oui;Non;Non;Oui, tout le temps;Chauffe
EM14CAY104_SDC2;EM14CAY104;SDC2;Oui;1;Non;sans objet;sans objet;Entre 1968 et 1981;55;56;84,4;160;0;7;18;0;0;0;0;0;0;0;25;Autre;mur préfabriqué;Non;sans objet;sans objet;sans objet;sans objet;sans objet;sans objet;sans objet;sans objet;sans objet;sans objet;sans objet;Non;1 à 5 fois par an;>=1 fois par jour;<=1 fois par semaine;<=1 fois par semaine;>1 fois par semaine;Non;Non;Non;Non;Non;Non;Non;Non;Non;sans objet;Non;Peinture, papier peint, vinyle, toile de verre;Métal;Plastique, PVC, linoléum;Non;sans objet;3;28;0;30;Double;11,5;Aucun système;sans objet;sans objet;sans objet;sans objet;Non;Oui;5;Non;sans objet;Oui;Aucun système;Aucun système;BLANC-FEUTRE;Oui;Non;Non;Oui, la plupart du temps;Chauffe
EM14FAR043_SDC1;EM14FAR043;SDC1;Oui;0;Oui, date exacte;1975;sans objet;Entre 1968 et 1981;62;62;97,4;186;16;6;0;0;0;0;0;0;0;0;22;Béton Parpaing;sans objet;Non;sans objet;sans objet;sans objet;sans objet;sans objet;sans objet;sans objet;sans objet;sans objet;sans objet;sans objet;Oui;>5 fois par an;>=1 fois par jour;>1 fois par semaine;<=1 fois par semaine;<=1 fois par semaine;Non;Non;Non;Non;Non;Non;Non;Non;Non;sans objet;Non;Peinture, papier peint, vinyle, toile de verre;Faux-plafond;Plastique, PVC, linoléum;Oui;10;1;60;4;3;Double;10,1;Aucun système;sans objet;sans objet;sans objet;sans objet;Non;Non;sans objet;Non;sans objet;Non;Aucun système;Aucun système;MAT-CRAIE;Non;Non;Non;Oui, la plupart du temps;Chauffe
EM14FAR043_SDC2;EM14FAR043;SDC2;Oui;0;Oui, date exacte;1975;sans objet;Entre 1968 et 1981;62;62;97,4;186;0;0;24;0;0;0;0;0;0;0;24;Béton Parpaing;sans objet;Non;sans objet;sans objet;sans objet;sans objet;sans objet;sans objet;sans objet;sans objet;sans objet;sans objet;sans objet;Oui;>5 fois par an;>=1 fois par jour;>1 fois par semaine;<=1 fois par semaine;<=1 fois par semaine;Non;Non;Non;Non;Non;Non;Non;Non;Non;sans objet;Non;Peinture, papier peint, vinyle, toile de verre;Faux-plafond;Plastique, PVC, linoléum;Oui;10;1;73;2;0;Double;10,1;Aucun système;sans objet;sans objet;sans objet;sans objet;Non;Non;sans objet;Non;sans objet;Non;Aucun système;Aucun système;MAT-CRAIE;Non;Non;Non;Oui, tout le temps;Chauffe
EM14HSI071_SDC1;EM14HSI071;SDC1;Oui;0;Non;sans objet;sans objet;Entre 1949 et 1967;55,7;55,7;86,2;143;0;12;16;0;0;0;0;0;0;0;28;Béton Parpaing;sans objet;Non;sans objet;sans objet;sans objet;sans objet;sans objet;sans objet;sans objet;sans objet;sans objet;sans objet;sans objet;Non;1 à 5 fois par an;<1 fois par jour;>1 fois par semaine;<=1 fois par semaine;<=1 fois par semaine;Non;Ne sait pas;Oui;Non;Non;Non;Non;Non;Non;sans objet;Non;Peinture, papier peint, vinyle, toile de verre;Faux-plafond;Plastique, PVC, linoléum;Non;sans objet;5;61;0;2;Double;14,4;Aucun système;sans objet;sans objet;sans objet;sans objet;Oui, ouverts;Oui;2;Non;sans objet;Non;Aucun système;Aucun système;BLANC-FEUTRE;Non;Non;Non;Non;Chauffe
EM14HSI071_SDC2;EM14HSI071;SDC2;Oui;0;Non;sans objet;sans objet;Entre 1949 et 1967;61;61;79,7;149;21;4;0;0;0;0;0;0;0;0;25;Béton Parpaing;sans objet;Non;sans objet;sans objet;sans objet;sans objet;sans objet;sans objet;sans objet;sans objet;sans objet;sans objet;sans objet;Non;1 à 5 fois par an;<1 fois par jour;>1 fois par semaine;<=1 fois par semaine;<=1 fois par semaine;Non;Ne sait pas;Oui;Non;Non;Non;Non;Non;Non;sans objet;Non;Peinture, papier peint, vinyle, toile de verre;Faux-plafond;Plastique, PVC, linoléum;Non;sans objet;1;65;0;1;Double;9,6;Aucun système;sans objet;sans objet;sans objet;sans objet;Non;Non;sans objet;Non;sans objet;Non;Aucun système;Aucun système;BLANC-FEUTRE;Oui;Non;Non;Non;Chauffe
EM14HSW086_SDC1;EM14HSW086;SDC1;Oui;0;NA;NA;NA;Entre 1982 et 2002;65;65;88,1;168;9;6;10;0;0;0;0;0;0;0;25;NA;NA;NA;sans objet;sans objet;sans objet;sans objet;sans objet;sans objet;sans objet;sans objet;sans objet;sans objet;sans objet;NA;NA;NA;NA;NA;NA;NA;NA;NA;NA;Non;Oui;Non;Non;Non;sans objet;Non;Peinture, papier peint, vinyle, toile de verre;Faux-plafond;Plastique, PVC, linoléum;Oui;10;6;24;33;7;Double;8,9;Aucun système;sans objet;sans objet;sans objet;sans objet;Non;Oui;2;Non;sans objet;Non;Aucun système;Aucun système;MAT-CRAIE;Non;Non;Non;Non;Hors-chauffe
EM14HSW086_SDC2;EM14HSW086;SDC2;Oui;0;NA;NA;NA;Entre 1982 et 2002;65;65;88,1;169;8;7;9;0;0;0;0;0;0;0;24;NA;NA;NA;sans objet;sans objet;sans objet;sans objet;sans objet;sans objet;sans objet;sans objet;sans objet;sans objet;sans objet;NA;NA;NA;NA;NA;NA;NA;NA;NA;NA;Non;Non;Non;Non;Non;sans objet;Non;Peinture, papier peint, vinyle, toile de verre;Faux-plafond;Plastique, PVC, linoléum;Oui;10;6;24;33;7;Double;8,9;Aucun système;sans objet;sans objet;sans objet;sans objet;Non;Oui;2;Non;sans objet;Non;Aucun système;Aucun système;MAT-CRAIE;Non;Non;Non;Non;Hors-chauffe
EM14HSW086_SDC3;EM14HSW086;SDC3;Oui;0;NA;NA;NA;Entre 1982 et 2002;65;65;88,1;168;8;7;9;0;0;0;0;0;0;0;24;NA;NA;NA;sans objet;sans objet;sans objet;sans objet;sans objet;sans objet;sans objet;sans objet;sans objet;sans objet;sans objet;NA;NA;NA;NA;NA;NA;NA;NA;NA;NA;Non;Non;Non;Non;Non;sans objet;Non;Peinture, papier peint, vinyle, toile de verre;Faux-plafond;Plastique, PVC, linoléum;Non;sans objet;4;54;0;5;Double;8,9;Aucun système;sans objet;sans objet;sans objet;sans objet;Non;Oui;2;Non;sans objet;Non;Aucun système;Aucun système;BLANC-FEUTRE;Non;Non;Non;Non;Hors-chauffe
EM14LIM095_SDC1;EM14LIM095;SDC1;Oui;0;NA;NA;NA;NA;59;59,5;88,4;188;16;9;0;0;0;0;0;0;0;0;25;NA;NA;NA;sans objet;sans objet;sans objet;sans objet;sans objet;sans objet;sans objet;sans objet;sans objet;sans objet;sans objet;NA;>5 fois par an;>=1 fois par jour;>1 fois par semaine;<=1 fois par semaine;>1 fois par semaine;Oui;Non;Oui;Non;Non;Non;Oui;Non;Non;sans objet;Non;Peinture, papier peint, vinyle, toile de verre;Faux-plafond;Plastique, PVC, linoléum;Non;sans objet;1;51;0;0;Double;6,8;Aucun système;sans objet;sans objet;sans objet;sans objet;Non;Non;sans objet;Non;sans objet;Oui;Aucun système;Aucun système;BLANC-FEUTRE;Non;Non;Non;Oui, la plupart du temps;Chauffe
EM14LIM095_SDC2;EM14LIM095;SDC2;Oui;0;NA;NA;NA;NA;60,6;60,7;89,3;192;0;6;19;0;0;0;0;0;0;0;25;NA;NA;NA;sans objet;sans objet;sans objet;sans objet;sans objet;sans objet;sans objet;sans objet;sans objet;sans objet;sans objet;NA;>5 fois par an;>=1 fois par jour;>1 fois par semaine;<=1 fois par semaine;>1 fois par semaine;Oui;Non;Non;Non;Non;Non;Oui;Non;Non;sans objet;Non;Peinture, papier peint, vinyle, toile de verre;Faux-plafond;Plastique, PVC, linoléum;Non;sans objet;1;67;0;11;Simple;7,7;Aucun système;sans objet;sans objet;sans objet;sans objet;Non;Non;sans objet;Non;sans objet;Non;Aucun système;Aucun système;BLANC-FEUTRE;Oui;Non;Non;Oui, la plupart du temps;Chauffe
EM14VIW096_SDC1;EM14VIW096;SDC1;Oui;0;Oui, date exacte;2002;sans objet;Entre 1982 et 2002;60;69;104,8;232;20;5;0;0;0;0;0;0;0;0;25;Béton Parpaing;sans objet;Non;sans objet;sans objet;sans objet;sans objet;sans objet;sans objet;sans objet;sans objet;sans objet;sans objet;sans objet;Non;1 à 5 fois par an;>=1 fois par jour;>1 fois par semaine;>1 fois par semaine;Jamais;Non;Non;Non;Non;Non;Non;Non;Non;Non;sans objet;Non;Peinture, papier peint, vinyle, toile de verre;Faux-plafond;Plastique, PVC, linoléum;Non;sans objet;22;26;0;7;Double;12;VMC;sans objet;simple flux par extraction sans balayage;1;sans objet;Non;Oui;6;Non;sans objet;Oui;VMC ou VN;VMC non fonctionnelle;PAS DE TABLEAU;Non;Non;Non;Oui, tout le temps;Chauffe
EM14VIW096_SDC2;EM14VIW096;SDC2;Oui;0;Oui, date exacte;2002;sans objet;Entre 1982 et 2002;61,7;67,6;92,4;234;0;5;19;0;0;0;0;0;0;0;24;Béton Parpaing;sans objet;Non;sans objet;sans objet;sans objet;sans objet;sans objet;sans objet;sans objet;sans objet;sans objet;sans objet;sans objet;Non;1 à 5 fois par an;>=1 fois par jour;>1 fois par semaine;>1 fois par semaine;Jamais;Non;Non;Non;Non;Non;Non;Non;Non;Non;sans objet;Non;Peinture, papier peint, vinyle, toile de verre;Faux-plafond;Plastique, PVC, linoléum;Non;sans objet;0;54;0;1;Double;7,2;VMC;sans objet;simple flux par extraction sans balayage;1;sans objet;Non;Oui;6;Non;sans objet;Non;VMC ou VN;VMC non fonctionnelle;MAT-CRAIE;Non;Non;Non;Oui, la plupart du temps;Chauffe
EM19SSK147_SDC1;EM19SSK147;SDC1;Oui;0;Oui, date exacte;1881;sans objet;Avant 1948;56;56;104;196;0;16;14;0;0;0;0;0;0;0;30;Pierre;sans objet;Non;sans objet;sans objet;sans objet;sans objet;sans objet;sans objet;sans objet;sans objet;sans objet;sans objet;sans objet;Oui;1 à 5 fois par an;>=1 fois par jour;>1 fois par semaine;>1 fois par semaine;>1 fois par semaine;Non;Non;Non;Non;Non;Non;Non;Non;Non;sans objet;Non;Peinture, papier peint, vinyle, toile de verre;Faux-plafond;Plastique, PVC, linoléum;Non;sans objet;5;73;1;0;Double;8,1;Aucun système;sans objet;sans objet;sans objet;sans objet;Non;Non;sans objet;Non;sans objet;Oui;Aucun système;Aucun système;MAT-CRAIE;Oui;Non;Non;Oui, tout le temps;Chauffe
EM19SSK147_SDC2;EM19SSK147;SDC2;Oui;1;Oui, date exacte;1976;sans objet;Entre 1968 et 1981;60,8;60,8;84,2;170;22;0;0;0;0;0;0;0;0;0;22;Béton Parpaing;sans objet;Oui;Non;Non;Non;Non;ACHEVES;Non;Non;Non;Non;Non;sans objet;Oui;1 à 5 fois par an;>=1 fois par jour;>1 fois par semaine;>1 fois par semaine;>1 fois par semaine;Non;Non;Non;Non;Non;Non;Non;Non;Non;sans objet;Non;Peinture, papier peint, vinyle, toile de verre;Peinture, papier peint, vinyle, toile de verre;Plastique, PVC, linoléum;Non;sans objet;7;50;2;19;Double;13,92;Aucun système;sans objet;sans objet;sans objet;sans objet;Non;Non;sans objet;Non;sans objet;Non;Aucun système;Aucun système;MAT-CRAIE;Oui;Non;Non;Oui, tout le temps;Chauffe
EM19TRN138_SDC1;EM19TRN138;SDC1;Oui;2;Oui, date exacte;1662;sans objet;Avant 1948;60,7;60,7;87,4;146;0;8;11;0;0;0;0;0;0;0;19;Pierre;sans objet;Non;sans objet;sans objet;sans objet;sans objet;sans objet;sans objet;sans objet;sans objet;sans objet;sans objet;sans objet;Oui;>5 fois par an;>=1 fois par jour;>1 fois par semaine;>1 fois par semaine;>1 fois par semaine;Non;Non;Oui;Non;Non;Non;Non;Non;Non;sans objet;Non;Peinture, papier peint, vinyle, toile de verre;Faux-plafond;Plastique, PVC, linoléum;Oui;3;3;36;0;33;Double;3,45;VMC;sans objet;simple flux par extraction sans balayage;2;sans objet;Non;Oui;3;Non;sans objet;Oui;VMC ou VN;VMC non fonctionnelle;MAT-CRAIE;Non;Oui;Non;Non;Hors-chauffe
EM19TRN138_SDC2;EM19TRN138;SDC2;Oui;2;Oui, date exacte;1662;sans objet;Avant 1948;58,3;58,3;85,4;141;16;5;0;0;0;0;0;0;0;0;21;Pierre;sans objet;Non;sans objet;sans objet;sans objet;sans objet;sans objet;sans objet;sans objet;sans objet;sans objet;sans objet;sans objet;Oui;>5 fois par an;>=1 fois par jour;>1 fois par semaine;>1 fois par semaine;>1 fois par semaine;Non;Non;Oui;Non;Non;Non;Non;Non;Non;sans objet;Non;Peinture, papier peint, vinyle, toile de verre;Faux-plafond;Plastique, PVC, linoléum;Oui;3;0;26;0;26;Double;3,3;VMC;sans objet;simple flux par extraction sans balayage;2;sans objet;Non;Oui;2;Non;sans objet;Oui;VMC ou VN;VMC non fonctionnelle;MAT-CRAIE;Non;Non;Non;Non;Hors-chauffe
EM19VAP145_SDC1;EM19VAP145;SDC1;Oui;0;Connais approxi;sans objet;Entre 1990 et 1996;Entre 1982 et 2002;58,3;58,3;75,6;157;13;14;0;0;0;0;0;0;0;0;27;Béton Parpaing;sans objet;Non;sans objet;sans objet;sans objet;sans objet;sans objet;sans objet;sans objet;sans objet;sans objet;sans objet;sans objet;Non;1 à 5 fois par an;>=1 fois par jour;>1 fois par semaine;<=1 fois par semaine;<=1 fois par semaine;Non;Non;Non;Non;Non;Non;Non;Non;Non;sans objet;Non;Peinture, papier peint, vinyle, toile de verre;Faux-plafond;Plastique, PVC, linoléum;Non;sans objet;15;56;0;24;Double;10,37;Aucun système;sans objet;sans objet;sans objet;sans objet;Non;Non;sans objet;Non;sans objet;Oui;Aucun système;Aucun système;MAT-CRAIE;Non;Non;Non;Non;Hors-chauffe
EM19VAP145_SDC2;EM19VAP145;SDC2;Oui;0;Connais approxi;sans objet;Entre 1990 et 1996;Entre 1982 et 2002;58,3;58,3;75,6;157;10;16;0;0;0;0;0;0;0;0;26;Béton Parpaing;sans objet;Non;sans objet;sans objet;sans objet;sans objet;sans objet;sans objet;sans objet;sans objet;sans objet;sans objet;sans objet;Non;1 à 5 fois par an;>=1 fois par jour;>1 fois par semaine;<=1 fois par semaine;<=1 fois par semaine;Non;Non;Non;Non;Non;Oui;Non;Non;Non;sans objet;Non;Peinture, papier peint, vinyle, toile de verre;Faux-plafond;Plastique, PVC, linoléum;Non;sans objet;22;22;0;26;Double;10,89;Aucun système;sans objet;sans objet;sans objet;sans objet;Non;Non;sans objet;Non;sans objet;Non;Aucun système;Aucun système;MAT-CRAIE;Non;Non;Non;Non;Hors-chauffe
EM24NOU270_SDC1;EM24NOU270;SDC1;Oui;0;Oui, date exacte;1976;sans objet;Entre 1968 et 1981;59;60;109,6;213;0;0;21;0;0;0;0;0;0;0;21;Béton Parpaing;sans objet;Non;sans objet;sans objet;sans objet;sans objet;sans objet;sans objet;sans objet;sans objet;sans objet;sans objet;sans objet;Oui;1 à 5 fois par an;>=1 fois par jour;>1 fois par semaine;>1 fois par semaine;>1 fois par semaine;Non;Non;Non;Non;Non;Non;Non;Non;Non;sans objet;Non;Peinture, papier peint, vinyle, toile de verre;Faux-plafond;Plastique, PVC, linoléum;Non;sans objet;0;42;0;9;Simple;21,09;Aucun système;sans objet;sans objet;sans objet;sans objet;Non;Non;sans objet;Non;sans objet;Oui;Aucun système;Aucun système;MAT-CRAIE;Oui;Oui;Non;Oui, tout le temps;Chauffe
EM24NOU270_SDC2;EM24NOU270;SDC2;Oui;0;Oui, date exacte;1976;sans objet;Entre 1968 et 1981;59;60;109,6;213;7;17;0;0;0;0;0;0;0;0;24;Béton Parpaing;sans objet;Non;sans objet;sans objet;sans objet;sans objet;sans objet;sans objet;sans objet;sans objet;sans objet;sans objet;sans objet;Oui;1 à 5 fois par an;>=1 fois par jour;>1 fois par semaine;>1 fois par semaine;>1 fois par semaine;Non;Non;Non;Non;Non;Non;Non;Non;Non;sans objet;Non;Peinture, papier peint, vinyle, toile de verre;Faux-plafond;Plastique, PVC, linoléum;Non;sans objet;0;76;1;5;Double;17,53;Aucun système;sans objet;sans objet;sans objet;sans objet;Non;Non;sans objet;Non;sans objet;Oui;Aucun système;Aucun système;BLANC-FEUTRE;Oui;Non;Non;Oui, tout le temps;Chauffe
EM24PEV269_SDC1;EM24PEV269;SDC1;Oui;0;Non;sans objet;sans objet;Avant 1948;36,6;36,6;77,1;118;0;0;14;14;0;0;0;0;0;0;28;Pierre;sans objet;Non;sans objet;sans objet;sans objet;sans objet;sans objet;sans objet;sans objet;sans objet;sans objet;sans objet;sans objet;Oui;>5 fois par an;>=1 fois par jour;>1 fois par semaine;<=1 fois par semaine;<=1 fois par semaine;Non;Non;Non;Non;Non;Non;Non;Non;Non;sans objet;Non;Peinture, papier peint, vinyle, toile de verre;Faux-plafond;Plastique, PVC, linoléum;Non;sans objet;0;72;0;29;Simple;6,67;Aucun système;sans objet;sans objet;sans objet;sans objet;Non;Non;sans objet;Non;sans objet;Non;Aucun système;Aucun système;BLANC-FEUTRE;Oui;Non;Non;Oui, tout le temps;Chauffe
EM24PEV269_SDC2;EM24PEV269;SDC2;Oui;0;Non;sans objet;sans objet;Avant 1948;37,5;37,5;75;112;13;10;0;0;0;0;0;0;0;0;23;Pierre;sans objet;Non;sans objet;sans objet;sans objet;sans objet;sans objet;sans objet;sans objet;sans objet;sans objet;sans objet;sans objet;Oui;>5 fois par an;>=1 fois par jour;>1 fois par semaine;<=1 fois par semaine;<=1 fois par semaine;Non;Non;Non;Non;Non;Non;Non;Non;Non;sans objet;Non;Peinture, papier peint, vinyle, toile de verre;Faux-plafond;Plastique, PVC, linoléum;Oui;2;0;40;0;36;Double;5,55;Aucun système;sans objet;sans objet;sans objet;sans objet;Non;Non;sans objet;Non;sans objet;Non;Aucun système;Aucun système;PAS DE TABLEAU;Oui;Non;Non;Oui, tout le temps;Chauffe
EM24SAQ290_SDC1;EM24SAQ290;SDC1;Oui;0;Connais approxi;sans objet;Entre 1871 et 1914;Avant 1948;104;104;128,4;318;17;12;0;0;0;0;0;0;0;0;29;Béton Parpaing;sans objet;Oui;ACHEVES;Non;Non;Non;Non;Non;Non;Non;Non;Non;sans objet;Non;1 à 5 fois par an;<1 fois par jour;>1 fois par semaine;>1 fois par semaine;>1 fois par semaine;Non;Non;Ne sait pas;Ne sait pas;Non;Oui;Oui;Non;Non;sans objet;Non;Peinture, papier peint, vinyle, toile de verre;Faux-plafond;Carrelage;Non;sans objet;7;63;0;16;Double;5,8;Aucun système;sans objet;sans objet;sans objet;sans objet;Non;Non;sans objet;Non;sans objet;Non;Aucun système;Aucun système;BLANC-FEUTRE;Oui;Non;Non;Oui, tout le temps;Chauffe
EM24SAQ290_SDC2;EM24SAQ290;SDC2;Oui;0;Connais approxi;sans objet;Entre 1871 et 1914;Avant 1948;48,5;48,5;78,4;129;0;7;18;0;0;0;0;0;0;0;25;Pierre;sans objet;Oui;ACHEVES;Non;Non;Non;Non;Non;Non;Non;Non;Non;sans objet;Non;1 à 5 fois par an;<1 fois par jour;>1 fois par semaine;>1 fois par semaine;>1 fois par semaine;Oui;Non;Ne sait pas;Ne sait pas;Non;Non;Non;Non;Non;sans objet;Non;Peinture, papier peint, vinyle, toile de verre;Faux-plafond;Carrelage;Non;sans objet;0;50;0;9;Double;4,05;Aucun système;sans objet;sans objet;sans objet;sans objet;Non;Oui;1;Non;sans objet;Oui;Aucun système;Aucun système;MAT-CRAIE;Non;Non;Non;Oui, tout le temps;Chauffe
EM24SGK293_SDC1;EM24SGK293;SDC1;Oui;0;Oui, date exacte;2006;sans objet;2003 et après;67,2;67,2;87,8;174;8;9;7;0;0;0;0;0;0;0;24;Béton Parpaing;sans objet;Non;sans objet;sans objet;sans objet;sans objet;sans objet;sans objet;sans objet;sans objet;sans objet;sans objet;sans objet;Non;1 à 5 fois par an;>=1 fois par jour;>1 fois par semaine;>1 fois par semaine;>1 fois par semaine;Oui;Non;Oui;Non;Non;Non;Non;Non;Non;sans objet;Non;Peinture, papier peint, vinyle, toile de verre;Faux-plafond;Plastique, PVC, linoléum;Non;sans objet;0;45;0;9;Double;11,36;VMC;sans objet;simple flux par extraction sans balayage;2;sans objet;Non;Oui;5;Non;sans objet;Oui;VMC ou VN;VMC non fonctionnelle;MAT-CRAIE;Non;Non;Non;Oui, tout le temps;Chauffe
EM24SGK293_SDC2;EM24SGK293;SDC2;Oui;0;Connais approxi;sans objet;Entre 1968 et 1974;Entre 1968 et 1981;46,4;46,4;78,2;134;0;0;8;13;0;0;0;0;0;0;21;Autre;Préfabriqué;Non;sans objet;sans objet;sans objet;sans objet;sans objet;sans objet;sans objet;sans objet;sans objet;sans objet;sans objet;Non;1 à 5 fois par an;>=1 fois par jour;>1 fois par semaine;<=1 fois par semaine;<=1 fois par semaine;Oui;Non;Oui;Non;Non;Oui;Oui;Non;Non;sans objet;Oui;Peinture, papier peint, vinyle, toile de verre;Faux-plafond;Plastique, PVC, linoléum;Non;sans objet;0;65;0;18;Simple;5,4;Aucun système;sans objet;sans objet;sans objet;sans objet;Non;Non;sans objet;Non;sans objet;Non;Aucun système;Aucun système;MAT-CRAIE;Non;Non;Non;Oui, tout le temps;Chauffe
EM24SPU268_SDC1;EM24SPU268;SDC1;Oui;0;Oui, date exacte;1991;sans objet;Entre 1982 et 2002;56,7;61;106;225;0;12;13;0;0;0;0;0;0;0;25;Briques;sans objet;Non;sans objet;sans objet;sans objet;sans objet;sans objet;sans objet;sans objet;sans objet;sans objet;sans objet;sans objet;Non;1 à 5 fois par an;>=1 fois par jour;>1 fois par semaine;>1 fois par semaine;>1 fois par semaine;Non;Non;Oui;Oui;Non;Non;Non;Non;Non;sans objet;Non;Peinture, papier peint, vinyle, toile de verre;Peinture, papier peint, vinyle, toile de verre;Carrelage;Non;sans objet;0;59;0;3;Double;9,32;Aucun système;sans objet;sans objet;sans objet;sans objet;Non;Non;sans objet;Non;sans objet;Oui;Aucun système;Aucun système;MAT-CRAIE;Non;Non;Non;Oui, tout le temps;Chauffe
EM24SPU268_SDC2;EM24SPU268;SDC2;Oui;0;Oui, date exacte;1991;sans objet;Entre 1982 et 2002;45,3;50,3;108,5;191;14;10;0;0;0;0;0;0;0;0;24;Briques;sans objet;Non;sans objet;sans objet;sans objet;sans objet;sans objet;sans objet;sans objet;sans objet;sans objet;sans objet;sans objet;Non;1 à 5 fois par an;>=1 fois par jour;>1 fois par semaine;>1 fois par semaine;>1 fois par semaine;Non;Non;Oui;Oui;Non;Non;Non;Non;Non;sans objet;Non;Peinture, papier peint, vinyle, toile de verre;Peinture, papier peint, vinyle, toile de verre;Carrelage;Non;sans objet;0;52;0;1;Double;5,64;Aucun système;sans objet;sans objet;sans objet;sans objet;Non;Non;sans objet;Non;sans objet;Oui;Aucun système;Aucun système;MAT-CRAIE;Non;Non;Non;Oui, tout le temps;Chauffe
EM29BRB231_SDC1;EM29BRB231;SDC1;Oui;1;Oui, date exacte;2008;sans objet;2003 et après;63;63;86;170;10;9;10;0;0;0;0;0;0;0;29;Béton Parpaing;sans objet;Non;sans objet;sans objet;sans objet;sans objet;sans objet;sans objet;sans objet;sans objet;sans objet;sans objet;sans objet;Non;1 à 5 fois par an;>=1 fois par jour;>1 fois par semaine;>1 fois par semaine;>1 fois par semaine;Non;Non;Non;Non;Non;Non;Non;Non;Non;sans objet;Non;Peinture, papier peint, vinyle, toile de verre;Faux-plafond;Plastique, PVC, linoléum;Non;sans objet;6;32;1;5;Double;11,53;Aucun système;sans objet;sans objet;sans objet;sans objet;Non;Oui;2;Non;sans objet;Non;Aucun système;Aucun système;MAT-CRAIE;Non;Non;Non;Oui, tout le temps;Chauffe
EM29BRO215_SDC1;EM29BRO215;SDC1;Oui;1;NA;NA;NA;NA;56;56;90;165;15;0;0;0;0;0;0;0;0;0;15;NA;NA;NA;sans objet;sans objet;sans objet;sans objet;sans objet;sans objet;sans objet;sans objet;sans objet;sans objet;sans objet;NA;NA;NA;NA;NA;NA;NA;NA;NA;NA;Non;Non;Non;Non;Non;sans objet;Non;Peinture, papier peint, vinyle, toile de verre;Peinture, papier peint, vinyle, toile de verre;Carrelage;Non;sans objet;8;43;4;4;Simple;4,1;Aucun système;sans objet;sans objet;sans objet;sans objet;Non;Non;sans objet;Non;sans objet;Non;Aucun système;Aucun système;MAT-CRAIE;Oui;Non;Non;Oui, la plupart du temps;Chauffe
EM29BRO215_SDC2;EM29BRO215;SDC2;Oui;1;NA;NA;NA;NA;56;56;90;165;0;9;16;0;0;0;0;0;0;0;25;NA;NA;NA;sans objet;sans objet;sans objet;sans objet;sans objet;sans objet;sans objet;sans objet;sans objet;sans objet;sans objet;NA;NA;NA;NA;NA;NA;NA;NA;NA;NA;Non;Non;Non;Non;Non;sans objet;Non;Peinture, papier peint, vinyle, toile de verre;Peinture, papier peint, vinyle, toile de verre;Carrelage;Non;sans objet;4;49;6;0;Simple;4,1;Aucun système;sans objet;sans objet;sans objet;sans objet;Non;Non;sans objet;Non;sans objet;Non;Aucun système;Aucun système;MAT-CRAIE;Oui;Non;Non;Oui, tout le temps;Chauffe
EM29CLG261_SDC1;EM29CLG261;SDC1;Oui;0;Oui, date exacte;1841;sans objet;Avant 1948;59;59;97;186;17;10;0;0;0;0;0;0;0;0;27;Pierre;sans objet;Non;sans objet;sans objet;sans objet;sans objet;sans objet;sans objet;sans objet;sans objet;sans objet;sans objet;sans objet;Oui;1 à 5 fois par an;>=1 fois par jour;>1 fois par semaine;<=1 fois par semaine;>1 fois par semaine;Non;Non;Non;Non;Non;Non;Non;Non;Non;sans objet;Non;Peinture, papier peint, vinyle, toile de verre;Faux-plafond;Plastique, PVC, linoléum;Non;sans objet;34;7;0;1;Double;6,92;Aucun système;sans objet;sans objet;sans objet;sans objet;Non;Oui;2;Non;sans objet;Non;Aucun système;Aucun système;BLANC-FEUTRE;Oui;Non;Non;Non;Hors-chauffe
EM29CLG261_SDC2;EM29CLG261;SDC2;Oui;0;Oui, date exacte;1841;sans objet;Avant 1948;59;59;98;186;0;0;12;8;0;0;0;0;0;0;20;Pierre;sans objet;Non;sans objet;sans objet;sans objet;sans objet;sans objet;sans objet;sans objet;sans objet;sans objet;sans objet;sans objet;Oui;1 à 5 fois par an;>=1 fois par jour;>1 fois par semaine;<=1 fois par semaine;>1 fois par semaine;Non;Non;Non;Non;Non;Non;Non;Non;Non;sans objet;Non;Peinture, papier peint, vinyle, toile de verre;Faux-plafond;Plastique, PVC, linoléum;Non;sans objet;38;32;0;7;Double;6,92;Aucun système;sans objet;sans objet;sans objet;sans objet;Non;Non;sans objet;Non;sans objet;Non;Aucun système;Aucun système;MAT-CRAIE;Oui;Oui;Non;Non;Hors-chauffe
EM29COH249_SDC1;EM29COH249;SDC1;Non;0;Oui, date exacte;2012;sans objet;2003 et après;55;55;78;143;0;8;14;0;0;0;0;0;0;0;22;Béton Parpaing;sans objet;Non;sans objet;sans objet;sans objet;sans objet;sans objet;sans objet;sans objet;sans objet;sans objet;sans objet;sans objet;Oui;1 à 5 fois par an;>=1 fois par jour;>1 fois par semaine;<=1 fois par semaine;>1 fois par semaine;Non;Non;Non;Non;Non;Non;Non;Non;Non;sans objet;Non;Peinture, papier peint, vinyle, toile de verre;Faux-plafond;Plastique, PVC, linoléum;Non;sans objet;4;36;0;31;Double;8,14;VMC;sans objet;simple flux par extraction sans balayage;3;sans objet;Non;Oui;6;Non;sans objet;Non;VMC ou VN;VMC fonctionnelle;BLANC-FEUTRE;Oui;Non;Non;Oui, la plupart du temps;Chauffe
EM29COH249_SDC2;EM29COH249;SDC2;Non;0;Oui, date exacte;1950;sans objet;Entre 1949 et 1967;66;66;100;192;33;0;0;0;0;0;0;0;0;0;33;Béton Parpaing;sans objet;Non;sans objet;sans objet;sans objet;sans objet;sans objet;sans objet;sans objet;sans objet;sans objet;sans objet;sans objet;Oui;1 à 5 fois par an;>=1 fois par jour;>1 fois par semaine;<=1 fois par semaine;>1 fois par semaine;Non;Non;Non;Non;Non;Non;Non;Non;Non;sans objet;Non;Peinture, papier peint, vinyle, toile de verre;Faux-plafond;Plastique, PVC, linoléum;Non;sans objet;28;18;0;6;Simple;8,94;Aucun système;sans objet;sans objet;sans objet;sans objet;Non;Non;sans objet;Non;sans objet;Non;Aucun système;Aucun système;BLANC-FEUTRE;Non;Non;Non;Oui, tout le temps;Chauffe
EM29CRI212_SDC1;EM29CRI212;SDC1;Oui;0;Oui, date exacte;2000;sans objet;Entre 1982 et 2002;71;85;130;347;19;0;0;0;0;0;0;0;0;0;19;Béton Parpaing;sans objet;Non;sans objet;sans objet;sans objet;sans objet;sans objet;sans objet;sans objet;sans objet;sans objet;sans objet;sans objet;Oui;1 à 5 fois par an;>=1 fois par jour;<=1 fois par semaine;Jamais;>1 fois par semaine;Oui;Non;Non;Non;Non;Non;Non;Non;Non;sans objet;Non;Peinture, papier peint, vinyle, toile de verre;Peinture, papier peint, vinyle, toile de verre;Plastique, PVC, linoléum;Oui;1;3;56;0;3;Double;8,94;VMC;sans objet;simple flux par extraction sans balayage;2;sans objet;Non;Oui;2;Non;sans objet;Non;VMC ou VN;VMC fonctionnelle;MAT-CRAIE;Oui;Non;Non;Oui, la plupart du temps;Chauffe
EM29CRI212_SDC2;EM29CRI212;SDC2;Oui;0;Oui, date exacte;2000;sans objet;Entre 1982 et 2002;43;52;97,4;172;22;5;0;0;0;0;0;0;0;0;27;Béton Parpaing;sans objet;Non;sans objet;sans objet;sans objet;sans objet;sans objet;sans objet;sans objet;sans objet;sans objet;sans objet;sans objet;Oui;1 à 5 fois par an;>=1 fois par jour;<=1 fois par semaine;Jamais;>1 fois par semaine;Oui;Non;Non;Non;Non;Non;Non;Non;Non;sans objet;Non;Peinture, papier peint, vinyle, toile de verre;Peinture, papier peint, vinyle, toile de verre;Plastique, PVC, linoléum;Oui;1;7;64;0;3;Double;9,7;VMC;sans objet;simple flux par extraction sans balayage;2;sans objet;Non;Oui;2;Non;sans objet;Non;VMC ou VN;VMC fonctionnelle;BLANC-FEUTRE;Oui;Non;Non;Oui, tout le temps;Chauffe
EM29DIF256_SDC1;EM29DIF256;SDC1;Oui;0;Connais approxi;sans objet;Entre 1990 et 1996;Entre 1982 et 2002;53;NA;80;197;18;14;0;0;0;0;0;0;0;0;32;Béton Parpaing;sans objet;Non;sans objet;sans objet;sans objet;sans objet;sans objet;sans objet;sans objet;sans objet;sans objet;sans objet;sans objet;Non;1 à 5 fois par an;<1 fois par jour;<=1 fois par semaine;<=1 fois par semaine;>1 fois par semaine;Oui;Non;Oui;Non;Non;Non;Non;Non;Oui;QQues taches eparses;Non;Peinture, papier peint, vinyle, toile de verre;Faux-plafond;Plastique, PVC, linoléum;Oui;11;26;12;0;3;Double;15,94;Aucun système;sans objet;sans objet;sans objet;sans objet;Non;Non;sans objet;Non;sans objet;Oui;Aucun système;Aucun système;MAT-CRAIE;Non;Non;Non;Non;Hors-chauffe
EM29DIF256_SDC2;EM29DIF256;SDC2;Oui;0;Connais approxi;sans objet;Entre 1915 et 1948;Avant 1948;46;46;86,6;147;0;0;9;11;0;0;0;0;0;0;20;Béton Parpaing;sans objet;Non;sans objet;sans objet;sans objet;sans objet;sans objet;sans objet;sans objet;sans objet;sans objet;sans objet;sans objet;Oui;1 à 5 fois par an;<1 fois par jour;<=1 fois par semaine;<=1 fois par semaine;<=1 fois par semaine;Oui;Oui;Non;Non;Non;Non;Non;Non;Non;sans objet;Non;Peinture, papier peint, vinyle, toile de verre;Faux-plafond;Plastique, PVC, linoléum;Oui;6;24;28;0;6;Double;4,64;Aucun système;sans objet;sans objet;sans objet;sans objet;Non;Non;sans objet;Non;sans objet;Non;Aucun système;Aucun système;MAT-CRAIE;Oui;Non;Non;Non;Hors-chauffe
EM29DOA253_SDC1;EM29DOA253;SDC1;Oui;0;NA;NA;NA;NA;63;63;90;177;8;5;6;0;0;0;0;0;0;0;19;NA;NA;NA;sans objet;sans objet;sans objet;sans objet;sans objet;sans objet;sans objet;sans objet;sans objet;sans objet;sans objet;NA;NA;NA;NA;NA;NA;NA;NA;NA;NA;Non;Non;Non;Non;Non;sans objet;Non;Peinture, papier peint, vinyle, toile de verre;Métal;Plastique, PVC, linoléum;Oui;2;55;23;0;3;Double;8,05;Aucun système;sans objet;sans objet;sans objet;sans objet;Non;Oui;5;Non;sans objet;Oui;Aucun système;Aucun système;MAT-CRAIE;Non;Non;Non;Oui, la plupart du temps;Chauffe
EM29DOA253_SDC2;EM29DOA253;SDC2;Oui;0;NA;NA;NA;NA;61;61;90,2;174;0;17;6;0;0;0;0;0;0;0;23;NA;NA;NA;sans objet;sans objet;sans objet;sans objet;sans objet;sans objet;sans objet;sans objet;sans objet;sans objet;sans objet;NA;NA;NA;NA;NA;NA;NA;NA;NA;NA;Non;Oui;Non;Non;Non;sans objet;Non;Peinture, papier peint, vinyle, toile de verre;Métal;Plastique, PVC, linoléum;Oui;7;45;30;0;3;Double;8,2;Aucun système;sans objet;sans objet;sans objet;sans objet;Non;Oui;1;Non;sans objet;Oui;Aucun système;Aucun système;MAT-CRAIE;Non;Non;Non;Oui, tout le temps;Chauffe
EM29GUX213_SDC1;EM29GUX213;SDC1;Oui;0;Oui, date exacte;1970;sans objet;Entre 1968 et 1981;71;85,2;106,7;262;0;21;6;0;0;0;0;0;0;0;27;Béton Parpaing;sans objet;Non;sans objet;sans objet;sans objet;sans objet;sans objet;sans objet;sans objet;sans objet;sans objet;sans objet;sans objet;Non;>5 fois par an;>=1 fois par jour;<=1 fois par semaine;<=1 fois par semaine;<=1 fois par semaine;Non;Non;Non;Non;Non;Non;Non;Non;Non;sans objet;Non;Peinture, papier peint, vinyle, toile de verre;Lambris bois;Plastique, PVC, linoléum;Non;sans objet;5;49;0;34;Double;23,56;Aucun système;sans objet;sans objet;sans objet;sans objet;Non;Non;sans objet;Non;sans objet;Non;Aucun système;Aucun système;MAT-CRAIE;Non;Non;Non;Oui, tout le temps;Chauffe
EM29GUX213_SDC2;EM29GUX213;SDC2;Oui;0;Oui, date exacte;1970;sans objet;Entre 1968 et 1981;72;86,4;106,1;266;21;0;0;0;0;0;0;0;0;0;21;Béton Parpaing;sans objet;Non;sans objet;sans objet;sans objet;sans objet;sans objet;sans objet;sans objet;sans objet;sans objet;sans objet;sans objet;Non;>5 fois par an;>=1 fois par jour;<=1 fois par semaine;<=1 fois par semaine;<=1 fois par semaine;Non;Non;Non;Non;Non;Non;Non;Non;Non;sans objet;Non;Peinture, papier peint, vinyle, toile de verre;Lambris bois;Plastique, PVC, linoléum;Oui;10;5;31;0;27;Double;18,77;Aucun système;sans objet;sans objet;sans objet;sans objet;Non;Non;sans objet;Non;sans objet;Non;Aucun système;Aucun système;BLANC-FEUTRE;Non;Non;Non;Oui, la plupart du temps;Chauffe
EM29LPU257_SDC1;EM29LPU257;SDC1;Non;0;Connais approxi;sans objet;Entre 1949 et 1961;Entre 1949 et 1967;56;56;87;163;15;13;3;0;0;0;0;0;0;0;31;Béton Parpaing;sans objet;Non;sans objet;sans objet;sans objet;sans objet;sans objet;sans objet;sans objet;sans objet;sans objet;sans objet;sans objet;Non;1 à 5 fois par an;>=1 fois par jour;<=1 fois par semaine;Jamais;<=1 fois par semaine;Non;Non;Non;Non;Non;Non;Oui;Oui;Non;sans objet;Non;Peinture, papier peint, vinyle, toile de verre;Faux-plafond;Plastique, PVC, linoléum;Non;sans objet;27;16;1;4;Double;3,25;Aucun système;sans objet;sans objet;sans objet;sans objet;Non;Non;sans objet;Non;sans objet;Non;Aucun système;Aucun système;BLANC-FEUTRE;Oui;Non;Non;Non;Chauffe
EM29PLZ219_SDC1;EM29PLZ219;SDC1;Oui;1;Non;sans objet;sans objet;Entre 1982 et 2002;67;96;146;195;16;6;0;0;0;0;0;0;0;0;22;Pierre;sans objet;Oui;Non;Non;Non;Non;ACHEVES;Non;Non;Non;Non;ACHEVES;fenêtres;Non;1 à 5 fois par an;>=1 fois par jour;<=1 fois par semaine;Jamais;<=1 fois par semaine;Oui;Non;Non;Non;Non;Non;Non;Non;Non;sans objet;Non;Peinture, papier peint, vinyle, toile de verre;Faux-plafond;Plastique, PVC, linoléum;Non;sans objet;15;28;0;25;Double;10,41;Aucun système;sans objet;sans objet;sans objet;sans objet;Non;Oui;4;Non;sans objet;Oui;Aucun système;Aucun système;ELECTRONIQUE;Non;Non;Non;Oui, tout le temps;Chauffe
EM29PLZ219_SDC2;EM29PLZ219;SDC2;Oui;0;Connais approxi;sans objet;2010 et après;2003 et après;47;47;102;175;0;0;8;11;0;0;0;0;0;0;19;Bois;sans objet;Non;sans objet;sans objet;sans objet;sans objet;sans objet;sans objet;sans objet;sans objet;sans objet;sans objet;sans objet;Non;1 à 5 fois par an;>=1 fois par jour;>1 fois par semaine;Jamais;<=1 fois par semaine;Non;Non;Non;Non;Non;Oui;Oui;Non;Oui;Surface inf à 1 m2;Non;Peinture, papier peint, vinyle, toile de verre;Peinture, papier peint, vinyle, toile de verre;Plastique, PVC, linoléum;Non;sans objet;22;20;0;6;Double;5,2;Aucun système;sans objet;sans objet;sans objet;sans objet;Non;Non;sans objet;Non;sans objet;Non;Aucun système;Aucun système;ELECTRONIQUE;Oui;Non;Non;Non;Chauffe
EM29STX227_SDC1;EM29STX227;SDC1;Oui;0;Oui, date exacte;1980;sans objet;Entre 1968 et 1981;97;42;110;344;13;16;0;0;0;0;0;0;0;0;29;Béton Parpaing;sans objet;Non;sans objet;sans objet;sans objet;sans objet;sans objet;sans objet;sans objet;sans objet;sans objet;sans objet;sans objet;Oui;1 à 5 fois par an;>=1 fois par jour;<=1 fois par semaine;<=1 fois par semaine;<=1 fois par semaine;Oui;Non;Non;Non;Non;Non;Non;Non;Non;sans objet;Non;Peinture, papier peint, vinyle, toile de verre;Faux-plafond;Plastique, PVC, linoléum;Non;sans objet;10;65;0;12;Simple;11,91;VMC;sans objet;simple flux par extraction sans balayage;2;sans objet;Non;Non;sans objet;Oui;2;Oui;VMC ou VN;VMC info manquante;MAT-CRAIE;Non;Non;Non;Oui, tout le temps;Chauffe
EM29STX227_SDC2;EM29STX227;SDC2;Oui;0;Oui, date exacte;1980;sans objet;Entre 1968 et 1981;76;92;97;340;0;0;12;8;0;0;0;0;0;0;20;Béton Parpaing;sans objet;Non;sans objet;sans objet;sans objet;sans objet;sans objet;sans objet;sans objet;sans objet;sans objet;sans objet;sans objet;Oui;1 à 5 fois par an;>=1 fois par jour;<=1 fois par semaine;<=1 fois par semaine;<=1 fois par semaine;Non;Non;Non;Non;Non;Non;Oui;Non;Non;sans objet;Non;Peinture, papier peint, vinyle, toile de verre;Peinture, papier peint, vinyle, toile de verre;Plastique, PVC, linoléum;Non;sans objet;5;62;0;3;Simple;15,27;VMC;sans objet;simple flux par extraction sans balayage;2;sans objet;Non;Non;sans objet;Oui;2;Oui;VMC ou VN;VMC info manquante;MAT-CRAIE;Non;Non;Non;Oui, tout le temps;Chauffe
EM29TAC218_SDC1;EM29TAC218;SDC1;Oui;1;Non;sans objet;sans objet;NA;71;87;95;306;16;8;10;0;0;0;0;0;0;0;34;Briques;sans objet;Oui;Non;Non;Non;Non;Non;Non;Non;Non;Non;Non;sans objet;Non;>5 fois par an;>=1 fois par jour;>1 fois par semaine;>1 fois par semaine;>1 fois par semaine;Non;Non;Non;Non;Non;Oui;Non;Non;Non;sans objet;Non;Peinture, papier peint, vinyle, toile de verre;Faux-plafond;Plastique, PVC, linoléum;Non;sans objet;7;62;0;5;Simple;16,49;VMC;sans objet;simple flux par extraction sans balayage;1;sans objet;Oui, ouverts;Oui;1;Non;sans objet;Non;VMC ou VN;VMC fonctionnelle;MAT-CRAIE;Oui;Non;Non;Oui, la plupart du temps;Chauffe
EM29TOF216_SDC1;EM29TOF216;SDC1;Oui;0;Oui, date exacte;2012;sans objet;2003 et après;70;70;110;228;12;14;0;0;0;0;0;0;0;0;26;Pierre;sans objet;Non;sans objet;sans objet;sans objet;sans objet;sans objet;sans objet;sans objet;sans objet;sans objet;sans objet;sans objet;Non;1 à 5 fois par an;>=1 fois par jour;>1 fois par semaine;>1 fois par semaine;<=1 fois par semaine;Non;Non;Non;Non;Non;Non;Non;Non;Non;sans objet;Non;Peinture, papier peint, vinyle, toile de verre;Faux-plafond;Plastique, PVC, linoléum;Non;sans objet;45;27;0;5;Double;10,58;VMC;sans objet;VMC double flux sans balayage;2;2;Non;Non;sans objet;Non;sans objet;Non;VMC ou VN;VMC non fonctionnelle;BLANC-FEUTRE;Oui;Non;Non;Oui, tout le temps;Chauffe
EM29TOF216_SDC2;EM29TOF216;SDC2;Oui;0;Oui, date exacte;2012;sans objet;2003 et après;82;82;120;262;0;0;14;6;0;0;0;0;0;0;20;Pierre;sans objet;Non;sans objet;sans objet;sans objet;sans objet;sans objet;sans objet;sans objet;sans objet;sans objet;sans objet;sans objet;Non;1 à 5 fois par an;>=1 fois par jour;>1 fois par semaine;>1 fois par semaine;<=1 fois par semaine;Non;Non;Non;Non;Non;Non;Non;Non;Non;sans objet;Non;Peinture, papier peint, vinyle, toile de verre;Faux-plafond;Plastique, PVC, linoléum;Non;sans objet;32;17;0;1;Double;13,8;VMC;sans objet;VMC double flux sans balayage;2;2;Non;Non;sans objet;Non;sans objet;Oui;VMC ou VN;VMC non fonctionnelle;BLANC-FEUTRE;Oui;Non;Oui;Oui, tout le temps;Chauffe
EM36ASM077_SDC1;EM36ASM077;SDC1;Oui;0;Connais approxi;sans objet;Entre 1975 et 1981;Entre 1968 et 1981;53,7;53,7;66;140;0;27;0;0;0;0;0;0;0;0;27;Béton Parpaing;sans objet;Non;sans objet;sans objet;sans objet;sans objet;sans objet;sans objet;sans objet;sans objet;sans objet;sans objet;sans objet;Oui;1 à 5 fois par an;>=1 fois par jour;>1 fois par semaine;Jamais;<=1 fois par semaine;Non;Non;Oui;Non;Non;Non;Non;Non;Non;sans objet;Non;Peinture, papier peint, vinyle, toile de verre;Faux-plafond;Plastique, PVC, linoléum;Non;sans objet;5;0;40;5;Simple;12,4;Aucun système;sans objet;sans objet;sans objet;sans objet;Non;Non;sans objet;Non;sans objet;Oui;Aucun système;Aucun système;MAT-CRAIE;Non;Non;Non;Oui, tout le temps;Chauffe
EM36ASM077_SDC2;EM36ASM077;SDC2;Oui;0;Connais approxi;sans objet;Entre 1975 et 1981;Entre 1968 et 1981;46,5;46,5;66;121;22;3;0;0;0;0;0;0;0;0;25;Béton Parpaing;sans objet;Non;sans objet;sans objet;sans objet;sans objet;sans objet;sans objet;sans objet;sans objet;sans objet;sans objet;sans objet;Oui;1 à 5 fois par an;>=1 fois par jour;>1 fois par semaine;Jamais;<=1 fois par semaine;Non;Non;Oui;Non;Non;Non;Non;Non;Non;sans objet;Non;Peinture, papier peint, vinyle, toile de verre;Faux-plafond;Plastique, PVC, linoléum;Non;sans objet;19;0;34;11;Simple;12,4;Aucun système;sans objet;sans objet;sans objet;sans objet;Non;Non;sans objet;Non;sans objet;Oui;Aucun système;Aucun système;PAS DE TABLEAU;Non;Non;Non;Oui, tout le temps;Chauffe
EM36NIH082_SDC1;EM36NIH082;SDC1;Oui;0;Connais approxi;sans objet;Entre 1949 et 1961;Entre 1949 et 1967;58,6;58,6;97,4;185;26;0;0;0;0;0;0;0;0;0;26;Béton Parpaing;sans objet;Oui;ACHEVES;Non;Non;Non;Non;Non;Non;Non;Non;Non;sans objet;Oui;>5 fois par an;>=1 fois par jour;>1 fois par semaine;>1 fois par semaine;<=1 fois par semaine;Non;Non;Non;Non;Non;Non;Non;Non;Non;sans objet;Non;Peinture, papier peint, vinyle, toile de verre;Peinture, papier peint, vinyle, toile de verre;Plastique, PVC, linoléum;Oui;40;4;49;0;13;Double;12,6;Aucun système;sans objet;sans objet;sans objet;sans objet;Non;Non;sans objet;Non;sans objet;Non;Aucun système;Aucun système;MAT-CRAIE;Non;Non;Non;Oui, tout le temps;Chauffe
EM36NIH082_SDC2;EM36NIH082;SDC2;Oui;0;Connais approxi;sans objet;Entre 1962 et 1967;Entre 1949 et 1967;64,7;64,7;89;178;0;14;13;0;0;0;0;0;0;0;27;Béton Parpaing;sans objet;Oui;ACHEVES;Non;Non;Non;Non;Non;Non;Non;Non;Non;sans objet;Non;>5 fois par an;>=1 fois par jour;>1 fois par semaine;>1 fois par semaine;<=1 fois par semaine;Non;Non;Non;Non;Non;Non;Non;Non;Non;sans objet;Non;Peinture, papier peint, vinyle, toile de verre;Faux-plafond;Plastique, PVC, linoléum;Oui;15;1;62;0;1;Double;9,1;Aucun système;sans objet;sans objet;sans objet;sans objet;Non;Non;sans objet;Non;sans objet;Non;Aucun système;Aucun système;MAT-CRAIE;Non;Non;Non;Oui, tout le temps;Chauffe
EM37BOD091_SDC1;EM37BOD091;SDC1;Oui;0;Connais approxi;sans objet;Entre 1949 et 1961;Entre 1949 et 1967;60;60;96,8;187;0;13;14;0;0;0;0;0;0;0;27;Béton Parpaing;sans objet;Non;sans objet;sans objet;sans objet;sans objet;sans objet;sans objet;sans objet;sans objet;sans objet;sans objet;sans objet;Oui;Jamais;>=1 fois par jour;>1 fois par semaine;Jamais;>1 fois par semaine;Non;Non;Non;Non;Non;Non;Non;Non;Non;sans objet;Non;Peinture, papier peint, vinyle, toile de verre;Faux-plafond;Carrelage;Non;sans objet;12;66;0;28;Double;8,4;Aucun système;sans objet;sans objet;sans objet;sans objet;Non;Non;sans objet;Non;sans objet;Non;Aucun système;Aucun système;MAT-CRAIE;Non;Non;Non;Oui, tout le temps;Chauffe
EM37BOD091_SDC2;EM37BOD091;SDC2;Oui;0;Connais approxi;sans objet;Entre 1949 et 1961;Entre 1949 et 1967;59,5;59,5;94,2;181;14;12;0;0;0;0;0;0;0;0;26;Béton Parpaing;sans objet;Non;sans objet;sans objet;sans objet;sans objet;sans objet;sans objet;sans objet;sans objet;sans objet;sans objet;sans objet;Oui;Jamais;>=1 fois par jour;>1 fois par semaine;Jamais;>1 fois par semaine;Non;Non;Non;Non;Non;Non;Non;Non;Non;sans objet;Non;Peinture, papier peint, vinyle, toile de verre;Faux-plafond;Carrelage;Oui;4;13;61;0;18;Double;9,4;Aucun système;sans objet;sans objet;sans objet;sans objet;Non;Non;sans objet;Non;sans objet;Non;Aucun système;Aucun système;MAT-CRAIE;Oui;Oui;Oui;Oui, tout le temps;Chauffe
EM37CHA101_SDC1;EM37CHA101;SDC1;Oui;0;Connais approxi;sans objet;Entre 1982 et 1989;Entre 1982 et 2002;57,4;57,4;70,7;144;0;21;0;0;0;0;0;0;0;0;21;Bois;sans objet;Oui;ACHEVES;ACHEVES;ACHEVES;Non;ACHEVES;ACHEVES;Non;Non;Non;Non;sans objet;Oui;1 à 5 fois par an;>=1 fois par jour;>1 fois par semaine;<=1 fois par semaine;<=1 fois par semaine;Non;Oui;Non;Non;Non;Non;Non;Non;Non;sans objet;Non;Peinture, papier peint, vinyle, toile de verre;Faux-plafond;Plastique, PVC, linoléum;Non;sans objet;2;58;0;0;Simple;15;VMC;sans objet;VMC double flux par balayage;4;0;Non;Non;sans objet;Non;sans objet;Non;VMC ou VN;VMC info manquante;MAT-CRAIE;Oui;Non;Non;Non;Chauffe
EM37CHA101_SDC2;EM37CHA101;SDC2;Oui;0;Connais approxi;sans objet;Entre 1982 et 1989;Entre 1982 et 2002;57,4;57,4;70,7;144;0;0;22;0;0;0;0;0;0;0;22;Bois;sans objet;Oui;ACHEVES;ACHEVES;ACHEVES;Non;ACHEVES;ACHEVES;Non;Non;Non;Non;sans objet;Oui;1 à 5 fois par an;>=1 fois par jour;>1 fois par semaine;<=1 fois par semaine;<=1 fois par semaine;Non;Non;Non;Non;Non;Non;Non;Non;Non;sans objet;Non;Peinture, papier peint, vinyle, toile de verre;Faux-plafond;Plastique, PVC, linoléum;Non;sans objet;0;92;0;0;Simple;11,6;VMC;sans objet;VMC double flux par balayage;4;0;Non;Non;sans objet;Non;sans objet;Non;VMC ou VN;VMC info manquante;MAT-CRAIE;Oui;Non;Non;Non;Chauffe
EM37ELC067_SDC1;EM37ELC067;SDC1;Oui;0;Oui, date exacte;1960;sans objet;Entre 1949 et 1967;50,4;50,4;91,4;161;0;6;17;0;0;0;0;0;0;0;23;Béton Parpaing;sans objet;Non;sans objet;sans objet;sans objet;sans objet;sans objet;sans objet;sans objet;sans objet;sans objet;sans objet;sans objet;Non;>5 fois par an;>=1 fois par jour;>1 fois par semaine;Jamais;>1 fois par semaine;Non;Non;Non;Non;Non;Non;Non;Non;Non;sans objet;Non;Peinture, papier peint, vinyle, toile de verre;Peinture, papier peint, vinyle, toile de verre;Carrelage;Non;sans objet;3;48;0;6;Double;6,8;Aucun système;sans objet;sans objet;sans objet;sans objet;Non;Non;sans objet;Non;sans objet;Non;Aucun système;Aucun système;MAT-CRAIE;Non;Non;Non;Oui, la plupart du temps;Chauffe
EM37ELC067_SDC2;EM37ELC067;SDC2;Oui;0;Oui, date exacte;1960;sans objet;Entre 1949 et 1967;50,5;50,5;97;171;14;8;0;0;0;0;0;0;0;0;22;Béton Parpaing;sans objet;Non;sans objet;sans objet;sans objet;sans objet;sans objet;sans objet;sans objet;sans objet;sans objet;sans objet;sans objet;Non;>5 fois par an;>=1 fois par jour;>1 fois par semaine;Jamais;>1 fois par semaine;Non;Non;Non;Non;Non;Non;Non;Non;Non;sans objet;Non;Peinture, papier peint, vinyle, toile de verre;Peinture, papier peint, vinyle, toile de verre;Carrelage;Oui;20;3;51;0;20;Double;9,2;Aucun système;sans objet;sans objet;sans objet;sans objet;Non;Non;sans objet;Non;sans objet;Non;Aucun système;Aucun système;BLANC-FEUTRE;Non;Non;Non;Oui, la plupart du temps;Chauffe
EM37JLH084_SDC1;EM37JLH084;SDC1;Oui;0;Connais approxi;sans objet;Entre 1949 et 1961;Entre 1949 et 1967;67,7;67,7;90,5;173;6;20;0;0;0;0;0;0;0;0;26;Béton Parpaing;sans objet;Non;sans objet;sans objet;sans objet;sans objet;sans objet;sans objet;sans objet;sans objet;sans objet;sans objet;sans objet;Non;>5 fois par an;>=1 fois par jour;<=1 fois par semaine;Jamais;>1 fois par semaine;Non;Non;Non;Non;Non;Non;Non;Non;Non;sans objet;Non;Peinture, papier peint, vinyle, toile de verre;Faux-plafond;Plastique, PVC, linoléum;Oui;2;8;44;0;17;Double;13;VMC;sans objet;simple flux par extraction sans balayage;1;sans objet;Non;Oui;5;Non;sans objet;Oui;VMC ou VN;VMC non fonctionnelle;MAT-CRAIE;Non;Non;Non;Oui, la plupart du temps;Chauffe
EM37JLH084_SDC2;EM37JLH084;SDC2;Oui;0;Connais approxi;sans objet;Entre 1949 et 1961;Entre 1949 et 1967;62,7;62,7;82,1;158;22;0;0;0;0;0;0;0;0;0;22;Béton Parpaing;sans objet;Non;sans objet;sans objet;sans objet;sans objet;sans objet;sans objet;sans objet;sans objet;sans objet;sans objet;sans objet;Non;>5 fois par an;>=1 fois par jour;<=1 fois par semaine;Jamais;>1 fois par semaine;Non;Non;Non;Non;Non;Non;Non;Non;Non;sans objet;Non;Peinture, papier peint, vinyle, toile de verre;Faux-plafond;Plastique, PVC, linoléum;Oui;2;3;51;0;35;Double;11;VMC;sans objet;simple flux par extraction sans balayage;1;sans objet;Non;Oui;5;Non;sans objet;Oui;VMC ou VN;VMC non fonctionnelle;MAT-CRAIE;Non;Non;Non;Oui, la plupart du temps;Chauffe
EM37LGB068_SDC1;EM37LGB068;SDC1;Oui;0;Connais approxi;sans objet;Entre 1949 et 1961;Entre 1949 et 1967;55;55;96;176;23;0;12;0;0;0;0;0;0;0;35;Pierre;sans objet;Non;sans objet;sans objet;sans objet;sans objet;sans objet;sans objet;sans objet;sans objet;sans objet;sans objet;sans objet;Non;>5 fois par an;>=1 fois par jour;>1 fois par semaine;>1 fois par semaine;>1 fois par semaine;Non;Non;Non;Non;Non;Non;Non;Non;Non;sans objet;Non;Peinture, papier peint, vinyle, toile de verre;Peinture, papier peint, vinyle, toile de verre;Plastique, PVC, linoléum;Non;sans objet;4;36;0;33;Simple;17,9;Aucun système;sans objet;sans objet;sans objet;sans objet;Non;Non;sans objet;Non;sans objet;Non;Aucun système;Aucun système;MAT-CRAIE;Oui;Non;Oui;Non;Hors-chauffe
EM37LGB068_SDC2;EM37LGB068;SDC2;Oui;0;Connais approxi;sans objet;Entre 1915 et 1948;Avant 1948;57;57;94;174;0;20;0;0;0;0;0;0;0;0;20;Pierre;sans objet;Non;sans objet;sans objet;sans objet;sans objet;sans objet;sans objet;sans objet;sans objet;sans objet;sans objet;sans objet;Non;>5 fois par an;>=1 fois par jour;>1 fois par semaine;>1 fois par semaine;>1 fois par semaine;Oui;Non;Non;Non;Non;Non;Non;Non;Non;sans objet;Non;Peinture, papier peint, vinyle, toile de verre;Faux-plafond;Carrelage;Oui;10;5;48;0;16;Double;6,6;Aucun système;sans objet;sans objet;sans objet;sans objet;Non;Non;sans objet;Non;sans objet;Non;Aucun système;Aucun système;MAT-CRAIE;Oui;Non;Non;Non;Hors-chauffe
EM37PEL099_SDC1;EM37PEL099;SDC1;Oui;0;Connais approxi;sans objet;Entre 1949 et 1961;Entre 1949 et 1967;53,2;53,2;101,4;183;17;13;0;0;0;0;0;0;0;0;30;Pierre;sans objet;Oui;Non;Non;Non;Non;Non;Non;Non;Non;Non;ACHEVES;ouverture d'une porte donnant sur l'extérieur;Non;1 à 5 fois par an;<1 fois par jour;<=1 fois par semaine;Jamais;>1 fois par semaine;Non;Non;Oui;Non;Non;Non;Non;Non;Non;sans objet;Non;Peinture, papier peint, vinyle, toile de verre;Peinture, papier peint, vinyle, toile de verre;Carrelage;Non;sans objet;6;10;0;47;Simple;10,3;Aucun système;sans objet;sans objet;sans objet;sans objet;Non;Non;sans objet;Non;sans objet;Non;Aucun système;Aucun système;MIXTE;Oui;Non;Non;Oui, la plupart du temps;Chauffe
EM37PEL099_SDC2;EM37PEL099;SDC2;Oui;0;Connais approxi;sans objet;Entre 1949 et 1961;Entre 1949 et 1967;53,2;53,2;101,2;183;0;7;22;0;0;0;0;0;0;0;29;Pierre;sans objet;Oui;Non;Non;Non;Non;Non;Non;Non;Non;Non;ACHEVES;ouverture d'une porte donnant sur l'extérieur;Non;1 à 5 fois par an;<1 fois par jour;<=1 fois par semaine;Jamais;>1 fois par semaine;Non;Non;Oui;Non;Non;Non;Non;Non;Non;sans objet;Non;Peinture, papier peint, vinyle, toile de verre;Peinture, papier peint, vinyle, toile de verre;Carrelage;Non;sans objet;9;66;0;7;Simple;10,3;Aucun système;sans objet;sans objet;sans objet;sans objet;Non;Non;sans objet;Non;sans objet;Non;Aucun système;Aucun système;BLANC-FEUTRE;Non;Non;Non;Oui, tout le temps;Chauffe
EM37SPR076_SDC1;EM37SPR076;SDC1;Oui;0;Connais approxi;sans objet;Entre 1915 et 1948;Avant 1948;56,8;56,8;96,6;178;23;0;0;0;0;0;0;0;0;0;23;Pierre;sans objet;Non;sans objet;sans objet;sans objet;sans objet;sans objet;sans objet;sans objet;sans objet;sans objet;sans objet;sans objet;Non;>5 fois par an;>=1 fois par jour;>1 fois par semaine;>1 fois par semaine;>1 fois par semaine;Non;Non;Non;Non;Non;Non;Non;Non;Non;sans objet;Non;Peinture, papier peint, vinyle, toile de verre;Faux-plafond;Carrelage;Non;sans objet;10;35;0;10;Double;5,1;Aucun système;sans objet;sans objet;sans objet;sans objet;Non;Non;sans objet;Non;sans objet;Non;Aucun système;Aucun système;MAT-CRAIE;Non;Non;Non;Oui, tout le temps;Chauffe
EM37SPR076_SDC2;EM37SPR076;SDC2;Oui;0;Connais approxi;sans objet;Entre 1871 et 1914;Avant 1948;55,7;55,4;93;173;0;22;0;0;0;0;0;0;0;0;22;Pierre;sans objet;Non;sans objet;sans objet;sans objet;sans objet;sans objet;sans objet;sans objet;sans objet;sans objet;sans objet;sans objet;Non;>5 fois par an;>=1 fois par jour;>1 fois par semaine;>1 fois par semaine;>1 fois par semaine;Non;Non;Non;Non;Non;Non;Non;Non;Non;sans objet;Non;Peinture, papier peint, vinyle, toile de verre;Faux-plafond;Carrelage;Non;sans objet;20;43;0;6;Double;5,6;Aucun système;sans objet;sans objet;sans objet;sans objet;Non;Non;sans objet;Non;sans objet;Non;Aucun système;Aucun système;MAT-CRAIE;Non;Non;Non;Oui, tout le temps;Chauffe
EM44CAQ132_SDC1;EM44CAQ132;SDC1;Oui;0;Oui, date exacte;2003;sans objet;2003 et après;56,5;56,6;84,6;158;0;13;13;0;0;0;0;0;0;0;26;Béton Parpaing;sans objet;Non;sans objet;sans objet;sans objet;sans objet;sans objet;sans objet;sans objet;sans objet;sans objet;sans objet;sans objet;Non;1 à 5 fois par an;>=1 fois par jour;>1 fois par semaine;Jamais;>1 fois par semaine;Oui;Non;Oui;Non;Non;Oui;Non;Non;Non;sans objet;Oui;Peinture, papier peint, vinyle, toile de verre;Faux-plafond;Plastique, PVC, linoléum;Non;sans objet;0;51;0;4;Double;7,33;VMC;sans objet;simple flux par extraction sans balayage;2;sans objet;Non;Oui;5;Non;sans objet;Oui;VMC ou VN;VMC non fonctionnelle;MAT-CRAIE;Oui;Non;Non;Non;Hors-chauffe
EM44CAQ132_SDC2;EM44CAQ132;SDC2;Oui;0;Oui, date exacte;2003;sans objet;2003 et après;56,9;57;85,2;160;0;13;14;0;0;0;0;0;0;0;27;Béton Parpaing;sans objet;Oui;ACHEVES;ACHEVES;Non;Non;Non;Non;Non;Non;Non;Non;sans objet;Non;1 à 5 fois par an;>=1 fois par jour;>1 fois par semaine;Jamais;>1 fois par semaine;Oui;Non;Oui;Non;Non;Non;Non;Non;Non;sans objet;Oui;Peinture, papier peint, vinyle, toile de verre;Faux-plafond;Plastique, PVC, linoléum;Non;sans objet;0;63;0;4;Double;6,35;VMC;sans objet;simple flux par extraction sans balayage;2;sans objet;Non;Oui;6;Non;sans objet;Oui;VMC ou VN;VMC non fonctionnelle;MAT-CRAIE;Non;Non;Non;Non;Hors-chauffe
EM44FRK206_SDC1;EM44FRK206;SDC1;Oui;0;Non;sans objet;sans objet;NA;47,7;47,7;91,2;157;0;0;30;0;0;0;0;0;0;0;30;Béton Parpaing;sans objet;Non;sans objet;sans objet;sans objet;sans objet;sans objet;sans objet;sans objet;sans objet;sans objet;sans objet;sans objet;Non;1 à 5 fois par an;>=1 fois par jour;>1 fois par semaine;<=1 fois par semaine;Jamais;Non;Non;Non;Non;Non;Non;Non;Non;Non;sans objet;Oui;Peinture, papier peint, vinyle, toile de verre;Peinture, papier peint, vinyle, toile de verre;Carrelage;Non;sans objet;17;52;0;2;Double;5,01;VMC;sans objet;simple flux par extraction sans balayage;4;sans objet;Non;Oui;2;Non;sans objet;Non;VMC ou VN;VMC fonctionnelle;MAT-CRAIE;Non;Non;Non;Oui, la plupart du temps;Chauffe
EM44FRK206_SDC2;EM44FRK206;SDC2;Oui;0;Non;sans objet;sans objet;NA;56,1;56,1;96,6;180;28;0;0;0;0;0;0;0;0;0;28;Béton Parpaing;sans objet;Oui;ACHEVES;Non;Non;Non;Non;Non;Non;Non;Non;Non;sans objet;Oui;1 à 5 fois par an;>=1 fois par jour;>1 fois par semaine;<=1 fois par semaine;Jamais;Non;Non;Non;Non;Non;Non;Non;Non;Non;sans objet;Non;Peinture, papier peint, vinyle, toile de verre;Faux-plafond;Plastique, PVC, linoléum;Non;sans objet;1;74;0;7;Double;12,8;Aucun système;sans objet;sans objet;sans objet;sans objet;Non;Oui;3;Non;sans objet;Oui;Aucun système;Aucun système;MAT-CRAIE;Oui;Non;Non;Oui, tout le temps;Chauffe
EM44LCU202_SDC1;EM44LCU202;SDC1;Oui;0;Oui, date exacte;1986;sans objet;Entre 1982 et 2002;59,2;59,2;80,8;153;19;10;0;0;0;0;0;0;0;0;29;Béton Parpaing;sans objet;Non;sans objet;sans objet;sans objet;sans objet;sans objet;sans objet;sans objet;sans objet;sans objet;sans objet;sans objet;Non;1 à 5 fois par an;>=1 fois par jour;<=1 fois par semaine;>1 fois par semaine;>1 fois par semaine;Non;Non;Oui;Non;Non;Non;Non;Non;Non;sans objet;Non;Peinture, papier peint, vinyle, toile de verre;Faux-plafond;Carrelage;Non;sans objet;6;63;0;9;Double;7,4;VMC;sans objet;simple flux par extraction sans balayage;1;sans objet;Non;Oui;2;Non;sans objet;Non;VMC ou VN;VMC non fonctionnelle;MAT-CRAIE;Oui;Oui;Non;Oui, tout le temps;Chauffe
EM44LCU202_SDC2;EM44LCU202;SDC2;Oui;0;Oui, date exacte;1986;sans objet;Entre 1982 et 2002;59,3;59,3;83,2;154;0;11;18;0;0;0;0;0;0;0;29;Béton Parpaing;sans objet;Non;sans objet;sans objet;sans objet;sans objet;sans objet;sans objet;sans objet;sans objet;sans objet;sans objet;sans objet;Non;1 à 5 fois par an;>=1 fois par jour;<=1 fois par semaine;>1 fois par semaine;>1 fois par semaine;Non;Non;Oui;Non;Non;Non;Non;Non;Non;sans objet;Non;Peinture, papier peint, vinyle, toile de verre;Faux-plafond;Carrelage;Non;sans objet;7;62;0;7;Double;7,45;VMC;sans objet;simple flux par extraction sans balayage;2;sans objet;Non;Oui;2;Non;sans objet;Non;VMC ou VN;VMC non fonctionnelle;MAT-CRAIE;Oui;Oui;Non;Oui, tout le temps;Chauffe
EM44NAD137_SDC1;EM44NAD137;SDC1;Oui;0;Connais approxi;sans objet;Avant 1871;Avant 1948;74,9;74,9;109,4;235;0;14;10;0;0;0;0;0;0;0;24;Pierre;sans objet;Non;sans objet;sans objet;sans objet;sans objet;sans objet;sans objet;sans objet;sans objet;sans objet;sans objet;sans objet;Non;1 à 5 fois par an;>=1 fois par jour;Jamais;Jamais;>1 fois par semaine;Ne sait pas;Ne sait pas;Ne sait pas;Ne sait pas;Non;Non;Non;Non;Non;sans objet;Non;Peinture, papier peint, vinyle, toile de verre;Faux-plafond;Carrelage;Non;sans objet;0;53;0;6;Double;8,95;VMC;sans objet;simple flux par extraction avec balayage;2;sans objet;Non;Oui;3;Non;sans objet;Non;VMC ou VN;VMC info manquante;MAT-CRAIE;Oui;Oui;Non;Non;Hors-chauffe
EM44NAD137_SDC2;EM44NAD137;SDC2;Oui;0;Connais approxi;sans objet;Entre 1871 et 1914;Avant 1948;56,7;56,7;89,2;167;17;0;0;0;0;0;0;0;0;0;17;Pierre;sans objet;Oui;ACHEVES;Non;Non;Non;Non;Non;Non;Non;Non;Non;sans objet;Oui;1 à 5 fois par an;>=1 fois par jour;>1 fois par semaine;Jamais;>1 fois par semaine;Non;Non;Oui;Oui;Non;Non;Non;Non;Non;sans objet;Oui;Peinture, papier peint, vinyle, toile de verre;Faux-plafond;Parquet massif ou contrecollé, vitrifié, stratifié;Non;sans objet;0;45;0;9;Simple;1,65;Aucun système;sans objet;sans objet;sans objet;sans objet;Non;Non;sans objet;Non;sans objet;Non;Aucun système;Aucun système;MAT-CRAIE;Non;Non;Non;Non;Hors-chauffe
EM44NAP200_SDC1;EM44NAP200;SDC1;Oui;0;Oui, date exacte;1995;sans objet;Entre 1982 et 2002;57;60,9;93,1;174;19;0;0;0;0;0;0;0;0;0;19;Béton Parpaing;sans objet;Non;sans objet;sans objet;sans objet;sans objet;sans objet;sans objet;sans objet;sans objet;sans objet;sans objet;sans objet;Oui;1 à 5 fois par an;>=1 fois par jour;Jamais;Jamais;>1 fois par semaine;Oui;Non;Oui;Non;Non;Non;Non;Non;Non;sans objet;Non;Peinture, papier peint, vinyle, toile de verre;Faux-plafond;Parquet massif ou contrecollé, vitrifié, stratifié;Non;sans objet;1;51;0;19;Double;11,81;Aucun système;sans objet;sans objet;sans objet;sans objet;Oui, ouverts;Oui;4;Non;sans objet;Oui;Aucun système;Aucun système;MAT-CRAIE;Non;Non;Non;Oui, tout le temps;Chauffe
EM44NAP200_SDC2;EM44NAP200;SDC2;Oui;0;Oui, date exacte;1995;sans objet;Entre 1982 et 2002;56,9;60,8;92,3;172;0;15;7;0;0;0;0;0;0;0;22;Béton Parpaing;sans objet;Non;sans objet;sans objet;sans objet;sans objet;sans objet;sans objet;sans objet;sans objet;sans objet;sans objet;sans objet;Oui;1 à 5 fois par an;>=1 fois par jour;Jamais;Jamais;>1 fois par semaine;Non;Non;Oui;Non;Non;Non;Non;Non;Non;sans objet;Non;Peinture, papier peint, vinyle, toile de verre;Faux-plafond;Parquet massif ou contrecollé, vitrifié, stratifié;Non;sans objet;0;59;0;9;Double;11,81;Aucun système;sans objet;sans objet;sans objet;sans objet;Non;Oui;4;Non;sans objet;Non;Aucun système;Aucun système;BLANC-FEUTRE;Oui;Oui;Non;Oui, tout le temps;Chauffe
EM44POB130_SDC1;EM44POB130;SDC1;Oui;0;Oui, date exacte;2009;sans objet;2003 et après;57,6;57,6;86,6;163;25;0;0;0;0;0;0;0;0;0;25;Béton Parpaing;sans objet;Non;sans objet;sans objet;sans objet;sans objet;sans objet;sans objet;sans objet;sans objet;sans objet;sans objet;sans objet;Non;1 à 5 fois par an;>=1 fois par jour;>1 fois par semaine;Jamais;>1 fois par semaine;Non;Non;Oui;Non;Non;Non;Non;Non;Non;sans objet;Non;Peinture, papier peint, vinyle, toile de verre;Faux-plafond;Plastique, PVC, linoléum;Non;sans objet;0;44;0;7;Double;9,2;VMC;sans objet;simple flux par extraction sans balayage;2;sans objet;Non;Oui;4;Non;sans objet;Oui;VMC ou VN;VMC fonctionnelle;BLANC-FEUTRE;Oui;Non;Non;Oui, tout le temps;Chauffe
EM44POB130_SDC2;EM44POB130;SDC2;Oui;0;Oui, date exacte;2009;sans objet;2003 et après;58,3;58,3;94,1;169;0;0;28;0;0;0;0;0;0;0;28;Béton Parpaing;sans objet;Non;sans objet;sans objet;sans objet;sans objet;sans objet;sans objet;sans objet;sans objet;sans objet;sans objet;sans objet;Non;1 à 5 fois par an;>=1 fois par jour;>1 fois par semaine;Jamais;>1 fois par semaine;Non;Non;Oui;Non;Non;Non;Non;Non;Non;sans objet;Non;Peinture, papier peint, vinyle, toile de verre;Faux-plafond;Plastique, PVC, linoléum;Non;sans objet;20;23;0;15;Double;7,12;VMC;sans objet;simple flux par extraction sans balayage;2;sans objet;Non;Oui;4;Non;sans objet;Oui;VMC ou VN;VMC fonctionnelle;MIXTE;Non;Oui;Non;Oui, tout le temps;Chauffe
EM44RON189_SDC1;EM44RON189;SDC1;Oui;0;Connais approxi;sans objet;Entre 1997 et 2002;Entre 1982 et 2002;66;66;87,6;177;0;16;13;0;0;0;0;0;0;0;29;Béton Parpaing;sans objet;Non;sans objet;sans objet;sans objet;sans objet;sans objet;sans objet;sans objet;sans objet;sans objet;sans objet;sans objet;Non;1 à 5 fois par an;>=1 fois par jour;<=1 fois par semaine;<=1 fois par semaine;>1 fois par semaine;Non;Non;Oui;Non;Non;Non;Non;Non;Non;sans objet;Non;Peinture, papier peint, vinyle, toile de verre;Faux-plafond;Carrelage;Non;sans objet;0;65;0;9;Double;6,72;VMC;sans objet;simple flux par extraction avec balayage;2;sans objet;Non;Oui;4;Non;sans objet;Non;VMC ou VN;VMC info manquante;PAS DE TABLEAU;Oui;Non;Non;Oui, la plupart du temps;Chauffe
EM44RON189_SDC2;EM44RON189;SDC2;Oui;0;Connais approxi;sans objet;Entre 1997 et 2002;Entre 1982 et 2002;66,8;66,8;88;179;22;7;0;0;0;0;0;0;0;0;29;Béton Parpaing;sans objet;Non;sans objet;sans objet;sans objet;sans objet;sans objet;sans objet;sans objet;sans objet;sans objet;sans objet;sans objet;Non;1 à 5 fois par an;>=1 fois par jour;<=1 fois par semaine;<=1 fois par semaine;>1 fois par semaine;Non;Non;Oui;Non;Non;Non;Non;Non;Non;sans objet;Non;Peinture, papier peint, vinyle, toile de verre;Faux-plafond;Carrelage;Non;sans objet;2;47;3;15;Double;8,44;VMC;sans objet;simple flux par extraction avec balayage;3;sans objet;Non;Oui;5;Non;sans objet;Non;VMC ou VN;VMC info manquante;MAT-CRAIE;Non;Non;Non;Oui, tout le temps;Chauffe
EM44SLS207_SDC1;EM44SLS207;SDC1;Oui;0;Non;sans objet;sans objet;Avant 1948;60,3;60,3;89,2;173;11;8;0;0;0;0;0;0;0;0;19;Pierre;sans objet;Oui;ACHEVES;Non;Non;Non;Non;Non;Non;Non;Non;Non;sans objet;Non;1 à 5 fois par an;>=1 fois par jour;>1 fois par semaine;<=1 fois par semaine;<=1 fois par semaine;Non;Non;Non;Non;Non;Non;Non;Non;Non;sans objet;Non;Peinture, papier peint, vinyle, toile de verre;Faux-plafond;Carrelage;Non;sans objet;4;54;0;4;Double;5,33;Aucun système;sans objet;sans objet;sans objet;sans objet;Non;Oui;4;Non;sans objet;Oui;Aucun système;Aucun système;MAT-CRAIE;Oui;Oui;Non;Non;Hors-chauffe
EM44SLS207_SDC2;EM44SLS207;SDC2;Oui;0;Non;sans objet;sans objet;Avant 1948;59,8;59,8;90;173;0;0;10;15;0;0;0;0;0;0;25;Pierre;sans objet;Non;sans objet;sans objet;sans objet;sans objet;sans objet;sans objet;sans objet;sans objet;sans objet;sans objet;sans objet;Non;1 à 5 fois par an;<1 fois par jour;>1 fois par semaine;<=1 fois par semaine;<=1 fois par semaine;Non;Non;Non;Non;Non;Non;Non;Non;Non;sans objet;Non;Peinture, papier peint, vinyle, toile de verre;Faux-plafond;Carrelage;Non;sans objet;4;61;0;7;Double;5,48;Aucun système;sans objet;sans objet;sans objet;sans objet;Non;Oui;4;Non;sans objet;Non;Aucun système;Aucun système;MAT-CRAIE;Non;Non;Non;Non;Hors-chauffe
EM44STP133_SDC1;EM44STP133;SDC1;Oui;0;NA;NA;NA;Avant 1948;58,5;58,5;99,4;188;0;6;19;0;0;0;0;0;0;0;25;Béton Parpaing;sans objet;Non;sans objet;sans objet;sans objet;sans objet;sans objet;sans objet;sans objet;sans objet;sans objet;sans objet;sans objet;Non;1 à 5 fois par an;>=1 fois par jour;>1 fois par semaine;Jamais;>1 fois par semaine;Non;Non;Non;Non;Non;Non;Non;Non;Non;sans objet;Non;Peinture, papier peint, vinyle, toile de verre;Peinture, papier peint, vinyle, toile de verre;Carrelage;Non;sans objet;3;35;0;32;Double;8,35;Aucun système;sans objet;sans objet;sans objet;sans objet;Oui, ouverts;Non;sans objet;Non;sans objet;Non;Aucun système;Aucun système;MAT-CRAIE;Non;Non;Non;Oui, tout le temps;Chauffe
EM44STP133_SDC2;EM44STP133;SDC2;Oui;0;NA;NA;NA;Avant 1948;68,4;68,4;110,8;221;25;0;0;0;0;0;0;0;0;0;25;Béton Parpaing;sans objet;Oui;ACHEVES;Non;Non;Non;Non;Non;Non;Non;Non;Non;sans objet;Non;1 à 5 fois par an;>=1 fois par jour;>1 fois par semaine;Jamais;>1 fois par semaine;Non;Non;Non;Non;Non;Non;Non;Non;Non;sans objet;Non;Peinture, papier peint, vinyle, toile de verre;Peinture, papier peint, vinyle, toile de verre;Carrelage;Non;sans objet;0;25;0;35;Double;11,35;Aucun système;sans objet;sans objet;sans objet;sans objet;Non;Non;sans objet;Non;sans objet;Non;Aucun système;Aucun système;PAS DE TABLEAU;Oui;Non;Non;Oui, tout le temps;Chauffe
EM44VAK129_SDC1;EM44VAK129;SDC1;Oui;0;Oui, date exacte;2010;sans objet;2003 et après;59,3;59,3;97,2;177;26;0;0;0;0;0;0;0;0;0;26;Briques;sans objet;Non;sans objet;sans objet;sans objet;sans objet;sans objet;sans objet;sans objet;sans objet;sans objet;sans objet;sans objet;Non;1 à 5 fois par an;<1 fois par jour;<=1 fois par semaine;>1 fois par semaine;<=1 fois par semaine;Non;Non;Non;Non;Non;Non;Non;Non;Non;sans objet;Non;Peinture, papier peint, vinyle, toile de verre;Faux-plafond;Carrelage;Non;sans objet;2;59;0;12;Double;7,13;VMC;sans objet;VMC double flux sans balayage;2;2;Non;Non;sans objet;Non;sans objet;Non;VMC ou VN;VMC fonctionnelle;MIXTE;Non;Non;Non;Oui, tout le temps;Chauffe
EM44VAK129_SDC2;EM44VAK129;SDC2;Oui;0;Oui, date exacte;2010;sans objet;2003 et après;58,4;58,4;85,5;174;0;17;10;0;0;0;0;0;0;0;27;Briques;sans objet;Non;sans objet;sans objet;sans objet;sans objet;sans objet;sans objet;sans objet;sans objet;sans objet;sans objet;sans objet;Non;1 à 5 fois par an;<1 fois par jour;<=1 fois par semaine;>1 fois par semaine;<=1 fois par semaine;Non;Non;Non;Non;Non;Non;Non;Non;Non;sans objet;Non;Peinture, papier peint, vinyle, toile de verre;Faux-plafond;Carrelage;Non;sans objet;3;84;0;0;Double;8,28;VMC;sans objet;VMC double flux sans balayage;2;2;Non;Non;sans objet;Non;sans objet;Non;VMC ou VN;VMC fonctionnelle;MIXTE;Non;Non;Non;Oui, tout le temps;Chauffe
EM46CAB299_SDC1;EM46CAB299;SDC1;Oui;0;Connais approxi;sans objet;Entre 1949 et 1961;Entre 1949 et 1967;51,9;51,9;110,2;194;0;7;0;10;0;0;0;0;0;0;17;Briques;sans objet;Non;sans objet;sans objet;sans objet;sans objet;sans objet;sans objet;sans objet;sans objet;sans objet;sans objet;sans objet;Non;1 à 5 fois par an;>=1 fois par jour;>1 fois par semaine;>1 fois par semaine;>1 fois par semaine;Non;Non;Non;Non;Non;Non;Non;Non;Non;sans objet;Non;Peinture, papier peint, vinyle, toile de verre;Faux-plafond;Carrelage;Non;sans objet;0;42;0;3;Double;6,76;Aucun système;sans objet;sans objet;sans objet;sans objet;Non;Non;sans objet;Non;sans objet;Non;Aucun système;Aucun système;MAT-CRAIE;Oui;Oui;Non;Oui, tout le temps;Chauffe
EM46CAB299_SDC2;EM46CAB299;SDC2;Oui;0;Connais approxi;sans objet;Entre 1915 et 1948;Avant 1948;64,9;64,9;91,2;181;14;19;0;0;0;0;0;0;0;0;33;Briques;sans objet;Non;sans objet;sans objet;sans objet;sans objet;sans objet;sans objet;sans objet;sans objet;sans objet;sans objet;sans objet;Non;1 à 5 fois par an;>=1 fois par jour;>1 fois par semaine;>1 fois par semaine;>1 fois par semaine;Non;Non;Non;Non;Non;Non;Non;Non;Non;sans objet;Non;Peinture, papier peint, vinyle, toile de verre;Faux-plafond;Plastique, PVC, linoléum;Non;sans objet;0;40;0;18;Double;4,97;Aucun système;sans objet;sans objet;sans objet;sans objet;Non;Non;sans objet;Non;sans objet;Oui;Aucun système;Aucun système;BLANC-FEUTRE;Oui;Oui;Non;Oui, tout le temps;Chauffe
EM48CHM209_SDC1;EM48CHM209;SDC1;Oui;0;Connais approxi;sans objet;Entre 1949 et 1961;Entre 1949 et 1967;74,1;74,1;121,2;240;21;6;0;0;0;0;0;0;0;0;27;Pierre;sans objet;Non;sans objet;sans objet;sans objet;sans objet;sans objet;sans objet;sans objet;sans objet;sans objet;sans objet;sans objet;Oui;1 à 5 fois par an;>=1 fois par jour;>1 fois par semaine;<=1 fois par semaine;<=1 fois par semaine;Non;Non;Non;Non;Non;Non;Non;Non;Non;sans objet;Non;Peinture, papier peint, vinyle, toile de verre;Faux-plafond;Plastique, PVC, linoléum;Oui;10;14;42;0;29;Double;11,65;Aucun système;sans objet;sans objet;sans objet;sans objet;Non;Oui;6;Non;sans objet;Non;Aucun système;Aucun système;BLANC-FEUTRE;Oui;Oui;Non;Non;Hors-chauffe
EM48CHM209_SDC2;EM48CHM209;SDC2;Oui;1;Connais approxi;sans objet;Entre 1949 et 1961;Entre 1949 et 1967;37,4;37,4;75;107;0;5;8;0;0;0;0;0;0;0;13;Pierre;sans objet;Non;sans objet;sans objet;sans objet;sans objet;sans objet;sans objet;sans objet;sans objet;sans objet;sans objet;sans objet;Oui;1 à 5 fois par an;>=1 fois par jour;<=1 fois par semaine;<=1 fois par semaine;<=1 fois par semaine;Non;Non;Non;Non;Non;Non;Non;Non;Non;sans objet;Oui;Peinture, papier peint, vinyle, toile de verre;Faux-plafond;Plastique, PVC, linoléum;Non;sans objet;4;37;0;16;Double;5,1;VMC;sans objet;simple flux par extraction avec balayage;1;sans objet;Non;Oui;2;Non;sans objet;Oui;VMC ou VN;VMC fonctionnelle;BLANC-FEUTRE;Oui;Oui;Non;Non;Hors-chauffe
EM52CHR149_SDC1;EM52CHR149;SDC1;Oui;0;Connais approxi;sans objet;Entre 1975 et 1981;Entre 1968 et 1981;60,9;66,1;89,8;167;0;0;19;0;0;0;0;0;0;0;19;Béton Parpaing;sans objet;Non;sans objet;sans objet;sans objet;sans objet;sans objet;sans objet;sans objet;sans objet;sans objet;sans objet;sans objet;Oui;1 à 5 fois par an;Jamais;>1 fois par semaine;Jamais;>1 fois par semaine;Oui;Non;Non;Non;Non;Non;Non;Non;Non;sans objet;Non;Peinture, papier peint, vinyle, toile de verre;Peinture, papier peint, vinyle, toile de verre;Carrelage;Non;sans objet;0;63;4;2;Double;13,85;VMC;sans objet;simple flux par extraction sans balayage;1;sans objet;Oui, ouverts;Oui;6;Non;sans objet;Non;VMC ou VN;VMC non fonctionnelle;MAT-CRAIE;Oui;Non;Non;Oui, tout le temps;Chauffe
EM52CHR149_SDC2;EM52CHR149;SDC2;Oui;0;Connais approxi;sans objet;Entre 1975 et 1981;Entre 1968 et 1981;65,7;65,7;82,8;167;0;16;4;0;0;0;0;0;0;0;20;Béton Parpaing;sans objet;Non;sans objet;sans objet;sans objet;sans objet;sans objet;sans objet;sans objet;sans objet;sans objet;sans objet;sans objet;Non;1 à 5 fois par an;Jamais;>1 fois par semaine;Jamais;>1 fois par semaine;Non;Non;Non;Non;Non;Non;Non;Non;Non;sans objet;Non;Peinture, papier peint, vinyle, toile de verre;Peinture, papier peint, vinyle, toile de verre;Carrelage;Non;sans objet;1;62;0;5;Double;9,75;VMC;sans objet;simple flux par extraction sans balayage;2;sans objet;Non;Oui;10;Non;sans objet;Non;VMC ou VN;VMC non fonctionnelle;MIXTE;Oui;Non;Non;Oui, tout le temps;Chauffe
EM52FOD167_SDC1;EM52FOD167;SDC1;Oui;0;Oui, date exacte;2013;sans objet;2003 et après;57,8;57,8;76,3;138;9;10;8;0;0;0;0;0;0;0;27;Béton Parpaing;sans objet;Non;sans objet;sans objet;sans objet;sans objet;sans objet;sans objet;sans objet;sans objet;sans objet;sans objet;sans objet;Non;NA;NA;NA;NA;NA;Non;Non;Oui;Oui;Non;Non;Non;Non;Non;sans objet;Non;Peinture, papier peint, vinyle, toile de verre;Faux-plafond;Carrelage;Non;sans objet;1;63;0;7;Double;8,5;VMC;sans objet;simple flux par insufflation avec balayage;sans objet;6;Non;Non;sans objet;Non;sans objet;Non;VMC ou VN;VMC fonctionnelle;BLANC-FEUTRE;Non;Non;Non;Oui, tout le temps;Chauffe
EM52FOD167_SDC2;EM52FOD167;SDC2;Oui;0;Oui, date exacte;2013;sans objet;2003 et après;59,6;59,6;79,3;149;0;0;8;6;6;0;0;0;0;0;20;Béton Parpaing;sans objet;Non;sans objet;sans objet;sans objet;sans objet;sans objet;sans objet;sans objet;sans objet;sans objet;sans objet;sans objet;Non;NA;NA;NA;NA;NA;Non;Non;Oui;Oui;Non;Non;Non;Non;Non;sans objet;Non;Peinture, papier peint, vinyle, toile de verre;Faux-plafond;Carrelage;Non;sans objet;0;57;0;1;Double;6,88;VMC;sans objet;simple flux par insufflation avec balayage;sans objet;6;Non;Non;sans objet;Non;sans objet;Non;VMC ou VN;VMC fonctionnelle;BLANC-FEUTRE;Oui;Non;Non;Oui, tout le temps;Chauffe
EM52MEJ191_SDC1;EM52MEJ191;SDC1;Oui;0;Connais approxi;sans objet;Entre 1968 et 1974;Entre 1968 et 1981;62,3;63,8;91,4;206;0;0;24;0;0;0;0;0;0;0;24;Briques;sans objet;Oui;Non;Non;Non;Non;Non;Non;Non;Non;Non;Non;sans objet;Oui;1 à 5 fois par an;>=1 fois par jour;<=1 fois par semaine;<=1 fois par semaine;<=1 fois par semaine;Ne sait pas;Non;Ne sait pas;Non;Non;Non;Non;Non;Non;sans objet;Non;Peinture, papier peint, vinyle, toile de verre;Peinture, papier peint, vinyle, toile de verre;Plastique, PVC, linoléum;Non;sans objet;0;70;0;2;Double;3,29;Aucun système;sans objet;sans objet;sans objet;sans objet;Non;Non;sans objet;Non;sans objet;Non;Aucun système;Aucun système;MAT-CRAIE;Non;Non;Non;Oui, tout le temps;Chauffe
EM52MEJ191_SDC2;EM52MEJ191;SDC2;Oui;0;Connais approxi;sans objet;Entre 1968 et 1974;Entre 1968 et 1981;62,3;65;91,4;216;18;0;5;0;0;0;0;0;0;0;23;Briques;sans objet;Oui;Non;Non;Non;Non;Non;Non;Non;Non;Non;Non;sans objet;Oui;1 à 5 fois par an;>=1 fois par jour;<=1 fois par semaine;<=1 fois par semaine;<=1 fois par semaine;Ne sait pas;Non;Ne sait pas;Non;Non;Non;Non;Non;Non;sans objet;Non;Peinture, papier peint, vinyle, toile de verre;Faux-plafond;Plastique, PVC, linoléum;Non;sans objet;0;16;0;29;Double;10,15;Aucun système;sans objet;sans objet;sans objet;sans objet;Non;Non;sans objet;Non;sans objet;Non;Aucun système;Aucun système;MAT-CRAIE;Non;Non;Non;Oui, la plupart du temps;Chauffe
EM52RSN152_SDC1;EM52RSN152;SDC1;Oui;0;Oui, date exacte;2009;sans objet;2003 et après;61,2;61,2;78,5;163;0;12;9;0;0;0;0;0;0;0;21;Béton Parpaing;sans objet;Non;sans objet;sans objet;sans objet;sans objet;sans objet;sans objet;sans objet;sans objet;sans objet;sans objet;sans objet;Non;1 à 5 fois par an;>=1 fois par jour;<=1 fois par semaine;<=1 fois par semaine;>1 fois par semaine;Non;Non;Non;Non;Non;Non;Non;Non;Non;sans objet;Non;Peinture, papier peint, vinyle, toile de verre;Faux-plafond;Carrelage;Non;sans objet;0;66;0;10;Double;8,89;Aucun système;sans objet;sans objet;sans objet;sans objet;Non;Oui;5;Non;sans objet;Non;Aucun système;Aucun système;BLANC-FEUTRE;Oui;Oui;Non;Oui, tout le temps;Chauffe
EM52RSN152_SDC2;EM52RSN152;SDC2;Oui;0;Oui, date exacte;2009;sans objet;2003 et après;57,3;57,3;84,4;153;19;0;0;0;0;0;0;0;0;0;19;Béton Parpaing;sans objet;Non;sans objet;sans objet;sans objet;sans objet;sans objet;sans objet;sans objet;sans objet;sans objet;sans objet;sans objet;Non;1 à 5 fois par an;>=1 fois par jour;<=1 fois par semaine;<=1 fois par semaine;>1 fois par semaine;Non;Non;Non;Non;Non;Non;Non;Non;Non;sans objet;Non;Peinture, papier peint, vinyle, toile de verre;Faux-plafond;Carrelage;Non;sans objet;0;24;0;35;Double;9,11;Aucun système;sans objet;sans objet;sans objet;sans objet;Non;Oui;5;Non;sans objet;Non;Aucun système;Aucun système;BLANC-FEUTRE;Non;Non;Non;Oui, tout le temps;Chauffe
EM61LCE040_SDC1;EM61LCE040;SDC1;Oui;0;Oui, date exacte;1981;sans objet;Entre 1968 et 1981;60;60;90,2;174;10;8;6;0;0;0;0;0;0;0;24;Béton Parpaing;sans objet;Non;sans objet;sans objet;sans objet;sans objet;sans objet;sans objet;sans objet;sans objet;sans objet;sans objet;sans objet;Oui;1 à 5 fois par an;>=1 fois par jour;<=1 fois par semaine;<=1 fois par semaine;<=1 fois par semaine;Non;Non;Non;Non;Non;Non;Non;Non;Non;sans objet;Non;Peinture, papier peint, vinyle, toile de verre;Faux-plafond;Carrelage;Non;sans objet;3;26;0;23;Double;12,8;Aucun système;sans objet;sans objet;sans objet;sans objet;Non;Oui;4;Non;sans objet;Oui;Aucun système;Aucun système;MAT-CRAIE;Oui;Oui;Non;Non;Hors-chauffe
EM61LCE040_SDC2;EM61LCE040;SDC2;Non;1;Oui, date exacte;1981;sans objet;Entre 1968 et 1981;85;85;113,8;246;0;0;0;21;0;0;0;0;0;0;21;Béton Parpaing;sans objet;Non;sans objet;sans objet;sans objet;sans objet;sans objet;sans objet;sans objet;sans objet;sans objet;sans objet;sans objet;Oui;1 à 5 fois par an;>=1 fois par jour;<=1 fois par semaine;<=1 fois par semaine;<=1 fois par semaine;Oui;Non;Oui;Non;Non;Oui;Non;Non;Non;sans objet;Non;Peinture, papier peint, vinyle, toile de verre;Faux-plafond;Carrelage;Non;sans objet;59;20;0;7;Double;16,9;Aucun système;sans objet;sans objet;sans objet;sans objet;Non;Oui;4;Non;sans objet;Oui;VMC ou VN;VMC info manquante;MAT-CRAIE;Oui;Oui;Non;Non;Hors-chauffe
EM61LFX041_SDC1;EM61LFX041;SDC1;Oui;0;Oui, date exacte;2001;sans objet;Entre 1982 et 2002;61;66;85,6;175;22;0;0;0;0;0;0;0;0;0;22;Béton Parpaing;sans objet;Non;sans objet;sans objet;sans objet;sans objet;sans objet;sans objet;sans objet;sans objet;sans objet;sans objet;sans objet;Non;>5 fois par an;Jamais;>1 fois par semaine;Jamais;>1 fois par semaine;Non;Non;Non;Non;Non;Non;Non;Non;Non;sans objet;Non;Peinture, papier peint, vinyle, toile de verre;Faux-plafond;Plastique, PVC, linoléum;Non;sans objet;5;41;0;1;Double;8,8;VMC;sans objet;simple flux par extraction sans balayage;2;sans objet;Non;Oui;3;Non;sans objet;Non;VMC ou VN;VMC fonctionnelle;MAT-CRAIE;Oui;Oui;Non;Oui, tout le temps;Chauffe
EM61LFX041_SDC2;EM61LFX041;SDC2;Oui;0;Oui, date exacte;2001;sans objet;Entre 1982 et 2002;61;66;85,6;175;0;16;7;0;0;0;0;0;0;0;23;Béton Parpaing;sans objet;Non;sans objet;sans objet;sans objet;sans objet;sans objet;sans objet;sans objet;sans objet;sans objet;sans objet;sans objet;Non;>5 fois par an;Jamais;>1 fois par semaine;Jamais;>1 fois par semaine;Non;Non;Non;Non;Non;Non;Non;Non;Non;sans objet;Non;Peinture, papier peint, vinyle, toile de verre;Faux-plafond;Plastique, PVC, linoléum;Non;sans objet;6;18;0;1;Double;8,8;VMC;sans objet;simple flux par extraction sans balayage;2;sans objet;Non;Oui;3;Non;sans objet;Non;VMC ou VN;VMC fonctionnelle;MAT-CRAIE;Oui;Oui;Non;Oui, tout le temps;Chauffe
EM61RAN042_SDC1;EM61RAN042;SDC1;Oui;0;Oui, date exacte;1977;sans objet;Entre 1968 et 1981;50;50;75,3;128;23;0;0;0;0;0;0;0;0;0;23;Béton Parpaing;sans objet;Non;sans objet;sans objet;sans objet;sans objet;sans objet;sans objet;sans objet;sans objet;sans objet;sans objet;sans objet;Oui;>5 fois par an;<1 fois par jour;>1 fois par semaine;Jamais;>1 fois par semaine;Non;Non;Non;Non;Non;Oui;Non;Non;Oui;QQues taches eparses;Non;Peinture, papier peint, vinyle, toile de verre;Peinture, papier peint, vinyle, toile de verre;Plastique, PVC, linoléum;Oui;2;3;27;0;29;Double;5;Aucun système;sans objet;sans objet;sans objet;sans objet;Non;Non;sans objet;Non;sans objet;Non;Aucun système;Aucun système;BLANC-FEUTRE;Oui;Non;Non;NA;Chauffe
EM61RAN042_SDC2;EM61RAN042;SDC2;Oui;0;Oui, date exacte;1977;sans objet;Entre 1968 et 1981;56;56;76,2;142;0;12;12;0;0;0;0;0;0;0;24;Béton Parpaing;sans objet;Non;sans objet;sans objet;sans objet;sans objet;sans objet;sans objet;sans objet;sans objet;sans objet;sans objet;sans objet;Oui;>5 fois par an;<1 fois par jour;>1 fois par semaine;Jamais;>1 fois par semaine;Non;Non;Non;Non;Non;Non;Non;Non;Non;sans objet;Non;Peinture, papier peint, vinyle, toile de verre;Peinture, papier peint, vinyle, toile de verre;Plastique, PVC, linoléum;Oui;5;2;28;0;24;Double;2,9;Aucun système;sans objet;sans objet;sans objet;sans objet;Non;Non;sans objet;Non;sans objet;Non;Aucun système;Aucun système;BLANC-FEUTRE;Oui;Non;Non;Oui, la plupart du temps;Chauffe
EM62BAE302_SDC1;EM62BAE302;SDC1;Oui;0;Oui, date exacte;2015;sans objet;2003 et après;51;51;102;165;0;6;9;11;0;0;0;0;0;0;26;Briques;sans objet;Oui;ACHEVES;Non;ACHEVES;Non;ACHEVES;ACHEVES;Non;Non;ACHEVES;Non;sans objet;Non;>5 fois par an;>=1 fois par jour;>1 fois par semaine;<=1 fois par semaine;>1 fois par semaine;Non;Non;Non;Non;Non;Non;Non;Non;Non;sans objet;Non;Peinture, papier peint, vinyle, toile de verre;Faux-plafond;Plastique, PVC, linoléum;Non;sans objet;27;50;0;3;Double;15,09;VMC;sans objet;simple flux par extraction sans balayage;2;sans objet;Non;Non;sans objet;Non;sans objet;Non;VMC ou VN;VMC info manquante;MAT-CRAIE;Oui;Non;Oui;Oui, tout le temps;Chauffe
EM62BAE302_SDC2;EM62BAE302;SDC2;Oui;0;Oui, date exacte;2015;sans objet;2003 et après;61;61;90;180;19;10;2;0;0;0;0;0;0;0;31;Briques;sans objet;Oui;ACHEVES;Non;ACHEVES;Non;ACHEVES;ACHEVES;Non;Non;ACHEVES;Non;sans objet;Non;>5 fois par an;>=1 fois par jour;>1 fois par semaine;<=1 fois par semaine;>1 fois par semaine;Non;Non;Non;Non;Non;Non;Non;Non;Non;sans objet;Non;Peinture, papier peint, vinyle, toile de verre;Faux-plafond;Plastique, PVC, linoléum;Non;sans objet;0;36;0;0;Double;29,2;VMC;sans objet;simple flux par extraction avec balayage;2;sans objet;Non;Non;sans objet;Non;sans objet;Oui;VMC ou VN;VMC info manquante;MAT-CRAIE;Non;Non;Non;Oui, tout le temps;Chauffe
EM62DEK319_SDC1;EM62DEK319;SDC1;Oui;0;Connais approxi;sans objet;Entre 1949 et 1961;Entre 1949 et 1967;53,8;53,8;91,8;166;11;17;0;0;0;0;0;0;0;0;28;Béton Parpaing;sans objet;Non;sans objet;sans objet;sans objet;sans objet;sans objet;sans objet;sans objet;sans objet;sans objet;sans objet;sans objet;Non;Jamais;>=1 fois par jour;>1 fois par semaine;Jamais;>1 fois par semaine;Oui;Non;Oui;Non;Non;Non;Oui;Non;Non;sans objet;Non;Peinture, papier peint, vinyle, toile de verre;Faux-plafond;Plastique, PVC, linoléum;Non;sans objet;2;46;0;14;Double;10,9;Aucun système;sans objet;sans objet;sans objet;sans objet;Non;Non;sans objet;Non;sans objet;Oui;Aucun système;Aucun système;MAT-CRAIE;Oui;Non;Non;Non;Hors-chauffe
EM62DEK319_SDC2;EM62DEK319;SDC2;Oui;0;Connais approxi;sans objet;Entre 1949 et 1961;Entre 1949 et 1967;53,9;53,9;92,8;168;12;19;0;0;0;0;0;0;0;0;31;Béton Parpaing;sans objet;Non;sans objet;sans objet;sans objet;sans objet;sans objet;sans objet;sans objet;sans objet;sans objet;sans objet;sans objet;Non;Jamais;>=1 fois par jour;>1 fois par semaine;Jamais;>1 fois par semaine;Oui;Non;Oui;Non;Non;Non;Non;Non;Non;sans objet;Non;Peinture, papier peint, vinyle, toile de verre;Faux-plafond;Plastique, PVC, linoléum;Non;sans objet;0;30;0;31;Double;14;Aucun système;sans objet;sans objet;sans objet;sans objet;Non;Non;sans objet;Non;sans objet;Non;Aucun système;Aucun système;MAT-CRAIE;Oui;Oui;Non;Non;Hors-chauffe
EM62FEG282_SDC1;EM62FEG282;SDC1;Oui;0;Connais approxi;sans objet;Entre 1915 et 1948;Avant 1948;48;48;112;192;8;4;5;0;0;0;0;0;0;0;17;Briques;sans objet;Oui;ACHEVES;ACHEVES;Non;Non;Non;Non;Non;Non;Non;Non;sans objet;Non;1 à 5 fois par an;<1 fois par jour;>1 fois par semaine;>1 fois par semaine;>1 fois par semaine;Non;Non;Non;Non;Non;Non;Oui;Non;Non;sans objet;Non;Peinture, papier peint, vinyle, toile de verre;Peinture, papier peint, vinyle, toile de verre;Carrelage;Non;sans objet;12;50;0;24;Simple;8;Aucun système;sans objet;sans objet;sans objet;sans objet;Non;Non;sans objet;Non;sans objet;Non;Aucun système;Aucun système;MAT-CRAIE;Non;Non;Non;Oui, tout le temps;Chauffe
EM62GUE311_SDC1;EM62GUE311;SDC1;Oui;0;Connais approxi;sans objet;Entre 1915 et 1948;Avant 1948;51,7;51,7;88,2;158;0;0;6;18;0;0;0;0;0;0;24;Briques;sans objet;Non;sans objet;sans objet;sans objet;sans objet;sans objet;sans objet;sans objet;sans objet;sans objet;sans objet;sans objet;Oui;>5 fois par an;Jamais;<=1 fois par semaine;Jamais;<=1 fois par semaine;Non;Non;Non;Non;Non;Non;Non;Non;Non;sans objet;Non;Peinture, papier peint, vinyle, toile de verre;Faux-plafond;Carrelage;Non;sans objet;0;56;0;5;Double;13,23;Aucun système;sans objet;sans objet;sans objet;sans objet;Non;Non;sans objet;Non;sans objet;Non;Aucun système;Aucun système;MAT-CRAIE;Non;Oui;Non;Oui, la plupart du temps;Chauffe
EM62HAR306_SDC1;EM62HAR306;SDC1;Oui;0;Connais approxi;sans objet;Entre 1915 et 1948;Avant 1948;52;52;112;204;22;0;0;0;0;0;0;0;0;0;22;Briques;sans objet;Oui;Non;ACHEVES;Non;Non;Non;Non;Non;Non;Non;Non;sans objet;Non;1 à 5 fois par an;>=1 fois par jour;>1 fois par semaine;Jamais;>1 fois par semaine;Non;Non;Non;Non;Non;Non;Non;Non;Non;sans objet;Non;Peinture, papier peint, vinyle, toile de verre;Peinture, papier peint, vinyle, toile de verre;Carrelage;Non;sans objet;1;66;0;15;Double;6,74;Aucun système;sans objet;sans objet;sans objet;sans objet;Non;Non;sans objet;Non;sans objet;Non;Aucun système;Aucun système;MAT-CRAIE;Non;Non;Non;Oui, tout le temps;Chauffe
EM62HAR306_SDC2;EM62HAR306;SDC2;Oui;0;Connais approxi;sans objet;Entre 1915 et 1948;Avant 1948;50,6;50,6;106;193;0;8;16;0;0;0;0;0;0;0;24;Briques;sans objet;Oui;Non;ACHEVES;Non;Non;Non;Non;Non;Non;Non;Non;sans objet;Non;1 à 5 fois par an;>=1 fois par jour;>1 fois par semaine;Jamais;>1 fois par semaine;Non;Non;Non;Non;Non;Non;Non;Non;Non;sans objet;Non;Peinture, papier peint, vinyle, toile de verre;Peinture, papier peint, vinyle, toile de verre;Carrelage;Non;sans objet;0;62;0;0;Double;10,8;Aucun système;sans objet;sans objet;sans objet;sans objet;Non;Non;sans objet;Non;sans objet;Oui;Aucun système;Aucun système;MAT-CRAIE;Non;Non;Non;Oui, tout le temps;Chauffe
EM62LAK308_SDC1;EM62LAK308;SDC1;Oui;0;Non;sans objet;sans objet;Entre 1982 et 2002;63;63;84,7;171;0;0;29;0;0;0;0;0;0;0;29;Briques;sans objet;Non;sans objet;sans objet;sans objet;sans objet;sans objet;sans objet;sans objet;sans objet;sans objet;sans objet;sans objet;Non;>5 fois par an;<1 fois par jour;>1 fois par semaine;<=1 fois par semaine;<=1 fois par semaine;Ne sait pas;Ne sait pas;Ne sait pas;Ne sait pas;Non;Non;Non;Non;Non;sans objet;Non;Peinture, papier peint, vinyle, toile de verre;Peinture, papier peint, vinyle, toile de verre;Plastique, PVC, linoléum;Non;sans objet;0;65;0;2;Double;10,74;Aucun système;sans objet;sans objet;sans objet;sans objet;Non;Non;sans objet;Non;sans objet;Non;Aucun système;Aucun système;MAT-CRAIE;Oui;Non;Non;Oui, tout le temps;Chauffe
EM62LAK308_SDC2;EM62LAK308;SDC2;Oui;0;Non;sans objet;sans objet;Entre 1982 et 2002;62;62;73,5;179;0;17;10;0;0;0;0;0;0;0;27;Briques;sans objet;Non;sans objet;sans objet;sans objet;sans objet;sans objet;sans objet;sans objet;sans objet;sans objet;sans objet;sans objet;Non;>5 fois par an;<1 fois par jour;>1 fois par semaine;<=1 fois par semaine;<=1 fois par semaine;Ne sait pas;Ne sait pas;Ne sait pas;Ne sait pas;Non;Non;Non;Non;Non;sans objet;Non;Peinture, papier peint, vinyle, toile de verre;Peinture, papier peint, vinyle, toile de verre;Plastique, PVC, linoléum;Non;sans objet;0;52;0;6;Double;4,96;Aucun système;sans objet;sans objet;sans objet;sans objet;Non;Non;sans objet;Non;sans objet;Non;Aucun système;Aucun système;MAT-CRAIE;Non;Non;Non;Non;Chauffe
EM62LOB259_SDC1;EM62LOB259;SDC1;Oui;0;Connais approxi;sans objet;Entre 1982 et 1989;Entre 1982 et 2002;69;79;90;276;9;9;6;0;0;0;0;0;0;0;24;Briques;sans objet;Non;sans objet;sans objet;sans objet;sans objet;sans objet;sans objet;sans objet;sans objet;sans objet;sans objet;sans objet;Non;1 à 5 fois par an;>=1 fois par jour;>1 fois par semaine;<=1 fois par semaine;<=1 fois par semaine;Non;Non;Oui;Oui;Non;Non;Non;Non;Non;sans objet;Non;Peinture, papier peint, vinyle, toile de verre;Lambris bois;Plastique, PVC, linoléum;Non;sans objet;2;54;0;15;Double;7,19;Aucun système;sans objet;sans objet;sans objet;sans objet;Non;Oui;2;Non;sans objet;Oui;Aucun système;Aucun système;MAT-CRAIE;Non;Non;Oui;Oui, tout le temps;Chauffe
EM62NHD316_SDC1;EM62NHD316;SDC1;Oui;0;Non;sans objet;sans objet;Avant 1948;62;62;90,6;161;0;0;25;0;0;0;0;0;0;0;25;Béton Parpaing;sans objet;Non;sans objet;sans objet;sans objet;sans objet;sans objet;sans objet;sans objet;sans objet;sans objet;sans objet;sans objet;Non;Jamais;>=1 fois par jour;>1 fois par semaine;>1 fois par semaine;>1 fois par semaine;Ne sait pas;Ne sait pas;Ne sait pas;Ne sait pas;Non;Non;Non;Non;Non;sans objet;Non;Peinture, papier peint, vinyle, toile de verre;Faux-plafond;Plastique, PVC, linoléum;Non;sans objet;0;49;0;23;Double;6,55;Aucun système;sans objet;sans objet;sans objet;sans objet;Non;Non;sans objet;Non;sans objet;Oui;Aucun système;Aucun système;MAT-CRAIE;Oui;Non;Oui;Non;Hors-chauffe
EM62NHD316_SDC2;EM62NHD316;SDC2;Oui;0;Non;sans objet;sans objet;Avant 1948;81;81;118,9;227;13;17;0;0;0;0;0;0;0;0;30;Béton Parpaing;sans objet;Non;sans objet;sans objet;sans objet;sans objet;sans objet;sans objet;sans objet;sans objet;sans objet;sans objet;sans objet;Non;Jamais;>=1 fois par jour;>1 fois par semaine;>1 fois par semaine;>1 fois par semaine;Ne sait pas;Ne sait pas;Ne sait pas;Ne sait pas;Non;Non;Non;Non;Non;sans objet;Non;Peinture, papier peint, vinyle, toile de verre;Faux-plafond;Plastique, PVC, linoléum;Non;sans objet;0;27;0;30;Double;8,4;Aucun système;sans objet;sans objet;sans objet;sans objet;Non;Non;sans objet;Non;sans objet;Non;Aucun système;Aucun système;MAT-CRAIE;Non;Non;Non;Non;Hors-chauffe
EM62SEO315_SDC1;EM62SEO315;SDC1;Oui;0;Oui, date exacte;2005;sans objet;2003 et après;75;75;115;201;15;13;0;0;0;0;0;0;0;0;28;Briques;sans objet;Non;sans objet;sans objet;sans objet;sans objet;sans objet;sans objet;sans objet;sans objet;sans objet;sans objet;sans objet;Non;Jamais;>=1 fois par jour;<=1 fois par semaine;<=1 fois par semaine;<=1 fois par semaine;Non;Non;Non;Non;Non;Non;Non;Non;Non;sans objet;Non;Peinture, papier peint, vinyle, toile de verre;Faux-plafond;Plastique, PVC, linoléum;Non;sans objet;0;51;0;4;Double;11,6;Aucun système;sans objet;sans objet;sans objet;sans objet;Non;Non;sans objet;Non;sans objet;Oui;Aucun système;Aucun système;MAT-CRAIE;Oui;Non;Non;Oui, tout le temps;Chauffe
EM62SEO315_SDC2;EM62SEO315;SDC2;Oui;0;Oui, date exacte;2005;sans objet;2003 et après;61;61;93,2;163;0;5;22;0;0;0;0;0;0;0;27;Briques;sans objet;Non;sans objet;sans objet;sans objet;sans objet;sans objet;sans objet;sans objet;sans objet;sans objet;sans objet;sans objet;Non;Jamais;>=1 fois par jour;<=1 fois par semaine;<=1 fois par semaine;<=1 fois par semaine;Non;Non;Non;Non;Non;Non;Non;Non;Non;sans objet;Non;Peinture, papier peint, vinyle, toile de verre;Faux-plafond;Plastique, PVC, linoléum;Non;sans objet;0;69;0;5;Double;9,9;Aucun système;sans objet;sans objet;sans objet;sans objet;Non;Non;sans objet;Non;sans objet;Non;Aucun système;Aucun système;MAT-CRAIE;Oui;Non;Non;Oui, la plupart du temps;Chauffe
EM62VEA291_SDC1;EM62VEA291;SDC1;Non;0;Connais approxi;sans objet;Entre 1949 et 1961;Entre 1949 et 1967;54;54;94;177;8;13;5;0;0;0;0;0;0;0;26;Briques;sans objet;Non;sans objet;sans objet;sans objet;sans objet;sans objet;sans objet;sans objet;sans objet;sans objet;sans objet;sans objet;Oui;1 à 5 fois par an;>=1 fois par jour;<=1 fois par semaine;<=1 fois par semaine;<=1 fois par semaine;Non;Non;Non;Non;Non;Non;Non;Non;Non;sans objet;Non;Peinture, papier peint, vinyle, toile de verre;Faux-plafond;Parquet massif ou contrecollé, vitrifié, stratifié;Oui;10;4;60;0;5;Double;4,96;Aucun système;sans objet;sans objet;sans objet;sans objet;Non;Non;sans objet;Non;sans objet;Non;Aucun système;Aucun système;MAT-CRAIE;Non;Non;Non;Oui, tout le temps;Chauffe
EM62WAQ312_SDC1;EM62WAQ312;SDC1;Oui;0;Connais approxi;sans objet;Entre 1949 et 1961;Entre 1949 et 1967;52,2;52,2;80;148;0;17;6;0;0;0;0;0;0;0;23;Briques;sans objet;Non;sans objet;sans objet;sans objet;sans objet;sans objet;sans objet;sans objet;sans objet;sans objet;sans objet;sans objet;Non;>5 fois par an;>=1 fois par jour;>1 fois par semaine;>1 fois par semaine;<=1 fois par semaine;Non;Non;Non;Non;Non;Non;Non;Non;Non;sans objet;Non;Peinture, papier peint, vinyle, toile de verre;Faux-plafond;Carrelage;Non;sans objet;1;56;0;22;Double;6;Aucun système;sans objet;sans objet;sans objet;sans objet;Non;Oui;3;Non;sans objet;Non;Aucun système;Aucun système;MAT-CRAIE;Oui;Non;Oui;Oui, la plupart du temps;Chauffe
EM62WAQ312_SDC2;EM62WAQ312;SDC2;Oui;0;Connais approxi;sans objet;Entre 1949 et 1961;Entre 1949 et 1967;51,7;51,7;80;147;26;0;0;0;0;0;0;0;0;0;26;Briques;sans objet;Non;sans objet;sans objet;sans objet;sans objet;sans objet;sans objet;sans objet;sans objet;sans objet;sans objet;sans objet;Non;>5 fois par an;>=1 fois par jour;>1 fois par semaine;>1 fois par semaine;<=1 fois par semaine;Non;Non;Non;Non;Non;Non;Non;Non;Non;sans objet;Non;Peinture, papier peint, vinyle, toile de verre;Faux-plafond;Carrelage;Non;sans objet;0;41;0;5;Double;1,14;Aucun système;sans objet;sans objet;sans objet;sans objet;Non;Oui;3;Non;sans objet;Non;Aucun système;Aucun système;BLANC-FEUTRE;Non;Non;Non;Oui, la plupart du temps;Chauffe
EM67BEN059_SDC1;EM67BEN059;SDC1;Oui;0;Oui, date exacte;2000;sans objet;Entre 1982 et 2002;60,3;60,3;111;211;9;20;0;0;0;0;0;0;0;0;29;Béton Parpaing;sans objet;Non;sans objet;sans objet;sans objet;sans objet;sans objet;sans objet;sans objet;sans objet;sans objet;sans objet;sans objet;Non;1 à 5 fois par an;>=1 fois par jour;<=1 fois par semaine;Jamais;>1 fois par semaine;Non;Non;Non;Non;Non;Non;Non;Non;Non;sans objet;Non;Peinture, papier peint, vinyle, toile de verre;Faux-plafond;Plastique, PVC, linoléum;Non;sans objet;0;51;0;2;Double;13,4;VMC;sans objet;simple flux par extraction avec balayage;0;sans objet;Non;Oui;3;Non;sans objet;Oui;VMC ou VN;VMC info manquante;BLANC-FEUTRE;Non;Non;Non;Non;Chauffe
EM67BEN059_SDC2;EM67BEN059;SDC2;Oui;0;Oui, date exacte;2000;sans objet;Entre 1982 et 2002;60,3;60,3;110;211;14;0;15;0;0;0;0;0;0;0;29;Béton Parpaing;sans objet;Non;sans objet;sans objet;sans objet;sans objet;sans objet;sans objet;sans objet;sans objet;sans objet;sans objet;sans objet;Non;1 à 5 fois par an;>=1 fois par jour;<=1 fois par semaine;Jamais;>1 fois par semaine;Non;Non;Non;Non;Non;Non;Non;Non;Non;sans objet;Non;Peinture, papier peint, vinyle, toile de verre;Faux-plafond;Plastique, PVC, linoléum;Non;sans objet;0;56;0;1;Double;13,4;VMC;sans objet;simple flux par extraction avec balayage;0;sans objet;Non;Oui;3;Non;sans objet;Oui;VMC ou VN;VMC info manquante;BLANC-FEUTRE;Non;Non;Non;Oui, tout le temps;Chauffe
EM67GOW056_SDC1;EM67GOW056;SDC1;Oui;0;Non;sans objet;sans objet;Avant 1948;63,9;63,9;96,6;191;9;17;0;0;0;0;0;0;0;0;26;Béton Parpaing;sans objet;Non;sans objet;sans objet;sans objet;sans objet;sans objet;sans objet;sans objet;sans objet;sans objet;sans objet;sans objet;Non;1 à 5 fois par an;Jamais;>1 fois par semaine;Jamais;<=1 fois par semaine;Non;Non;Non;Non;Non;Non;Non;Non;Non;sans objet;Non;Peinture, papier peint, vinyle, toile de verre;Peinture, papier peint, vinyle, toile de verre;Parquet massif ou contrecollé, vitrifié, stratifié;Non;sans objet;4;60;0;0;Double;7,6;Aucun système;sans objet;sans objet;sans objet;sans objet;Non;Non;sans objet;Non;sans objet;Oui;Aucun système;Aucun système;MAT-CRAIE;Oui;Oui;Non;Oui, tout le temps;Chauffe
EM67GOW056_SDC2;EM67GOW056;SDC2;Oui;0;Non;sans objet;sans objet;Avant 1948;63,9;63,9;96,6;191;8;0;18;0;0;0;0;0;0;0;26;Béton Parpaing;sans objet;Non;sans objet;sans objet;sans objet;sans objet;sans objet;sans objet;sans objet;sans objet;sans objet;sans objet;sans objet;Non;1 à 5 fois par an;Jamais;>1 fois par semaine;Jamais;<=1 fois par semaine;Non;Non;Non;Non;Non;Non;Non;Non;Non;sans objet;Non;Peinture, papier peint, vinyle, toile de verre;Peinture, papier peint, vinyle, toile de verre;Plastique, PVC, linoléum;Non;sans objet;4;64;0;0;Double;6,3;Aucun système;sans objet;sans objet;sans objet;sans objet;Non;Non;sans objet;Non;sans objet;Oui;Aucun système;Aucun système;MAT-CRAIE;Oui;Oui;Non;Oui, tout le temps;Chauffe
EM67HAF058_SDC1;EM67HAF058;SDC1;Oui;0;Connais approxi;sans objet;Entre 1949 et 1961;Entre 1949 et 1967;55,2;55,2;104,8;193;0;0;25;0;0;0;0;0;0;0;25;Briques;sans objet;Non;sans objet;sans objet;sans objet;sans objet;sans objet;sans objet;sans objet;sans objet;sans objet;sans objet;sans objet;Oui;1 à 5 fois par an;>=1 fois par jour;>1 fois par semaine;>1 fois par semaine;>1 fois par semaine;Non;Non;Non;Non;Non;Non;Non;Non;Non;sans objet;Non;Peinture, papier peint, vinyle, toile de verre;Peinture, papier peint, vinyle, toile de verre;Plastique, PVC, linoléum;Non;sans objet;0;65;0;2;Double;10,4;Aucun système;sans objet;sans objet;sans objet;sans objet;Non;Non;sans objet;Non;sans objet;Oui;Aucun système;Aucun système;BLANC-FEUTRE;Non;Non;Non;Oui, tout le temps;Chauffe
EM67HAF058_SDC2;EM67HAF058;SDC2;Oui;0;Connais approxi;sans objet;Entre 1949 et 1961;Entre 1949 et 1967;55,2;55,2;104,8;193;0;27;0;0;0;0;0;0;0;0;27;Briques;sans objet;Non;sans objet;sans objet;sans objet;sans objet;sans objet;sans objet;sans objet;sans objet;sans objet;sans objet;sans objet;Oui;1 à 5 fois par an;>=1 fois par jour;>1 fois par semaine;>1 fois par semaine;>1 fois par semaine;Non;Non;Non;Non;Non;Non;Non;Non;Non;sans objet;Non;Peinture, papier peint, vinyle, toile de verre;Peinture, papier peint, vinyle, toile de verre;Plastique, PVC, linoléum;Non;sans objet;5;58;0;0;Double;10,4;Aucun système;sans objet;sans objet;sans objet;sans objet;Non;Non;sans objet;Non;sans objet;Oui;Aucun système;Aucun système;BLANC-FEUTRE;Non;Non;Non;Oui, tout le temps;Chauffe
EM67HAF058_SDC3;EM67HAF058;SDC3;Oui;0;Connais approxi;sans objet;Entre 1990 et 1996;Entre 1982 et 2002;105;88,3;175,4;274;18;0;0;0;0;0;0;0;0;0;18;Autre;ytong;Non;sans objet;sans objet;sans objet;sans objet;sans objet;sans objet;sans objet;sans objet;sans objet;sans objet;sans objet;Non;1 à 5 fois par an;>=1 fois par jour;>1 fois par semaine;>1 fois par semaine;>1 fois par semaine;Non;Non;Non;Non;Non;Non;Non;Non;Non;sans objet;Non;Peinture, papier peint, vinyle, toile de verre;Lambris bois;Carrelage;Oui;5;0;51;0;6;Double;15,6;VMC;sans objet;simple flux par extraction sans balayage;1;sans objet;Non;Non;sans objet;Non;sans objet;Oui;VMC ou VN;VMC info manquante;BLANC-FEUTRE;Non;Non;Non;Oui, tout le temps;Chauffe
EM67MEB083_SDC1;EM67MEB083;SDC1;Oui;0;Connais approxi;sans objet;Entre 1949 et 1961;Entre 1949 et 1967;57,6;57,6;88,8;167;9;6;10;0;0;0;0;0;0;0;25;Béton Parpaing;sans objet;Non;sans objet;sans objet;sans objet;sans objet;sans objet;sans objet;sans objet;sans objet;sans objet;sans objet;sans objet;Oui;1 à 5 fois par an;<1 fois par jour;>1 fois par semaine;>1 fois par semaine;>1 fois par semaine;Non;Non;Non;Non;Non;Non;Non;Non;Non;sans objet;Non;Peinture, papier peint, vinyle, toile de verre;Peinture, papier peint, vinyle, toile de verre;Plastique, PVC, linoléum;Non;sans objet;0;54;0;2;Double;8;Aucun système;sans objet;sans objet;sans objet;sans objet;Non;Non;sans objet;Non;sans objet;Oui;Aucun système;Aucun système;MAT-CRAIE;Oui;Oui;Non;Oui, tout le temps;Chauffe
EM67ROJ054_SDC1;EM67ROJ054;SDC1;Oui;0;Oui, date exacte;1992;sans objet;Entre 1982 et 2002;62,3;62,3;70,6;155;6;9;4;0;0;0;0;0;0;0;19;Briques;sans objet;Non;sans objet;sans objet;sans objet;sans objet;sans objet;sans objet;sans objet;sans objet;sans objet;sans objet;sans objet;Non;1 à 5 fois par an;>=1 fois par jour;>1 fois par semaine;<=1 fois par semaine;<=1 fois par semaine;Non;Non;Non;Non;Non;Non;Non;Non;Non;sans objet;Non;Peinture, papier peint, vinyle, toile de verre;Faux-plafond;Plastique, PVC, linoléum;Non;sans objet;15;57;0;0;Double;13,7;VMC;sans objet;simple flux par extraction sans balayage;1;sans objet;Non;Oui;5;Non;sans objet;Oui;VMC ou VN;VMC fonctionnelle;BLANC-FEUTRE;Oui;Oui;Non;Oui, tout le temps;Chauffe
EM67STA097_SDC1;EM67STA097;SDC1;Oui;0;Oui, date exacte;1973;sans objet;Entre 1968 et 1981;60,9;60,9;84,7;146;14;8;0;0;0;0;0;0;0;0;22;Béton Parpaing;sans objet;Non;sans objet;sans objet;sans objet;sans objet;sans objet;sans objet;sans objet;sans objet;sans objet;sans objet;sans objet;Non;>5 fois par an;>=1 fois par jour;>1 fois par semaine;Jamais;>1 fois par semaine;Non;Non;Non;Non;Non;Non;Non;Non;Non;sans objet;Non;Peinture, papier peint, vinyle, toile de verre;Faux-plafond;Plastique, PVC, linoléum;Non;sans objet;0;52;0;7;Double;8,5;VMC;sans objet;VMC double flux sans balayage;1;1;Non;Non;sans objet;Non;sans objet;Oui;VMC ou VN;VMC fonctionnelle;BLANC-FEUTRE;Oui;Oui;Non;Non;Hors-chauffe
EM67STA097_SDC2;EM67STA097;SDC2;Oui;0;Oui, date exacte;1973;sans objet;Entre 1968 et 1981;61,6;61,6;81,1;147;19;0;0;0;0;0;0;0;0;0;19;Béton Parpaing;sans objet;Non;sans objet;sans objet;sans objet;sans objet;sans objet;sans objet;sans objet;sans objet;sans objet;sans objet;sans objet;Non;>5 fois par an;>=1 fois par jour;>1 fois par semaine;Jamais;>1 fois par semaine;Non;Non;Non;Non;Non;Non;Non;Non;Non;sans objet;Non;Peinture, papier peint, vinyle, toile de verre;Faux-plafond;Plastique, PVC, linoléum;Non;sans objet;0;66;0;3;Double;8,5;VMC;sans objet;VMC double flux sans balayage;1;1;Non;Non;sans objet;Non;sans objet;Oui;VMC ou VN;VMC fonctionnelle;BLANC-FEUTRE;Non;Non;Non;Non;Hors-chauffe
EM67STB089_SDC1;EM67STB089;SDC1;Oui;0;Connais approxi;sans objet;Entre 1949 et 1961;Entre 1949 et 1967;53,3;53,3;91,2;165;0;0;25;0;0;0;0;0;0;0;25;Béton Parpaing;sans objet;Non;sans objet;sans objet;sans objet;sans objet;sans objet;sans objet;sans objet;sans objet;sans objet;sans objet;sans objet;Oui;>5 fois par an;>=1 fois par jour;<=1 fois par semaine;Jamais;>1 fois par semaine;Non;Non;Non;Non;Non;Non;Non;Non;Non;sans objet;Non;Peinture, papier peint, vinyle, toile de verre;Faux-plafond;Plastique, PVC, linoléum;Non;sans objet;0;68;0;1;Double;14;VMC;sans objet;simple flux par extraction sans balayage;2;sans objet;Non;Oui;10;Non;sans objet;Oui;VMC ou VN;VMC non fonctionnelle;BLANC-FEUTRE;Non;Non;Non;Non;Hors-chauffe
EM67STB089_SDC2;EM67STB089;SDC2;Oui;0;Connais approxi;sans objet;Entre 1949 et 1961;Entre 1949 et 1967;53,3;53,3;91,2;165;25;0;0;0;0;0;0;0;0;0;25;Béton Parpaing;sans objet;Non;sans objet;sans objet;sans objet;sans objet;sans objet;sans objet;sans objet;sans objet;sans objet;sans objet;sans objet;Oui;>5 fois par an;>=1 fois par jour;<=1 fois par semaine;Jamais;>1 fois par semaine;Non;Non;Non;Non;Non;Non;Non;Non;Non;sans objet;Non;Peinture, papier peint, vinyle, toile de verre;Faux-plafond;Plastique, PVC, linoléum;Non;sans objet;1;74;0;2;Double;14;VMC;sans objet;simple flux par extraction sans balayage;2;sans objet;Non;Oui;10;Non;sans objet;Oui;VMC ou VN;VMC non fonctionnelle;BLANC-FEUTRE;Non;Non;Non;Non;Hors-chauffe
EM67STB089_SDC3;EM67STB089;SDC3;Oui;0;Connais approxi;sans objet;Entre 1949 et 1961;Entre 1949 et 1967;53,3;53,3;91,2;165;0;30;0;0;0;0;0;0;0;0;30;Béton Parpaing;sans objet;Non;sans objet;sans objet;sans objet;sans objet;sans objet;sans objet;sans objet;sans objet;sans objet;sans objet;sans objet;Oui;>5 fois par an;>=1 fois par jour;<=1 fois par semaine;Jamais;>1 fois par semaine;Non;Non;Non;Non;Non;Non;Non;Non;Non;sans objet;Non;Peinture, papier peint, vinyle, toile de verre;Faux-plafond;Plastique, PVC, linoléum;Non;sans objet;1;76;0;1;Double;14;VMC;sans objet;simple flux par extraction sans balayage;2;sans objet;Non;Oui;10;Non;sans objet;Oui;VMC ou VN;VMC non fonctionnelle;BLANC-FEUTRE;Non;Non;Non;Non;Hors-chauffe
EM67STG085_SDC1;EM67STG085;SDC1;Oui;0;Oui, date exacte;1973;sans objet;Entre 1968 et 1981;62,5;62,5;88,4;173;0;23;0;0;0;0;0;0;0;0;23;Béton Parpaing;sans objet;Non;sans objet;sans objet;sans objet;sans objet;sans objet;sans objet;sans objet;sans objet;sans objet;sans objet;sans objet;Non;>5 fois par an;>=1 fois par jour;>1 fois par semaine;Jamais;>1 fois par semaine;Non;Non;Non;Non;Non;Non;Non;Non;Non;sans objet;Non;Peinture, papier peint, vinyle, toile de verre;Faux-plafond;Plastique, PVC, linoléum;Non;sans objet;0;72;0;10;Double;8,5;VMC;sans objet;VMC double flux sans balayage;1;1;Non;Non;sans objet;Non;sans objet;Oui;VMC ou VN;VMC fonctionnelle;BLANC-FEUTRE;Oui;Oui;Non;Oui, tout le temps;Chauffe
EM67STG085_SDC2;EM67STG085;SDC2;Oui;0;Oui, date exacte;1973;sans objet;Entre 1968 et 1981;61,6;61,7;86,9;154;10;0;0;0;0;0;0;0;0;0;10;Béton Parpaing;sans objet;Non;sans objet;sans objet;sans objet;sans objet;sans objet;sans objet;sans objet;sans objet;sans objet;sans objet;sans objet;Non;>5 fois par an;>=1 fois par jour;>1 fois par semaine;Jamais;>1 fois par semaine;Non;Non;Non;Non;Non;Non;Non;Non;Non;sans objet;Non;Peinture, papier peint, vinyle, toile de verre;Faux-plafond;Plastique, PVC, linoléum;Non;sans objet;0;73;0;8;Double;8,5;VMC;sans objet;VMC double flux sans balayage;1;1;Non;Non;sans objet;Non;sans objet;Oui;VMC ou VN;VMC fonctionnelle;BLANC-FEUTRE;Non;Non;Non;Oui, tout le temps;Chauffe
EM67SUN057_SDC1;EM67SUN057;SDC1;Oui;0;Connais approxi;sans objet;Entre 1962 et 1967;Entre 1949 et 1967;89,8;98;133,5;210;11;12;0;0;0;0;0;0;0;0;23;Béton Parpaing;sans objet;Non;sans objet;sans objet;sans objet;sans objet;sans objet;sans objet;sans objet;sans objet;sans objet;sans objet;sans objet;Non;1 à 5 fois par an;>=1 fois par jour;>1 fois par semaine;>1 fois par semaine;>1 fois par semaine;Non;Non;Non;Non;Non;Non;Non;Non;Non;sans objet;Non;Peinture, papier peint, vinyle, toile de verre;Faux-plafond;Plastique, PVC, linoléum;Oui;30;3;53;0;7;Double;10,7;Aucun système;sans objet;sans objet;sans objet;sans objet;Non;Non;sans objet;Non;sans objet;Oui;Aucun système;Aucun système;MAT-CRAIE;Non;Non;Non;Oui, la plupart du temps;Chauffe
EM67SUN057_SDC2;EM67SUN057;SDC2;Oui;0;Connais approxi;sans objet;Entre 1962 et 1967;Entre 1949 et 1967;84;90;111,2;255;11;15;0;0;0;0;0;0;0;0;26;Béton Parpaing;sans objet;Non;sans objet;sans objet;sans objet;sans objet;sans objet;sans objet;sans objet;sans objet;sans objet;sans objet;sans objet;Non;1 à 5 fois par an;>=1 fois par jour;>1 fois par semaine;>1 fois par semaine;>1 fois par semaine;Non;Non;Non;Non;Non;Non;Non;Non;Non;sans objet;Non;Peinture, papier peint, vinyle, toile de verre;Faux-plafond;Plastique, PVC, linoléum;Non;sans objet;5;68;0;5;Double;12,4;Aucun système;sans objet;sans objet;sans objet;sans objet;Non;Non;sans objet;Non;sans objet;Oui;Aucun système;Aucun système;MAT-CRAIE;Non;Non;Non;Oui, la plupart du temps;Chauffe
EM67WEH055_SDC1;EM67WEH055;SDC1;Oui;0;Oui, date exacte;1990;sans objet;Entre 1982 et 2002;72,1;72,1;117,2;248;10;8;0;0;0;0;0;0;0;0;18;Pierre;sans objet;Non;sans objet;sans objet;sans objet;sans objet;sans objet;sans objet;sans objet;sans objet;sans objet;sans objet;sans objet;Non;1 à 5 fois par an;>=1 fois par jour;>1 fois par semaine;Jamais;>1 fois par semaine;Non;Non;Non;Non;Non;Non;Non;Non;Non;sans objet;Non;Peinture, papier peint, vinyle, toile de verre;Peinture, papier peint, vinyle, toile de verre;Plastique, PVC, linoléum;Non;sans objet;18;55;0;10;Double;11,2;Aucun système;sans objet;sans objet;sans objet;sans objet;Non;Non;sans objet;Non;sans objet;Oui;Aucun système;Aucun système;MAT-CRAIE;Oui;Oui;Non;Oui, tout le temps;Chauffe
EM67WEH055_SDC2;EM67WEH055;SDC2;Oui;1;Oui, date exacte;1990;sans objet;Entre 1982 et 2002;79,9;74,9;103,8;224;0;0;17;6;0;0;0;0;0;0;23;Pierre;sans objet;Non;sans objet;sans objet;sans objet;sans objet;sans objet;sans objet;sans objet;sans objet;sans objet;sans objet;sans objet;Non;1 à 5 fois par an;>=1 fois par jour;>1 fois par semaine;Jamais;>1 fois par semaine;Non;Non;Non;Non;Non;Non;Non;Non;Non;sans objet;Non;Peinture, papier peint, vinyle, toile de verre;Faux-plafond;Plastique, PVC, linoléum;Non;sans objet;6;68;0;0;Double;12,2;Aucun système;sans objet;sans objet;sans objet;sans objet;Non;Non;sans objet;Non;sans objet;Oui;Aucun système;Aucun système;MAT-CRAIE;Oui;Oui;Non;Oui, la plupart du temps;Chauffe
EM69LSI321_SDC1;EM69LSI321;SDC1;Oui;0;Oui, date exacte;1912;sans objet;Avant 1948;93,2;93,2;125,2;288;10;11;14;0;0;0;0;0;0;0;35;Pierre;sans objet;Non;sans objet;sans objet;sans objet;sans objet;sans objet;sans objet;sans objet;sans objet;sans objet;sans objet;sans objet;Non;1 à 5 fois par an;>=1 fois par jour;>1 fois par semaine;Jamais;>1 fois par semaine;Non;Non;Non;Non;Non;Non;Non;Non;Non;sans objet;Non;Peinture, papier peint, vinyle, toile de verre;Faux-plafond;Plastique, PVC, linoléum;Non;sans objet;4;70;0;12;Double;15,78;Aucun système;sans objet;sans objet;sans objet;sans objet;Oui, ouverts;Non;sans objet;Non;sans objet;Oui;Aucun système;Aucun système;MAT-CRAIE;Non;Non;Non;Non;Hors-chauffe
EM69LYP263_SDC1;EM69LYP263;SDC1;Oui;0;Oui, date exacte;1973;sans objet;Entre 1968 et 1981;58,9;59,8;96,1;241;6;0;21;0;0;0;0;0;0;0;27;Béton Parpaing;sans objet;Non;sans objet;sans objet;sans objet;sans objet;sans objet;sans objet;sans objet;sans objet;sans objet;sans objet;sans objet;Non;1 à 5 fois par an;Jamais;>1 fois par semaine;<=1 fois par semaine;<=1 fois par semaine;Non;Non;Oui;Non;Non;Non;Non;Non;Non;sans objet;Non;Peinture, papier peint, vinyle, toile de verre;Faux-plafond;Plastique, PVC, linoléum;Non;sans objet;3;60;1;19;Double;10,3;VMC;sans objet;simple flux par insufflation sans balayage;sans objet;0;Oui, ouverts;Non;sans objet;Non;sans objet;Non;VMC ou VN;VN;BLANC-FEUTRE;Oui;Oui;Non;Non;Hors-chauffe
EM69LYP263_SDC2;EM69LYP263;SDC2;Oui;0;Oui, date exacte;1973;sans objet;Entre 1968 et 1981;58,9;69,8;96,1;241;28;0;0;0;0;0;0;0;0;0;28;Béton Parpaing;sans objet;Non;sans objet;sans objet;sans objet;sans objet;sans objet;sans objet;sans objet;sans objet;sans objet;sans objet;sans objet;Non;1 à 5 fois par an;Jamais;>1 fois par semaine;<=1 fois par semaine;<=1 fois par semaine;Non;Non;Oui;Non;Non;Non;Non;Non;Non;sans objet;Non;Peinture, papier peint, vinyle, toile de verre;Faux-plafond;Plastique, PVC, linoléum;Non;sans objet;4;27;3;32;Double;9,47;VMC;sans objet;simple flux par insufflation sans balayage;sans objet;0;Oui, ouverts;Non;sans objet;Non;sans objet;Oui;VMC ou VN;VN;BLANC-FEUTRE;Oui;Oui;Non;Non;Hors-chauffe
EM69LYR307_SDC1;EM69LYR307;SDC1;Oui;0;Connais approxi;sans objet;Entre 1949 et 1961;Entre 1949 et 1967;53,6;56,6;85,4;153;22;0;0;0;0;0;0;0;0;0;22;Béton Parpaing;sans objet;Oui;ACHEVES;ACHEVES;ACHEVES;Non;Non;Non;Non;Non;Non;Non;sans objet;Non;1 à 5 fois par an;>=1 fois par jour;>1 fois par semaine;Jamais;>1 fois par semaine;NA;NA;NA;NA;Non;Non;Non;Non;Non;sans objet;Non;Peinture, papier peint, vinyle, toile de verre;Faux-plafond;Plastique, PVC, linoléum;Non;sans objet;3;39;0;3;Simple;10,93;Aucun système;sans objet;sans objet;sans objet;sans objet;Non;Non;sans objet;Non;sans objet;Oui;Aucun système;Aucun système;MIXTE;Oui;Oui;Non;Non;Hors-chauffe
EM69LYR307_SDC2;EM69LYR307;SDC2;Oui;0;Connais approxi;sans objet;Entre 1949 et 1961;Entre 1949 et 1967;53,9;53,9;85,5;154;22;0;0;0;0;0;0;0;0;0;22;Béton Parpaing;sans objet;Oui;ACHEVES;ACHEVES;ACHEVES;Non;Non;Non;Non;Non;Non;Non;sans objet;Non;1 à 5 fois par an;>=1 fois par jour;>1 fois par semaine;Jamais;>1 fois par semaine;NA;NA;NA;NA;Non;Non;Non;Non;Non;sans objet;Non;Peinture, papier peint, vinyle, toile de verre;Faux-plafond;Plastique, PVC, linoléum;Non;sans objet;0;56;0;54;Simple;11,17;Aucun système;sans objet;sans objet;sans objet;sans objet;Non;Non;sans objet;Non;sans objet;Oui;Aucun système;Aucun système;MIXTE;Oui;Oui;Non;Non;Hors-chauffe
EM69LYU264_SDC1;EM69LYU264;SDC1;Oui;1;Oui, date exacte;1985;sans objet;Entre 1982 et 2002;60,9;58,9;117,7;209;29;0;0;0;0;0;0;0;0;0;29;Béton Parpaing;sans objet;Non;sans objet;sans objet;sans objet;sans objet;sans objet;sans objet;sans objet;sans objet;sans objet;sans objet;sans objet;Oui;Jamais;>=1 fois par jour;>1 fois par semaine;<=1 fois par semaine;>1 fois par semaine;Non;Non;Non;Non;Non;Non;Non;Non;Non;sans objet;Non;Peinture, papier peint, vinyle, toile de verre;Peinture, papier peint, vinyle, toile de verre;Plastique, PVC, linoléum;Non;sans objet;0;53;0;3;Double;8;VMC;sans objet;simple flux par extraction avec balayage;1;sans objet;Non;Oui;10;Non;sans objet;Oui;VMC ou VN;VMC fonctionnelle;MAT-CRAIE;Oui;Oui;Non;Non;Hors-chauffe
EM69LYU264_SDC2;EM69LYU264;SDC2;Oui;1;Oui, date exacte;1985;sans objet;Entre 1982 et 2002;49,9;49,9;93;162;0;6;19;0;0;0;0;0;0;0;25;Béton Parpaing;sans objet;Non;sans objet;sans objet;sans objet;sans objet;sans objet;sans objet;sans objet;sans objet;sans objet;sans objet;sans objet;Oui;Jamais;>=1 fois par jour;>1 fois par semaine;<=1 fois par semaine;>1 fois par semaine;Non;Non;Non;Non;Non;Non;Non;Non;Non;sans objet;Non;Peinture, papier peint, vinyle, toile de verre;Faux-plafond;Plastique, PVC, linoléum;Non;sans objet;1;64;0;3;Double;4,8;Aucun système;sans objet;sans objet;sans objet;sans objet;Non;Oui;6;Non;sans objet;Oui;Aucun système;Aucun système;BLANC-FEUTRE;Oui;Oui;Non;Non;Hors-chauffe
EM69NSM271_SDC1;EM69NSM271;SDC1;Oui;0;Connais approxi;sans objet;Entre 1871 et 1914;Avant 1948;70,4;73;108;226;0;12;12;0;0;0;0;0;0;0;24;Béton Parpaing;sans objet;Non;sans objet;sans objet;sans objet;sans objet;sans objet;sans objet;sans objet;sans objet;sans objet;sans objet;sans objet;Non;1 à 5 fois par an;>=1 fois par jour;>1 fois par semaine;>1 fois par semaine;>1 fois par semaine;Non;Non;Non;Non;Non;Oui;Non;Non;Non;sans objet;Non;Peinture, papier peint, vinyle, toile de verre;Faux-plafond;Plastique, PVC, linoléum;Non;sans objet;5;23;1;45;Double;8,31;VMC;sans objet;simple flux par extraction sans balayage;3;sans objet;Non;Oui;6;Non;sans objet;Oui;VMC ou VN;VMC non fonctionnelle;MAT-CRAIE;Oui;Oui;Non;Oui, la plupart du temps;Chauffe
EM69NSM271_SDC2;EM69NSM271;SDC2;Oui;0;Connais approxi;sans objet;Entre 1871 et 1914;Avant 1948;60;60;130,7;234;27;0;0;0;0;0;0;0;0;0;27;Autre;Béton/parpaing + Pierre;Non;sans objet;sans objet;sans objet;sans objet;sans objet;sans objet;sans objet;sans objet;sans objet;sans objet;sans objet;Non;1 à 5 fois par an;>=1 fois par jour;>1 fois par semaine;>1 fois par semaine;>1 fois par semaine;Oui;Non;Non;Non;Non;Non;Non;Non;Non;sans objet;Non;Peinture, papier peint, vinyle, toile de verre;Faux-plafond;Plastique, PVC, linoléum;Non;sans objet;4;23;1;38;Autre;17,7;VMC;sans objet;simple flux par extraction sans balayage;3;sans objet;Non;Oui;9;Non;sans objet;Oui;VMC ou VN;VMC non fonctionnelle;MAT-CRAIE;Non;Non;Non;Oui, la plupart du temps;Chauffe
EM69PLW318_SDC1;EM69PLW318;SDC1;Non;0;Oui, date exacte;NA;sans objet;Avant 1948;72;72;127;265;13;11;0;0;0;0;0;0;0;0;24;Pierre;sans objet;Non;sans objet;sans objet;sans objet;sans objet;sans objet;sans objet;sans objet;sans objet;sans objet;sans objet;sans objet;Non;1 à 5 fois par an;>=1 fois par jour;<=1 fois par semaine;<=1 fois par semaine;Jamais;NA;NA;NA;NA;Non;Non;Non;Non;Non;sans objet;Non;Peinture, papier peint, vinyle, toile de verre;Faux-plafond;Plastique, PVC, linoléum;Non;sans objet;4;18;0;41;NA;9;Aucun système;sans objet;sans objet;sans objet;sans objet;Non;Non;sans objet;Non;sans objet;Oui;Aucun système;Aucun système;MAT-CRAIE;Non;Non;Non;Non;Hors-chauffe
EM69PLW318_SDC2;EM69PLW318;SDC2;Non;0;Oui, date exacte;1915;sans objet;Avant 1948;55;55;91;165;0;0;12;0;12;0;0;0;0;0;24;Béton Parpaing;sans objet;Non;sans objet;sans objet;sans objet;sans objet;sans objet;sans objet;sans objet;sans objet;sans objet;sans objet;sans objet;Non;1 à 5 fois par an;>=1 fois par jour;<=1 fois par semaine;<=1 fois par semaine;Jamais;NA;NA;NA;NA;Non;Non;Non;Non;Non;sans objet;Oui;Peinture, papier peint, vinyle, toile de verre;Faux-plafond;Peinture;Non;sans objet;3;51;0;2;Double;10,75;Aucun système;sans objet;sans objet;sans objet;sans objet;Non;Non;sans objet;Non;sans objet;Non;Aucun système;Aucun système;MAT-CRAIE;Non;Non;Non;Non;Hors-chauffe
EM69SVT320_SDC1;EM69SVT320;SDC1;Oui;0;Oui, date exacte;2002;sans objet;Entre 1982 et 2002;55,8;55,8;80,4;150;20;10;0;0;0;0;0;0;0;0;30;Béton Parpaing;sans objet;Non;sans objet;sans objet;sans objet;sans objet;sans objet;sans objet;sans objet;sans objet;sans objet;sans objet;sans objet;Non;1 à 5 fois par an;<1 fois par jour;>1 fois par semaine;>1 fois par semaine;>1 fois par semaine;Non;Non;Non;Non;Non;Non;Non;Non;Non;sans objet;Non;Peinture, papier peint, vinyle, toile de verre;Faux-plafond;Plastique, PVC, linoléum;Non;sans objet;7;58;0;18;Double;7,52;VMC;sans objet;simple flux par extraction sans balayage;2;sans objet;Non;Oui;4;Non;sans objet;Oui;VMC ou VN;VMC non fonctionnelle;MAT-CRAIE;Oui;Non;Non;Non;Hors-chauffe
EM69SVT320_SDC2;EM69SVT320;SDC2;Oui;0;Oui, date exacte;2002;sans objet;Entre 1982 et 2002;55,4;55,4;84,9;146;0;0;8;7;0;0;0;0;0;0;15;Béton Parpaing;sans objet;Non;sans objet;sans objet;sans objet;sans objet;sans objet;sans objet;sans objet;sans objet;sans objet;sans objet;sans objet;Non;1 à 5 fois par an;<1 fois par jour;>1 fois par semaine;>1 fois par semaine;>1 fois par semaine;Non;Non;Non;Non;Non;Non;Non;Non;Non;sans objet;Non;Peinture, papier peint, vinyle, toile de verre;Faux-plafond;Plastique, PVC, linoléum;Non;sans objet;5;37;0;5;Double;9,72;VMC;sans objet;simple flux par extraction sans balayage;2;sans objet;Non;Oui;4;Non;sans objet;Non;VMC ou VN;VMC non fonctionnelle;MIXTE;Oui;Non;Non;Non;Hors-chauffe
EM69TAD289_SDC1;EM69TAD289;SDC1;Oui;0;Connais approxi;sans objet;Entre 1982 et 1989;Entre 1982 et 2002;71,1;71,1;118,7;173;29;0;0;0;0;0;0;0;0;0;29;Béton Parpaing;sans objet;Non;sans objet;sans objet;sans objet;sans objet;sans objet;sans objet;sans objet;sans objet;sans objet;sans objet;sans objet;Non;1 à 5 fois par an;>=1 fois par jour;>1 fois par semaine;<=1 fois par semaine;<=1 fois par semaine;Non;Non;Non;Non;Non;Non;Non;Non;Non;sans objet;Non;Peinture, papier peint, vinyle, toile de verre;Peinture, papier peint, vinyle, toile de verre;Plastique, PVC, linoléum;Non;sans objet;9;40;0;23;Double;7,16;VMC;sans objet;simple flux par extraction sans balayage;2;sans objet;Non;Oui;12;Non;sans objet;Oui;VMC ou VN;VMC non fonctionnelle;MAT-CRAIE;Non;Non;Non;Oui, tout le temps;Chauffe
EM69TAD289_SDC2;EM69TAD289;SDC2;Oui;0;Connais approxi;sans objet;Entre 1982 et 1989;Entre 1982 et 2002;59,8;59,8;94,6;179;0;0;28;0;0;0;0;0;0;0;28;Béton Parpaing;sans objet;Non;sans objet;sans objet;sans objet;sans objet;sans objet;sans objet;sans objet;sans objet;sans objet;sans objet;sans objet;Non;1 à 5 fois par an;>=1 fois par jour;>1 fois par semaine;<=1 fois par semaine;<=1 fois par semaine;Oui;Non;Non;Non;Non;Oui;Non;Non;Non;sans objet;Non;Peinture, papier peint, vinyle, toile de verre;Faux-plafond;Plastique, PVC, linoléum;Non;sans objet;2;58;0;71;Double;5,47;VMC;sans objet;simple flux par extraction sans balayage;1;sans objet;Non;Oui;2;Non;sans objet;Oui;VMC ou VN;VMC non fonctionnelle;MAT-CRAIE;Non;Non;Non;Oui, tout le temps;Chauffe
EM69VEN273_SDC1;EM69VEN273;SDC1;Oui;0;Connais approxi;sans objet;Entre 1968 et 1974;Entre 1968 et 1981;53,3;53,3;84,9;158;28;0;0;0;0;0;0;0;0;0;28;Autre;brique + béton/parpaing;Oui;ACHEVES;Non;ACHEVES;Non;ACHEVES;ACHEVES;Non;Non;ACHEVES;Non;sans objet;Non;1 à 5 fois par an;>=1 fois par jour;>1 fois par semaine;>1 fois par semaine;>1 fois par semaine;Oui;Non;Oui;Non;Non;Non;Non;Non;Non;sans objet;Non;Peinture, papier peint, vinyle, toile de verre;Faux-plafond;Plastique, PVC, linoléum;Non;sans objet;0;57;0;8;Double;9,65;VMC;sans objet;simple flux par extraction avec balayage;4;sans objet;Non;Oui;5;Non;sans objet;Non;VMC ou VN;VMC info manquante;MAT-CRAIE;Non;Non;Non;Oui, tout le temps;Chauffe
EM69VEN273_SDC2;EM69VEN273;SDC2;Oui;0;Connais approxi;sans objet;Entre 1968 et 1974;Entre 1968 et 1981;53,5;53,5;87,4;158;9;21;0;0;0;0;0;0;0;0;30;Autre;brique+béton/parpaing;Oui;ACHEVES;Non;ACHEVES;Non;ACHEVES;ACHEVES;Non;Non;ACHEVES;Non;sans objet;Non;1 à 5 fois par an;>=1 fois par jour;>1 fois par semaine;>1 fois par semaine;>1 fois par semaine;Oui;Non;Oui;Non;Non;Non;Non;Non;Non;sans objet;Non;Peinture, papier peint, vinyle, toile de verre;Faux-plafond;Plastique, PVC, linoléum;Non;sans objet;5;43;0;7;Double;9,65;VMC;sans objet;simple flux par extraction avec balayage;4;sans objet;Non;Oui;5;Non;sans objet;Oui;VMC ou VN;VMC info manquante;MAT-CRAIE;Non;Non;Non;Oui, tout le temps;Chauffe
EM70BRB201_SDC1;EM70BRB201;SDC1;Oui;0;Connais approxi;sans objet;Avant 1871;Avant 1948;68,8;68,8;101;209;6;2;10;0;0;0;0;0;0;0;18;Pierre;sans objet;Non;sans objet;sans objet;sans objet;sans objet;sans objet;sans objet;sans objet;sans objet;sans objet;sans objet;sans objet;Non;1 à 5 fois par an;>=1 fois par jour;>1 fois par semaine;>1 fois par semaine;>1 fois par semaine;Non;Non;Non;Non;Non;Non;Oui;Non;Non;sans objet;Non;Peinture, papier peint, vinyle, toile de verre;Faux-plafond;Plastique, PVC, linoléum;Non;sans objet;0;80;0;4;Double;7,32;Aucun système;sans objet;sans objet;sans objet;sans objet;Non;Oui;4;Non;sans objet;Oui;Aucun système;Aucun système;MAT-CRAIE;Non;Non;Non;Non;Chauffe
EM70CIM199_SDC1;EM70CIM199;SDC1;Oui;0;Oui, date exacte;2004;sans objet;2003 et après;61,2;61,2;89,8;175;0;25;0;0;0;0;0;0;0;0;25;Béton Parpaing;sans objet;Non;sans objet;sans objet;sans objet;sans objet;sans objet;sans objet;sans objet;sans objet;sans objet;sans objet;sans objet;Non;NA;>=1 fois par jour;>1 fois par semaine;Jamais;Jamais;Oui;Non;Oui;Oui;Non;Non;Oui;Non;Non;sans objet;Non;Peinture, papier peint, vinyle, toile de verre;Faux-plafond;Plastique, PVC, linoléum;Non;sans objet;0;59;0;5;Double;6,63;VMC;sans objet;simple flux par extraction sans balayage;1;sans objet;Non;Oui;5;Non;sans objet;Non;VMC ou VN;VMC non fonctionnelle;MIXTE;Oui;Non;Non;Oui, la plupart du temps;Chauffe
EM70CIM199_SDC2;EM70CIM199;SDC2;Oui;0;Oui, date exacte;2004;sans objet;2003 et après;88,3;88,3;151,4;253;0;0;24;0;0;0;0;0;0;0;24;Béton Parpaing;sans objet;Non;sans objet;sans objet;sans objet;sans objet;sans objet;sans objet;sans objet;sans objet;sans objet;sans objet;sans objet;Non;NA;>=1 fois par jour;>1 fois par semaine;Jamais;NA;Non;Non;Non;Non;Non;Non;Non;Non;Non;sans objet;Non;Peinture, papier peint, vinyle, toile de verre;Faux-plafond;Plastique, PVC, linoléum;Non;sans objet;0;79;0;5;Double;9,45;VMC;sans objet;simple flux par extraction sans balayage;2;sans objet;Non;Oui;5;Non;sans objet;Non;VMC ou VN;VMC fonctionnelle;MIXTE;Oui;Non;Non;Oui, la plupart du temps;Chauffe
EM70MAH154_SDC1;EM70MAH154;SDC1;Oui;0;Oui, date exacte;1989;sans objet;Entre 1982 et 2002;53;53;113,95;137;10;5;7;0;0;0;0;0;0;0;22;Béton Parpaing;sans objet;Non;sans objet;sans objet;sans objet;sans objet;sans objet;sans objet;sans objet;sans objet;sans objet;sans objet;sans objet;Non;>5 fois par an;>=1 fois par jour;>1 fois par semaine;Jamais;>1 fois par semaine;Non;Non;Non;Non;Non;Oui;Non;Non;Oui;QQues taches eparses;Oui;Peinture, papier peint, vinyle, toile de verre;Peinture, papier peint, vinyle, toile de verre;Plastique, PVC, linoléum;Non;sans objet;2;58;0;4;Double;24,76;Aucun système;sans objet;sans objet;sans objet;sans objet;Non;Non;sans objet;Non;sans objet;Non;Aucun système;Aucun système;MAT-CRAIE;Non;Non;Non;Oui, la plupart du temps;Chauffe
EM73CSA098_SDC1;EM73CSA098;SDC1;Oui;0;Oui, date exacte;1996;sans objet;Entre 1982 et 2002;66,2;66,9;117,3;230;16;12;0;0;0;0;0;0;0;0;28;Béton Parpaing;sans objet;Non;sans objet;sans objet;sans objet;sans objet;sans objet;sans objet;sans objet;sans objet;sans objet;sans objet;sans objet;Non;1 à 5 fois par an;>=1 fois par jour;>1 fois par semaine;>1 fois par semaine;<=1 fois par semaine;Non;Oui;Non;Non;Non;Oui;Non;Non;Non;sans objet;Oui;Peinture, papier peint, vinyle, toile de verre;Faux-plafond;Plastique, PVC, linoléum;Non;sans objet;0;57;0;34;Double;6,9;VMC;sans objet;simple flux par extraction sans balayage;3;sans objet;Non;Oui;4;Non;sans objet;Oui;VMC ou VN;VMC non fonctionnelle;MAT-CRAIE;Oui;Non;Non;Oui, tout le temps;Chauffe
EM73CSA098_SDC2;EM73CSA098;SDC2;Oui;0;Oui, date exacte;1996;sans objet;Entre 1982 et 2002;62,5;63,7;89,8;175;0;12;16;0;0;0;0;0;0;0;28;Béton Parpaing;sans objet;Non;sans objet;sans objet;sans objet;sans objet;sans objet;sans objet;sans objet;sans objet;sans objet;sans objet;sans objet;Non;1 à 5 fois par an;>=1 fois par jour;>1 fois par semaine;>1 fois par semaine;>1 fois par semaine;Non;Non;Non;Oui;Non;Non;Non;Non;Non;sans objet;Non;Peinture, papier peint, vinyle, toile de verre;Faux-plafond;Plastique, PVC, linoléum;Non;sans objet;0;53;0;23;Double;14,5;Aucun système;sans objet;sans objet;sans objet;sans objet;Non;Oui;4;Non;sans objet;Oui;Aucun système;Aucun système;MAT-CRAIE;Oui;Non;Oui;Oui, tout le temps;Chauffe
EM73FRK074_SDC1;EM73FRK074;SDC1;Oui;0;Oui, date exacte;2007;sans objet;2003 et après;59;66;95,5;215;0;0;10;9;0;0;0;0;0;0;19;Béton Parpaing;sans objet;Non;sans objet;sans objet;sans objet;sans objet;sans objet;sans objet;sans objet;sans objet;sans objet;sans objet;sans objet;Non;>5 fois par an;>=1 fois par jour;>1 fois par semaine;Jamais;>1 fois par semaine;Non;Non;Non;Non;Non;Non;Non;Non;Non;sans objet;Non;Peinture, papier peint, vinyle, toile de verre;Faux-plafond;Plastique, PVC, linoléum;Non;sans objet;2;48;0;3;Double;11,8;VMC;sans objet;simple flux par extraction sans balayage;4;sans objet;Non;Oui;4;Non;sans objet;Oui;VMC ou VN;VMC fonctionnelle;MAT-CRAIE;Oui;Non;Non;Oui, tout le temps;Chauffe
EM73FRK074_SDC2;EM73FRK074;SDC2;Oui;0;Oui, date exacte;2007;sans objet;2003 et après;57,4;66;95,5;215;11;8;0;0;0;0;0;0;0;0;19;Béton Parpaing;sans objet;Non;sans objet;sans objet;sans objet;sans objet;sans objet;sans objet;sans objet;sans objet;sans objet;sans objet;sans objet;Non;>5 fois par an;>=1 fois par jour;>1 fois par semaine;Jamais;>1 fois par semaine;Non;Non;Non;Non;Non;Non;Non;Non;Non;sans objet;Non;Peinture, papier peint, vinyle, toile de verre;Faux-plafond;Plastique, PVC, linoléum;Oui;5;4;30;0;26;Double;12;VMC;sans objet;simple flux par extraction sans balayage;4;sans objet;Non;Oui;3;Non;sans objet;Oui;VMC ou VN;VMC fonctionnelle;BLANC-FEUTRE;Oui;Non;Non;Oui, tout le temps;Chauffe
EM73LMB094_SDC1;EM73LMB094;SDC1;Oui;0;Oui, date exacte;1992;sans objet;Entre 1982 et 2002;54,4;60;124,7;224;0;12;16;0;0;0;0;0;0;0;28;Béton Parpaing;sans objet;Non;sans objet;sans objet;sans objet;sans objet;sans objet;sans objet;sans objet;sans objet;sans objet;sans objet;sans objet;Non;1 à 5 fois par an;Jamais;>1 fois par semaine;Jamais;>1 fois par semaine;Oui;Oui;Non;Non;Non;Non;Non;Non;Non;sans objet;Non;Peinture, papier peint, vinyle, toile de verre;Faux-plafond;Plastique, PVC, linoléum;Non;sans objet;2;41;8;36;Double;9,4;VMC;sans objet;VMC double flux sans balayage;3;2;Non;Non;sans objet;Non;sans objet;Non;VMC ou VN;VMC non fonctionnelle;MAT-CRAIE;Oui;Non;Non;Oui, tout le temps;Chauffe
EM73LMB094_SDC2;EM73LMB094;SDC2;Oui;0;Oui, date exacte;1992;sans objet;Entre 1982 et 2002;57,8;60,8;124,3;245;0;11;16;0;0;0;0;0;0;0;27;Béton Parpaing;sans objet;Non;sans objet;sans objet;sans objet;sans objet;sans objet;sans objet;sans objet;sans objet;sans objet;sans objet;sans objet;Non;1 à 5 fois par an;Jamais;>1 fois par semaine;Jamais;>1 fois par semaine;Non;Non;Non;Non;Non;Non;Non;Non;Non;sans objet;Non;Peinture, papier peint, vinyle, toile de verre;Faux-plafond;Plastique, PVC, linoléum;Non;sans objet;0;53;14;43;Double;15,5;VMC;sans objet;VMC double flux sans balayage;3;2;Non;Non;sans objet;Non;sans objet;Oui;VMC ou VN;VMC non fonctionnelle;MAT-CRAIE;Oui;Non;Non;Oui, tout le temps;Chauffe
EM73LMB094_SDC3;EM73LMB094;SDC3;Oui;0;Oui, date exacte;1989;sans objet;Entre 1982 et 2002;53,1;53,1;77,6;137;23;0;0;0;0;0;0;0;0;0;23;Béton Parpaing;sans objet;Non;sans objet;sans objet;sans objet;sans objet;sans objet;sans objet;sans objet;sans objet;sans objet;sans objet;sans objet;Non;1 à 5 fois par an;Jamais;>1 fois par semaine;Jamais;>1 fois par semaine;Non;Non;Non;Non;Non;Non;Non;Non;Non;sans objet;Non;Peinture, papier peint, vinyle, toile de verre;Faux-plafond;Plastique, PVC, linoléum;Non;sans objet;0;29;1;31;Double;10,5;VMC;sans objet;VMC double flux sans balayage;0;2;Non;Non;sans objet;Non;sans objet;Non;VMC ou VN;VMC info manquante;BLANC-FEUTRE;Oui;Non;Non;Oui, tout le temps;Chauffe
EM73LMU021_SDC1;EM73LMU021;SDC1;Oui;0;Connais approxi;sans objet;Avant 1871;Avant 1948;40,1;40,1;82,2;129;6;9;5;0;0;0;0;0;0;0;20;Pierre;sans objet;Non;sans objet;sans objet;sans objet;sans objet;sans objet;sans objet;sans objet;sans objet;sans objet;sans objet;sans objet;Non;>5 fois par an;<1 fois par jour;>1 fois par semaine;Jamais;>1 fois par semaine;Non;Non;Non;Non;Non;Non;Non;Non;Non;sans objet;Non;Peinture, papier peint, vinyle, toile de verre;Faux-plafond;Parquet massif ou contrecollé, vitrifié, stratifié;Non;sans objet;4;2;21;17;Double;5,2;Aucun système;sans objet;sans objet;sans objet;sans objet;Non;Non;sans objet;Non;sans objet;Non;Aucun système;Aucun système;BLANC-FEUTRE;Oui;Oui;Oui;Oui, tout le temps;Chauffe
EM73MON022_SDC1;EM73MON022;SDC1;Oui;0;Oui, date exacte;1976;sans objet;Entre 1968 et 1981;57,4;57,4;90,6;169;0;0;27;0;0;0;0;0;0;0;27;Béton Parpaing;sans objet;Non;sans objet;sans objet;sans objet;sans objet;sans objet;sans objet;sans objet;sans objet;sans objet;sans objet;sans objet;Oui;1 à 5 fois par an;>=1 fois par jour;>1 fois par semaine;>1 fois par semaine;Jamais;Non;Non;Non;Non;Non;Non;Non;Non;Non;sans objet;Non;Peinture, papier peint, vinyle, toile de verre;Faux-plafond;Plastique, PVC, linoléum;Non;sans objet;1;80;0;0;Double;13;Aucun système;sans objet;sans objet;sans objet;sans objet;Non;Non;sans objet;Non;sans objet;Non;Aucun système;Aucun système;MAT-CRAIE;Oui;Oui;Non;Oui, tout le temps;Chauffe
EM73MON022_SDC2;EM73MON022;SDC2;Oui;0;Oui, date exacte;1976;sans objet;Entre 1968 et 1981;57,9;57,9;91,4;173;0;16;8;0;0;0;0;0;0;0;24;Béton Parpaing;sans objet;Non;sans objet;sans objet;sans objet;sans objet;sans objet;sans objet;sans objet;sans objet;sans objet;sans objet;sans objet;Oui;1 à 5 fois par an;>=1 fois par jour;>1 fois par semaine;>1 fois par semaine;Jamais;Non;Non;Non;Non;Non;Non;Non;Non;Non;sans objet;Non;Peinture, papier peint, vinyle, toile de verre;Faux-plafond;Plastique, PVC, linoléum;Non;sans objet;1;59;0;0;Double;12,9;Aucun système;sans objet;sans objet;sans objet;sans objet;Non;Non;sans objet;Non;sans objet;Non;Aucun système;Aucun système;MAT-CRAIE;Non;Non;Non;Oui, tout le temps;Chauffe
EM73MON022_SDC3;EM73MON022;SDC3;Oui;0;Oui, date exacte;1976;sans objet;Entre 1968 et 1981;61;61;86,9;183;21;5;0;0;0;0;0;0;0;0;26;Béton Parpaing;sans objet;Non;sans objet;sans objet;sans objet;sans objet;sans objet;sans objet;sans objet;sans objet;sans objet;sans objet;sans objet;Oui;1 à 5 fois par an;>=1 fois par jour;>1 fois par semaine;>1 fois par semaine;Jamais;Non;Non;Non;Non;Non;Non;Non;Non;Non;sans objet;Non;Peinture, papier peint, vinyle, toile de verre;Faux-plafond;Plastique, PVC, linoléum;Non;sans objet;1;64;0;1;Double;13,1;Aucun système;sans objet;sans objet;sans objet;sans objet;Non;Non;sans objet;Non;sans objet;Non;Aucun système;Aucun système;PAS DE TABLEAU;Non;Non;Non;Oui, tout le temps;Chauffe
EM73ROH073_SDC1;EM73ROH073;SDC1;Oui;0;Connais approxi;sans objet;Entre 1915 et 1948;Avant 1948;37,8;37,8;77,6;118;10;5;8;0;0;0;0;0;0;0;23;Autre;Construction traditionnelle en pisé-pierre-parpaing;Non;sans objet;sans objet;sans objet;sans objet;sans objet;sans objet;sans objet;sans objet;sans objet;sans objet;sans objet;Oui;1 à 5 fois par an;<1 fois par jour;>1 fois par semaine;Jamais;>1 fois par semaine;Non;Non;Non;Oui;Non;Non;Non;Non;Non;sans objet;Non;Peinture, papier peint, vinyle, toile de verre;Peinture, papier peint, vinyle, toile de verre;Parquet massif ou contrecollé, vitrifié, stratifié;Non;sans objet;18;34;0;2;Double;8,4;Aucun système;sans objet;sans objet;sans objet;sans objet;Non;Non;sans objet;Non;sans objet;Oui;Aucun système;Aucun système;BLANC-FEUTRE;Non;Non;Non;Oui, tout le temps;Chauffe
EM73SPL019_SDC1;EM73SPL019;SDC1;Oui;0;Oui, date exacte;2013;sans objet;2003 et après;67,2;67,2;103,2;201;8;14;3;0;0;0;0;0;0;0;25;Bois;sans objet;Non;sans objet;sans objet;sans objet;sans objet;sans objet;sans objet;sans objet;sans objet;sans objet;sans objet;sans objet;Non;>5 fois par an;>=1 fois par jour;>1 fois par semaine;>1 fois par semaine;>1 fois par semaine;Non;Non;Non;Non;Non;Non;Non;Non;Non;sans objet;Non;Peinture, papier peint, vinyle, toile de verre;Faux-plafond;Plastique, PVC, linoléum;Non;sans objet;1;86;0;6;Double;9,1;VMC;sans objet;simple flux par extraction avec balayage;1;sans objet;Non;Non;sans objet;Non;sans objet;Non;VMC ou VN;VMC info manquante;BLANC-FEUTRE;Oui;Non;Non;Non;Hors-chauffe
EM73SPL019_SDC2;EM73SPL019;SDC2;Oui;0;Oui, date exacte;2013;sans objet;2003 et après;75,1;75,1;103,2;225;0;0;11;12;0;0;0;0;0;0;23;Bois;sans objet;Non;sans objet;sans objet;sans objet;sans objet;sans objet;sans objet;sans objet;sans objet;sans objet;sans objet;sans objet;Non;>5 fois par an;>=1 fois par jour;>1 fois par semaine;>1 fois par semaine;>1 fois par semaine;Non;Non;Non;Non;Non;Non;Non;Non;Non;sans objet;Non;Peinture, papier peint, vinyle, toile de verre;Faux-plafond;Plastique, PVC, linoléum;Non;sans objet;0;76;0;5;Double;12,9;VMC;sans objet;simple flux par extraction avec balayage;1;sans objet;Non;Non;sans objet;Non;sans objet;Non;VMC ou VN;VMC info manquante;BLANC-FEUTRE;Oui;Non;Non;Non;Hors-chauffe
EM74BLM088_SDC1;EM74BLM088;SDC1;Oui;0;Connais approxi;sans objet;Entre 1997 et 2002;Entre 1982 et 2002;64,7;64,7;103,6;208;15;8;8;0;0;0;0;0;0;0;31;Pierre;sans objet;Non;sans objet;sans objet;sans objet;sans objet;sans objet;sans objet;sans objet;sans objet;sans objet;sans objet;sans objet;Oui;1 à 5 fois par an;<1 fois par jour;>1 fois par semaine;<=1 fois par semaine;<=1 fois par semaine;Non;Non;Non;Non;Non;Non;Oui;Non;Non;sans objet;Non;Peinture, papier peint, vinyle, toile de verre;Faux-plafond;Plastique, PVC, linoléum;Non;sans objet;0;13;34;14;Double;6;Aucun système;sans objet;sans objet;sans objet;sans objet;Non;Non;sans objet;Non;sans objet;Non;Aucun système;Aucun système;BLANC-FEUTRE;Oui;Oui;Non;Oui, tout le temps;Chauffe
EM74LBJ106_SDC1;EM74LBJ106;SDC1;Oui;0;Oui, date exacte;1989;sans objet;Entre 1982 et 2002;60,2;61,5;86,4;165;6;20;0;0;0;0;0;0;0;0;26;Béton Parpaing;sans objet;Non;sans objet;sans objet;sans objet;sans objet;sans objet;sans objet;sans objet;sans objet;sans objet;sans objet;sans objet;Non;>5 fois par an;>=1 fois par jour;>1 fois par semaine;>1 fois par semaine;>1 fois par semaine;Non;Non;Non;Non;Non;Non;Non;Non;Non;sans objet;Non;Peinture, papier peint, vinyle, toile de verre;Faux-plafond;Carrelage;Non;sans objet;0;54;2;4;Double;6,6;Aucun système;sans objet;sans objet;sans objet;sans objet;Non;Oui;3;Non;sans objet;Non;Aucun système;Aucun système;MAT-CRAIE;Non;Non;Non;Non;Hors-chauffe
EM74LBJ106_SDC2;EM74LBJ106;SDC2;Oui;0;Oui, date exacte;1989;sans objet;Entre 1982 et 2002;68,5;69,5;98,1;187;0;0;14;10;0;0;0;0;0;0;24;Béton Parpaing;sans objet;Non;sans objet;sans objet;sans objet;sans objet;sans objet;sans objet;sans objet;sans objet;sans objet;sans objet;sans objet;Non;>5 fois par an;>=1 fois par jour;>1 fois par semaine;>1 fois par semaine;>1 fois par semaine;Non;Non;Non;Non;Non;Non;Non;Non;Non;sans objet;Non;Peinture, papier peint, vinyle, toile de verre;Faux-plafond;Carrelage;Non;sans objet;0;65;1;5;Double;9,8;Aucun système;sans objet;sans objet;sans objet;sans objet;Non;Oui;3;Non;sans objet;Non;Aucun système;Aucun système;MAT-CRAIE;Oui;Oui;Non;Non;Hors-chauffe
EM74VON072_SDC1;EM74VON072;SDC1;Oui;0;Oui, date exacte;2006;sans objet;2003 et après;85,5;87,6;158,8;282;24;7;0;0;0;0;0;0;0;0;31;Béton Parpaing;sans objet;Non;sans objet;sans objet;sans objet;sans objet;sans objet;sans objet;sans objet;sans objet;sans objet;sans objet;sans objet;Non;1 à 5 fois par an;<1 fois par jour;>1 fois par semaine;Jamais;>1 fois par semaine;Non;Non;Non;Non;Non;Non;Non;Non;Non;sans objet;Non;Peinture, papier peint, vinyle, toile de verre;Faux-plafond;Plastique, PVC, linoléum;Non;sans objet;0;73;0;10;Double;26,9;Aucun système;sans objet;sans objet;sans objet;sans objet;Non;Oui;4;Non;sans objet;Oui;Aucun système;Aucun système;MAT-CRAIE;Non;Non;Non;Oui, tout le temps;Chauffe
EM74VON072_SDC2;EM74VON072;SDC2;Oui;0;Oui, date exacte;2006;sans objet;2003 et après;82;84,6;117,2;250;0;14;15;0;0;0;0;0;0;0;29;Béton Parpaing;sans objet;Non;sans objet;sans objet;sans objet;sans objet;sans objet;sans objet;sans objet;sans objet;sans objet;sans objet;sans objet;Non;1 à 5 fois par an;<1 fois par jour;>1 fois par semaine;Jamais;>1 fois par semaine;Non;Non;Non;Non;Non;Non;Non;Non;Non;sans objet;Non;Peinture, papier peint, vinyle, toile de verre;Faux-plafond;Plastique, PVC, linoléum;Non;sans objet;0;84;0;11;Double;21,8;Aucun système;sans objet;sans objet;sans objet;sans objet;Non;Oui;4;Non;sans objet;Oui;Aucun système;Aucun système;MAT-CRAIE;Oui;Oui;Non;Oui, tout le temps;Chauffe
EM74VON072_SDC3;EM74VON072;SDC3;Oui;0;Oui, date exacte;2006;sans objet;2003 et après;82;84,6;117,1;248;0;0;8;19;0;0;0;0;0;0;27;Béton Parpaing;sans objet;Non;sans objet;sans objet;sans objet;sans objet;sans objet;sans objet;sans objet;sans objet;sans objet;sans objet;sans objet;Non;1 à 5 fois par an;<1 fois par jour;>1 fois par semaine;Jamais;>1 fois par semaine;Non;Non;Non;Non;Non;Non;Non;Non;Non;sans objet;Non;Peinture, papier peint, vinyle, toile de verre;Faux-plafond;Plastique, PVC, linoléum;Non;sans objet;0;79;0;6;Double;21,8;Aucun système;sans objet;sans objet;sans objet;sans objet;Non;Oui;4;Non;sans objet;Oui;Aucun système;Aucun système;MAT-CRAIE;Non;Non;Non;Oui, tout le temps;Chauffe
EM75PAA229_SDC1;EM75PAA229;SDC1;Oui;0;Oui, date exacte;1973;sans objet;Entre 1968 et 1981;55,5;55,5;84,6;155;0;0;29;0;0;0;0;0;0;0;29;Béton Parpaing;sans objet;Non;sans objet;sans objet;sans objet;sans objet;sans objet;sans objet;sans objet;sans objet;sans objet;sans objet;sans objet;Oui;1 à 5 fois par an;>=1 fois par jour;>1 fois par semaine;>1 fois par semaine;>1 fois par semaine;Non;Non;Non;Oui;Non;Non;Non;Non;Non;sans objet;Non;Peinture, papier peint, vinyle, toile de verre;Faux-plafond;Plastique, PVC, linoléum;Non;sans objet;5;63;0;17;Simple;7,92;Aucun système;sans objet;sans objet;sans objet;sans objet;Non;Non;sans objet;Non;sans objet;Non;Aucun système;Aucun système;BLANC-FEUTRE;Non;Non;Non;Non;Hors-chauffe
EM75PAA229_SDC2;EM75PAA229;SDC2;Oui;0;Oui, date exacte;1973;sans objet;Entre 1968 et 1981;54;54;85,4;151;0;29;0;0;0;0;0;0;0;0;29;Béton Parpaing;sans objet;Non;sans objet;sans objet;sans objet;sans objet;sans objet;sans objet;sans objet;sans objet;sans objet;sans objet;sans objet;Oui;1 à 5 fois par an;>=1 fois par jour;>1 fois par semaine;>1 fois par semaine;>1 fois par semaine;Non;Non;Non;Oui;Non;Non;Non;Non;Non;sans objet;Non;Peinture, papier peint, vinyle, toile de verre;Faux-plafond;Plastique, PVC, linoléum;Non;sans objet;9;52;0;64;Simple;6,16;Aucun système;sans objet;sans objet;sans objet;sans objet;Non;Non;sans objet;Non;sans objet;Non;Aucun système;Aucun système;BLANC-FEUTRE;Non;Non;Non;Non;Hors-chauffe
EM75PAB161_SDC1;EM75PAB161;SDC1;Oui;2;Oui, date exacte;1988;sans objet;Entre 1982 et 2002;59,7;59,7;86,8;167;0;26;0;0;0;0;0;0;0;0;26;Béton Parpaing;sans objet;Non;sans objet;sans objet;sans objet;sans objet;sans objet;sans objet;sans objet;sans objet;sans objet;sans objet;sans objet;Non;NA;NA;NA;NA;NA;NA;NA;Oui;NA;Non;Non;Non;Non;Non;sans objet;Oui;Peinture, papier peint, vinyle, toile de verre;Faux-plafond;Plastique, PVC, linoléum;Non;sans objet;0;75;0;86;Double;17,11;Aucun système;sans objet;sans objet;sans objet;sans objet;Non;Non;sans objet;Non;sans objet;Non;Aucun système;Aucun système;MAT-CRAIE;Non;Non;Non;Oui, tout le temps;Chauffe
EM75PAB161_SDC2;EM75PAB161;SDC2;Oui;2;Oui, date exacte;1988;sans objet;Entre 1982 et 2002;58,7;58,7;88,8;169;0;0;22;0;0;0;0;0;0;0;22;Béton Parpaing;sans objet;Non;sans objet;sans objet;sans objet;sans objet;sans objet;sans objet;sans objet;sans objet;sans objet;sans objet;sans objet;Non;NA;NA;NA;NA;NA;NA;NA;Oui;NA;Non;Non;Oui;Non;Oui;QQues taches eparses;Oui;Peinture, papier peint, vinyle, toile de verre;Faux-plafond;Plastique, PVC, linoléum;Non;sans objet;0;78;0;96;Double;12,24;Aucun système;sans objet;sans objet;sans objet;sans objet;Non;Non;sans objet;Non;sans objet;Non;Aucun système;Aucun système;MAT-CRAIE;Oui;Oui;Non;Oui, tout le temps;Chauffe
EM75PAF244_SDC1;EM75PAF244;SDC1;Oui;1;Connais approxi;sans objet;NA;NA;52,6;52,6;91,6;166;0;0;27;0;0;0;0;0;0;0;27;Pierre;sans objet;NA;sans objet;sans objet;sans objet;sans objet;sans objet;sans objet;sans objet;sans objet;sans objet;sans objet;sans objet;NA;1 à 5 fois par an;>=1 fois par jour;<=1 fois par semaine;>1 fois par semaine;>1 fois par semaine;Non;Non;Oui;Oui;Non;Non;Non;Non;Non;sans objet;Non;Peinture, papier peint, vinyle, toile de verre;Faux-plafond;Plastique, PVC, linoléum;Oui;5;4;80;0;23;Double;8,8;Aucun système;sans objet;sans objet;sans objet;sans objet;Non;Non;sans objet;Non;sans objet;Non;Aucun système;Aucun système;MAT-CRAIE;Oui;Non;Oui;Non;Chauffe
EM75PAF244_SDC2;EM75PAF244;SDC2;Oui;1;Connais approxi;sans objet;NA;NA;53,3;53,3;99;168;12;15;0;0;0;0;0;0;0;0;27;Pierre;sans objet;NA;sans objet;sans objet;sans objet;sans objet;sans objet;sans objet;sans objet;sans objet;sans objet;sans objet;sans objet;NA;1 à 5 fois par an;>=1 fois par jour;<=1 fois par semaine;>1 fois par semaine;>1 fois par semaine;Non;Non;Oui;Oui;Non;Non;Non;Non;Non;sans objet;Non;Peinture, papier peint, vinyle, toile de verre;Faux-plafond;Plastique, PVC, linoléum;Non;sans objet;5;75;5;60;Double;8,8;Aucun système;sans objet;sans objet;sans objet;sans objet;Non;Non;sans objet;Non;sans objet;Non;Aucun système;Aucun système;MAT-CRAIE;Oui;Non;Non;Non;Chauffe
EM75PAH159_SDC1;EM75PAH159;SDC1;Oui;1;NA;NA;NA;NA;61;61;84,3;154;7;18;0;0;0;0;0;0;0;0;25;Béton Parpaing;sans objet;NA;sans objet;sans objet;sans objet;sans objet;sans objet;sans objet;sans objet;sans objet;sans objet;sans objet;sans objet;NA;NA;NA;NA;NA;NA;Non;Non;Non;Non;Non;Non;Non;Non;Non;sans objet;Non;Peinture, papier peint, vinyle, toile de verre;Faux-plafond;Plastique, PVC, linoléum;Non;sans objet;0;63;0;28;Double;8,65;VMC;sans objet;simple flux par extraction sans balayage;2;sans objet;Non;Oui;2;Non;sans objet;Oui;VMC ou VN;VMC non fonctionnelle;MAT-CRAIE;Oui;Oui;Non;Oui, tout le temps;Chauffe
EM75PAH159_SDC2;EM75PAH159;SDC2;Oui;1;NA;NA;NA;NA;59;59;83,6;152;0;0;24;0;0;0;0;0;0;0;24;Béton Parpaing;sans objet;NA;sans objet;sans objet;sans objet;sans objet;sans objet;sans objet;sans objet;sans objet;sans objet;sans objet;sans objet;NA;NA;NA;NA;NA;NA;Non;Non;Non;Non;Non;Non;Non;Non;Non;sans objet;Non;Peinture, papier peint, vinyle, toile de verre;Faux-plafond;Plastique, PVC, linoléum;Non;sans objet;0;62;0;9;Double;8,65;VMC;sans objet;simple flux par extraction sans balayage;2;sans objet;Non;Oui;2;Non;sans objet;Oui;VMC ou VN;VMC non fonctionnelle;MAT-CRAIE;Oui;Non;Oui;Oui, tout le temps;Chauffe
EM75PAI297_SDC1;EM75PAI297;SDC1;Oui;-1;Oui, date exacte;1990;sans objet;Entre 1982 et 2002;65,5;65,5;87,8;170;27;0;0;0;0;0;0;0;0;0;27;Béton Parpaing;sans objet;Non;sans objet;sans objet;sans objet;sans objet;sans objet;sans objet;sans objet;sans objet;sans objet;sans objet;sans objet;Non;1 à 5 fois par an;>=1 fois par jour;>1 fois par semaine;>1 fois par semaine;<=1 fois par semaine;Non;Non;Non;Non;Non;Non;Non;Non;Non;sans objet;Non;Peinture, papier peint, vinyle, toile de verre;Faux-plafond;Plastique, PVC, linoléum;Non;sans objet;7;25;1;32;Double;12,4;VMC;sans objet;simple flux par extraction avec balayage;6;sans objet;Non;Oui;6;Non;sans objet;Non;VMC ou VN;VMC info manquante;MAT-CRAIE;Non;Non;Oui;Oui, la plupart du temps;Chauffe
EM75PAI297_SDC2;EM75PAI297;SDC2;Oui;-1;Oui, date exacte;1990;sans objet;Entre 1982 et 2002;68,8;68,8;117,7;168;0;0;28;0;0;0;0;0;0;0;28;Béton Parpaing;sans objet;Non;sans objet;sans objet;sans objet;sans objet;sans objet;sans objet;sans objet;sans objet;sans objet;sans objet;sans objet;Non;1 à 5 fois par an;>=1 fois par jour;>1 fois par semaine;>1 fois par semaine;>1 fois par semaine;Non;Non;Non;Non;Non;Non;Non;Non;Non;sans objet;Non;Peinture, papier peint, vinyle, toile de verre;Faux-plafond;Plastique, PVC, linoléum;Non;sans objet;3;44;0;39;Double;20,3;VMC;sans objet;simple flux par extraction avec balayage;5;sans objet;Non;Oui;16;Non;sans objet;Oui;VMC ou VN;VMC non fonctionnelle;MAT-CRAIE;Non;Non;Oui;Oui, tout le temps;Chauffe
EM75PAN294_SDC1;EM75PAN294;SDC1;Oui;0;Connais approxi;sans objet;Entre 1871 et 1914;Avant 1948;55;41,9;120,4;177;12;10;0;0;0;0;0;0;0;0;22;Pierre;sans objet;Non;sans objet;sans objet;sans objet;sans objet;sans objet;sans objet;sans objet;sans objet;sans objet;sans objet;sans objet;Oui;>5 fois par an;>=1 fois par jour;>1 fois par semaine;>1 fois par semaine;>1 fois par semaine;Oui;Non;Oui;Non;Non;Oui;Non;Non;Non;sans objet;Non;Peinture, papier peint, vinyle, toile de verre;Faux-plafond;Plastique, PVC, linoléum;Non;sans objet;27;19;4;48;Double;38,4;Aucun système;sans objet;sans objet;sans objet;sans objet;Oui, fermés;Non;sans objet;Non;sans objet;Oui;Aucun système;Aucun système;BLANC-FEUTRE;Oui;Oui;Non;Oui, tout le temps;Chauffe
EM75PAN294_SDC2;EM75PAN294;SDC2;Oui;1;Connais approxi;sans objet;Entre 1871 et 1914;Avant 1948;30;30;60,7;81;0;0;18;0;0;0;0;0;0;0;18;Pierre;sans objet;Non;sans objet;sans objet;sans objet;sans objet;sans objet;sans objet;sans objet;sans objet;sans objet;sans objet;sans objet;Oui;>5 fois par an;>=1 fois par jour;>1 fois par semaine;>1 fois par semaine;>1 fois par semaine;Non;Non;Oui;Non;Non;Oui;Non;Non;Non;sans objet;Non;Peinture, papier peint, vinyle, toile de verre;Faux-plafond;Plastique, PVC, linoléum;Non;sans objet;7;20;1;68;Double;3,4;Aucun système;sans objet;sans objet;sans objet;sans objet;Non;Oui;2;Non;sans objet;Non;Aucun système;Aucun système;BLANC-FEUTRE;Non;Non;Non;Oui, tout le temps;Chauffe
EM75PAS228_SDC1;EM75PAS228;SDC1;Oui;1;Connais approxi;sans objet;Entre 1915 et 1948;Avant 1948;50,7;50,7;113,6;202;7;15;0;0;0;0;0;0;0;0;22;Briques;sans objet;Non;sans objet;sans objet;sans objet;sans objet;sans objet;sans objet;sans objet;sans objet;sans objet;sans objet;sans objet;Non;1 à 5 fois par an;>=1 fois par jour;>1 fois par semaine;>1 fois par semaine;>1 fois par semaine;Non;Non;Non;Oui;Non;Non;Non;Non;Non;sans objet;Non;Peinture, papier peint, vinyle, toile de verre;Peinture, papier peint, vinyle, toile de verre;Plastique, PVC, linoléum;Non;sans objet;16;43;0;92;Double;6,8;Aucun système;sans objet;sans objet;sans objet;sans objet;Non;Non;sans objet;Non;sans objet;Non;Aucun système;Aucun système;BLANC-FEUTRE;Non;Non;Non;Oui, tout le temps;Chauffe
EM75PAS228_SDC2;EM75PAS228;SDC2;Oui;2;Connais approxi;sans objet;NA;Avant 1948;45,1;45,1;81;135;0;0;22;0;0;0;0;0;0;0;22;Béton Parpaing;sans objet;Non;sans objet;sans objet;sans objet;sans objet;sans objet;sans objet;sans objet;sans objet;sans objet;sans objet;sans objet;Non;1 à 5 fois par an;>=1 fois par jour;>1 fois par semaine;>1 fois par semaine;>1 fois par semaine;Non;Non;Non;Oui;Non;Non;Non;Non;Non;sans objet;Non;Peinture, papier peint, vinyle, toile de verre;Peinture, papier peint, vinyle, toile de verre;Plastique, PVC, linoléum;Non;sans objet;0;58;1;35;Double;5,58;Aucun système;sans objet;sans objet;sans objet;sans objet;Non;Non;sans objet;Non;sans objet;Non;Aucun système;Aucun système;MAT-CRAIE;Oui;Non;Non;Non;Chauffe
EM75PAY303_SDC1;EM75PAY303;SDC1;Oui;1;Oui, date exacte;1985;sans objet;Entre 1982 et 2002;47,1;47,9;79,8;142;0;8;13;0;0;0;0;0;0;0;21;Béton Parpaing;sans objet;NA;sans objet;sans objet;sans objet;sans objet;sans objet;sans objet;sans objet;sans objet;sans objet;sans objet;sans objet;Oui;1 à 5 fois par an;>=1 fois par jour;<=1 fois par semaine;Jamais;>1 fois par semaine;Non;Non;Oui;Non;Non;Non;Non;Non;Non;sans objet;Non;Peinture, papier peint, vinyle, toile de verre;Faux-plafond;Plastique, PVC, linoléum;Non;sans objet;9;61;3;19;Double;11,2;VMC;sans objet;simple flux par extraction sans balayage;1;sans objet;Non;Oui;4;Non;sans objet;Oui;VMC ou VN;VMC non fonctionnelle;MAT-CRAIE;Oui;Non;Non;Non;Chauffe
EM75PAY303_SDC2;EM75PAY303;SDC2;Oui;1;Oui, date exacte;1985;sans objet;Entre 1982 et 2002;47,1;47,9;79,8;142;25;0;0;0;0;0;0;0;0;0;25;Béton Parpaing;sans objet;Oui;ACHEVES;ACHEVES;Non;Non;ACHEVES;Non;Non;Non;Non;Non;sans objet;Oui;1 à 5 fois par an;>=1 fois par jour;<=1 fois par semaine;Jamais;>1 fois par semaine;Non;Non;Oui;Non;Non;Oui;Non;Non;Non;sans objet;Non;Peinture, papier peint, vinyle, toile de verre;Faux-plafond;Plastique, PVC, linoléum;Non;sans objet;4;55;3;11;Double;11,2;VMC;sans objet;simple flux par extraction sans balayage;3;sans objet;Non;Oui;4;Non;sans objet;Oui;VMC ou VN;VMC non fonctionnelle;MAT-CRAIE;Non;Non;Non;Oui, la plupart du temps;Chauffe
EM75PAZ322_SDC1;EM75PAZ322;SDC1;Oui;1;Oui, date exacte;2007;sans objet;2003 et après;48,5;48,5;70,8;123;0;28;0;0;0;0;0;0;0;0;28;Béton Parpaing;sans objet;Non;sans objet;sans objet;sans objet;sans objet;sans objet;sans objet;sans objet;sans objet;sans objet;sans objet;sans objet;Non;1 à 5 fois par an;>=1 fois par jour;>1 fois par semaine;>1 fois par semaine;>1 fois par semaine;Non;Non;Non;Non;Non;Non;Non;Non;Non;sans objet;Non;Peinture, papier peint, vinyle, toile de verre;Faux-plafond;Carrelage;Non;sans objet;4;27;0;31;Double;6,54;VMC;sans objet;simple flux par extraction avec balayage;2;sans objet;Non;Oui;2;Non;sans objet;Oui;VMC ou VN;VMC fonctionnelle;MAT-CRAIE;Non;Non;Non;Non;Hors-chauffe
EM75PAZ322_SDC2;EM75PAZ322;SDC2;Oui;1;Oui, date exacte;2007;sans objet;2003 et après;50,1;50,1;75,8;134;0;0;30;0;0;0;0;0;0;0;30;Béton Parpaing;sans objet;Non;sans objet;sans objet;sans objet;sans objet;sans objet;sans objet;sans objet;sans objet;sans objet;sans objet;sans objet;Non;1 à 5 fois par an;>=1 fois par jour;>1 fois par semaine;>1 fois par semaine;>1 fois par semaine;Non;Non;Non;Non;Non;Non;Non;Non;Non;sans objet;Non;Peinture, papier peint, vinyle, toile de verre;Faux-plafond;Carrelage;Non;sans objet;3;51;0;4;Double;10;VMC;sans objet;simple flux par extraction avec balayage;2;sans objet;Non;Oui;2;Non;sans objet;Oui;VMC ou VN;VMC fonctionnelle;MAT-CRAIE;Non;Non;Non;Non;Hors-chauffe
EM81CAA203_SDC1;EM81CAA203;SDC1;Oui;0;Connais approxi;sans objet;Entre 1968 et 1974;Entre 1968 et 1981;59,4;59,4;87,4;168;18;15;0;0;0;0;0;0;0;0;33;Béton Parpaing;sans objet;Oui;ACHEVES;Non;ACHEVES;Non;Non;Non;Non;Non;Non;Non;sans objet;Non;>5 fois par an;>=1 fois par jour;>1 fois par semaine;>1 fois par semaine;>1 fois par semaine;Oui;Non;Oui;Non;Non;Non;Non;Non;Non;sans objet;Non;Peinture, papier peint, vinyle, toile de verre;Faux-plafond;Carrelage;Non;sans objet;1;59;0;7;Double;13,1;Aucun système;sans objet;sans objet;sans objet;sans objet;Non;Non;sans objet;Non;sans objet;Oui;Aucun système;Aucun système;BLANC-FEUTRE;Oui;Non;Non;Oui, tout le temps;Chauffe
EM81CAA203_SDC2;EM81CAA203;SDC2;Oui;0;Connais approxi;sans objet;Entre 1968 et 1974;Entre 1968 et 1981;64,1;64,1;94;179;23;0;11;0;0;0;0;0;0;0;34;Béton Parpaing;sans objet;Non;sans objet;sans objet;sans objet;sans objet;sans objet;sans objet;sans objet;sans objet;sans objet;sans objet;sans objet;Non;>5 fois par an;>=1 fois par jour;>1 fois par semaine;>1 fois par semaine;>1 fois par semaine;Oui;Non;Oui;Non;Non;Non;Non;Non;Non;sans objet;Non;Peinture, papier peint, vinyle, toile de verre;Faux-plafond;Carrelage;Non;sans objet;1;54;0;4;Double;16,8;Aucun système;sans objet;sans objet;sans objet;sans objet;Non;Non;sans objet;Non;sans objet;Oui;Aucun système;Aucun système;BLANC-FEUTRE;Oui;Non;Non;Oui, tout le temps;Chauffe
EM81LAJ121_SDC1;EM81LAJ121;SDC1;Oui;0;Oui, date exacte;1986;sans objet;Entre 1982 et 2002;55;55;90;165;0;25;0;0;0;0;0;0;0;0;25;Béton Parpaing;sans objet;Oui;ACHEVES;ACHEVES;Non;Non;Non;Non;Non;Non;Non;ACHEVES;Peinture des meubles;Non;1 à 5 fois par an;Jamais;>1 fois par semaine;Jamais;<=1 fois par semaine;Non;Non;Oui;Non;Non;Non;Non;Non;Non;sans objet;Non;Peinture, papier peint, vinyle, toile de verre;Peinture, papier peint, vinyle, toile de verre;Carrelage;Non;sans objet;27;32;0;2;Simple;11,1;VMC;sans objet;VMC double flux sans balayage;1;1;Non;Non;sans objet;Non;sans objet;Oui;VMC ou VN;VMC non fonctionnelle;MAT-CRAIE;Non;Non;Non;Oui, tout le temps;Chauffe
EM81LAJ121_SDC2;EM81LAJ121;SDC2;Oui;0;Oui, date exacte;1986;sans objet;Entre 1982 et 2002;53;53;92;159;18;0;0;0;0;0;0;0;0;0;18;Béton Parpaing;sans objet;Non;sans objet;sans objet;sans objet;sans objet;sans objet;sans objet;sans objet;sans objet;sans objet;sans objet;sans objet;Non;1 à 5 fois par an;Jamais;>1 fois par semaine;Jamais;<=1 fois par semaine;Non;Non;Oui;Non;Non;Non;Non;Non;Non;sans objet;Non;Peinture, papier peint, vinyle, toile de verre;Peinture, papier peint, vinyle, toile de verre;Plastique, PVC, linoléum;Non;sans objet;14;40;0;2;Simple;11,1;VMC;sans objet;VMC double flux sans balayage;1;1;Non;Non;sans objet;Non;sans objet;Oui;VMC ou VN;VMC non fonctionnelle;BLANC-FEUTRE;Non;Non;Non;Oui, tout le temps;Chauffe
EM81MAG195_SDC1;EM81MAG195;SDC1;Oui;0;Oui, date exacte;1956;sans objet;Entre 1949 et 1967;52,7;52,7;95,4;170;20;8;0;0;0;0;0;0;0;0;28;Béton Parpaing;sans objet;Non;sans objet;sans objet;sans objet;sans objet;sans objet;sans objet;sans objet;sans objet;sans objet;sans objet;sans objet;Non;1 à 5 fois par an;>=1 fois par jour;>1 fois par semaine;<=1 fois par semaine;>1 fois par semaine;Non;Non;Non;Non;Non;Non;Non;Non;Non;sans objet;Oui;Peinture, papier peint, vinyle, toile de verre;Peinture, papier peint, vinyle, toile de verre;Plastique, PVC, linoléum;Non;sans objet;1;47;0;0;Simple;17,5;Aucun système;sans objet;sans objet;sans objet;sans objet;Non;Non;sans objet;Non;sans objet;Oui;Aucun système;Aucun système;MAT-CRAIE;Oui;Non;Non;Oui, tout le temps;Chauffe
EM81MAG195_SDC2;EM81MAG195;SDC2;Oui;0;Oui, date exacte;1956;sans objet;Entre 1949 et 1967;55,5;55,5;97,6;179;0;8;15;0;0;0;0;0;0;0;23;Béton Parpaing;sans objet;Non;sans objet;sans objet;sans objet;sans objet;sans objet;sans objet;sans objet;sans objet;sans objet;sans objet;sans objet;Non;1 à 5 fois par an;>=1 fois par jour;>1 fois par semaine;<=1 fois par semaine;>1 fois par semaine;Non;Non;Non;Non;Non;Non;Non;Non;Non;sans objet;Oui;Peinture, papier peint, vinyle, toile de verre;Peinture, papier peint, vinyle, toile de verre;Plastique, PVC, linoléum;Non;sans objet;0;58;0;2;Simple;17,5;Aucun système;sans objet;sans objet;sans objet;sans objet;Non;Non;sans objet;Non;sans objet;Oui;Aucun système;Aucun système;MAT-CRAIE;Non;Non;Non;Oui, tout le temps;Chauffe
EM81SAI177_SDC1;EM81SAI177;SDC1;Oui;0;Oui, date exacte;2004;sans objet;2003 et après;81,5;81,5;108;243;10;8;0;0;0;0;0;0;0;0;18;Béton Parpaing;sans objet;Non;sans objet;sans objet;sans objet;sans objet;sans objet;sans objet;sans objet;sans objet;sans objet;sans objet;sans objet;Non;1 à 5 fois par an;>=1 fois par jour;>1 fois par semaine;Jamais;>1 fois par semaine;Non;Non;Non;Non;Non;Non;Non;Non;Non;sans objet;Non;Peinture, papier peint, vinyle, toile de verre;Faux-plafond;Plastique, PVC, linoléum;Non;sans objet;0;26;0;50;Double;28,3;VMC;sans objet;VMC double flux par balayage;2;4;Non;Non;sans objet;Non;sans objet;Oui;VMC ou VN;VMC fonctionnelle;MAT-CRAIE;Non;Non;Non;Non;Hors-chauffe
EM81SAI177_SDC2;EM81SAI177;SDC2;Oui;0;Oui, date exacte;2004;sans objet;2003 et après;65,7;65,7;101,2;197;0;0;11;10;0;0;0;0;0;0;21;Béton Parpaing;sans objet;Non;sans objet;sans objet;sans objet;sans objet;sans objet;sans objet;sans objet;sans objet;sans objet;sans objet;sans objet;Non;1 à 5 fois par an;>=1 fois par jour;>1 fois par semaine;Jamais;>1 fois par semaine;Non;Non;Non;Non;Non;Non;Non;Non;Non;sans objet;Non;Peinture, papier peint, vinyle, toile de verre;Faux-plafond;Plastique, PVC, linoléum;Non;sans objet;0;64;0;7;Double;26,2;VMC;sans objet;VMC double flux par balayage;3;2;Non;Non;sans objet;Non;sans objet;Oui;VMC ou VN;VMC fonctionnelle;BLANC-FEUTRE;Non;Non;Non;Oui, la plupart du temps;Hors-chauffe
EM83DRQ251_SDC1;EM83DRQ251;SDC1;Non;0;Connais approxi;sans objet;Entre 1997 et 2002;Entre 1982 et 2002;74,2;74,2;108,4;185;16;12;0;0;0;0;0;0;0;0;28;Pierre;sans objet;Non;sans objet;sans objet;sans objet;sans objet;sans objet;sans objet;sans objet;sans objet;sans objet;sans objet;sans objet;Oui;NA;Jamais;>1 fois par semaine;Jamais;>1 fois par semaine;Non;Non;Non;Non;Non;Non;Non;Non;Non;sans objet;Oui;Peinture, papier peint, vinyle, toile de verre;Faux-plafond;Plastique, PVC, linoléum;Non;sans objet;1;39;0;35;Double;3,6;Aucun système;sans objet;sans objet;sans objet;sans objet;Non;Oui;2;Non;sans objet;Oui;Aucun système;Aucun système;ELECTRONIQUE;Oui;Non;Non;Oui, tout le temps;Chauffe
EM83DRQ251_SDC2;EM83DRQ251;SDC2;Non;0;Connais approxi;sans objet;Entre 1997 et 2002;Entre 1982 et 2002;86,1;86,1;115;232;0;6;23;0;0;0;0;0;0;0;29;Pierre;sans objet;Non;sans objet;sans objet;sans objet;sans objet;sans objet;sans objet;sans objet;sans objet;sans objet;sans objet;sans objet;Non;NA;Jamais;>1 fois par semaine;Jamais;>1 fois par semaine;Non;Non;Non;Non;Non;Non;Non;Non;Non;sans objet;Non;Peinture, papier peint, vinyle, toile de verre;Faux-plafond;Carrelage;Non;sans objet;4;55;0;37;Double;8,44;Aucun système;sans objet;sans objet;sans objet;sans objet;Non;Oui;2;Non;sans objet;Oui;Aucun système;Aucun système;ELECTRONIQUE;Oui;Non;Non;Oui, tout le temps;Chauffe
EM83GRC235_SDC1;EM83GRC235;SDC1;Oui;1;Oui, date exacte;2009;sans objet;2003 et après;61,7;61,7;82,4;161;26;0;0;0;0;0;0;0;0;0;26;Béton Parpaing;sans objet;Non;sans objet;sans objet;sans objet;sans objet;sans objet;sans objet;sans objet;sans objet;sans objet;sans objet;sans objet;Oui;Jamais;>=1 fois par jour;>1 fois par semaine;>1 fois par semaine;>1 fois par semaine;Oui;Oui;Non;Oui;Non;Non;Non;Non;Non;sans objet;Non;Peinture, papier peint, vinyle, toile de verre;Faux-plafond;Plastique, PVC, linoléum;Non;sans objet;6;41;0;4;NA;12,9;Aucun système;sans objet;sans objet;sans objet;sans objet;Non;Oui;2;Non;sans objet;Oui;Aucun système;Aucun système;BLANC-FEUTRE;Oui;Non;Non;Oui, tout le temps;Chauffe
EM83GRC235_SDC2;EM83GRC235;SDC2;Oui;1;Oui, date exacte;2009;sans objet;2003 et après;62,2;62,2;83,2;162;0;0;24;0;0;0;0;0;0;0;24;Béton Parpaing;sans objet;Non;sans objet;sans objet;sans objet;sans objet;sans objet;sans objet;sans objet;sans objet;sans objet;sans objet;sans objet;Oui;Jamais;>=1 fois par jour;>1 fois par semaine;>1 fois par semaine;>1 fois par semaine;Oui;Oui;Non;Oui;Non;Non;Non;Non;Non;sans objet;Non;Peinture, papier peint, vinyle, toile de verre;Faux-plafond;Plastique, PVC, linoléum;Non;sans objet;3;60;0;5;Double;25,8;Aucun système;sans objet;sans objet;sans objet;sans objet;Non;Oui;2;Non;sans objet;Oui;Aucun système;Aucun système;BLANC-FEUTRE;Oui;Non;Non;Oui, la plupart du temps;Chauffe
EM83GRK237_SDC1;EM83GRK237;SDC1;Oui;0;Connais approxi;sans objet;Entre 1975 et 1981;Entre 1968 et 1981;55,5;55,6;109,5;188;0;26;0;0;0;0;0;0;0;0;26;Béton Parpaing;sans objet;Non;sans objet;sans objet;sans objet;sans objet;sans objet;sans objet;sans objet;sans objet;sans objet;sans objet;sans objet;Oui;>5 fois par an;>=1 fois par jour;>1 fois par semaine;>1 fois par semaine;>1 fois par semaine;Non;Non;Non;Non;Non;Non;Non;Non;Non;sans objet;Non;Peinture, papier peint, vinyle, toile de verre;Faux-plafond;Parquet massif ou contrecollé, vitrifié, stratifié;Non;sans objet;11;59;0;11;Double;7,13;Aucun système;sans objet;sans objet;sans objet;sans objet;Non;Non;sans objet;Non;sans objet;Non;Aucun système;Aucun système;MAT-CRAIE;Oui;Non;Non;Oui, tout le temps;Chauffe
EM83GRK237_SDC2;EM83GRK237;SDC2;Oui;0;Connais approxi;sans objet;Entre 1975 et 1981;Entre 1968 et 1981;57;56,7;101,2;200;19;4;0;0;0;0;0;0;0;0;23;Béton Parpaing;sans objet;Non;sans objet;sans objet;sans objet;sans objet;sans objet;sans objet;sans objet;sans objet;sans objet;sans objet;sans objet;Oui;>5 fois par an;>=1 fois par jour;>1 fois par semaine;>1 fois par semaine;>1 fois par semaine;Non;Non;Non;Non;Non;Non;Non;Non;Non;sans objet;Non;Peinture, papier peint, vinyle, toile de verre;Faux-plafond;Parquet massif ou contrecollé, vitrifié, stratifié;Non;sans objet;11;23;4;21;Simple;6,5;Aucun système;sans objet;sans objet;sans objet;sans objet;Non;Non;sans objet;Non;sans objet;Oui;Aucun système;Aucun système;BLANC-FEUTRE;Non;Non;Non;Oui, tout le temps;Chauffe
EM83TOS223_SDC1;EM83TOS223;SDC1;Oui;0;Connais approxi;sans objet;Entre 1975 et 1981;Entre 1968 et 1981;60;60,9;112,3;214;24;0;0;0;0;0;0;0;0;0;24;Béton Parpaing;sans objet;Non;sans objet;sans objet;sans objet;sans objet;sans objet;sans objet;sans objet;sans objet;sans objet;sans objet;sans objet;Non;>5 fois par an;Jamais;>1 fois par semaine;Jamais;>1 fois par semaine;Non;Non;Ne sait pas;Ne sait pas;Non;Non;Non;Non;Non;sans objet;Non;Peinture, papier peint, vinyle, toile de verre;Lambris bois;Plastique, PVC, linoléum;Non;sans objet;3;85;0;3;Simple;9,23;VN;sur deux façades différentes;sans objet;sans objet;sans objet;Non;Non;sans objet;Non;sans objet;Oui;Aucun système;Aucun système;BLANC-FEUTRE;Non;Non;Non;Oui, la plupart du temps;Chauffe
EM83TOS223_SDC2;EM83TOS223;SDC2;Oui;1;Connais approxi;sans objet;Entre 1975 et 1981;Entre 1968 et 1981;65,8;67,4;89,2;197;0;0;29;0;0;0;0;0;0;0;29;Béton Parpaing;sans objet;Non;sans objet;sans objet;sans objet;sans objet;sans objet;sans objet;sans objet;sans objet;sans objet;sans objet;sans objet;Non;>5 fois par an;Jamais;>1 fois par semaine;Jamais;>1 fois par semaine;Non;Non;Ne sait pas;Ne sait pas;Non;Non;Non;Non;Non;sans objet;Non;Peinture, papier peint, vinyle, toile de verre;Lambris bois;Plastique, PVC, linoléum;Non;sans objet;0;107;0;4;Double;15,03;Aucun système;sans objet;sans objet;sans objet;sans objet;Non;Non;sans objet;Non;sans objet;Oui;Aucun système;Aucun système;MAT-CRAIE;Non;Non;Non;Oui, la plupart du temps;Chauffe
EM87LIG140_SDC1;EM87LIG140;SDC1;Oui;1;Connais approxi;sans objet;Entre 1968 et 1974;Entre 1968 et 1981;60,6;59;78;151;0;14;11;0;0;0;0;0;0;0;25;Béton Parpaing;sans objet;Non;sans objet;sans objet;sans objet;sans objet;sans objet;sans objet;sans objet;sans objet;sans objet;sans objet;sans objet;Non;1 à 5 fois par an;>=1 fois par jour;<=1 fois par semaine;Jamais;>1 fois par semaine;Non;Non;Non;Non;Non;Non;Non;Non;Non;sans objet;Non;Peinture, papier peint, vinyle, toile de verre;Faux-plafond;Plastique, PVC, linoléum;Oui;5;0;65;0;8;Double;11,3;VMC;sans objet;VMC double flux sans balayage;1;2;Non;Non;sans objet;Oui;1;Oui;VMC ou VN;VMC fonctionnelle;BLANC-FEUTRE;Oui;Non;Non;Non;Chauffe
EM87LIG140_SDC2;EM87LIG140;SDC2;Oui;0;Connais approxi;sans objet;Entre 1968 et 1974;Entre 1968 et 1981;64;63;80;157;16;8;0;0;0;0;0;0;0;0;24;Béton Parpaing;sans objet;Non;sans objet;sans objet;sans objet;sans objet;sans objet;sans objet;sans objet;sans objet;sans objet;sans objet;sans objet;Non;1 à 5 fois par an;>=1 fois par jour;<=1 fois par semaine;Jamais;>1 fois par semaine;Non;Non;Non;Non;Non;Non;Non;Non;Non;sans objet;Non;Peinture, papier peint, vinyle, toile de verre;Faux-plafond;Plastique, PVC, linoléum;Non;sans objet;0;65;0;33;Double;11;VMC;sans objet;VMC double flux sans balayage;2;2;Non;Non;sans objet;Oui;1;Oui;VMC ou VN;VMC fonctionnelle;MAT-CRAIE;Oui;Non;Non;Oui, la plupart du temps;Chauffe
EM87LIQ188_SDC1;EM87LIQ188;SDC1;Oui;0;Connais approxi;sans objet;Entre 1968 et 1974;Entre 1968 et 1981;60;60;81,2;156;0;31;0;0;0;0;0;0;0;0;31;Béton Parpaing;sans objet;Non;sans objet;sans objet;sans objet;sans objet;sans objet;sans objet;sans objet;sans objet;sans objet;sans objet;sans objet;Non;>5 fois par an;<1 fois par jour;>1 fois par semaine;Jamais;>1 fois par semaine;Non;Non;Non;Non;Non;Non;Non;Non;Non;sans objet;Non;Peinture, papier peint, vinyle, toile de verre;Faux-plafond;Plastique, PVC, linoléum;Non;sans objet;3;80;1;10;Double;9,82;Aucun système;sans objet;sans objet;sans objet;sans objet;Non;Non;sans objet;Non;sans objet;Non;Aucun système;Aucun système;MAT-CRAIE;Non;Non;Non;Oui, tout le temps;Chauffe
EM87LIQ188_SDC2;EM87LIQ188;SDC2;Oui;0;Connais approxi;sans objet;Entre 1968 et 1974;Entre 1968 et 1981;58;58;79,8;150;5;27;0;0;0;0;0;0;0;0;32;Béton Parpaing;sans objet;Non;sans objet;sans objet;sans objet;sans objet;sans objet;sans objet;sans objet;sans objet;sans objet;sans objet;sans objet;Non;>5 fois par an;<1 fois par jour;>1 fois par semaine;Jamais;>1 fois par semaine;Non;Non;Non;Non;Oui;Non;Non;Non;Non;sans objet;Non;Peinture, papier peint, vinyle, toile de verre;Faux-plafond;Plastique, PVC, linoléum;Non;sans objet;1;81;2;56;Double;11,85;Aucun système;sans objet;sans objet;sans objet;sans objet;Non;Non;sans objet;Non;sans objet;Non;Aucun système;Aucun système;MAT-CRAIE;Oui;Non;Non;Oui, tout le temps;Chauffe
EM87LIR142_SDC1;EM87LIR142;SDC1;Oui;0;Oui, date exacte;1914;sans objet;Avant 1948;70;70;104;218;6;22;0;0;0;0;0;0;0;0;28;Pierre;sans objet;Non;sans objet;sans objet;sans objet;sans objet;sans objet;sans objet;sans objet;sans objet;sans objet;sans objet;sans objet;Oui;1 à 5 fois par an;>=1 fois par jour;<=1 fois par semaine;Jamais;>1 fois par semaine;Non;Non;Non;Non;Non;Oui;Non;Non;Non;sans objet;Non;Peinture, papier peint, vinyle, toile de verre;Faux-plafond;Plastique, PVC, linoléum;Oui;8;11;86;0;16;Simple;6,75;Aucun système;sans objet;sans objet;sans objet;sans objet;Non;Non;sans objet;Non;sans objet;Non;Aucun système;Aucun système;MAT-CRAIE;Oui;Oui;Non;Non;Hors-chauffe
EM87LIR142_SDC2;EM87LIR142;SDC2;Oui;0;Oui, date exacte;1914;sans objet;Avant 1948;69;69;94;196;0;0;29;0;0;0;0;0;0;0;29;Pierre;sans objet;Non;sans objet;sans objet;sans objet;sans objet;sans objet;sans objet;sans objet;sans objet;sans objet;sans objet;sans objet;Non;1 à 5 fois par an;>=1 fois par jour;<=1 fois par semaine;Jamais;>1 fois par semaine;Non;Non;Non;Non;Non;Non;Oui;Non;Non;sans objet;Oui;Peinture, papier peint, vinyle, toile de verre;Faux-plafond;Plastique, PVC, linoléum;Oui;12;5;90;2;48;Double;7,95;Aucun système;sans objet;sans objet;sans objet;sans objet;Non;Non;sans objet;Non;sans objet;Oui;Aucun système;Aucun système;MAT-CRAIE;Non;Non;Non;Non;Hors-chauffe
EM87LPY143_SDC1;EM87LPY143;SDC1;Oui;0;Connais approxi;sans objet;Entre 1968 et 1974;Entre 1968 et 1981;58,8;58,8;90,2;173;21;0;0;0;0;0;0;0;0;0;21;Béton Parpaing;sans objet;Non;sans objet;sans objet;sans objet;sans objet;sans objet;sans objet;sans objet;sans objet;sans objet;sans objet;sans objet;Non;1 à 5 fois par an;>=1 fois par jour;>1 fois par semaine;Jamais;<=1 fois par semaine;Non;Non;Oui;Non;Non;Oui;Non;Non;Non;sans objet;Non;Peinture, papier peint, vinyle, toile de verre;Faux-plafond;Plastique, PVC, linoléum;Non;sans objet;1;52;0;23;Simple;3,5;Aucun système;sans objet;sans objet;sans objet;sans objet;Non;Non;sans objet;Non;sans objet;Oui;Aucun système;Aucun système;BLANC-FEUTRE;Non;Non;Non;Oui, la plupart du temps;Chauffe
EM87LPY143_SDC2;EM87LPY143;SDC2;Oui;0;Connais approxi;sans objet;Entre 1968 et 1974;Entre 1968 et 1981;52,6;52,6;79,8;155;0;7;19;0;0;0;0;0;0;0;26;Béton Parpaing;sans objet;Non;sans objet;sans objet;sans objet;sans objet;sans objet;sans objet;sans objet;sans objet;sans objet;sans objet;sans objet;Non;1 à 5 fois par an;>=1 fois par jour;>1 fois par semaine;Jamais;<=1 fois par semaine;Non;Non;Oui;Non;Non;Oui;Non;Non;Non;sans objet;Non;Peinture, papier peint, vinyle, toile de verre;Faux-plafond;Plastique, PVC, linoléum;Non;sans objet;0;47;0;6;Simple;7,75;Aucun système;sans objet;sans objet;sans objet;sans objet;Non;Non;sans objet;Non;sans objet;Oui;Aucun système;Aucun système;BLANC-FEUTRE;Non;Non;Non;Oui, la plupart du temps;Chauffe
EM87SJM183_SDC1;EM87SJM183;SDC1;Oui;0;Oui, date exacte;1906;sans objet;Avant 1948;60,3;60,3;94,2;180;14;14;0;0;0;0;0;0;0;0;28;Pierre;sans objet;Non;sans objet;sans objet;sans objet;sans objet;sans objet;sans objet;sans objet;sans objet;sans objet;sans objet;sans objet;Oui;1 à 5 fois par an;>=1 fois par jour;>1 fois par semaine;Jamais;>1 fois par semaine;Non;Non;Non;Non;Non;Non;Non;Non;Non;sans objet;Non;Peinture, papier peint, vinyle, toile de verre;Faux-plafond;Plastique, PVC, linoléum;Non;sans objet;3;59;0;22;Double;9,62;Aucun système;sans objet;sans objet;sans objet;sans objet;Non;Non;sans objet;Non;sans objet;Non;Aucun système;Aucun système;MAT-CRAIE;Oui;Non;Non;Oui, tout le temps;Chauffe
EM87SJM183_SDC2;EM87SJM183;SDC2;Oui;0;Connais approxi;sans objet;Entre 1975 et 1981;Entre 1968 et 1981;54,9;54,9;83,8;151;0;0;18;5;0;0;0;0;0;0;23;Béton Parpaing;sans objet;Non;sans objet;sans objet;sans objet;sans objet;sans objet;sans objet;sans objet;sans objet;sans objet;sans objet;sans objet;Oui;1 à 5 fois par an;>=1 fois par jour;>1 fois par semaine;Jamais;>1 fois par semaine;Non;Non;Non;Non;Non;Non;Non;Non;Non;sans objet;Non;Peinture, papier peint, vinyle, toile de verre;Faux-plafond;Plastique, PVC, linoléum;Non;sans objet;4;63;0;25;Simple;10,15;Aucun système;sans objet;sans objet;sans objet;sans objet;Non;Oui;4;Non;sans objet;Non;Aucun système;Aucun système;MAT-CRAIE;Non;Non;Non;Oui, tout le temps;Chauffe
EM87SMH139_SDC1;EM87SMH139;SDC1;Oui;0;Oui, date exacte;1997;sans objet;Entre 1982 et 2002;48;48;84;144;8;11;4;0;0;0;0;0;0;0;23;Béton Parpaing;sans objet;Non;sans objet;sans objet;sans objet;sans objet;sans objet;sans objet;sans objet;sans objet;sans objet;sans objet;sans objet;Non;>5 fois par an;>=1 fois par jour;>1 fois par semaine;Jamais;>1 fois par semaine;Non;Non;Non;Non;Non;Non;Non;Non;Non;sans objet;Non;Peinture, papier peint, vinyle, toile de verre;Peinture, papier peint, vinyle, toile de verre;Carrelage;Non;sans objet;0;28;32;19;Double;8,95;Aucun système;sans objet;sans objet;sans objet;sans objet;Non;Non;sans objet;Non;sans objet;Oui;Aucun système;Aucun système;MAT-CRAIE;Non;Non;Non;Oui, tout le temps;Chauffe
EM87SMH139_SDC2;EM87SMH139;SDC2;Oui;0;Oui, date exacte;1997;sans objet;Entre 1982 et 2002;48;48;84;144;0;0;12;0;10;0;0;0;0;0;22;Béton Parpaing;sans objet;Non;sans objet;sans objet;sans objet;sans objet;sans objet;sans objet;sans objet;sans objet;sans objet;sans objet;sans objet;Non;>5 fois par an;>=1 fois par jour;>1 fois par semaine;Jamais;>1 fois par semaine;Non;Non;Non;Non;Non;Non;Non;Non;Non;sans objet;Non;Peinture, papier peint, vinyle, toile de verre;Peinture, papier peint, vinyle, toile de verre;Carrelage;Oui;20;0;50;0;2;Double;6,7;Aucun système;sans objet;sans objet;sans objet;sans objet;Non;Non;sans objet;Non;sans objet;Oui;Aucun système;Aucun système;MAT-CRAIE;Non;Non;Non;Oui, tout le temps;Chauffe
EM88GSB150_SDC1;EM88GSB150;SDC1;Oui;0;Connais approxi;sans objet;Entre 1968 et 1974;Entre 1968 et 1981;70,2;70,2;121,8;215;20;5;0;0;0;0;0;0;0;0;25;Béton Parpaing;sans objet;Non;sans objet;sans objet;sans objet;sans objet;sans objet;sans objet;sans objet;sans objet;sans objet;sans objet;sans objet;Oui;>5 fois par an;>=1 fois par jour;>1 fois par semaine;Jamais;>1 fois par semaine;Non;Non;Non;Non;Non;Non;Non;Non;Non;sans objet;Oui;Peinture, papier peint, vinyle, toile de verre;Lambris bois;Plastique, PVC, linoléum;Non;sans objet;1;31;9;19;Double;17,1;Aucun système;sans objet;sans objet;sans objet;sans objet;Non;Non;sans objet;Non;sans objet;Non;Aucun système;Aucun système;MAT-CRAIE;Oui;Non;Non;Oui, tout le temps;Chauffe
EM88GSB150_SDC2;EM88GSB150;SDC2;Oui;0;Connais approxi;sans objet;Entre 1968 et 1974;Entre 1968 et 1981;61,2;61,2;100,8;189;0;24;0;0;0;0;0;0;0;0;24;Béton Parpaing;sans objet;Non;sans objet;sans objet;sans objet;sans objet;sans objet;sans objet;sans objet;sans objet;sans objet;sans objet;sans objet;Oui;>5 fois par an;>=1 fois par jour;>1 fois par semaine;Jamais;>1 fois par semaine;Non;Non;Non;Non;Non;Oui;Non;Non;Non;sans objet;Oui;Peinture, papier peint, vinyle, toile de verre;Faux-plafond;Plastique, PVC, linoléum;Non;sans objet;0;49;15;1;Double;9,17;Aucun système;sans objet;sans objet;sans objet;sans objet;Non;Non;sans objet;Non;sans objet;Non;Aucun système;Aucun système;MAT-CRAIE;Oui;Non;Non;Oui, tout le temps;Chauffe
EM88GSB150_SDC3;EM88GSB150;SDC3;Oui;0;Connais approxi;sans objet;Entre 2003 et 2009;2003 et après;57;57;76,2;139;0;0;21;0;0;0;0;0;0;0;21;Autre;Préfabriqué;Non;sans objet;sans objet;sans objet;sans objet;sans objet;sans objet;sans objet;sans objet;sans objet;sans objet;sans objet;Non;>5 fois par an;>=1 fois par jour;>1 fois par semaine;Jamais;>1 fois par semaine;Non;Non;Non;Non;Non;Non;Non;Oui;Non;sans objet;Oui;Algeco;Faux-plafond;Plastique, PVC, linoléum;Non;sans objet;0;16;68;1;Double;10,93;Aucun système;sans objet;sans objet;sans objet;sans objet;Non;Non;sans objet;Oui;2;Non;Aucun système;Aucun système;MAT-CRAIE;Oui;Non;Non;Oui, tout le temps;Chauffe
EM88NEZ155_SDC1;EM88NEZ155;SDC1;Oui;0;Connais approxi;sans objet;Entre 1915 et 1948;Avant 1948;48,3;48,3;112;193;0;24;0;0;0;0;0;0;0;0;24;Pierre;sans objet;Non;sans objet;sans objet;sans objet;sans objet;sans objet;sans objet;sans objet;sans objet;sans objet;sans objet;sans objet;Non;>5 fois par an;>=1 fois par jour;>1 fois par semaine;>1 fois par semaine;<=1 fois par semaine;Non;Non;Non;Non;Non;Non;Non;Non;Non;sans objet;Non;Peinture, papier peint, vinyle, toile de verre;Faux-plafond;Parquet massif ou contrecollé, vitrifié, stratifié;Non;sans objet;0;54;0;11;Simple;15,75;Aucun système;sans objet;sans objet;sans objet;sans objet;Non;Non;sans objet;Non;sans objet;Non;Aucun système;Aucun système;MAT-CRAIE;Non;Non;Non;Oui, tout le temps;Chauffe
EM88NEZ155_SDC2;EM88NEZ155;SDC2;Oui;0;Connais approxi;sans objet;Entre 1915 et 1948;Avant 1948;48,2;48,2;116,8;189;0;0;23;0;0;0;0;0;0;0;23;Pierre;sans objet;Non;sans objet;sans objet;sans objet;sans objet;sans objet;sans objet;sans objet;sans objet;sans objet;sans objet;sans objet;Non;>5 fois par an;>=1 fois par jour;>1 fois par semaine;>1 fois par semaine;<=1 fois par semaine;Non;Non;Non;Non;Non;Non;Non;Non;Non;sans objet;Non;Peinture, papier peint, vinyle, toile de verre;Faux-plafond;Parquet massif ou contrecollé, vitrifié, stratifié;Non;sans objet;1;79;0;3;Simple;7,6;Aucun système;sans objet;sans objet;sans objet;sans objet;Non;Non;sans objet;Non;sans objet;Non;Aucun système;Aucun système;MAT-CRAIE;Non;Non;Non;Oui, la plupart du temps;Chauffe
EM91BSK100_SDC1;EM91BSK100;SDC1;Oui;0;Connais approxi;sans objet;Entre 1968 et 1974;Entre 1968 et 1981;38;38;50;99;0;30;0;0;0;0;0;0;0;0;30;Béton Parpaing;sans objet;Non;sans objet;sans objet;sans objet;sans objet;sans objet;sans objet;sans objet;sans objet;sans objet;sans objet;sans objet;Non;1 à 5 fois par an;<1 fois par jour;<=1 fois par semaine;<=1 fois par semaine;<=1 fois par semaine;Non;Non;Non;Non;Non;Non;Non;Non;Non;sans objet;Non;Peinture, papier peint, vinyle, toile de verre;Faux-plafond;Plastique, PVC, linoléum;Oui;10;0;31;0;0;Double;22;Aucun système;sans objet;sans objet;sans objet;sans objet;Non;Non;sans objet;Non;sans objet;Oui;Aucun système;Aucun système;MAT-CRAIE;Non;Non;Non;Oui, tout le temps;Chauffe
EM91BSK100_SDC2;EM91BSK100;SDC2;Oui;0;Connais approxi;sans objet;Entre 1968 et 1974;Entre 1968 et 1981;38;38;50;99;15;0;14;0;0;0;0;0;0;0;29;Béton Parpaing;sans objet;Non;sans objet;sans objet;sans objet;sans objet;sans objet;sans objet;sans objet;sans objet;sans objet;sans objet;sans objet;Non;1 à 5 fois par an;<1 fois par jour;<=1 fois par semaine;<=1 fois par semaine;<=1 fois par semaine;Non;Non;Non;Non;Non;Non;Non;Non;Non;sans objet;Non;Peinture, papier peint, vinyle, toile de verre;Faux-plafond;Plastique, PVC, linoléum;Oui;2;0;34;0;0;Double;15;Aucun système;sans objet;sans objet;sans objet;sans objet;Non;Non;sans objet;Non;sans objet;Oui;Aucun système;Aucun système;MAT-CRAIE;Non;Non;Non;Oui, tout le temps;Chauffe
EM91CEU105_SDC1;EM91CEU105;SDC1;Oui;1;Oui, date exacte;1930;sans objet;Avant 1948;120;120;44;348;25;0;0;0;0;0;0;0;0;0;25;Briques;sans objet;Non;sans objet;sans objet;sans objet;sans objet;sans objet;sans objet;sans objet;sans objet;sans objet;sans objet;sans objet;Oui;Jamais;>=1 fois par jour;>1 fois par semaine;>1 fois par semaine;>1 fois par semaine;Non;Non;Non;Non;Non;Non;Non;Non;Non;sans objet;Non;Peinture, papier peint, vinyle, toile de verre;Faux-plafond;Plastique, PVC, linoléum;Non;sans objet;0;21;0;0;Double;8;Aucun système;sans objet;sans objet;sans objet;sans objet;Non;Non;sans objet;Non;sans objet;Oui;Aucun système;Aucun système;BLANC-FEUTRE;Non;Non;Non;Non;Chauffe
EM91CEU105_SDC2;EM91CEU105;SDC2;Oui;1;Oui, date exacte;1930;sans objet;Avant 1948;95;95;58;276;19;0;0;0;0;0;0;0;0;0;19;Briques;sans objet;Oui;ACHEVES;Non;ACHEVES;Non;ACHEVES;Non;Non;Non;Non;Non;sans objet;Oui;Jamais;>=1 fois par jour;>1 fois par semaine;>1 fois par semaine;>1 fois par semaine;Non;Non;Non;Non;Non;Non;Non;Non;Non;sans objet;Non;Peinture, papier peint, vinyle, toile de verre;Faux-plafond;Plastique, PVC, linoléum;Non;sans objet;0;18;0;0;Double;12;Aucun système;sans objet;sans objet;sans objet;sans objet;Non;Non;sans objet;Non;sans objet;Oui;Aucun système;Aucun système;BLANC-FEUTRE;Non;Non;Non;Oui, tout le temps;Chauffe
EM91MOT070_SDC1;EM91MOT070;SDC1;Oui;0;Oui, date exacte;2010;sans objet;2003 et après;48,4;48,4;76;130;9;16;0;0;0;0;0;0;0;0;25;Béton Parpaing;sans objet;Non;sans objet;sans objet;sans objet;sans objet;sans objet;sans objet;sans objet;sans objet;sans objet;sans objet;sans objet;Non;1 à 5 fois par an;<1 fois par jour;>1 fois par semaine;Jamais;>1 fois par semaine;Non;Non;Non;Non;Non;Non;Non;Non;Non;sans objet;Non;Peinture, papier peint, vinyle, toile de verre;Faux-plafond;Plastique, PVC, linoléum;Non;sans objet;0;23;0;0;Double;12;Aucun système;sans objet;sans objet;sans objet;sans objet;Non;Non;sans objet;Non;sans objet;Non;Aucun système;Aucun système;MAT-CRAIE;Non;Non;Non;Oui, tout le temps;Chauffe
EM91MOT070_SDC2;EM91MOT070;SDC2;Oui;0;Oui, date exacte;2010;sans objet;2003 et après;48,4;48,4;76;130;0;18;7;0;0;0;0;0;0;0;25;Béton Parpaing;sans objet;Non;sans objet;sans objet;sans objet;sans objet;sans objet;sans objet;sans objet;sans objet;sans objet;sans objet;sans objet;Non;1 à 5 fois par an;<1 fois par jour;>1 fois par semaine;Jamais;>1 fois par semaine;Non;Non;Non;Non;Non;Non;Non;Non;Non;sans objet;Non;Peinture, papier peint, vinyle, toile de verre;Faux-plafond;Plastique, PVC, linoléum;Non;sans objet;0;24;0;0;Double;12;Aucun système;sans objet;sans objet;sans objet;sans objet;Non;Non;sans objet;Non;sans objet;Non;Aucun système;Aucun système;MAT-CRAIE;Non;Non;Non;Oui, tout le temps;Chauffe
EM91VID112_SDC1;EM91VID112;SDC1;Oui;1;NA;NA;NA;NA;40;40;44;100;13;14;0;0;0;0;0;0;0;0;27;NA;NA;NA;sans objet;sans objet;sans objet;sans objet;sans objet;sans objet;sans objet;sans objet;sans objet;sans objet;sans objet;NA;NA;NA;NA;NA;NA;NA;NA;NA;NA;Non;Non;Non;Non;Non;sans objet;Non;Peinture, papier peint, vinyle, toile de verre;Faux-plafond;Plastique, PVC, linoléum;Non;sans objet;0;27;0;0;Double;9;Aucun système;sans objet;sans objet;sans objet;sans objet;Non;Non;sans objet;Non;sans objet;Oui;Aucun système;Aucun système;MAT-CRAIE;Non;Non;Non;Oui, tout le temps;Chauffe
EM91VID112_SDC2;EM91VID112;SDC2;Oui;0;NA;NA;NA;NA;40;40;44;100;0;6;21;0;0;0;0;0;0;0;27;NA;NA;NA;sans objet;sans objet;sans objet;sans objet;sans objet;sans objet;sans objet;sans objet;sans objet;sans objet;sans objet;NA;NA;NA;NA;NA;NA;NA;NA;NA;NA;Non;Non;Non;Non;Non;sans objet;Non;Peinture, papier peint, vinyle, toile de verre;Faux-plafond;Plastique, PVC, linoléum;Non;sans objet;0;34;0;0;Double;6;Aucun système;sans objet;sans objet;sans objet;sans objet;Non;Non;sans objet;Non;sans objet;Non;Aucun système;Aucun système;MAT-CRAIE;Non;Non;Non;Oui, tout le temps;Chauffe
EM92VLD300_SDC1;EM92VLD300;SDC1;Oui;1;Oui, date exacte;1967;sans objet;Entre 1949 et 1967;51;51;78,3;131;0;0;24;0;0;0;0;0;0;0;24;Béton Parpaing;sans objet;Non;sans objet;sans objet;sans objet;sans objet;sans objet;sans objet;sans objet;sans objet;sans objet;sans objet;sans objet;Oui;1 à 5 fois par an;>=1 fois par jour;>1 fois par semaine;>1 fois par semaine;<=1 fois par semaine;Non;Non;Oui;Oui;Non;Non;Non;Non;Non;sans objet;Non;Peinture, papier peint, vinyle, toile de verre;Faux-plafond;Plastique, PVC, linoléum;Non;sans objet;5;64;2;3;Double;5,2;VMC;sans objet;simple flux par extraction sans balayage;1;sans objet;Non;Oui;4;Non;sans objet;Oui;VMC ou VN;VMC fonctionnelle;MAT-CRAIE;Non;Non;Non;Non;Chauffe
EM92VLD300_SDC2;EM92VLD300;SDC2;Oui;1;Oui, date exacte;1967;sans objet;Entre 1949 et 1967;44,8;44,8;80,2;115;0;0;25;0;0;0;0;0;0;0;25;Béton Parpaing;sans objet;Non;sans objet;sans objet;sans objet;sans objet;sans objet;sans objet;sans objet;sans objet;sans objet;sans objet;sans objet;Oui;1 à 5 fois par an;>=1 fois par jour;>1 fois par semaine;>1 fois par semaine;>1 fois par semaine;Non;Non;Oui;Oui;Non;Non;Non;Non;Non;sans objet;Non;Peinture, papier peint, vinyle, toile de verre;Faux-plafond;Plastique, PVC, linoléum;Oui;2;4;70;0;40;Double;7;VMC;sans objet;simple flux par extraction sans balayage;1;sans objet;Non;Oui;5;Non;sans objet;Non;VMC ou VN;VMC fonctionnelle;MAT-CRAIE;Non;Non;Non;Oui, la plupart du temps;Chauffe
EM92VLQ301_SDC1;EM92VLQ301;SDC1;Oui;0;Oui, date exacte;2002;sans objet;Entre 1982 et 2002;58,9;58,9;86;164;8;15;0;0;0;0;0;0;0;0;23;Béton Parpaing;sans objet;Non;sans objet;sans objet;sans objet;sans objet;sans objet;sans objet;sans objet;sans objet;sans objet;sans objet;sans objet;Non;1 à 5 fois par an;>=1 fois par jour;<=1 fois par semaine;>1 fois par semaine;>1 fois par semaine;Non;Non;Oui;Non;Non;Non;Non;Non;Non;sans objet;Oui;Peinture, papier peint, vinyle, toile de verre;Faux-plafond;Plastique, PVC, linoléum;Non;sans objet;9;61;0;51;Double;9,74;VMC;sans objet;simple flux par extraction avec balayage;NA;sans objet;Non;Oui;4;Non;sans objet;Non;VMC ou VN;VMC info manquante;MAT-CRAIE;Oui;Oui;Non;Oui, tout le temps;Chauffe
EM92VLQ301_SDC2;EM92VLQ301;SDC2;Oui;1;Oui, date exacte;2002;sans objet;Entre 1982 et 2002;49,2;49,2;80,1;137;6;18;0;0;0;0;0;0;0;0;24;Béton Parpaing;sans objet;Non;sans objet;sans objet;sans objet;sans objet;sans objet;sans objet;sans objet;sans objet;sans objet;sans objet;sans objet;Non;1 à 5 fois par an;>=1 fois par jour;<=1 fois par semaine;>1 fois par semaine;>1 fois par semaine;Non;Non;Oui;Non;Non;Non;Non;Non;Non;sans objet;Oui;Peinture, papier peint, vinyle, toile de verre;Faux-plafond;Plastique, PVC, linoléum;Non;sans objet;11;48;0;69;Double;8,3;VMC;sans objet;simple flux par extraction avec balayage;2;sans objet;Non;Oui;4;Non;sans objet;Non;VMC ou VN;VMC info manquante;MAT-CRAIE;Oui;Oui;Non;Oui, tout le temps;Chauffe
EM94CRC030_SDC1;EM94CRC030;SDC1;Oui;0;Oui, date exacte;1981;sans objet;Entre 1968 et 1981;61;60,6;102,4;202;0;25;0;0;0;0;0;0;0;0;25;Briques;sans objet;Non;sans objet;sans objet;sans objet;sans objet;sans objet;sans objet;sans objet;sans objet;sans objet;sans objet;sans objet;Non;>5 fois par an;>=1 fois par jour;>1 fois par semaine;Jamais;>1 fois par semaine;Non;Non;Non;Non;Non;Non;Non;Non;Non;sans objet;Non;Peinture, papier peint, vinyle, toile de verre;Faux-plafond;Plastique, PVC, linoléum;Non;sans objet;3;68;0;0;Double;15,3;Aucun système;sans objet;sans objet;sans objet;sans objet;Non;Non;sans objet;Oui;1;Non;Aucun système;Aucun système;BLANC-FEUTRE;Oui;Non;Non;Oui, tout le temps;Chauffe
EM94CRC030_SDC2;EM94CRC030;SDC2;Oui;0;Oui, date exacte;1981;sans objet;Entre 1968 et 1981;62,7;57,3;103;196;23;0;0;0;0;0;0;0;0;0;23;Briques;sans objet;Non;sans objet;sans objet;sans objet;sans objet;sans objet;sans objet;sans objet;sans objet;sans objet;sans objet;sans objet;Non;>5 fois par an;>=1 fois par jour;>1 fois par semaine;Jamais;>1 fois par semaine;Non;Non;Non;Non;Non;Non;Non;Non;Non;sans objet;Non;Peinture, papier peint, vinyle, toile de verre;Faux-plafond;Plastique, PVC, linoléum;Non;sans objet;0;57;0;5;Double;15,6;Aucun système;sans objet;sans objet;sans objet;sans objet;Non;Non;sans objet;Oui;1;Non;Aucun système;Aucun système;BLANC-FEUTRE;Oui;Non;Non;Oui, tout le temps;Chauffe
EM94CRP092_SDC1;EM94CRP092;SDC1;Oui;1;Oui, date exacte;1960;sans objet;Entre 1949 et 1967;58,6;58,6;92,6;176;0;24;0;0;0;0;0;0;0;0;24;Béton Parpaing;sans objet;Non;sans objet;sans objet;sans objet;sans objet;sans objet;sans objet;sans objet;sans objet;sans objet;sans objet;sans objet;Oui;>5 fois par an;>=1 fois par jour;<=1 fois par semaine;Jamais;>1 fois par semaine;Non;Non;Non;Non;Non;Non;Oui;Non;Oui;QQues taches eparses;Oui;Peinture, papier peint, vinyle, toile de verre;Peinture, papier peint, vinyle, toile de verre;Plastique, PVC, linoléum;Non;sans objet;1;75;0;68;Double;11,2;Aucun système;sans objet;sans objet;sans objet;sans objet;Non;Non;sans objet;Non;sans objet;Non;Aucun système;Aucun système;MAT-CRAIE;Non;Non;Non;Non;Chauffe
EM94CRP092_SDC2;EM94CRP092;SDC2;Oui;1;Oui, date exacte;1960;sans objet;Entre 1949 et 1967;58,6;58,6;92,6;176;0;23;0;0;0;0;0;0;0;0;23;Béton Parpaing;sans objet;Non;sans objet;sans objet;sans objet;sans objet;sans objet;sans objet;sans objet;sans objet;sans objet;sans objet;sans objet;Oui;>5 fois par an;>=1 fois par jour;<=1 fois par semaine;Jamais;>1 fois par semaine;Non;Non;Non;Non;Non;Non;Oui;Non;Oui;QQues taches eparses;Oui;Peinture, papier peint, vinyle, toile de verre;Peinture, papier peint, vinyle, toile de verre;Plastique, PVC, linoléum;Non;sans objet;0;73;0;89;Double;11,2;Aucun système;sans objet;sans objet;sans objet;sans objet;Non;Non;sans objet;Non;sans objet;Non;Aucun système;Aucun système;MAT-CRAIE;Oui;Non;Non;Oui, tout le temps;Chauffe
EM94LPA031_SDC1;EM94LPA031;SDC1;Oui;0;NA;NA;NA;NA;56;56;88;161;0;29;0;0;0;0;0;0;0;0;29;Béton Parpaing;sans objet;NA;sans objet;sans objet;sans objet;sans objet;sans objet;sans objet;sans objet;sans objet;sans objet;sans objet;sans objet;NA;NA;NA;NA;NA;NA;Non;Non;Oui;Oui;Non;Non;Non;Non;Non;sans objet;Non;Peinture, papier peint, vinyle, toile de verre;Faux-plafond;Plastique, PVC, linoléum;Non;sans objet;10;67;0;2;Double;8,5;Aucun système;sans objet;sans objet;sans objet;sans objet;Non;Non;sans objet;Non;sans objet;Oui;Aucun système;Aucun système;BLANC-FEUTRE;Oui;Oui;Non;Oui, tout le temps;Chauffe
EM94LPA031_SDC2;EM94LPA031;SDC2;Oui;0;NA;NA;NA;NA;59;59;93;151;28;0;0;0;0;0;0;0;0;0;28;Béton Parpaing;sans objet;NA;sans objet;sans objet;sans objet;sans objet;sans objet;sans objet;sans objet;sans objet;sans objet;sans objet;sans objet;NA;NA;NA;NA;NA;NA;Oui;Non;Oui;Oui;Non;Oui;Oui;Non;Non;sans objet;Oui;Peinture, papier peint, vinyle, toile de verre;Faux-plafond;Plastique, PVC, linoléum;Non;sans objet;2;62;0;3;Double;9,5;Aucun système;sans objet;sans objet;sans objet;sans objet;Non;Oui;5;Non;sans objet;Non;Aucun système;Aucun système;MAT-CRAIE;Non;Non;Non;Oui, tout le temps;Chauffe
