IDN_ENSEIGNANT;CODE_ECOLE;CODE_PIECE;SEXE;AGE_DI;ANNENS_DI;ANNENSET_DI;ENSTT_CG;ENSTP_CG;FRQOD_CO;F_ORIGOD_CG;F_SATIFOD_CG;F_GENOD_CO;ACT_ENF_OD_ON;OD_ENF_AGRE_DI;OD_ENF_NEUT_DI;OD_ENF_DESA_DI;CONTACT_OD_ON;ACOU_AMB_CG;ACOU_VOIX_CG;F_GENVOIX_CO;ACOU_CHAIS_CG;F_GENCHAIS_CO;ACOU_PERSETG_CG;F_GENPERS_ETG_CO;ACOU_PERSINF_CG;F_GENPERS_INF_CO;ACOU_WC_CG;F_GEN_WC_CO;ACOU_EXTFF_CG;F_GENEXT_FF_CO;ACOU_EXTFO_CG;F_GENEXT_FO_CO;ACOU_EXTAUT_CG;F_GENEXT_AUT_CO;ACOU_EQIND_AUG_ON;ACOU_EQIND_NEUT_ON;ACOU_EQIND_DIM_ON;ACOU_VOIX_AUG_ON;ACOU_VOIX_NEUT_ON;ACOU_VOIX_DIM_ON;ACOU_MES_BRO_ON;ACOU_MES_NEUT_ON;ACOU_MES_DIM_ON;ENS_VMC_ON;F_GEN_VMC_CO;ACT_ENF_ACOU_ON;ACOU_ENF_AGRE_DI;ACOU_ENF_NEUT_DI;ACOU_ENF_DESA_DI;CONTACT_ACOU_ON;SATIFVIS_CG;GENVIS_SOL_CO;F_FRQGEN_VIS_LUM_CG;F_FRQGEN_VIS_LIS_CO;FRQ_STOR_CO;F_SATISTOR_CG;F_PASBES_STOR_ON;F_PASPROTECT_ON;F_MECABLOQ_ON;F_MECAINACC_ON;F_PROTECINE_ON;F_AUTSTOR_ON;F_NONUT_STORP_TXT;FRQ_UTARTI_CO;F_GEN_UTARTI_CO;F_FRQGEN_ARTILIS_CO;F_SATIFARTI_CG;F_EBLOUARTI_CO;F_IRC_ARTI_CG;F_NONUTARTI_LUM_ON;F_NONUTARTI_DYS_ON;F_NONUTARTI_AUT_ON;F_NONUT_ARTI_TXT;ACT_ENF_VIS_ON;VIS_ENF_AGRE_DI;VIS_ENF_NEUT_DI;VIS_ENF_DESA_DI;CONTACT_VIS_ON;TEMP_AMB_CG;FRQ_TEMP_CO;SATISTEMP_CG;DT_TEMP;HEURE_TEMP;TEMP_ENS_CG;FRQ_COURAIR_CO;SATIF_COURAIR_CG;ACT_ENF_TEMP_ON;TEMP_ENF_AGRE_DI;TEMP_ENF_NEUT_DI;TEMP_ENF_DESA_DI;CONTACT_TEMP_ON;SATIF_QAI_CG;SEC_QAI_CG;CONF_QAI_CG
ENS_130;EE67STI053;SDC1;2;33;10;4;1;sans objet;2;1;3;3;1;15;7;1;2;4;1;4;1;3;1;4;1;4;1;5;2;sans objet;1;4;1;3;2;2;2;2;2;2;2;2;2;2;sans objet;1;4;9;10;2;7;4;2;3;4;5;sans objet;sans objet;sans objet;sans objet;sans objet;sans objet;sans objet;4;1;1;4;1;3;sans objet;sans objet;sans objet;sans objet;1;4;19;0;2;5;3;2;2013-06-20; 14:30;7;3;2;1;1;20;2;2;3;4;2
ENS_131;EE67STI053;SDC2;2;32;8;2;1;sans objet;1;sans objet;sans objet;sans objet;1;2;17;1;2;3;2;sans objet;2;sans objet;2;sans objet;2;sans objet;1;2;1;2;1;3;2;sans objet;2;2;1;2;1;2;2;1;2;2;sans objet;2;sans objet;sans objet;sans objet;sans objet;3;2;1;2;3;3;sans objet;sans objet;sans objet;sans objet;sans objet;sans objet;sans objet;4;4;2;2;1;3;sans objet;sans objet;sans objet;sans objet;2;sans objet;sans objet;sans objet;sans objet;6;1;6;2013-06-17; 15:30;6;1;NA;2;sans objet;sans objet;sans objet;sans objet;6;3;6
ENS_134;EE91ALI023;SDC1;2;39;8;5;1;sans objet;1;sans objet;sans objet;sans objet;2;sans objet;sans objet;sans objet;sans objet;6;3;sans objet;3;sans objet;3;sans objet;3;sans objet;2;sans objet;1;2;1;2;1;2;2;1;2;2;1;2;2;1;2;2;sans objet;2;sans objet;sans objet;sans objet;sans objet;5;2;3;1;2;7;sans objet;sans objet;sans objet;sans objet;sans objet;sans objet;sans objet;4;1;1;7;1;1;sans objet;sans objet;sans objet;sans objet;2;sans objet;sans objet;sans objet;sans objet;4;2;6;2013-06-17; 10:00;4;1;NA;2;sans objet;sans objet;sans objet;sans objet;6;4;4
ENS_135;EE67WEY048;SDC1;1;36;13;4;1;sans objet;2;1;4;2;1;7;18;0;2;4;2;sans objet;2;sans objet;2;sans objet;2;sans objet;2;sans objet;1;3;1;4;1;4;1;2;2;2;1;2;2;1;2;2;sans objet;1;1;7;17;2;4;3;3;2;4;5;sans objet;sans objet;sans objet;sans objet;sans objet;sans objet;sans objet;4;2;2;4;1;1;sans objet;sans objet;sans objet;sans objet;1;25;0;0;2;4;2;5;2013-06-21; 16:30;6;1;NA;1;12;7;6;2;4;4;6
ENS_136;EE67WEY048;SDC2;2;38;13;9;1;sans objet;2;2;4;1;1;11;11;3;2;4;2;sans objet;2;sans objet;2;sans objet;2;sans objet;2;sans objet;1;3;1;2;1;3;1;2;2;2;1;2;2;1;2;2;sans objet;1;8;14;3;2;5;3;1;2;4;5;sans objet;sans objet;sans objet;sans objet;sans objet;sans objet;sans objet;4;2;2;6;1;1;sans objet;sans objet;sans objet;sans objet;1;16;2;7;2;4;2;5;2013-09-21; 16:30;6;1;NA;1;15;5;5;2;4;4;6
ENS_138;EE14SME038;SDC1;2;36;9;6;2;"lundiMAT;lundiPM;mardiMAT;mardiPM;jeuMAT;jeuPM;";1;sans objet;sans objet;sans objet;1;21;0;1;2;1;2;sans objet;2;sans objet;1;5;3;sans objet;2;sans objet;1;3;1;5;1;3;1;2;2;1;2;2;1;2;2;2;sans objet;1;18;1;2;2;2;2;2;2;3;6;sans objet;sans objet;sans objet;sans objet;sans objet;sans objet;sans objet;4;1;1;1;1;1;sans objet;sans objet;sans objet;sans objet;1;9;10;4;2;7;1;1;2013-06-25; 16:00;6;2;1;1;12;4;6;2;1;1;2
ENS_139;EE14SME038;SDC2;2;35;13;5;2;"lundiMAT;jeuMAT;jeuPM;venMAT;venPM";2;2;2;2;1;24;10;0;2;3;1;3;2;sans objet;2;sans objet;3;sans objet;3;sans objet;2;sans objet;1;4;2;sans objet;1;2;2;1;2;2;2;1;2;2;sans objet;2;sans objet;sans objet;sans objet;sans objet;4;2;3;2;4;6;sans objet;sans objet;sans objet;sans objet;sans objet;sans objet;sans objet;3;1;2;4;1;1;sans objet;sans objet;sans objet;sans objet;2;sans objet;sans objet;sans objet;sans objet;6;3;3;2013-06-28; 16:50;6;1;NA;2;sans objet;sans objet;sans objet;sans objet;5;3;3
ENS_140;EM67SUN057;SDC1;2;33;11;11;1;sans objet;1;sans objet;sans objet;sans objet;2;sans objet;sans objet;sans objet;sans objet;3;2;sans objet;2;sans objet;1;3;2;sans objet;1;3;2;sans objet;2;sans objet;2;sans objet;2;1;2;2;1;2;2;1;2;2;sans objet;2;sans objet;sans objet;sans objet;sans objet;6;1;sans objet;sans objet;3;6;sans objet;sans objet;sans objet;sans objet;sans objet;sans objet;sans objet;3;1;2;6;1;1;sans objet;sans objet;sans objet;sans objet;2;sans objet;sans objet;sans objet;sans objet;6;3;5;2013-09-26; 16:30;6;1;NA;2;sans objet;sans objet;sans objet;sans objet;6;2;5
ENS_141;EM67SUN057;SDC2;2;38;13;5;1;sans objet;2;1;4;1;2;sans objet;sans objet;sans objet;sans objet;2;2;sans objet;1;1;1;1;3;sans objet;2;sans objet;1;1;1;1;2;sans objet;2;1;2;2;1;2;2;1;2;2;sans objet;2;sans objet;sans objet;sans objet;sans objet;6;3;2;2;4;5;sans objet;sans objet;sans objet;sans objet;sans objet;sans objet;sans objet;4;3;1;2;3;3;sans objet;sans objet;sans objet;sans objet;2;sans objet;sans objet;sans objet;sans objet;6;4;3;2013-09-27; 07:15;3;2;3;2;sans objet;sans objet;sans objet;sans objet;4;3;3
ENS_142;EE74SEI012;SDC1;2;29;8;1;2;"lundiMAT;lundiPM;mardiMAT;mardiPM;";2;2;2;2;1;11;3;6;2;2;2;sans objet;1;3;2;sans objet;2;sans objet;2;sans objet;2;sans objet;1;2;2;sans objet;1;2;2;2;1;2;2;1;2;2;sans objet;1;5;3;13;2;5;1;sans objet;sans objet;1;sans objet;1;2;2;2;2;2;sans objet;3;3;1;5;1;1;sans objet;sans objet;sans objet;sans objet;1;14;4;2;2;6;2;6;2013-06-24; 17:00;5;2;4;1;11;2;7;2;4;2;4
ENS_143;EE74SEI012;SDC2;2;32;8;7;1;sans objet;3;3;2;3;1;10;8;2;1;3;2;sans objet;2;sans objet;2;sans objet;2;sans objet;2;sans objet;1;3;1;4;1;4;1;2;2;2;1;2;2;1;2;2;sans objet;1;1;1;18;1;4;3;2;2;3;3;sans objet;sans objet;sans objet;sans objet;sans objet;sans objet;sans objet;4;2;2;4;3;3;sans objet;sans objet;sans objet;sans objet;2;sans objet;sans objet;sans objet;sans objet;4;4;1;2013-06-27; 08:20;3;2;4;1;5;1;14;1;4;4;3
ENS_144;EE13MAM006;SDC1;2;41;10;6;1;sans objet;1;sans objet;sans objet;sans objet;1;6;13;0;1;3;1;3;1;3;1;4;1;3;2;sans objet;1;2;1;2;2;sans objet;2;1;2;2;1;2;2;1;2;2;sans objet;1;0;3;16;1;6;2;2;2;2;3;sans objet;sans objet;sans objet;sans objet;sans objet;sans objet;sans objet;4;2;1;5;1;1;sans objet;sans objet;sans objet;sans objet;1;13;6;0;1;4;2;4;2013-06-24; 09:30;5;2;4;1;3;5;11;1;6;4;4
ENS_145;EE13MAM006;SDC2;2;34;11;8;2;"lundiMAT;mardiMAT;mardiPM;jeuMAT;jeuPM;venMAT;venPM";1;sans objet;sans objet;sans objet;2;sans objet;sans objet;sans objet;sans objet;1;1;2;1;1;3;sans objet;1;4;3;sans objet;1;4;2;sans objet;1;5;2;1;2;2;1;2;2;1;2;2;sans objet;2;sans objet;sans objet;sans objet;sans objet;1;2;1;2;1;sans objet;2;1;2;2;2;2;sans objet;4;1;1;4;1;3;sans objet;sans objet;sans objet;sans objet;2;sans objet;sans objet;sans objet;sans objet;4;3;6;2013-06-25; 12:30;4;2;6;2;sans objet;sans objet;sans objet;sans objet;4;4;4
ENS_146;EE13MAM006;SDC2;2;25;2;1;2;"lundiMAT;lundiPM;";1;sans objet;sans objet;sans objet;2;sans objet;sans objet;sans objet;sans objet;3;1;3;2;sans objet;1;1;3;sans objet;2;sans objet;1;1;1;3;1;3;2;1;2;2;1;2;2;1;2;2;sans objet;2;sans objet;sans objet;sans objet;sans objet;3;2;1;2;1;sans objet;2;1;2;2;2;2;sans objet;4;1;1;6;1;1;sans objet;sans objet;sans objet;sans objet;2;sans objet;sans objet;sans objet;sans objet;4;2;6;2013-06-24; 12:45;5;1;NA;2;sans objet;sans objet;sans objet;sans objet;6;4;3
ENS_147;EE37BLK061;SDC1;2;36;11;1;1;sans objet;1;sans objet;sans objet;sans objet;2;sans objet;sans objet;sans objet;sans objet;4;2;sans objet;2;sans objet;2;sans objet;2;sans objet;2;sans objet;2;sans objet;2;sans objet;2;sans objet;2;1;2;2;1;2;2;1;2;2;sans objet;2;sans objet;sans objet;sans objet;sans objet;4;4;1;3;4;3;sans objet;sans objet;sans objet;sans objet;sans objet;sans objet;sans objet;4;1;2;4;1;1;sans objet;sans objet;sans objet;sans objet;2;sans objet;sans objet;sans objet;sans objet;4;2;5;2013-06-25; 16:30;4;1;NA;2;sans objet;sans objet;sans objet;sans objet;5;4;2
ENS_148;EE37BLK061;SDC2;2;38;7;5;1;sans objet;1;sans objet;sans objet;sans objet;2;sans objet;sans objet;sans objet;sans objet;4;2;sans objet;2;sans objet;2;sans objet;2;sans objet;2;sans objet;2;sans objet;1;3;2;sans objet;2;1;2;2;2;1;2;1;2;2;sans objet;2;sans objet;sans objet;sans objet;sans objet;5;2;2;2;2;3;sans objet;sans objet;sans objet;sans objet;sans objet;sans objet;sans objet;3;1;1;4;2;1;sans objet;sans objet;sans objet;sans objet;2;sans objet;sans objet;sans objet;sans objet;5;2;3;2013-06-25; 15:10;4;1;NA;2;sans objet;sans objet;sans objet;sans objet;4;4;3
ENS_149;EE37BLK061;SDC3;2;44;8;5;1;sans objet;1;sans objet;sans objet;sans objet;2;sans objet;sans objet;sans objet;sans objet;6;3;sans objet;3;sans objet;3;sans objet;3;sans objet;2;sans objet;2;sans objet;1;2;2;sans objet;2;1;2;2;1;2;2;1;2;2;sans objet;2;sans objet;sans objet;sans objet;sans objet;7;2;1;1;4;7;sans objet;sans objet;sans objet;sans objet;sans objet;sans objet;sans objet;4;1;1;4;1;1;sans objet;sans objet;sans objet;sans objet;2;sans objet;sans objet;sans objet;sans objet;3;1;6;2013-06-28; 17:30;4;1;NA;2;sans objet;sans objet;sans objet;sans objet;5;4;4
ENS_151;EM13MAQ011;SDC1;2;54;31;17;1;sans objet;2;1;2;2;1;0;24;0;1;1;2;sans objet;2;sans objet;2;sans objet;2;sans objet;2;sans objet;2;sans objet;1;2;2;sans objet;2;2;1;2;1;2;2;1;2;2;sans objet;1;0;26;0;1;5;1;sans objet;sans objet;4;5;sans objet;sans objet;sans objet;sans objet;sans objet;sans objet;sans objet;3;2;1;4;1;2;sans objet;sans objet;sans objet;sans objet;1;0;26;0;1;7;4;1;2013-09-30; 10:50;6;2;7;1;0;0;26;1;4;4;6
ENS_152;EM13MAQ011;SDC2;2;31;5;1;1;sans objet;1;sans objet;sans objet;sans objet;2;sans objet;sans objet;sans objet;sans objet;3;3;sans objet;3;sans objet;1;1;3;sans objet;2;sans objet;1;2;1;2;2;sans objet;2;1;2;2;1;2;1;2;2;2;sans objet;2;sans objet;sans objet;sans objet;sans objet;4;1;sans objet;sans objet;2;3;sans objet;sans objet;sans objet;sans objet;sans objet;sans objet;sans objet;3;1;1;5;1;1;sans objet;sans objet;sans objet;sans objet;2;sans objet;sans objet;sans objet;sans objet;6;2;6;2013-09-30; 17:00;6;2;2;2;sans objet;sans objet;sans objet;sans objet;6;3;7
ENS_153;EE36PSS062;SDC1;2;56;15;1;1;sans objet;1;sans objet;sans objet;sans objet;1;9;2;5;2;5;2;sans objet;2;sans objet;2;sans objet;2;sans objet;2;sans objet;2;sans objet;1;2;2;sans objet;2;2;1;2;2;1;2;2;2;1;1;1;1;3;11;2;5;3;1;2;4;3;sans objet;sans objet;sans objet;sans objet;sans objet;sans objet;sans objet;2;1;4;5;1;1;sans objet;sans objet;sans objet;sans objet;1;3;10;3;2;3;2;5;2013-09-17; 15:00;1;1;NA;1;0;12;4;2;5;4;6
ENS_154;EE36PSS062;SDC2;1;56;36;17;1;sans objet;1;sans objet;sans objet;sans objet;1;4;21;0;2;3;2;sans objet;2;sans objet;2;sans objet;1;3;2;sans objet;2;sans objet;1;1;2;sans objet;2;1;2;2;1;2;2;1;2;2;sans objet;1;0;6;19;2;4;3;3;2;4;6;sans objet;sans objet;sans objet;sans objet;sans objet;sans objet;sans objet;4;1;2;4;1;1;sans objet;sans objet;sans objet;sans objet;1;7;18;0;2;4;2;5;2013-09-16; 17:00;4;1;NA;1;9;13;3;2;5;4;4
ENS_155;EE61PLY033;SDC1;2;51;20;10;1;sans objet;3;2;4;1;2;sans objet;sans objet;sans objet;sans objet;4;2;sans objet;2;sans objet;NA;sans objet;1;2;2;sans objet;NA;sans objet;1;4;NA;sans objet;2;2;1;2;1;2;2;1;2;NA;sans objet;2;sans objet;sans objet;sans objet;sans objet;6;3;3;2;3;6;sans objet;sans objet;sans objet;sans objet;sans objet;sans objet;sans objet;4;1;1;5;2;1;sans objet;sans objet;sans objet;sans objet;2;sans objet;sans objet;sans objet;sans objet;6;3;4;2013-09-24; 20:00;5;4;1;2;sans objet;sans objet;sans objet;sans objet;5;5;5
ENS_156;EE61PLY033;SDC2;2;28;5;1;1;sans objet;2;1;3;1;1;14;5;1;2;3;2;sans objet;2;sans objet;2;sans objet;3;sans objet;2;sans objet;1;1;1;1;2;sans objet;1;2;2;1;2;2;2;1;2;2;sans objet;1;2;14;4;2;4;2;2;1;2;5;sans objet;sans objet;sans objet;sans objet;sans objet;sans objet;sans objet;3;2;2;4;2;1;sans objet;sans objet;sans objet;sans objet;1;15;5;0;2;4;2;4;2013-09-26; 17:00;4;1;NA;1;10;10;0;2;5;5;3
ENS_157;EE61PLY033;SDC1;2;33;7;4;2;"lundiMAT;jeuMAT;jeuPM;venMAT;venPM";1;sans objet;sans objet;sans objet;2;sans objet;sans objet;sans objet;sans objet;NA;NA;sans objet;NA;sans objet;1;1;2;sans objet;NA;sans objet;1;2;1;2;NA;sans objet;1;2;2;NA;1;NA;2;NA;2;2;sans objet;NA;sans objet;sans objet;sans objet;sans objet;6;1;sans objet;sans objet;2;5;sans objet;sans objet;sans objet;sans objet;sans objet;sans objet;sans objet;3;1;2;6;1;1;sans objet;sans objet;sans objet;sans objet;2;sans objet;sans objet;sans objet;sans objet;4;2;4;2013-09-27; 12:30;4;2;4;2;sans objet;sans objet;sans objet;sans objet;NA;NA;NA
ENS_158;EE13MAS005;SDC1;1;32;6;4;1;sans objet;3;1;2;3;2;sans objet;sans objet;sans objet;sans objet;2;1;3;2;sans objet;1;2;1;3;2;sans objet;1;3;1;3;1;3;2;2;1;2;1;2;1;2;2;2;sans objet;2;sans objet;sans objet;sans objet;sans objet;4;2;1;1;2;1;sans objet;sans objet;sans objet;sans objet;sans objet;sans objet;sans objet;4;1;1;4;1;2;sans objet;sans objet;sans objet;sans objet;2;sans objet;sans objet;sans objet;sans objet;5;2;4;2013-09-19; 18:10;4;1;NA;2;sans objet;sans objet;sans objet;sans objet;3;4;6
ENS_159;EE13MAS005;SDC2;2;29;5;1;1;sans objet;1;sans objet;sans objet;sans objet;2;sans objet;sans objet;sans objet;sans objet;4;1;1;1;2;2;sans objet;2;sans objet;2;sans objet;2;sans objet;1;2;1;2;2;1;2;2;1;2;2;1;2;2;sans objet;2;sans objet;sans objet;sans objet;sans objet;1;1;sans objet;sans objet;4;7;sans objet;sans objet;sans objet;sans objet;sans objet;sans objet;sans objet;4;1;1;1;2;2;sans objet;sans objet;sans objet;sans objet;2;sans objet;sans objet;sans objet;sans objet;6;2;5;2013-09-20; 16:30;6;2;4;2;sans objet;sans objet;sans objet;sans objet;4;3;4
ENS_160;EE91AMF025;SDC1;2;26;4;3;1;sans objet;1;sans objet;sans objet;sans objet;2;sans objet;sans objet;sans objet;sans objet;4;1;1;2;sans objet;1;2;2;sans objet;2;sans objet;1;1;1;1;2;sans objet;2;1;2;2;1;2;2;1;2;2;sans objet;2;sans objet;sans objet;sans objet;sans objet;3;4;2;2;4;3;sans objet;sans objet;sans objet;sans objet;sans objet;sans objet;sans objet;4;1;1;5;1;1;sans objet;sans objet;sans objet;sans objet;2;sans objet;sans objet;sans objet;sans objet;3;1;4;2013-10-04; 11:00;4;1;NA;2;sans objet;sans objet;sans objet;sans objet;4;4;3
ENS_161;EE91AMF025;SDC2;1;29;4;4;1;sans objet;2;1;3;4;2;sans objet;sans objet;sans objet;sans objet;3;1;2;1;2;1;2;2;sans objet;2;sans objet;2;sans objet;1;2;2;sans objet;1;2;2;1;2;2;2;2;1;2;sans objet;2;sans objet;sans objet;sans objet;sans objet;5;5;2;1;4;1;sans objet;sans objet;sans objet;sans objet;sans objet;sans objet;sans objet;4;1;1;5;2;3;sans objet;sans objet;sans objet;sans objet;2;sans objet;sans objet;sans objet;sans objet;4;3;4;2013-10-04; 10:15;5;2;4;2;sans objet;sans objet;sans objet;sans objet;6;6;3
ENS_162;EE91LGK024;SDC1;2;42;18;1;1;sans objet;1;sans objet;sans objet;sans objet;2;sans objet;sans objet;sans objet;sans objet;1;2;sans objet;2;sans objet;2;sans objet;2;sans objet;2;sans objet;1;4;1;4;1;4;1;2;2;2;2;1;1;2;2;2;sans objet;2;sans objet;sans objet;sans objet;sans objet;1;3;1;3;3;5;sans objet;sans objet;sans objet;sans objet;sans objet;sans objet;sans objet;3;1;3;4;3;1;sans objet;sans objet;sans objet;sans objet;2;sans objet;sans objet;sans objet;sans objet;5;3;5;2013-10-11; 10:00;4;1;NA;2;sans objet;sans objet;sans objet;sans objet;5;4;4
ENS_163;EE91LGK024;SDC2;2;38;10;4;2;"lundiMAT;lundiPM;mardiMAT;mardiPM;merMAT;merPM;jeuMAT;jeuPM;";2;2;4;1;2;sans objet;sans objet;sans objet;sans objet;3;1;1;2;sans objet;2;sans objet;3;sans objet;2;sans objet;1;4;1;5;2;sans objet;2;1;2;2;1;2;2;1;2;2;sans objet;2;sans objet;sans objet;sans objet;sans objet;4;2;3;3;3;5;sans objet;sans objet;sans objet;sans objet;sans objet;sans objet;sans objet;4;1;1;4;1;1;sans objet;sans objet;sans objet;sans objet;2;sans objet;sans objet;sans objet;sans objet;6;4;5;2013-10-03; 10:20;4;1;NA;2;sans objet;sans objet;sans objet;sans objet;6;5;3
ENS_164;EE91LGK024;SDC2;1;29;4;4;2;"lundiMAT;venMAT;venPM";2;1;3;4;2;sans objet;sans objet;sans objet;sans objet;3;1;2;1;2;1;2;1;2;2;sans objet;2;sans objet;1;2;2;sans objet;1;2;2;1;2;2;2;2;1;2;sans objet;2;sans objet;sans objet;sans objet;sans objet;5;5;2;1;4;1;sans objet;sans objet;sans objet;sans objet;sans objet;sans objet;sans objet;4;1;1;5;2;3;sans objet;sans objet;sans objet;sans objet;2;sans objet;sans objet;sans objet;sans objet;5;3;5;2013-10-04; 10:20;5;2;5;2;sans objet;sans objet;sans objet;sans objet;6;5;3
ENS_165;EE67STR052;SDC2;2;43;17;1;1;sans objet;2;1;3;2;2;sans objet;sans objet;sans objet;sans objet;3;2;sans objet;1;2;1;2;1;2;2;sans objet;2;sans objet;1;4;2;sans objet;2;1;2;1;2;2;2;1;2;2;sans objet;2;sans objet;sans objet;sans objet;sans objet;4;3;1;3;3;3;sans objet;sans objet;sans objet;sans objet;sans objet;sans objet;sans objet;4;3;3;3;2;2;sans objet;sans objet;sans objet;sans objet;2;sans objet;sans objet;sans objet;sans objet;4;2;3;2013-09-13; 14:30;5;2;3;2;sans objet;sans objet;sans objet;sans objet;4;4;3
ENS_166;EE67STR052;SDC1;2;38;2;2;1;sans objet;3;1;4;2;1;7;15;0;1;4;1;1;2;sans objet;2;sans objet;2;sans objet;2;sans objet;1;3;1;3;2;sans objet;1;2;2;2;1;2;2;1;2;2;sans objet;1;15;7;0;1;5;1;sans objet;sans objet;2;6;sans objet;sans objet;sans objet;sans objet;sans objet;sans objet;sans objet;3;1;2;5;2;1;sans objet;sans objet;sans objet;sans objet;1;22;0;0;1;4;3;5;2013-09-16; 10:15;4;1;NA;1;22;0;0;1;6;4;6
ENS_167;EM37LGB068;SDC1;2;49;30;4;1;sans objet;2;2;3;2;2;sans objet;sans objet;sans objet;sans objet;4;2;sans objet;2;sans objet;1;2;2;sans objet;1;1;2;sans objet;1;1;2;sans objet;1;2;2;1;2;2;2;2;2;2;sans objet;1;0;0;0;1;5;2;2;1;3;5;sans objet;sans objet;sans objet;sans objet;sans objet;sans objet;sans objet;3;4;3;1;1;2;sans objet;sans objet;sans objet;sans objet;2;sans objet;sans objet;sans objet;sans objet;4;3;4;2013-09-23; 15:00;6;2;5;2;sans objet;sans objet;sans objet;sans objet;NA;NA;NA
ENS_169;EM37LGB068;SDC2;2;37;9;2;1;sans objet;2;1;3;3;1;13;5;2;1;1;2;sans objet;2;sans objet;1;1;3;sans objet;3;sans objet;1;1;1;2;1;2;1;2;2;2;1;2;2;1;2;2;sans objet;1;7;0;12;1;6;3;1;2;3;5;sans objet;sans objet;sans objet;sans objet;sans objet;sans objet;sans objet;3;1;1;6;1;1;sans objet;sans objet;sans objet;sans objet;1;0;0;0;2;7;2;2;2013-10-02; 16:20;6;1;NA;1;0;2;18;2;5;3;2
ENS_170;EE37CHX065;SDC1;2;43;16;10;1;sans objet;1;sans objet;sans objet;sans objet;2;sans objet;sans objet;sans objet;sans objet;3;2;sans objet;2;sans objet;2;sans objet;2;sans objet;1;1;2;sans objet;1;3;2;sans objet;2;1;2;2;1;2;2;1;2;2;sans objet;2;sans objet;sans objet;sans objet;sans objet;5;1;sans objet;sans objet;2;5;sans objet;sans objet;sans objet;sans objet;sans objet;sans objet;sans objet;4;1;1;4;1;1;sans objet;sans objet;sans objet;sans objet;2;sans objet;sans objet;sans objet;sans objet;4;2;3;2013-10-11; 13:15;3;1;NA;2;sans objet;sans objet;sans objet;sans objet;5;4;5
ENS_171;EE37CHX065;SDC2;2;42;18;17;1;sans objet;1;sans objet;sans objet;sans objet;2;sans objet;sans objet;sans objet;sans objet;6;2;sans objet;2;sans objet;1;1;2;sans objet;2;sans objet;1;2;1;3;2;sans objet;NA;NA;NA;NA;NA;NA;NA;NA;NA;2;sans objet;2;sans objet;sans objet;sans objet;sans objet;7;1;sans objet;sans objet;2;1;sans objet;sans objet;sans objet;sans objet;sans objet;sans objet;sans objet;2;1;1;5;1;1;sans objet;sans objet;sans objet;sans objet;2;sans objet;sans objet;sans objet;sans objet;5;2;5;2013-10-11; 13:15;4;1;NA;2;sans objet;sans objet;sans objet;sans objet;5;2;6
ENS_172;EM61LCE040;SDC1;2;53;35;28;1;sans objet;1;sans objet;sans objet;sans objet;2;sans objet;sans objet;sans objet;sans objet;2;2;sans objet;2;sans objet;2;sans objet;2;sans objet;2;sans objet;2;sans objet;2;sans objet;2;sans objet;2;2;1;2;2;1;2;1;2;2;sans objet;2;sans objet;sans objet;sans objet;sans objet;7;1;sans objet;sans objet;2;6;sans objet;sans objet;sans objet;sans objet;sans objet;sans objet;sans objet;4;1;2;7;1;1;sans objet;sans objet;sans objet;sans objet;2;sans objet;sans objet;sans objet;sans objet;3;2;4;2013-09-30; 13:20;4;1;NA;2;sans objet;sans objet;sans objet;sans objet;6;4;7
ENS_173;EM61LCE040;SDC2;2;40;17;15;1;sans objet;1;sans objet;sans objet;sans objet;2;sans objet;sans objet;sans objet;sans objet;6;2;sans objet;2;sans objet;2;sans objet;2;sans objet;2;sans objet;1;2;2;sans objet;2;sans objet;2;1;2;2;1;2;2;1;2;2;sans objet;2;sans objet;sans objet;sans objet;sans objet;7;2;1;2;3;6;sans objet;sans objet;sans objet;sans objet;sans objet;sans objet;sans objet;3;1;1;6;1;1;sans objet;sans objet;sans objet;sans objet;2;sans objet;sans objet;sans objet;sans objet;4;2;5;2013-09-30; 15:25;5;1;NA;2;sans objet;sans objet;sans objet;sans objet;6;3;6
ENS_174;EM13MAF010;SDC1;2;35;8;4;1;sans objet;3;1;3;2;2;sans objet;sans objet;sans objet;sans objet;1;2;sans objet;1;4;1;4;3;sans objet;3;sans objet;2;sans objet;2;sans objet;1;3;2;1;2;2;1;2;2;1;2;2;sans objet;2;sans objet;sans objet;sans objet;sans objet;4;1;sans objet;sans objet;1;sans objet;1;2;2;2;2;2;sans objet;4;1;1;4;1;3;sans objet;sans objet;sans objet;sans objet;2;sans objet;sans objet;sans objet;sans objet;4;3;5;2013-09-26; 14:40;5;1;NA;2;sans objet;sans objet;sans objet;sans objet;6;3;5
ENS_175;EM13MAF010;SDC2;2;40;14;4;1;sans objet;1;sans objet;sans objet;sans objet;2;sans objet;sans objet;sans objet;sans objet;2;1;2;1;2;1;2;2;sans objet;2;sans objet;2;sans objet;1;2;2;sans objet;2;2;1;2;2;1;2;1;2;2;sans objet;2;sans objet;sans objet;sans objet;sans objet;3;1;sans objet;sans objet;1;sans objet;1;2;2;2;2;2;sans objet;4;3;1;4;2;1;sans objet;sans objet;sans objet;sans objet;2;sans objet;sans objet;sans objet;sans objet;5;2;3;2013-09-23; 10:25;4;1;NA;2;sans objet;sans objet;sans objet;sans objet;3;3;2
ENS_176;EE37DEU063;SDC1;2;26;2;1;1;sans objet;2;1;3;2;2;sans objet;sans objet;sans objet;sans objet;4;1;2;2;sans objet;2;sans objet;2;sans objet;2;sans objet;2;sans objet;2;sans objet;2;sans objet;1;2;2;1;2;2;2;1;2;2;sans objet;2;sans objet;sans objet;sans objet;sans objet;5;3;1;1;3;5;sans objet;sans objet;sans objet;sans objet;sans objet;sans objet;sans objet;4;1;2;4;1;3;sans objet;sans objet;sans objet;sans objet;2;sans objet;sans objet;sans objet;sans objet;2;2;3;2013-10-03; 08:35;3;1;NA;2;sans objet;sans objet;sans objet;sans objet;5;4;5
ENS_177;EE37DEU063;SDC2;1;24;1;1;2;"lundiMAT;mardiMAT;mardiPM;jeuMAT;jeuPM;venMAT;venPM";2;1;3;2;2;sans objet;sans objet;sans objet;sans objet;3;1;3;1;3;1;2;2;sans objet;2;sans objet;1;2;1;2;2;sans objet;2;1;2;2;1;2;1;2;2;2;sans objet;2;sans objet;sans objet;sans objet;sans objet;7;3;2;2;3;2;sans objet;sans objet;sans objet;sans objet;sans objet;sans objet;sans objet;3;1;1;3;1;1;sans objet;sans objet;sans objet;sans objet;2;sans objet;sans objet;sans objet;sans objet;2;3;2;2013-09-27; 16:30;6;2;3;2;sans objet;sans objet;sans objet;sans objet;3;4;4
ENS_178;EE14SME038;SDC1;2;35;11;1;2;"lundiMAT;venMAT;venPM";2;1;3;1;2;sans objet;sans objet;sans objet;sans objet;3;2;sans objet;2;sans objet;2;sans objet;2;sans objet;2;sans objet;2;sans objet;1;4;2;sans objet;1;2;2;1;2;2;1;2;2;2;sans objet;2;sans objet;sans objet;sans objet;sans objet;3;2;2;2;3;5;sans objet;sans objet;sans objet;sans objet;sans objet;sans objet;sans objet;3;1;1;1;1;1;sans objet;sans objet;sans objet;sans objet;2;sans objet;sans objet;sans objet;sans objet;7;2;1;2013-06-28; 16:45;6;2;2;2;sans objet;sans objet;sans objet;sans objet;1;1;1
ENS_179;EE14SME038;SDC2;2;38;12;1;2;"lundiMAT;lundiPM;mardiMAT;mardiPM;";2;1;4;2;1;1;22;0;2;4;1;1;2;sans objet;1;1;3;sans objet;3;sans objet;2;sans objet;1;3;2;sans objet;2;1;2;2;1;2;2;1;2;2;sans objet;1;6;8;9;2;4;3;1;2;4;5;sans objet;sans objet;sans objet;sans objet;sans objet;sans objet;sans objet;4;2;2;4;1;1;sans objet;sans objet;sans objet;sans objet;1;9;8;4;2;7;2;3;2013-06-25; 17:03;6;1;NA;1;0;7;16;2;4;2;2
ENS_180;EE14MOF034;SDC2;2;35;9;NA;1;sans objet;3;1;3;3;1;6;14;1;2;3;3;sans objet;3;sans objet;3;sans objet;3;sans objet;3;sans objet;1;3;1;4;1;4;2;1;2;1;2;2;2;1;2;1;4;1;0;15;6;2;3;1;sans objet;sans objet;2;7;sans objet;sans objet;sans objet;sans objet;sans objet;sans objet;sans objet;2;1;1;4;1;1;sans objet;sans objet;sans objet;sans objet;1;0;5;14;2;4;3;5;2013-10-11; 16:45;6;1;NA;1;2;3;16;2;3;6;4
ENS_181;EE14MOF034;SDC1;1;36;7;NA;1;sans objet;2;1;3;1;1;15;4;0;1;5;2;sans objet;2;sans objet;1;1;2;sans objet;1;1;2;sans objet;1;2;1;2;2;2;1;2;2;1;2;1;2;1;4;1;16;2;1;1;5;2;1;2;2;3;sans objet;sans objet;sans objet;sans objet;sans objet;sans objet;sans objet;3;1;1;5;1;1;sans objet;sans objet;sans objet;sans objet;2;sans objet;sans objet;sans objet;sans objet;4;2;6;2013-10-08; 16:50;4;1;NA;2;sans objet;sans objet;sans objet;sans objet;4;4;2
ENS_182;EE94LPN028;SDC1;2;48;25;14;2;"lundiMAT;lundiPM;mardiMAT;mardiPM;jeuMAT;jeuPM;venMAT;venPM";3;1;3;3;2;sans objet;sans objet;sans objet;sans objet;2;1;2;2;sans objet;1;2;2;sans objet;2;sans objet;1;2;1;3;1;5;2;1;2;2;1;2;1;2;2;2;sans objet;2;sans objet;sans objet;sans objet;sans objet;5;3;1;1;3;5;sans objet;sans objet;sans objet;sans objet;sans objet;sans objet;sans objet;4;1;1;4;1;3;sans objet;sans objet;sans objet;sans objet;NA;sans objet;sans objet;sans objet;sans objet;2;2;4;2013-10-01; 09:55;5;1;NA;NA;sans objet;sans objet;sans objet;sans objet;4;4;6
ENS_183;EE94LPN028;SDC2;2;48;20;11;2;"lundiMAT;lundiPM;mardiMAT;mardiPM;jeuMAT;jeuPM;venMAT;venPM";2;3;4;1;1;12;8;1;2;5;1;2;1;1;1;1;2;sans objet;2;sans objet;2;sans objet;1;2;1;2;2;1;1;NA;1;2;2;1;2;2;sans objet;1;20;6;0;2;3;2;1;2;2;4;sans objet;sans objet;sans objet;sans objet;sans objet;sans objet;sans objet;1;sans objet;sans objet;sans objet;sans objet;sans objet;1;2;1;Eclairage automatique;1;0;20;6;2;6;4;4;2013-10-03; 16:00;4;1;NA;NA;sans objet;sans objet;sans objet;sans objet;4;4;6
ENS_184;EM67WEH055;SDC1;2;33;9;5;1;sans objet;2;2;3;2;1;12;5;1;1;3;2;sans objet;1;3;1;1;2;sans objet;1;2;1;2;1;2;2;sans objet;1;2;2;2;1;2;2;2;1;2;sans objet;2;sans objet;sans objet;sans objet;sans objet;4;2;2;1;4;1;sans objet;sans objet;sans objet;sans objet;sans objet;sans objet;sans objet;3;1;1;6;1;1;sans objet;sans objet;sans objet;sans objet;2;sans objet;sans objet;sans objet;sans objet;5;2;6;2013-10-04; 13:00;4;2;4;2;sans objet;sans objet;sans objet;sans objet;5;2;5
ENS_185;EM67WEH055;SDC2;2;41;15;8;2;"lundiMAT;lundiPM;mardiMAT;mardiPM;venMAT;venPM";2;1;2;2;2;sans objet;sans objet;sans objet;sans objet;2;2;sans objet;3;sans objet;2;sans objet;2;sans objet;1;2;2;sans objet;1;1;2;sans objet;2;1;2;2;1;2;2;1;2;2;sans objet;2;sans objet;sans objet;sans objet;sans objet;5;3;1;2;3;6;sans objet;sans objet;sans objet;sans objet;sans objet;sans objet;sans objet;4;1;1;5;2;3;sans objet;sans objet;sans objet;sans objet;2;sans objet;sans objet;sans objet;sans objet;3;3;5;2013-10-11; 16:30;4;2;3;2;sans objet;sans objet;sans objet;sans objet;5;3;5
ENS_186;EE67OBU044;SDC2;2;NA;NA;NA;1;sans objet;2;1;4;1;2;sans objet;sans objet;sans objet;sans objet;5;1;2;1;2;1;2;1;1;2;sans objet;1;2;1;3;2;sans objet;1;2;2;2;1;2;2;1;2;2;sans objet;2;sans objet;sans objet;sans objet;sans objet;4;2;2;3;1;sans objet;2;1;2;2;2;2;sans objet;4;1;2;4;1;2;sans objet;sans objet;sans objet;sans objet;2;sans objet;sans objet;sans objet;sans objet;6;2;4;NA;NA;5;2;5;2;sans objet;sans objet;sans objet;sans objet;4;4;3
ENS_187;EE67OBU044;SDC1;1;39;15;8;1;sans objet;1;sans objet;sans objet;sans objet;2;sans objet;sans objet;sans objet;sans objet;7;1;1;2;sans objet;2;sans objet;2;sans objet;2;sans objet;1;1;1;1;2;sans objet;2;1;2;2;1;2;2;1;2;2;sans objet;2;sans objet;sans objet;sans objet;sans objet;7;2;2;1;2;7;sans objet;sans objet;sans objet;sans objet;sans objet;sans objet;sans objet;3;1;1;7;1;1;sans objet;sans objet;sans objet;sans objet;1;24;0;0;2;4;2;4;2013-10-10; 16:15;4;4;7;2;sans objet;sans objet;sans objet;sans objet;6;4;5
ENS_188;EE14TLV035;SDC1;2;35;12;11;1;sans objet;1;sans objet;sans objet;sans objet;1;2;12;2;2;5;1;2;1;1;3;sans objet;3;sans objet;2;sans objet;1;2;1;3;1;2;2;1;2;2;1;2;2;1;2;2;sans objet;1;1;4;11;2;4;2;2;2;3;5;sans objet;sans objet;sans objet;sans objet;sans objet;sans objet;sans objet;3;1;1;5;1;1;sans objet;sans objet;sans objet;sans objet;1;2;6;8;2;6;3;3;2013-10-17; 15:15;6;1;NA;1;2;5;9;2;5;2;5
ENS_189;EE14TLV035;SDC1;2;NA;NA;NA;NA;sans objet;NA;sans objet;sans objet;sans objet;NA;sans objet;sans objet;sans objet;sans objet;NA;NA;sans objet;NA;sans objet;NA;sans objet;NA;sans objet;NA;sans objet;NA;sans objet;NA;sans objet;NA;sans objet;NA;NA;NA;NA;NA;NA;NA;NA;NA;NA;sans objet;NA;sans objet;sans objet;sans objet;sans objet;NA;NA;sans objet;sans objet;NA;sans objet;sans objet;sans objet;sans objet;sans objet;sans objet;sans objet;sans objet;NA;sans objet;sans objet;sans objet;sans objet;sans objet;sans objet;sans objet;sans objet;sans objet;NA;sans objet;sans objet;sans objet;sans objet;NA;NA;NA;NA;NA;NA;NA;NA;NA;sans objet;sans objet;sans objet;sans objet;NA;NA;NA
ENS_190;EE14TLV035;SDC2;2;44;22;20;1;sans objet;2;1;4;1;2;sans objet;sans objet;sans objet;sans objet;2;2;sans objet;2;sans objet;1;1;2;sans objet;2;sans objet;2;sans objet;1;1;2;sans objet;2;2;1;2;2;1;2;1;2;1;1;2;sans objet;sans objet;sans objet;sans objet;4;1;sans objet;sans objet;2;4;sans objet;sans objet;sans objet;sans objet;sans objet;sans objet;sans objet;4;1;2;4;1;1;sans objet;sans objet;sans objet;sans objet;2;sans objet;sans objet;sans objet;sans objet;4;1;6;NA;NA;NA;1;NA;2;sans objet;sans objet;sans objet;sans objet;6;4;6
ENS_191;EM13BEY007;SDC1;2;55;26;2;1;sans objet;2;3;2;2;2;sans objet;sans objet;sans objet;sans objet;7;2;sans objet;2;sans objet;2;sans objet;2;sans objet;1;1;2;sans objet;2;sans objet;2;sans objet;2;1;2;2;1;2;2;1;2;2;sans objet;2;sans objet;sans objet;sans objet;sans objet;7;2;1;1;2;7;sans objet;sans objet;sans objet;sans objet;sans objet;sans objet;sans objet;2;1;1;7;1;1;sans objet;sans objet;sans objet;sans objet;2;sans objet;sans objet;sans objet;sans objet;4;3;7;2013-10-08; 10:00;4;2;4;2;sans objet;sans objet;sans objet;sans objet;7;4;4
ENS_192;EM94LPA031;SDC1;2;38;14;7;2;"lundiMAT;lundiPM;mardiMAT;mardiPM;jeuMAT;jeuPM;";2;1;3;2;2;sans objet;sans objet;sans objet;sans objet;1;1;3;1;3;1;4;2;sans objet;1;4;1;3;1;3;2;sans objet;2;2;1;2;2;1;2;2;1;2;sans objet;2;sans objet;sans objet;sans objet;sans objet;7;1;sans objet;sans objet;2;6;sans objet;sans objet;sans objet;sans objet;sans objet;sans objet;sans objet;4;4;3;2;1;2;sans objet;sans objet;sans objet;sans objet;2;sans objet;sans objet;sans objet;sans objet;4;3;5;2013-10-15; 08:30;2;1;NA;2;sans objet;sans objet;sans objet;sans objet;3;3;2
ENS_193;EM94LPA031;SDC1;2;28;6;1;1;sans objet;2;1;4;1;2;sans objet;sans objet;sans objet;sans objet;1;2;sans objet;2;sans objet;2;sans objet;2;sans objet;2;sans objet;2;sans objet;2;sans objet;2;sans objet;1;2;2;1;2;2;2;1;2;2;sans objet;1;0;0;29;1;7;1;sans objet;sans objet;3;7;sans objet;sans objet;sans objet;sans objet;sans objet;sans objet;sans objet;4;4;3;3;1;2;sans objet;sans objet;sans objet;sans objet;2;sans objet;sans objet;sans objet;sans objet;4;3;5;2013-10-18; 16:30;5;2;3;2;sans objet;sans objet;sans objet;sans objet;4;4;3
ENS_194;EM94LPA031;SDC2;2;40;15;2;2;"jeuPM;";2;1;3;2;2;sans objet;sans objet;sans objet;sans objet;2;2;sans objet;2;sans objet;1;2;2;sans objet;1;2;1;3;1;4;1;NA;2;2;1;2;2;1;2;1;2;2;sans objet;2;sans objet;sans objet;sans objet;sans objet;4;NA;sans objet;sans objet;NA;sans objet;sans objet;sans objet;sans objet;sans objet;sans objet;sans objet;sans objet;4;5;4;2;2;1;sans objet;sans objet;sans objet;sans objet;2;sans objet;sans objet;sans objet;sans objet;4;2;5;2013-10-17; 17:30;4;1;NA;2;sans objet;sans objet;sans objet;sans objet;4;4;3
ENS_195;EM94LPA031;SDC2;2;47;25;5;2;"lundiMAT;lundiPM;mardiMAT;mardiPM;venMAT;venPM";2;1;3;2;2;sans objet;sans objet;sans objet;sans objet;3;1;2;2;sans objet;1;2;2;sans objet;2;sans objet;1;4;1;4;1;3;2;2;1;2;2;1;2;2;1;2;sans objet;1;NA;NA;NA;2;5;1;sans objet;sans objet;1;sans objet;1;2;2;2;2;2;sans objet;4;3;2;2;1;3;sans objet;sans objet;sans objet;sans objet;2;sans objet;sans objet;sans objet;sans objet;3;2;1;2013-10-15; 11:00;7;1;NA;2;sans objet;sans objet;sans objet;sans objet;3;5;4
ENS_196;EE94CRK026;SDC1;2;33;10;4;1;sans objet;2;3;3;2;2;sans objet;sans objet;sans objet;sans objet;2;1;5;1;3;1;2;2;sans objet;2;sans objet;1;4;1;4;2;sans objet;2;1;2;2;1;2;2;1;2;2;sans objet;2;sans objet;sans objet;sans objet;sans objet;6;4;1;2;3;1;sans objet;sans objet;sans objet;sans objet;sans objet;sans objet;sans objet;3;2;2;5;2;1;sans objet;sans objet;sans objet;sans objet;2;sans objet;sans objet;sans objet;sans objet;3;1;4;2013-10-15; 08:10;3;3;2;2;sans objet;sans objet;sans objet;sans objet;4;6;5
ENS_197;EE94CRK026;SDC2;2;35;7;1;1;sans objet;3;1;3;2;2;sans objet;sans objet;sans objet;sans objet;1;1;1;1;2;2;sans objet;2;sans objet;2;sans objet;1;2;1;2;2;sans objet;2;1;2;2;1;2;2;1;2;2;sans objet;2;sans objet;sans objet;sans objet;sans objet;6;2;1;3;3;3;sans objet;sans objet;sans objet;sans objet;sans objet;sans objet;sans objet;3;1;1;3;1;1;sans objet;sans objet;sans objet;sans objet;2;sans objet;sans objet;sans objet;sans objet;4;2;4;2013-10-14; 10:45;5;2;2;2;sans objet;sans objet;sans objet;sans objet;4;4;3
ENS_198;EE94CRE027;SDC1;2;42;3;1;2;"lundiMAT;mardiMAT;mardiPM;jeuMAT;jeuPM;venMAT;venPM";2;2;1;4;1;NA;NA;NA;NA;4;1;3;2;sans objet;2;sans objet;2;sans objet;2;sans objet;1;3;1;3;2;sans objet;2;1;2;2;1;2;2;1;2;NA;sans objet;2;sans objet;sans objet;sans objet;sans objet;5;1;sans objet;sans objet;1;sans objet;2;2;1;2;2;2;sans objet;4;3;2;5;2;1;sans objet;sans objet;sans objet;sans objet;NA;sans objet;sans objet;sans objet;sans objet;5;1;5;2013-11-19; 11:45;5;1;NA;2;sans objet;sans objet;sans objet;sans objet;3;4;1
ENS_199;EE94CRE027;SDC2;2;47;17;14;2;"lundiMAT;lundiPM;mardiMAT;mardiPM;jeuMAT;jeuPM;venMAT;venPM";2;2;3;2;2;sans objet;sans objet;sans objet;sans objet;3;2;sans objet;1;2;1;2;3;sans objet;2;sans objet;1;3;1;3;2;sans objet;2;1;2;2;1;2;NA;NA;NA;2;sans objet;2;sans objet;sans objet;sans objet;sans objet;4;3;2;2;2;5;sans objet;sans objet;sans objet;sans objet;sans objet;sans objet;sans objet;2;1;1;5;1;1;sans objet;sans objet;sans objet;sans objet;NA;sans objet;sans objet;sans objet;sans objet;4;1;6;NA;NA;NA;1;NA;NA;sans objet;sans objet;sans objet;sans objet;NA;NA;NA
ENS_200;EM13MAD008;SDC3;2;38;17;3;1;sans objet;2;1;4;1;2;sans objet;sans objet;sans objet;sans objet;2;1;2;2;sans objet;1;2;2;sans objet;2;sans objet;1;2;1;3;2;sans objet;1;2;2;2;1;2;2;1;2;2;sans objet;1;0;11;0;2;4;1;sans objet;sans objet;1;sans objet;1;2;2;2;2;2;sans objet;4;1;1;4;1;1;sans objet;sans objet;sans objet;sans objet;2;sans objet;sans objet;sans objet;sans objet;5;2;5;2013-10-18; 14:00;3;2;4;1;11;0;0;2;5;5;3
ENS_201;EM13MAD008;SDC1;2;40;17;11;2;"lundiMAT;lundiPM;jeuMAT;venMAT;venPM";2;1;3;2;2;sans objet;sans objet;sans objet;sans objet;3;2;sans objet;2;sans objet;2;sans objet;1;2;1;2;1;2;1;2;1;3;2;2;1;2;1;2;2;2;1;2;sans objet;2;sans objet;sans objet;sans objet;sans objet;3;2;1;2;3;5;sans objet;sans objet;sans objet;sans objet;sans objet;sans objet;sans objet;3;3;1;3;2;1;sans objet;sans objet;sans objet;sans objet;2;sans objet;sans objet;sans objet;sans objet;3;3;3;2013-10-18; 10:00;3;2;3;2;sans objet;sans objet;sans objet;sans objet;4;5;5
ENS_202;EM13MAD008;SDC1;2;22;1;1;2;"mardiMAT;mardiPM;jeuPM;";1;sans objet;sans objet;sans objet;2;sans objet;sans objet;sans objet;sans objet;4;2;sans objet;2;sans objet;2;sans objet;2;sans objet;2;sans objet;1;1;1;2;2;sans objet;2;1;2;2;1;2;2;2;1;2;sans objet;2;sans objet;sans objet;sans objet;sans objet;5;1;sans objet;sans objet;2;6;sans objet;sans objet;sans objet;sans objet;sans objet;sans objet;sans objet;4;1;1;4;1;1;sans objet;sans objet;sans objet;sans objet;2;sans objet;sans objet;sans objet;sans objet;4;1;7;2013-10-16; 12:30;4;1;NA;2;sans objet;sans objet;sans objet;sans objet;7;4;5
ENS_203;EM13MAD008;SDC2;2;50;32;13;2;"lundiMAT;lundiPM;mardiMAT;mardiPM;merMAT;merPM;jeuMAT;jeuPM;";2;3;4;1;1;0;24;0;1;1;2;sans objet;2;sans objet;2;sans objet;2;sans objet;2;sans objet;1;1;1;1;2;sans objet;2;2;1;2;1;2;2;1;2;2;sans objet;1;0;24;0;1;4;1;sans objet;sans objet;2;5;sans objet;sans objet;sans objet;sans objet;sans objet;sans objet;sans objet;2;1;1;4;1;1;sans objet;sans objet;sans objet;sans objet;2;sans objet;sans objet;sans objet;sans objet;5;2;5;2013-10-17; 12:30;4;1;NA;2;sans objet;sans objet;sans objet;sans objet;4;4;6
ENS_204;EM13MAD008;SDC2;2;33;10;1;2;"lundiMAT;venMAT;venPM";1;sans objet;sans objet;sans objet;2;sans objet;sans objet;sans objet;sans objet;6;2;sans objet;2;sans objet;1;1;2;sans objet;2;sans objet;2;sans objet;1;1;2;sans objet;2;1;2;2;1;2;2;1;2;2;sans objet;2;sans objet;sans objet;sans objet;sans objet;4;1;sans objet;sans objet;1;sans objet;1;2;2;2;2;2;sans objet;2;1;1;5;1;1;sans objet;sans objet;sans objet;sans objet;2;sans objet;sans objet;sans objet;sans objet;4;1;5;2013-10-18; 15:00;4;1;NA;2;sans objet;sans objet;sans objet;sans objet;NA;NA;NA
ENS_205;EE67ESU046;SDC1;2;38;15;3;1;sans objet;2;1;3;2;2;sans objet;sans objet;sans objet;sans objet;5;1;1;2;sans objet;1;2;1;2;1;1;1;2;1;3;2;sans objet;1;2;2;2;1;2;2;1;2;1;3;2;sans objet;sans objet;sans objet;sans objet;7;4;2;3;3;3;sans objet;sans objet;sans objet;sans objet;sans objet;sans objet;sans objet;3;2;2;3;1;1;sans objet;sans objet;sans objet;sans objet;2;sans objet;sans objet;sans objet;sans objet;3;3;4;2013-10-17; 08:08;4;2;2;2;sans objet;sans objet;sans objet;sans objet;3;2;3
ENS_206;EE67ESU046;SDC2;1;30;8;7;1;sans objet;2;1;3;2;2;sans objet;sans objet;sans objet;sans objet;6;2;sans objet;2;sans objet;2;sans objet;2;sans objet;2;sans objet;2;sans objet;1;3;2;sans objet;2;1;2;2;1;2;1;2;2;1;3;2;sans objet;sans objet;sans objet;sans objet;6;2;2;1;3;7;sans objet;sans objet;sans objet;sans objet;sans objet;sans objet;sans objet;3;1;1;6;1;1;sans objet;sans objet;sans objet;sans objet;2;sans objet;sans objet;sans objet;sans objet;5;1;6;2013-10-15; 17:00;4;1;NA;2;sans objet;sans objet;sans objet;sans objet;6;4;3
ENS_207;EM37ELC067;SDC1;2;38;15;14;2;"lundiMAT;jeuMAT;jeuPM;venMAT;venPM";3;1;3;2;2;sans objet;sans objet;sans objet;sans objet;3;1;2;1;2;1;2;2;sans objet;2;sans objet;2;sans objet;1;1;2;sans objet;1;2;2;1;2;2;2;1;2;2;sans objet;2;sans objet;sans objet;sans objet;sans objet;4;2;1;1;2;5;sans objet;sans objet;sans objet;sans objet;sans objet;sans objet;sans objet;3;1;1;4;1;1;sans objet;sans objet;sans objet;sans objet;2;sans objet;sans objet;sans objet;sans objet;5;3;3;2013-10-17; 17:00;4;2;4;2;sans objet;sans objet;sans objet;sans objet;5;4;3
ENS_208;EM37ELC067;SDC2;2;41;18;13;1;sans objet;2;1;4;2;2;sans objet;sans objet;sans objet;sans objet;4;2;sans objet;2;sans objet;1;2;3;sans objet;1;2;1;2;2;sans objet;2;sans objet;1;2;2;1;2;2;2;1;2;2;sans objet;2;sans objet;sans objet;sans objet;sans objet;4;2;1;1;3;5;sans objet;sans objet;sans objet;sans objet;sans objet;sans objet;sans objet;3;1;1;6;1;1;sans objet;sans objet;sans objet;sans objet;2;sans objet;sans objet;sans objet;sans objet;3;3;5;2013-10-15; 16:50;4;2;5;2;sans objet;sans objet;sans objet;sans objet;5;4;3
ENS_210;EM37ELC067;SDC1;2;34;7;1;2;"lundiMAT;lundiPM;mardiMAT;mardiPM;";2;1;3;2;2;sans objet;sans objet;sans objet;sans objet;3;1;2;1;2;1;2;2;sans objet;2;sans objet;2;sans objet;1;1;2;sans objet;1;2;2;1;2;2;2;1;2;2;sans objet;2;sans objet;sans objet;sans objet;sans objet;4;2;1;1;2;5;sans objet;sans objet;sans objet;sans objet;sans objet;sans objet;sans objet;3;1;1;4;1;1;sans objet;sans objet;sans objet;sans objet;2;sans objet;sans objet;sans objet;sans objet;5;3;3;2013-10-17; 17:00;4;2;4;2;sans objet;sans objet;sans objet;sans objet;5;4;3
ENS_211;EE73MEH017;SDC1;1;36;11;5;1;sans objet;1;sans objet;sans objet;sans objet;1;5;20;0;1;7;2;sans objet;2;sans objet;2;sans objet;2;sans objet;2;sans objet;2;sans objet;1;1;1;1;2;2;1;2;2;1;2;1;2;2;sans objet;1;2;23;0;1;6;3;2;2;3;5;sans objet;sans objet;sans objet;sans objet;sans objet;sans objet;sans objet;3;1;1;6;3;1;sans objet;sans objet;sans objet;sans objet;1;15;8;2;1;6;2;5;2013-10-02; 10:00;4;1;NA;1;2;8;15;1;6;2;6
ENS_212;EE73MEH017;SDC2;2;50;25;17;1;sans objet;1;sans objet;sans objet;sans objet;2;sans objet;sans objet;sans objet;sans objet;5;1;1;2;sans objet;2;sans objet;2;sans objet;2;sans objet;2;sans objet;1;3;2;sans objet;2;1;2;2;1;2;2;1;2;2;sans objet;2;sans objet;sans objet;sans objet;sans objet;6;4;1;3;3;5;sans objet;sans objet;sans objet;sans objet;sans objet;sans objet;sans objet;3;1;1;4;1;1;sans objet;sans objet;sans objet;sans objet;2;sans objet;sans objet;sans objet;sans objet;4;3;4;2013-10-01; 11:00;4;1;NA;2;sans objet;sans objet;sans objet;sans objet;4;4;6
ENS_213;EE73MEH017;SDC1;1;51;24;2;2;"lundiMAT;lundiPM;";2;1;4;2;2;sans objet;sans objet;sans objet;sans objet;6;2;sans objet;2;sans objet;2;sans objet;2;sans objet;2;sans objet;2;sans objet;2;sans objet;2;sans objet;2;2;1;2;2;1;2;1;2;2;sans objet;2;sans objet;sans objet;sans objet;sans objet;6;2;1;1;2;6;sans objet;sans objet;sans objet;sans objet;sans objet;sans objet;sans objet;2;1;1;6;1;1;sans objet;sans objet;sans objet;sans objet;2;sans objet;sans objet;sans objet;sans objet;4;2;6;2013-09-30; 13:00;4;1;NA;2;sans objet;sans objet;sans objet;sans objet;6;4;6
ENS_214;EE74SAJ018;SDC1;1;52;23;21;2;"lundiMAT;lundiPM;mardiPM;jeuPM;venPM";1;sans objet;sans objet;sans objet;2;sans objet;sans objet;sans objet;sans objet;5;1;2;1;2;2;sans objet;2;sans objet;2;sans objet;2;sans objet;1;3;2;sans objet;2;1;2;2;1;2;2;1;2;1;1;2;sans objet;sans objet;sans objet;sans objet;7;3;3;2;3;6;sans objet;sans objet;sans objet;sans objet;sans objet;sans objet;sans objet;3;1;1;5;1;3;sans objet;sans objet;sans objet;sans objet;2;sans objet;sans objet;sans objet;sans objet;4;3;5;2013-09-17; 16:00;6;1;NA;2;sans objet;sans objet;sans objet;sans objet;5;4;6
ENS_215;EE74SAJ018;SDC1;2;40;13;3;2;"lundiMAT;mardiMAT;jeuMAT;venMAT;";1;sans objet;sans objet;sans objet;2;sans objet;sans objet;sans objet;sans objet;3;2;sans objet;2;sans objet;2;sans objet;1;1;2;sans objet;2;sans objet;1;1;2;sans objet;1;2;2;1;2;2;1;2;2;2;sans objet;2;sans objet;sans objet;sans objet;sans objet;7;1;sans objet;sans objet;2;4;sans objet;sans objet;sans objet;sans objet;sans objet;sans objet;sans objet;3;1;1;4;1;1;sans objet;sans objet;sans objet;sans objet;2;sans objet;sans objet;sans objet;sans objet;4;3;4;2013-09-20; 08:00;4;1;NA;2;sans objet;sans objet;sans objet;sans objet;4;4;4
ENS_216;EE74SAJ018;SDC2;1;39;9;1;2;"lundiMAT;lundiPM;venMAT;venPM";1;sans objet;sans objet;sans objet;1;16;7;1;1;7;2;sans objet;2;sans objet;2;sans objet;2;sans objet;2;sans objet;2;sans objet;1;2;2;sans objet;2;2;1;2;1;2;2;1;2;1;1;1;11;10;3;1;5;1;sans objet;sans objet;1;sans objet;1;2;2;2;2;2;sans objet;3;1;1;4;1;1;sans objet;sans objet;sans objet;sans objet;1;14;6;4;1;4;2;5;2013-09-20; 14:00;4;1;NA;1;3;8;13;1;5;3;5
ENS_217;EE74SAJ018;SDC2;2;24;1;1;1;sans objet;1;sans objet;sans objet;sans objet;2;sans objet;sans objet;sans objet;sans objet;5;2;sans objet;2;sans objet;2;sans objet;2;sans objet;2;sans objet;2;sans objet;1;2;2;sans objet;2;1;2;2;1;2;2;1;2;2;sans objet;2;sans objet;sans objet;sans objet;sans objet;7;1;sans objet;sans objet;1;sans objet;1;2;2;2;2;2;sans objet;3;1;1;4;1;1;sans objet;sans objet;sans objet;sans objet;2;sans objet;sans objet;sans objet;sans objet;4;2;5;2013-09-19; 17:50;5;2;4;2;sans objet;sans objet;sans objet;sans objet;4;2;3
ENS_218;EE13LPW003;SDC1;2;31;5;1;2;"lundiMAT;lundiPM;mardiMAT;mardiPM;jeuMAT;jeuPM;";1;sans objet;sans objet;sans objet;1;20;3;1;2;4;2;sans objet;2;sans objet;2;sans objet;2;sans objet;1;1;1;2;1;2;2;sans objet;2;2;1;2;1;2;2;1;2;2;sans objet;2;sans objet;sans objet;sans objet;sans objet;4;3;2;1;3;7;sans objet;sans objet;sans objet;sans objet;sans objet;sans objet;sans objet;4;1;1;6;1;1;sans objet;sans objet;sans objet;sans objet;2;sans objet;sans objet;sans objet;sans objet;3;3;4;2013-11-18; 11:15;3;1;NA;2;sans objet;sans objet;sans objet;sans objet;6;4;4
ENS_219;EE13LPW003;SDC1;2;35;10;1;2;"lundiMAT;venMAT;venPM";1;sans objet;sans objet;sans objet;2;sans objet;sans objet;sans objet;sans objet;4;2;sans objet;2;sans objet;1;1;1;1;1;1;1;1;2;sans objet;2;sans objet;2;2;1;2;2;1;2;1;2;2;sans objet;2;sans objet;sans objet;sans objet;sans objet;4;2;2;2;2;4;sans objet;sans objet;sans objet;sans objet;sans objet;sans objet;sans objet;4;1;1;4;1;1;sans objet;sans objet;sans objet;sans objet;2;sans objet;sans objet;sans objet;sans objet;5;2;6;2013-11-22; 11:30;6;1;NA;2;sans objet;sans objet;sans objet;sans objet;5;2;3
ENS_220;EE13LPW003;SDC2;2;47;20;9;1;sans objet;1;sans objet;sans objet;sans objet;2;sans objet;sans objet;sans objet;sans objet;4;2;sans objet;2;sans objet;1;1;2;sans objet;2;sans objet;2;sans objet;2;sans objet;1;2;1;2;2;1;2;2;2;1;2;2;sans objet;2;sans objet;sans objet;sans objet;sans objet;7;2;2;1;2;6;sans objet;sans objet;sans objet;sans objet;sans objet;sans objet;sans objet;4;1;1;6;1;1;sans objet;sans objet;sans objet;sans objet;2;sans objet;sans objet;sans objet;sans objet;4;3;5;2013-11-21; 14:10;4;2;4;2;sans objet;sans objet;sans objet;sans objet;6;3;3
ENS_221;EE74BRK013;SDC2;2;44;19;17;1;sans objet;1;sans objet;sans objet;sans objet;2;sans objet;sans objet;sans objet;sans objet;5;2;sans objet;2;sans objet;2;sans objet;2;sans objet;2;sans objet;2;sans objet;1;3;2;sans objet;2;1;2;2;1;2;2;1;2;2;sans objet;2;sans objet;sans objet;sans objet;sans objet;6;3;1;2;2;4;sans objet;sans objet;sans objet;sans objet;sans objet;sans objet;sans objet;3;1;1;6;1;1;sans objet;sans objet;sans objet;sans objet;2;sans objet;sans objet;sans objet;sans objet;5;2;7;2013-11-07; 12:30;5;1;NA;2;sans objet;sans objet;sans objet;sans objet;6;3;4
ENS_222;EE74BRK013;SDC1;2;45;19;12;1;sans objet;1;sans objet;sans objet;sans objet;2;sans objet;sans objet;sans objet;sans objet;3;1;1;2;sans objet;1;1;3;sans objet;2;sans objet;2;sans objet;1;2;2;sans objet;2;1;2;2;1;2;2;1;2;1;2;2;sans objet;sans objet;sans objet;sans objet;3;1;sans objet;sans objet;2;7;sans objet;sans objet;sans objet;sans objet;sans objet;sans objet;sans objet;3;1;1;7;1;1;sans objet;sans objet;sans objet;sans objet;2;sans objet;sans objet;sans objet;sans objet;6;2;5;2013-11-07; 12:30;6;2;4;2;sans objet;sans objet;sans objet;sans objet;6;2;5
ENS_223;EE91LNC069;SDC1;2;32;7;1;2;"lundiMAT;lundiPM;jeuMAT;jeuPM;venMAT;venPM";2;2;4;1;2;sans objet;sans objet;sans objet;sans objet;4;1;1;1;1;2;sans objet;2;sans objet;2;sans objet;2;sans objet;1;2;2;sans objet;2;2;1;2;1;2;2;1;2;2;sans objet;2;sans objet;sans objet;sans objet;sans objet;5;2;1;2;2;5;sans objet;sans objet;sans objet;sans objet;sans objet;sans objet;sans objet;3;2;2;6;1;1;sans objet;sans objet;sans objet;sans objet;2;sans objet;sans objet;sans objet;sans objet;5;2;6;2013-11-21; 17:15;5;2;4;2;sans objet;sans objet;sans objet;sans objet;5;3;5
ENS_224;EE91LNC069;SDC2;2;35;8;7;1;sans objet;1;sans objet;sans objet;sans objet;2;sans objet;sans objet;sans objet;sans objet;5;2;sans objet;2;sans objet;1;2;2;sans objet;1;4;2;sans objet;1;2;2;sans objet;2;1;2;2;1;2;2;1;2;2;sans objet;2;sans objet;sans objet;sans objet;sans objet;4;1;sans objet;sans objet;2;6;sans objet;sans objet;sans objet;sans objet;sans objet;sans objet;sans objet;4;1;1;4;1;3;sans objet;sans objet;sans objet;sans objet;2;sans objet;sans objet;sans objet;sans objet;6;1;5;2013-11-21; 14:00;5;1;NA;2;sans objet;sans objet;sans objet;sans objet;6;3;4
ENS_225;EM73FRK074;SDC1;2;43;18;15;1;sans objet;1;sans objet;sans objet;sans objet;2;sans objet;sans objet;sans objet;sans objet;4;2;sans objet;2;sans objet;2;sans objet;2;sans objet;2;sans objet;2;sans objet;2;sans objet;2;sans objet;2;1;2;2;1;2;2;1;2;1;1;2;sans objet;sans objet;sans objet;sans objet;5;2;1;1;3;5;sans objet;sans objet;sans objet;sans objet;sans objet;sans objet;sans objet;4;1;1;6;1;1;sans objet;sans objet;sans objet;sans objet;2;sans objet;sans objet;sans objet;sans objet;4;2;6;2013-11-21; 12:00;4;1;NA;2;sans objet;sans objet;sans objet;sans objet;7;4;6
ENS_226;EM73FRK074;SDC1;2;30;1;1;2;"lundiMAT;venMAT;venPM";2;1;4;1;2;sans objet;sans objet;sans objet;sans objet;3;2;sans objet;2;sans objet;2;sans objet;2;sans objet;2;sans objet;2;sans objet;2;sans objet;2;sans objet;2;1;2;2;1;2;2;2;1;1;1;2;sans objet;sans objet;sans objet;sans objet;4;1;sans objet;sans objet;2;5;sans objet;sans objet;sans objet;sans objet;sans objet;sans objet;sans objet;4;1;2;5;3;1;sans objet;sans objet;sans objet;sans objet;2;sans objet;sans objet;sans objet;sans objet;5;2;4;2013-11-22; 18:12;4;1;NA;2;sans objet;sans objet;sans objet;sans objet;5;5;5
ENS_227;EM73FRK074;SDC2;2;44;22;6;1;sans objet;2;2;2;1;2;sans objet;sans objet;sans objet;sans objet;5;1;1;2;sans objet;1;1;3;sans objet;1;1;1;1;1;1;1;1;2;1;2;2;1;2;2;1;2;1;1;2;sans objet;sans objet;sans objet;sans objet;1;2;1;1;3;7;sans objet;sans objet;sans objet;sans objet;sans objet;sans objet;sans objet;3;1;1;5;1;1;sans objet;sans objet;sans objet;sans objet;2;sans objet;sans objet;sans objet;sans objet;6;1;3;2013-11-21; 15:00;6;2;4;2;sans objet;sans objet;sans objet;sans objet;7;3;6
ENS_228;EM61RAN042;SDC1;2;NA;NA;NA;NA;sans objet;NA;sans objet;sans objet;sans objet;NA;sans objet;sans objet;sans objet;sans objet;NA;NA;sans objet;NA;sans objet;NA;sans objet;NA;sans objet;NA;sans objet;NA;sans objet;NA;sans objet;NA;sans objet;NA;NA;NA;NA;NA;NA;NA;NA;NA;NA;sans objet;NA;sans objet;sans objet;sans objet;sans objet;NA;NA;sans objet;sans objet;NA;sans objet;sans objet;sans objet;sans objet;sans objet;sans objet;sans objet;sans objet;NA;sans objet;sans objet;sans objet;sans objet;sans objet;sans objet;sans objet;sans objet;sans objet;NA;sans objet;sans objet;sans objet;sans objet;NA;NA;NA;NA;NA;NA;NA;NA;NA;sans objet;sans objet;sans objet;sans objet;NA;NA;NA
ENS_229;EM61RAN042;SDC2;2;35;10;1;1;sans objet;1;sans objet;sans objet;sans objet;1;0;13;3;2;1;2;sans objet;2;sans objet;2;sans objet;2;sans objet;2;sans objet;2;sans objet;2;sans objet;2;sans objet;2;1;2;2;1;2;1;2;2;2;sans objet;1;9;1;9;2;4;1;sans objet;sans objet;1;sans objet;1;2;2;2;2;2;sans objet;3;2;1;4;1;1;sans objet;sans objet;sans objet;sans objet;1;14;0;3;2;5;1;5;2013-11-18; 16:30;4;1;NA;1;6;2;14;2;5;4;4
ENS_230;EM14FAR043;SDC1;2;44;21;10;NA;sans objet;3;1;3;3;2;sans objet;sans objet;sans objet;sans objet;2;1;1;1;2;2;sans objet;2;sans objet;2;sans objet;2;sans objet;1;2;1;2;1;2;2;1;2;2;2;1;2;2;sans objet;2;sans objet;sans objet;sans objet;sans objet;3;5;1;2;3;5;sans objet;sans objet;sans objet;sans objet;sans objet;sans objet;sans objet;4;1;2;5;1;1;sans objet;sans objet;sans objet;sans objet;2;sans objet;sans objet;sans objet;sans objet;6;3;5;2013-11-26; 15:35;6;2;4;2;sans objet;sans objet;sans objet;sans objet;4;2;NA
ENS_231;EM14FAR043;SDC2;2;53;19;8;1;sans objet;1;sans objet;sans objet;sans objet;2;sans objet;sans objet;sans objet;sans objet;3;2;sans objet;2;sans objet;2;sans objet;2;sans objet;2;sans objet;2;sans objet;2;sans objet;2;sans objet;2;1;2;2;1;2;2;1;2;2;sans objet;2;sans objet;sans objet;sans objet;sans objet;3;2;2;2;2;7;sans objet;sans objet;sans objet;sans objet;sans objet;sans objet;sans objet;2;1;1;4;3;1;sans objet;sans objet;sans objet;sans objet;2;sans objet;sans objet;sans objet;sans objet;5;2;6;2013-11-29; 12:00;5;1;NA;2;sans objet;sans objet;sans objet;sans objet;5;4;3
ENS_232;EM13ISB009;SDC2;2;51;32;3;1;sans objet;2;2;3;3;2;sans objet;sans objet;sans objet;sans objet;3;1;3;1;3;1;2;3;sans objet;2;sans objet;1;2;1;3;2;sans objet;1;2;2;2;1;2;2;1;2;2;sans objet;2;sans objet;sans objet;sans objet;sans objet;4;1;sans objet;sans objet;1;sans objet;1;2;2;2;2;2;sans objet;4;4;1;2;2;2;sans objet;sans objet;sans objet;sans objet;2;sans objet;sans objet;sans objet;sans objet;6;2;4;2013-11-25; 14:30;6;4;1;2;sans objet;sans objet;sans objet;sans objet;3;5;4
ENS_233;EE36CHU066;SDC2;2;26;1;1;1;sans objet;2;1;3;2;1;9;14;0;1;4;1;2;1;3;2;sans objet;2;sans objet;2;sans objet;1;2;1;3;1;3;2;1;2;1;2;2;2;1;2;2;sans objet;1;0;4;19;1;5;4;3;1;4;6;sans objet;sans objet;sans objet;sans objet;sans objet;sans objet;sans objet;4;1;1;5;2;1;sans objet;sans objet;sans objet;sans objet;2;sans objet;sans objet;sans objet;sans objet;5;2;5;2013-11-25; 15:35;5;1;NA;2;sans objet;sans objet;sans objet;sans objet;5;4;3
ENS_234;EE36CHU066;SDC1;1;54;36;18;2;"lundiMAT;mardiMAT;mardiPM;jeuMAT;jeuPM;venMAT;venPM";2;1;3;3;1;0;0;18;1;5;1;2;1;2;1;2;3;sans objet;3;sans objet;1;2;1;2;1;2;2;2;1;2;1;2;2;1;2;2;sans objet;2;sans objet;sans objet;sans objet;sans objet;4;2;2;2;2;6;sans objet;sans objet;sans objet;sans objet;sans objet;sans objet;sans objet;4;1;1;4;1;1;sans objet;sans objet;sans objet;sans objet;2;sans objet;sans objet;sans objet;sans objet;3;4;3;2013-11-25; 16:45;3;1;NA;2;sans objet;sans objet;sans objet;sans objet;5;4;5
ENS_235;EE36MAF060;SDC1;2;39;13;10;1;sans objet;2;1;4;1;2;sans objet;sans objet;sans objet;sans objet;6;2;sans objet;2;sans objet;2;sans objet;2;sans objet;2;sans objet;2;sans objet;2;sans objet;2;sans objet;2;1;2;2;2;1;2;1;2;2;sans objet;2;sans objet;sans objet;sans objet;sans objet;6;2;2;2;3;7;sans objet;sans objet;sans objet;sans objet;sans objet;sans objet;sans objet;4;1;1;6;1;1;sans objet;sans objet;sans objet;sans objet;2;sans objet;sans objet;sans objet;sans objet;4;1;6;2013-11-19; 09:00;4;2;3;2;sans objet;sans objet;sans objet;sans objet;5;4;5
ENS_236;EM13ISB009;SDC1;2;50;28;13;1;sans objet;2;1;3;2;2;sans objet;sans objet;sans objet;sans objet;4;2;sans objet;1;1;2;sans objet;2;sans objet;1;2;1;2;1;2;2;sans objet;2;2;1;2;1;2;2;1;2;2;sans objet;2;sans objet;sans objet;sans objet;sans objet;4;1;sans objet;sans objet;1;sans objet;1;2;2;2;2;2;sans objet;4;1;1;4;1;1;sans objet;sans objet;sans objet;sans objet;2;sans objet;sans objet;sans objet;sans objet;4;1;5;2013-11-29; 09:00;4;1;NA;2;sans objet;sans objet;sans objet;sans objet;5;4;5
ENS_237;EM91MOT070;SDC1;2;27;1;1;1;sans objet;1;sans objet;sans objet;sans objet;2;sans objet;sans objet;sans objet;sans objet;3;2;sans objet;2;sans objet;2;sans objet;2;sans objet;2;sans objet;2;sans objet;1;1;2;sans objet;2;1;2;2;1;2;2;1;2;2;sans objet;2;sans objet;sans objet;sans objet;sans objet;3;2;1;1;2;6;sans objet;sans objet;sans objet;sans objet;sans objet;sans objet;sans objet;4;1;1;6;1;1;sans objet;sans objet;sans objet;sans objet;2;sans objet;sans objet;sans objet;sans objet;6;1;6;2013-11-29; 12:00;5;1;NA;2;sans objet;sans objet;sans objet;sans objet;6;4;6
ENS_238;EM91MOT070;SDC2;2;41;16;1;1;sans objet;1;sans objet;sans objet;sans objet;2;sans objet;sans objet;sans objet;sans objet;3;2;sans objet;2;sans objet;2;sans objet;2;sans objet;1;2;2;sans objet;1;4;2;sans objet;2;1;2;2;1;2;2;1;2;2;sans objet;2;sans objet;sans objet;sans objet;sans objet;1;3;1;2;3;5;sans objet;sans objet;sans objet;sans objet;sans objet;sans objet;sans objet;4;1;1;5;1;1;sans objet;sans objet;sans objet;sans objet;2;sans objet;sans objet;sans objet;sans objet;6;2;6;2013-11-29; 12:00;5;1;NA;2;sans objet;sans objet;sans objet;sans objet;5;2;2
ENS_239;EE74SEI012;SDC1;1;NA;NA;NA;NA;sans objet;NA;sans objet;sans objet;sans objet;NA;sans objet;sans objet;sans objet;sans objet;NA;NA;sans objet;NA;sans objet;NA;sans objet;NA;sans objet;NA;sans objet;NA;sans objet;NA;sans objet;NA;sans objet;NA;NA;NA;NA;NA;NA;NA;NA;NA;NA;sans objet;NA;sans objet;sans objet;sans objet;sans objet;NA;NA;sans objet;sans objet;NA;sans objet;sans objet;sans objet;sans objet;sans objet;sans objet;sans objet;sans objet;NA;sans objet;sans objet;sans objet;sans objet;sans objet;sans objet;sans objet;sans objet;sans objet;NA;sans objet;sans objet;sans objet;sans objet;NA;NA;NA;NA;NA;NA;NA;NA;NA;sans objet;sans objet;sans objet;sans objet;NA;NA;NA
ENS_240;EE67BOH051;SDC1;2;36;13;5;2;"lundiMAT;lundiPM;mardiMAT;mardiPM;merMAT;";1;sans objet;sans objet;sans objet;2;sans objet;sans objet;sans objet;sans objet;3;1;1;2;sans objet;2;sans objet;2;sans objet;2;sans objet;1;1;1;2;1;1;2;1;2;2;1;2;2;1;2;2;sans objet;2;sans objet;sans objet;sans objet;sans objet;6;3;1;2;2;5;sans objet;sans objet;sans objet;sans objet;sans objet;sans objet;sans objet;3;1;1;5;1;1;sans objet;sans objet;sans objet;sans objet;2;sans objet;sans objet;sans objet;sans objet;4;2;5;2013-11-19; 13:00;4;1;NA;2;sans objet;sans objet;sans objet;sans objet;6;3;4
ENS_241;EE67BOH051;SDC1;1;51;34;5;2;"lundiMAT;jeuMAT;jeuPM;venMAT;venPM";1;sans objet;sans objet;sans objet;2;sans objet;sans objet;sans objet;sans objet;3;1;1;2;sans objet;2;sans objet;2;sans objet;2;sans objet;2;sans objet;1;1;2;sans objet;1;2;2;1;2;2;2;1;2;2;sans objet;1;3;12;10;2;6;3;1;2;3;5;sans objet;sans objet;sans objet;sans objet;sans objet;sans objet;sans objet;3;1;1;5;1;1;sans objet;sans objet;sans objet;sans objet;1;3;20;2;2;4;3;5;2013-11-22; 16:30;4;1;NA;1;3;20;2;2;5;4;4
ENS_242;EE67BOH051;SDC2;2;23;1;1;2;"lundiMAT;mardiMAT;mardiPM;jeuMAT;jeuPM;venMAT;venPM";4;1;3;2;1;0;9;13;2;4;1;2;1;1;2;sans objet;2;sans objet;2;sans objet;1;2;1;2;1;2;2;1;2;2;1;2;1;2;2;2;sans objet;1;1;1;20;2;4;4;1;3;4;5;sans objet;sans objet;sans objet;sans objet;sans objet;sans objet;sans objet;3;3;1;3;2;1;sans objet;sans objet;sans objet;sans objet;1;6;10;5;2;5;1;4;2013-11-22; 16:15;6;1;NA;1;10;1;12;2;3;4;2
ENS_243;EM73MON022;SDC1;2;50;30;6;1;sans objet;2;1;4;1;2;sans objet;sans objet;sans objet;sans objet;1;3;sans objet;1;2;1;2;3;sans objet;1;2;2;sans objet;1;2;2;sans objet;1;2;2;1;2;2;2;1;2;2;sans objet;2;sans objet;sans objet;sans objet;sans objet;7;2;1;1;4;4;sans objet;sans objet;sans objet;sans objet;sans objet;sans objet;sans objet;3;3;1;4;2;3;sans objet;sans objet;sans objet;sans objet;2;sans objet;sans objet;sans objet;sans objet;7;3;3;2013-11-29; 11:50;4;1;NA;2;sans objet;sans objet;sans objet;sans objet;3;2;3
ENS_244;EM73MON022;SDC2;2;45;20;3;1;sans objet;2;1;2;4;2;sans objet;sans objet;sans objet;sans objet;2;1;1;1;1;1;1;2;sans objet;2;sans objet;2;sans objet;1;1;2;sans objet;NA;NA;NA;NA;NA;NA;NA;NA;NA;2;sans objet;2;sans objet;sans objet;sans objet;sans objet;5;4;1;3;4;6;sans objet;sans objet;sans objet;sans objet;sans objet;sans objet;sans objet;4;5;4;1;1;2;sans objet;sans objet;sans objet;sans objet;2;sans objet;sans objet;sans objet;sans objet;2;3;3;2013-12-20; 11:00;7;3;1;2;sans objet;sans objet;sans objet;sans objet;4;4;4
ENS_245;EM73MON022;SDC3;2;46;25;1;2;"lundiMAT;lundiPM;mardiMAT;mardiPM;jeuMAT;jeuPM;";1;sans objet;sans objet;sans objet;2;sans objet;sans objet;sans objet;sans objet;1;1;2;2;sans objet;1;2;3;sans objet;2;sans objet;1;1;1;2;2;sans objet;2;1;2;2;1;2;2;1;2;2;sans objet;2;sans objet;sans objet;sans objet;sans objet;3;4;1;2;3;6;sans objet;sans objet;sans objet;sans objet;sans objet;sans objet;sans objet;3;1;1;3;1;2;sans objet;sans objet;sans objet;sans objet;2;sans objet;sans objet;sans objet;sans objet;4;2;3;2013-11-28; 13:30;4;1;NA;2;sans objet;sans objet;sans objet;sans objet;5;2;5
ENS_246;EM73MON022;SDC3;2;34;8;3;2;"lundiMAT;venMAT;venPM";1;sans objet;sans objet;sans objet;2;sans objet;sans objet;sans objet;sans objet;4;1;1;2;sans objet;1;2;2;sans objet;2;sans objet;1;2;1;3;2;sans objet;1;2;2;2;1;2;2;1;2;2;sans objet;2;sans objet;sans objet;sans objet;sans objet;2;2;1;1;4;7;sans objet;sans objet;sans objet;sans objet;sans objet;sans objet;sans objet;3;3;1;3;1;3;sans objet;sans objet;sans objet;sans objet;2;sans objet;sans objet;sans objet;sans objet;1;2;3;2013-11-25; 12:00;7;1;NA;2;sans objet;sans objet;sans objet;sans objet;4;3;4
ENS_248;EM94CRC030;SDC1;1;37;6;1;2;"lundiMAT;lundiPM;mardiMAT;mardiPM;jeuMAT;jeuPM;venMAT;venPM";2;2;2;3;1;NA;NA;NA;1;3;1;1;1;1;1;1;1;1;2;sans objet;1;2;1;3;1;2;2;1;2;2;1;2;1;2;2;2;sans objet;1;NA;NA;NA;1;3;1;sans objet;sans objet;1;sans objet;1;2;2;2;2;2;sans objet;4;3;2;3;1;3;sans objet;sans objet;sans objet;sans objet;2;sans objet;sans objet;sans objet;sans objet;3;3;3;NA;NA;3;3;NA;2;sans objet;sans objet;sans objet;sans objet;3;4;5
ENS_249;EM94CRC030;SDC2;2;NA;NA;NA;NA;sans objet;NA;sans objet;sans objet;sans objet;NA;sans objet;sans objet;sans objet;sans objet;NA;NA;sans objet;NA;sans objet;NA;sans objet;NA;sans objet;NA;sans objet;NA;sans objet;NA;sans objet;NA;sans objet;NA;NA;NA;NA;NA;NA;NA;NA;NA;NA;sans objet;NA;sans objet;sans objet;sans objet;sans objet;NA;NA;sans objet;sans objet;NA;sans objet;sans objet;sans objet;sans objet;sans objet;sans objet;sans objet;sans objet;NA;sans objet;sans objet;sans objet;sans objet;sans objet;sans objet;sans objet;sans objet;sans objet;NA;sans objet;sans objet;sans objet;sans objet;NA;NA;NA;NA;NA;NA;NA;NA;NA;sans objet;sans objet;sans objet;sans objet;NA;NA;NA
ENS_250;EM94CRC030;SDC2;2;55;15;13;2;"lundiMAT;jeuMAT;jeuPM;venMAT;venPM";1;sans objet;sans objet;sans objet;2;sans objet;sans objet;sans objet;sans objet;2;1;2;1;2;1;2;3;sans objet;2;sans objet;2;sans objet;1;3;2;sans objet;2;1;2;2;1;2;2;1;2;2;sans objet;2;sans objet;sans objet;sans objet;sans objet;4;1;sans objet;sans objet;1;sans objet;1;2;2;2;2;2;sans objet;3;1;1;5;1;1;sans objet;sans objet;sans objet;sans objet;2;sans objet;sans objet;sans objet;sans objet;3;2;2;NA;NA;4;1;NA;NA;sans objet;sans objet;sans objet;sans objet;3;4;5
ENS_251;EM94CRC030;SDC2;2;40;7;0;2;"lundiMAT;lundiPM;mardiMAT;mardiPM;";1;sans objet;sans objet;sans objet;2;sans objet;sans objet;sans objet;sans objet;4;1;1;2;sans objet;2;sans objet;2;sans objet;2;sans objet;1;1;1;1;2;sans objet;2;1;2;2;1;2;2;1;2;2;sans objet;2;sans objet;sans objet;sans objet;sans objet;4;1;sans objet;sans objet;1;sans objet;1;2;2;2;2;2;sans objet;4;1;1;5;1;1;sans objet;sans objet;sans objet;sans objet;2;sans objet;sans objet;sans objet;sans objet;4;1;5;2013-12-02; 13:50;4;1;NA;2;sans objet;sans objet;sans objet;sans objet;4;4;4
ENS_252;EE61LFU032;SDC1;2;38;16;6;2;"lundiMAT;lundiPM;mardiMAT;mardiPM;venMAT;venPM";2;2;3;1;2;sans objet;sans objet;sans objet;sans objet;4;2;sans objet;2;sans objet;1;2;3;sans objet;2;sans objet;2;sans objet;1;1;2;sans objet;2;2;1;2;1;2;2;1;2;NA;sans objet;2;sans objet;sans objet;sans objet;sans objet;4;2;2;2;3;6;sans objet;sans objet;sans objet;sans objet;sans objet;sans objet;sans objet;3;1;1;6;1;3;sans objet;sans objet;sans objet;sans objet;2;sans objet;sans objet;sans objet;sans objet;5;2;6;2013-12-13; 16:50;5;2;4;2;sans objet;sans objet;sans objet;sans objet;6;4;5
ENS_253;EE61LFU032;SDC1;1;NA;NA;NA;NA;sans objet;NA;sans objet;sans objet;sans objet;NA;sans objet;sans objet;sans objet;sans objet;NA;NA;sans objet;NA;sans objet;NA;sans objet;NA;sans objet;NA;sans objet;NA;sans objet;NA;sans objet;NA;sans objet;NA;NA;NA;NA;NA;NA;NA;NA;NA;NA;sans objet;NA;sans objet;sans objet;sans objet;sans objet;NA;NA;sans objet;sans objet;NA;sans objet;sans objet;sans objet;sans objet;sans objet;sans objet;sans objet;sans objet;NA;sans objet;sans objet;sans objet;sans objet;sans objet;sans objet;sans objet;sans objet;sans objet;NA;sans objet;sans objet;sans objet;sans objet;NA;NA;NA;NA;NA;NA;NA;NA;NA;sans objet;sans objet;sans objet;sans objet;NA;NA;NA
ENS_254;EE61LFU032;SDC2;2;34;11;1;2;"lundiMAT;jeuMAT;jeuPM;venMAT;venPM";1;sans objet;sans objet;sans objet;NA;sans objet;sans objet;sans objet;sans objet;3;2;sans objet;2;sans objet;2;sans objet;2;sans objet;2;sans objet;2;sans objet;1;1;2;sans objet;2;2;1;2;2;1;2;2;1;1;1;2;sans objet;sans objet;sans objet;sans objet;4;3;1;2;3;3;sans objet;sans objet;sans objet;sans objet;sans objet;sans objet;sans objet;3;1;1;6;1;3;sans objet;sans objet;sans objet;sans objet;2;sans objet;sans objet;sans objet;sans objet;6;2;6;2013-12-13; 17:00;6;1;NA;2;sans objet;sans objet;sans objet;sans objet;4;2;3
ENS_255;EE61LFU032;SDC2;1;27;2;1;2;"lundiMAT;lundiPM;mardiMAT;mardiPM;";1;sans objet;sans objet;sans objet;2;sans objet;sans objet;sans objet;sans objet;5;2;sans objet;2;sans objet;2;sans objet;2;sans objet;2;sans objet;2;sans objet;1;1;2;sans objet;2;1;2;2;1;2;2;1;2;NA;sans objet;2;sans objet;sans objet;sans objet;sans objet;4;3;1;2;3;3;sans objet;sans objet;sans objet;sans objet;sans objet;sans objet;sans objet;3;1;1;6;1;3;sans objet;sans objet;sans objet;sans objet;2;sans objet;sans objet;sans objet;sans objet;6;2;6;2013-12-13; 17:00;6;1;NA;2;sans objet;sans objet;sans objet;sans objet;NA;NA;NA
ENS_256;EM61LFX041;SDC1;1;58;16;8;1;sans objet;1;sans objet;sans objet;sans objet;2;sans objet;sans objet;sans objet;sans objet;4;2;sans objet;2;sans objet;2;sans objet;2;sans objet;2;sans objet;2;sans objet;2;sans objet;2;sans objet;2;2;1;2;2;1;2;1;2;2;sans objet;2;sans objet;sans objet;sans objet;sans objet;7;1;sans objet;sans objet;2;1;sans objet;sans objet;sans objet;sans objet;sans objet;sans objet;sans objet;3;1;1;7;1;1;sans objet;sans objet;sans objet;sans objet;2;sans objet;sans objet;sans objet;sans objet;6;1;7;2013-12-10; 17:00;6;1;NA;2;sans objet;sans objet;sans objet;sans objet;7;4;4
ENS_257;EM61LFX041;SDC2;1;54;27;11;2;"lundiMAT;mardiMAT;mardiPM;jeuMAT;jeuPM;venMAT;venPM";2;3;2;1;2;sans objet;sans objet;sans objet;sans objet;3;2;sans objet;2;sans objet;1;2;1;2;2;sans objet;1;2;1;3;2;sans objet;2;2;1;2;2;1;2;1;2;1;1;2;sans objet;sans objet;sans objet;sans objet;6;2;1;1;2;6;sans objet;sans objet;sans objet;sans objet;sans objet;sans objet;sans objet;4;1;1;6;1;1;sans objet;sans objet;sans objet;sans objet;2;sans objet;sans objet;sans objet;sans objet;4;3;4;2013-12-10; 08:20;2;1;NA;2;sans objet;sans objet;sans objet;sans objet;6;4;5
ENS_258;EM61LFX041;SDC2;2;33;10;4;2;"lundiMAT;lundiPM;";1;sans objet;sans objet;sans objet;2;sans objet;sans objet;sans objet;sans objet;4;3;sans objet;3;sans objet;2;sans objet;2;sans objet;2;sans objet;1;2;1;2;2;sans objet;2;2;1;2;2;1;2;2;1;1;1;2;sans objet;sans objet;sans objet;sans objet;4;1;sans objet;sans objet;1;sans objet;1;2;2;2;2;2;sans objet;4;1;1;5;1;1;sans objet;sans objet;sans objet;sans objet;2;sans objet;sans objet;sans objet;sans objet;3;2;4;2013-12-09; 09:00;4;1;NA;2;sans objet;sans objet;sans objet;sans objet;4;4;5
ENS_259;EE36CHH064;SDC1;2;40;18;11;1;sans objet;1;sans objet;sans objet;sans objet;2;sans objet;sans objet;sans objet;sans objet;2;1;1;1;1;1;2;2;sans objet;2;sans objet;1;4;1;3;2;sans objet;2;2;1;2;1;2;2;1;2;2;sans objet;2;sans objet;sans objet;sans objet;sans objet;7;2;1;2;2;5;sans objet;sans objet;sans objet;sans objet;sans objet;sans objet;sans objet;4;1;1;5;2;1;sans objet;sans objet;sans objet;sans objet;2;sans objet;sans objet;sans objet;sans objet;5;3;5;2013-12-06; 11:45;6;1;NA;2;sans objet;sans objet;sans objet;sans objet;5;3;6
ENS_260;EE36CHH064;SDC2;2;41;18;14;1;sans objet;1;sans objet;sans objet;sans objet;2;sans objet;sans objet;sans objet;sans objet;4;1;3;1;2;1;2;2;sans objet;2;sans objet;1;4;1;3;2;sans objet;2;1;2;2;1;2;2;1;2;2;sans objet;2;sans objet;sans objet;sans objet;sans objet;5;3;3;2;4;3;sans objet;sans objet;sans objet;sans objet;sans objet;sans objet;sans objet;4;1;2;6;1;1;sans objet;sans objet;sans objet;sans objet;2;sans objet;sans objet;sans objet;sans objet;7;2;3;2013-12-03; 16:00;5;2;4;2;sans objet;sans objet;sans objet;sans objet;5;2;5
ENS_261;EE73DOG016;SDC2;1;57;37;37;1;sans objet;2;1;3;2;2;sans objet;sans objet;sans objet;sans objet;4;2;sans objet;2;sans objet;2;sans objet;2;sans objet;2;sans objet;1;2;1;3;2;sans objet;2;2;1;2;2;1;2;1;2;2;sans objet;2;sans objet;sans objet;sans objet;sans objet;4;3;2;2;3;5;sans objet;sans objet;sans objet;sans objet;sans objet;sans objet;sans objet;3;1;1;4;1;3;sans objet;sans objet;sans objet;sans objet;2;sans objet;sans objet;sans objet;sans objet;5;3;4;2013-12-02; 17:30;5;3;3;2;sans objet;sans objet;sans objet;sans objet;4;5;6
ENS_262;EE73DOG016;SDC1;2;43;17;2;1;sans objet;1;sans objet;sans objet;sans objet;2;sans objet;sans objet;sans objet;sans objet;3;1;2;2;sans objet;1;4;1;4;2;sans objet;1;4;1;5;2;sans objet;1;2;2;1;2;2;2;1;2;2;sans objet;2;sans objet;sans objet;sans objet;sans objet;3;4;3;2;3;3;sans objet;sans objet;sans objet;sans objet;sans objet;sans objet;sans objet;4;3;2;3;1;2;sans objet;sans objet;sans objet;sans objet;2;sans objet;sans objet;sans objet;sans objet;3;3;4;2013-12-06; 07:45;4;3;3;2;sans objet;sans objet;sans objet;sans objet;4;4;2
ENS_263;EM13BLR080;SDC1;2;35;8;1;1;sans objet;2;3;3;2;2;sans objet;sans objet;sans objet;sans objet;4;2;sans objet;2;sans objet;2;sans objet;3;sans objet;2;sans objet;2;sans objet;1;3;2;sans objet;2;2;1;2;2;2;2;2;1;2;sans objet;2;sans objet;sans objet;sans objet;sans objet;7;2;1;1;3;6;sans objet;sans objet;sans objet;sans objet;sans objet;sans objet;sans objet;3;3;1;3;3;1;sans objet;sans objet;sans objet;sans objet;2;sans objet;sans objet;sans objet;sans objet;4;2;5;2013-12-06; 12:00;5;3;3;2;sans objet;sans objet;sans objet;sans objet;5;2;5
ENS_264;EM13BLR080;SDC2;1;54;26;11;1;sans objet;2;1;2;3;2;sans objet;sans objet;sans objet;sans objet;2;2;sans objet;2;sans objet;1;3;3;sans objet;2;sans objet;1;3;1;3;1;3;2;2;1;2;2;1;2;1;2;1;2;2;sans objet;sans objet;sans objet;sans objet;3;3;3;2;4;6;sans objet;sans objet;sans objet;sans objet;sans objet;sans objet;sans objet;4;1;1;5;1;1;sans objet;sans objet;sans objet;sans objet;2;sans objet;sans objet;sans objet;sans objet;6;2;4;2013-12-03; 11:30;4;1;NA;2;sans objet;sans objet;sans objet;sans objet;4;3;4
ENS_265;EE67MAN050;SDC1;2;48;22;10;1;sans objet;3;1;3;2;1;0;10;0;2;3;1;1;1;2;1;2;2;sans objet;1;2;2;sans objet;1;1;2;sans objet;2;2;1;2;2;1;2;1;2;2;sans objet;1;2;8;10;2;4;3;2;2;3;6;sans objet;sans objet;sans objet;sans objet;sans objet;sans objet;sans objet;3;1;1;4;1;1;sans objet;sans objet;sans objet;sans objet;1;9;5;6;2;6;2;6;2013-12-06; 16:10;4;2;2;1;10;5;7;2;4;4;4
ENS_266;EE67MAN050;SDC2;2;39;13;1;1;sans objet;2;1;1;4;2;sans objet;sans objet;sans objet;sans objet;3;2;sans objet;1;2;1;2;2;sans objet;2;sans objet;2;sans objet;1;2;2;sans objet;1;2;2;1;2;2;2;1;2;2;sans objet;2;sans objet;sans objet;sans objet;sans objet;4;4;1;3;4;7;sans objet;sans objet;sans objet;sans objet;sans objet;sans objet;sans objet;4;1;2;5;1;3;sans objet;sans objet;sans objet;sans objet;2;sans objet;sans objet;sans objet;sans objet;7;1;4;2013-12-05; 10:30;6;1;NA;2;sans objet;sans objet;sans objet;sans objet;5;2;5
ENS_267;EM67ROJ054;SDC1;2;35;9;8;1;sans objet;1;sans objet;sans objet;sans objet;2;sans objet;sans objet;sans objet;sans objet;2;2;sans objet;2;sans objet;2;sans objet;2;sans objet;2;sans objet;1;4;1;3;1;4;2;1;2;2;1;2;2;1;2;2;sans objet;1;0;7;4;2;6;1;sans objet;sans objet;2;6;sans objet;sans objet;sans objet;sans objet;sans objet;sans objet;sans objet;4;1;1;6;1;1;sans objet;sans objet;sans objet;sans objet;1;9;2;0;2;4;3;5;2013-12-12; 08:00;4;3;1;1;0;11;0;2;7;4;4
ENS_268;EM36NIH082;SDC1;2;38;11;7;1;sans objet;1;sans objet;sans objet;sans objet;2;sans objet;sans objet;sans objet;sans objet;3;1;2;2;sans objet;1;1;2;sans objet;2;sans objet;2;sans objet;2;sans objet;2;sans objet;2;1;2;2;1;2;2;1;2;2;sans objet;2;sans objet;sans objet;sans objet;sans objet;4;3;3;3;3;5;sans objet;sans objet;sans objet;sans objet;sans objet;sans objet;sans objet;3;1;1;4;1;1;sans objet;sans objet;sans objet;sans objet;2;sans objet;sans objet;sans objet;sans objet;5;1;6;2013-12-10; 15:00;4;1;NA;2;sans objet;sans objet;sans objet;sans objet;6;4;6
ENS_269;EM36NIH082;SDC2;2;42;20;14;1;sans objet;1;sans objet;sans objet;sans objet;2;sans objet;sans objet;sans objet;sans objet;3;2;sans objet;2;sans objet;2;sans objet;2;sans objet;2;sans objet;2;sans objet;2;sans objet;2;sans objet;2;1;2;2;1;2;2;1;2;2;sans objet;2;sans objet;sans objet;sans objet;sans objet;5;2;2;2;2;6;sans objet;sans objet;sans objet;sans objet;sans objet;sans objet;sans objet;3;1;2;5;1;1;sans objet;sans objet;sans objet;sans objet;2;sans objet;sans objet;sans objet;sans objet;7;3;3;2013-12-12; 15:45;6;1;NA;2;sans objet;sans objet;sans objet;sans objet;5;4;6
ENS_270;EM36ASM077;SDC1;2;45;23;3;1;sans objet;1;sans objet;sans objet;sans objet;2;sans objet;sans objet;sans objet;sans objet;2;1;3;2;sans objet;2;sans objet;3;sans objet;2;sans objet;2;sans objet;1;4;1;3;1;2;2;2;1;2;2;1;2;2;sans objet;1;NA;NA;NA;2;5;3;1;1;3;6;sans objet;sans objet;sans objet;sans objet;sans objet;sans objet;sans objet;3;1;1;3;3;3;sans objet;sans objet;sans objet;sans objet;2;sans objet;sans objet;sans objet;sans objet;6;2;5;2013-12-16; 12:00;5;1;NA;2;sans objet;sans objet;sans objet;sans objet;5;4;4
ENS_271;EM36ASM077;SDC2;2;43;18;9;1;sans objet;1;sans objet;sans objet;sans objet;2;sans objet;sans objet;sans objet;sans objet;2;1;3;2;sans objet;1;3;2;sans objet;1;2;1;3;1;3;1;4;1;2;2;1;2;2;2;1;2;2;sans objet;2;sans objet;sans objet;sans objet;sans objet;4;4;2;1;4;4;sans objet;sans objet;sans objet;sans objet;sans objet;sans objet;sans objet;4;1;1;5;1;1;sans objet;sans objet;sans objet;sans objet;2;sans objet;sans objet;sans objet;sans objet;2;4;2;2013-12-13; 14:30;4;3;3;2;sans objet;sans objet;sans objet;sans objet;7;4;7
ENS_272;EE13AET078;SDC2;2;57;25;9;1;sans objet;2;1;2;2;2;sans objet;sans objet;sans objet;sans objet;3;2;sans objet;1;2;1;2;2;sans objet;2;sans objet;1;2;1;3;2;sans objet;2;1;2;2;1;2;2;1;2;2;sans objet;2;sans objet;sans objet;sans objet;sans objet;5;1;sans objet;sans objet;1;sans objet;1;1;2;2;2;2;sans objet;4;3;2;1;4;2;sans objet;sans objet;sans objet;sans objet;2;sans objet;sans objet;sans objet;sans objet;6;2;5;2013-12-09; 13:30;6;2;4;2;sans objet;sans objet;sans objet;sans objet;4;3;3
ENS_273;EE13AET078;SDC1;2;50;24;14;1;sans objet;2;1;3;3;1;0;15;15;1;1;1;2;1;5;1;4;1;3;1;1;1;3;1;5;1;2;1;2;2;2;2;1;2;1;2;2;sans objet;1;0;0;30;1;6;3;2;1;2;2;sans objet;sans objet;sans objet;sans objet;sans objet;sans objet;sans objet;3;3;1;4;1;1;sans objet;sans objet;sans objet;sans objet;1;2;16;12;1;6;1;3;2013-12-20; 17:00;7;4;7;1;1;0;29;1;1;2;1
ENS_274;EM73ROH073;SDC1;2;36;13;6;1;sans objet;1;sans objet;sans objet;sans objet;2;sans objet;sans objet;sans objet;sans objet;4;3;sans objet;3;sans objet;3;sans objet;1;2;2;sans objet;2;sans objet;1;1;2;sans objet;1;2;2;2;1;2;2;1;2;2;sans objet;2;sans objet;sans objet;sans objet;sans objet;7;2;2;1;2;6;sans objet;sans objet;sans objet;sans objet;sans objet;sans objet;sans objet;3;1;1;6;1;1;sans objet;sans objet;sans objet;sans objet;2;sans objet;sans objet;sans objet;sans objet;4;3;5;2013-12-13; 08:15;4;2;3;2;sans objet;sans objet;sans objet;sans objet;6;5;4
ENS_275;EM13AEI081;SDC1;2;56;33;13;1;sans objet;1;sans objet;sans objet;sans objet;1;NA;NA;NA;1;1;1;1;2;sans objet;1;2;1;2;2;sans objet;1;2;1;3;2;sans objet;2;1;2;2;1;2;2;1;2;2;sans objet;1;NA;NA;NA;1;5;1;sans objet;sans objet;1;sans objet;2;2;2;2;2;2;sans objet;3;2;1;4;1;3;sans objet;sans objet;sans objet;sans objet;1;NA;NA;NA;1;6;2;5;2013-12-19; 09:00;5;2;4;1;NA;NA;NA;1;5;4;3
ENS_276;EM13AEI081;SDC2;2;51;33;6;1;sans objet;3;2;4;2;2;sans objet;sans objet;sans objet;sans objet;2;1;2;3;sans objet;1;3;3;sans objet;2;sans objet;2;sans objet;1;1;2;sans objet;1;2;2;2;1;2;2;1;2;2;sans objet;2;sans objet;sans objet;sans objet;sans objet;4;3;2;1;1;sans objet;2;1;2;2;2;2;sans objet;3;1;1;3;3;3;sans objet;sans objet;sans objet;sans objet;2;sans objet;sans objet;sans objet;sans objet;7;3;3;2013-12-20; 14:15;4;1;NA;2;sans objet;sans objet;sans objet;sans objet;4;4;6
ENS_277;EE73SPE014;SDC1;2;59;36;11;1;sans objet;1;sans objet;sans objet;sans objet;1;10;7;2;1;4;2;sans objet;2;sans objet;1;1;3;sans objet;2;sans objet;1;2;1;2;1;4;1;2;2;2;1;2;2;1;2;2;sans objet;1;10;6;3;1;5;3;2;1;3;4;sans objet;sans objet;sans objet;sans objet;sans objet;sans objet;sans objet;3;3;1;4;3;1;sans objet;sans objet;sans objet;sans objet;1;9;8;2;1;4;2;5;2014-01-28; 12:15;4;2;3;1;4;12;3;1;5;4;3
ENS_278;EE73SPE014;SDC2;2;51;26;6;1;sans objet;2;1;2;2;2;sans objet;sans objet;sans objet;sans objet;5;2;sans objet;2;sans objet;1;2;2;sans objet;2;sans objet;2;sans objet;1;1;2;sans objet;2;1;2;2;1;2;2;1;2;1;4;2;sans objet;sans objet;sans objet;sans objet;7;1;sans objet;sans objet;3;6;sans objet;sans objet;sans objet;sans objet;sans objet;sans objet;sans objet;3;1;1;5;1;1;sans objet;sans objet;sans objet;sans objet;2;sans objet;sans objet;sans objet;sans objet;5;1;5;2014-01-23; 11:45;4;1;NA;2;sans objet;sans objet;sans objet;sans objet;6;4;5
ENS_279;EM74BLM088;SDC1;2;33;10;6;1;sans objet;2;1;5;1;2;sans objet;sans objet;sans objet;sans objet;1;2;sans objet;1;2;1;2;2;sans objet;2;sans objet;2;sans objet;1;3;2;sans objet;2;2;1;2;1;2;2;1;2;2;sans objet;2;sans objet;sans objet;sans objet;sans objet;7;2;2;1;2;6;sans objet;sans objet;sans objet;sans objet;sans objet;sans objet;sans objet;3;1;1;6;1;1;sans objet;sans objet;sans objet;sans objet;2;sans objet;sans objet;sans objet;sans objet;6;2;3;2014-01-17; 12:30;7;1;NA;2;sans objet;sans objet;sans objet;sans objet;5;5;5
ENS_280;EM67STG085;SDC1;2;28;5;2;1;sans objet;2;3;3;2;2;sans objet;sans objet;sans objet;sans objet;6;1;1;2;sans objet;2;sans objet;2;sans objet;2;sans objet;2;sans objet;1;1;1;2;2;1;2;2;1;2;2;1;2;1;1;2;sans objet;sans objet;sans objet;sans objet;4;2;1;2;2;6;sans objet;sans objet;sans objet;sans objet;sans objet;sans objet;sans objet;3;1;1;5;1;1;sans objet;sans objet;sans objet;sans objet;2;sans objet;sans objet;sans objet;sans objet;5;2;5;2014-01-28; 09:45;4;1;NA;2;sans objet;sans objet;sans objet;sans objet;5;3;5
ENS_281;EM67STG085;SDC2;2;50;27;10;1;sans objet;2;1;2;2;2;sans objet;sans objet;sans objet;sans objet;5;2;sans objet;2;sans objet;1;1;2;sans objet;2;sans objet;1;2;1;3;2;sans objet;2;1;2;2;1;2;2;1;2;1;2;2;sans objet;sans objet;sans objet;sans objet;5;3;1;2;2;4;sans objet;sans objet;sans objet;sans objet;sans objet;sans objet;sans objet;4;1;1;5;1;1;sans objet;sans objet;sans objet;sans objet;2;sans objet;sans objet;sans objet;sans objet;4;3;4;2014-01-28; 08:40;3;3;2;2;sans objet;sans objet;sans objet;sans objet;5;4;5
ENS_282;EE14CSS036;SDC1;2;55;34;12;2;"lundiMAT;mardiMAT;mardiPM;jeuMAT;jeuPM;venMAT;venPM";1;sans objet;sans objet;sans objet;2;sans objet;sans objet;sans objet;sans objet;5;1;2;2;sans objet;1;1;2;sans objet;2;sans objet;1;2;1;3;2;sans objet;1;2;2;2;2;1;2;1;2;2;sans objet;2;sans objet;sans objet;sans objet;sans objet;4;4;2;3;3;5;sans objet;sans objet;sans objet;sans objet;sans objet;sans objet;sans objet;4;3;2;4;1;1;sans objet;sans objet;sans objet;sans objet;2;sans objet;sans objet;sans objet;sans objet;5;2;5;2014-01-28; 12:15;4;1;NA;2;sans objet;sans objet;sans objet;sans objet;5;4;4
ENS_283;EE14CSS036;SDC2;2;43;20;5;NA;sans objet;1;sans objet;sans objet;sans objet;2;sans objet;sans objet;sans objet;sans objet;5;1;1;2;sans objet;1;1;2;sans objet;2;sans objet;2;sans objet;1;1;2;sans objet;2;2;1;2;1;2;2;1;2;2;sans objet;2;sans objet;sans objet;sans objet;sans objet;5;2;2;2;2;7;sans objet;sans objet;sans objet;sans objet;sans objet;sans objet;sans objet;3;3;1;3;3;1;sans objet;sans objet;sans objet;sans objet;2;sans objet;sans objet;sans objet;sans objet;4;1;7;2014-01-28; 17:00;5;1;NA;2;sans objet;sans objet;sans objet;sans objet;7;3;5
ENS_284;EE14CSS036;SDC1;1;27;6;1;2;"lundiMAT;lundiPM;";1;sans objet;sans objet;sans objet;2;sans objet;sans objet;sans objet;sans objet;7;2;sans objet;2;sans objet;2;sans objet;3;sans objet;2;sans objet;2;sans objet;2;sans objet;2;sans objet;2;1;NA;2;1;NA;NA;NA;NA;2;sans objet;2;sans objet;sans objet;sans objet;sans objet;4;1;sans objet;sans objet;1;sans objet;1;2;2;2;2;2;sans objet;4;4;2;6;1;1;sans objet;sans objet;sans objet;sans objet;2;sans objet;sans objet;sans objet;sans objet;4;1;6;2014-01-27; 13:15;4;1;NA;2;sans objet;sans objet;sans objet;sans objet;4;4;4
ENS_285;EM73LMB094;SDC3;2;45;13;5;2;"lundiMAT;jeuMAT;jeuPM;venMAT;venPM";2;1;NA;1;2;sans objet;sans objet;sans objet;sans objet;2;3;sans objet;3;sans objet;1;2;3;sans objet;2;sans objet;2;sans objet;1;2;2;sans objet;2;1;2;2;1;2;2;2;1;2;sans objet;2;sans objet;sans objet;sans objet;sans objet;5;3;2;1;3;5;sans objet;sans objet;sans objet;sans objet;sans objet;sans objet;sans objet;3;1;1;4;2;1;sans objet;sans objet;sans objet;sans objet;2;sans objet;sans objet;sans objet;sans objet;6;1;6;2014-02-06; 16:30;6;1;NA;2;sans objet;sans objet;sans objet;sans objet;5;4;6
ENS_286;EM73LMB094;SDC3;2;35;10;1;2;"lundiMAT;lundiPM;mardiMAT;mardiPM;";2;2;7;2;2;sans objet;sans objet;sans objet;sans objet;4;2;sans objet;2;sans objet;2;sans objet;2;sans objet;2;sans objet;2;sans objet;1;1;2;sans objet;2;1;2;2;1;2;2;1;2;1;1;2;sans objet;sans objet;sans objet;sans objet;5;2;2;1;3;6;sans objet;sans objet;sans objet;sans objet;sans objet;sans objet;sans objet;4;2;1;6;1;1;sans objet;sans objet;sans objet;sans objet;2;sans objet;sans objet;sans objet;sans objet;4;1;5;2014-02-03; 14:25;2;1;NA;2;sans objet;sans objet;sans objet;sans objet;4;4;2
ENS_287;EM73LMB094;SDC1;2;34;9;6;1;sans objet;1;sans objet;sans objet;sans objet;2;sans objet;sans objet;sans objet;sans objet;2;1;2;2;sans objet;2;sans objet;3;sans objet;2;sans objet;2;sans objet;2;sans objet;2;sans objet;2;1;2;2;1;2;2;1;2;2;sans objet;2;sans objet;sans objet;sans objet;sans objet;3;2;1;2;2;3;sans objet;sans objet;sans objet;sans objet;sans objet;sans objet;sans objet;4;1;1;4;1;1;sans objet;sans objet;sans objet;sans objet;2;sans objet;sans objet;sans objet;sans objet;6;1;1;2014-02-16; 16:30;6;1;NA;2;sans objet;sans objet;sans objet;sans objet;5;4;5
ENS_288;EM73LMB094;SDC2;2;43;23;5;1;sans objet;1;sans objet;sans objet;sans objet;2;sans objet;sans objet;sans objet;sans objet;3;1;1;2;sans objet;2;sans objet;2;sans objet;2;sans objet;2;sans objet;1;2;2;sans objet;2;1;2;2;1;2;2;1;2;2;sans objet;2;sans objet;sans objet;sans objet;sans objet;5;4;3;2;3;5;sans objet;sans objet;sans objet;sans objet;sans objet;sans objet;sans objet;4;1;1;4;1;1;sans objet;sans objet;sans objet;sans objet;2;sans objet;sans objet;sans objet;sans objet;6;1;7;2014-02-06; 16:30;6;1;NA;2;sans objet;sans objet;sans objet;sans objet;6;2;5
ENS_289;EM73LMU021;SDC1;2;42;18;1;1;sans objet;3;2;4;1;2;sans objet;sans objet;sans objet;sans objet;2;3;sans objet;3;sans objet;1;1;3;sans objet;2;sans objet;2;sans objet;2;sans objet;2;sans objet;1;2;2;1;2;2;2;1;2;2;sans objet;2;sans objet;sans objet;sans objet;sans objet;6;3;1;2;1;sans objet;2;1;2;2;2;2;sans objet;3;1;1;4;1;1;sans objet;sans objet;sans objet;sans objet;2;sans objet;sans objet;sans objet;sans objet;4;1;5;2014-01-31; 12:35;4;2;3;2;sans objet;sans objet;sans objet;sans objet;4;4;6
ENS_290;EE14SAB087;SDC1;2;32;3;1;1;sans objet;3;1;3;3;1;3;17;8;1;2;3;sans objet;3;sans objet;3;sans objet;3;sans objet;3;sans objet;1;1;1;1;2;sans objet;1;2;2;2;1;2;2;1;2;2;sans objet;1;0;3;25;1;5;4;1;4;4;5;sans objet;sans objet;sans objet;sans objet;sans objet;sans objet;sans objet;3;2;2;4;2;2;sans objet;sans objet;sans objet;sans objet;2;sans objet;sans objet;sans objet;sans objet;6;4;3;2014-02-06; 14:00;7;1;NA;2;sans objet;sans objet;sans objet;sans objet;3;4;2
ENS_291;EM67MEB083;SDC1;2;36;12;9;2;"lundiMAT;lundiPM;jeuMAT;jeuPM;venMAT;venPM";1;sans objet;sans objet;sans objet;1;3;20;2;2;3;2;sans objet;2;sans objet;2;sans objet;1;1;1;1;2;sans objet;1;1;2;sans objet;2;1;2;2;1;2;2;1;2;2;sans objet;1;1;21;3;2;3;3;1;3;3;5;sans objet;sans objet;sans objet;sans objet;sans objet;sans objet;sans objet;3;1;1;5;2;1;sans objet;sans objet;sans objet;sans objet;1;6;16;3;2;5;2;6;2014-02-03; 08:55;5;3;2;1;3;19;3;2;6;4;5
ENS_292;EM67HAF058;SDC1;2;38;15;4;1;sans objet;2;2;2;2;2;sans objet;sans objet;sans objet;sans objet;3;2;sans objet;2;sans objet;1;3;3;sans objet;2;sans objet;2;sans objet;2;sans objet;2;sans objet;2;2;1;2;1;2;2;1;2;2;sans objet;2;sans objet;sans objet;sans objet;sans objet;5;2;1;1;3;6;sans objet;sans objet;sans objet;sans objet;sans objet;sans objet;sans objet;3;1;1;6;1;1;sans objet;sans objet;sans objet;sans objet;1;6;1;1;2;4;3;4;2014-02-14; 16:00;4;2;2;2;sans objet;sans objet;sans objet;sans objet;6;3;6
ENS_293;EM67HAF058;SDC2;2;56;36;28;2;"lundiMAT;lundiPM;mardiMAT;mardiPM;jeuMAT;jeuPM;";2;2;2;4;2;sans objet;sans objet;sans objet;sans objet;3;1;2;2;sans objet;1;2;3;sans objet;2;sans objet;1;2;1;3;2;sans objet;2;2;1;2;1;2;2;1;2;2;sans objet;2;sans objet;sans objet;sans objet;sans objet;6;1;sans objet;sans objet;2;6;sans objet;sans objet;sans objet;sans objet;sans objet;sans objet;sans objet;3;3;2;5;2;1;sans objet;sans objet;sans objet;sans objet;2;sans objet;sans objet;sans objet;sans objet;4;3;4;2014-02-13; 13:40;4;2;3;2;sans objet;sans objet;sans objet;sans objet;5;2;5
ENS_294;EM67HAF058;SDC3;2;52;25;17;1;sans objet;2;1;5;1;2;sans objet;sans objet;sans objet;sans objet;3;1;2;2;sans objet;1;2;2;sans objet;1;2;1;2;1;3;2;sans objet;2;1;2;2;2;1;1;2;2;1;2;2;sans objet;sans objet;sans objet;sans objet;5;2;1;2;3;5;sans objet;sans objet;sans objet;sans objet;sans objet;sans objet;sans objet;3;1;1;5;2;1;sans objet;sans objet;sans objet;sans objet;2;sans objet;sans objet;sans objet;sans objet;5;2;5;2014-02-13; 14:26;4;2;3;2;sans objet;sans objet;sans objet;sans objet;4;3;3
ENS_295;EE13BOC002;SDC2;1;57;24;4;1;sans objet;2;3;3;2;2;sans objet;sans objet;sans objet;sans objet;4;2;sans objet;1;3;2;sans objet;1;2;2;sans objet;1;2;1;2;2;sans objet;2;2;1;2;2;1;2;1;2;2;sans objet;1;0;0;18;1;7;2;1;2;3;7;sans objet;sans objet;sans objet;sans objet;sans objet;sans objet;sans objet;3;1;1;4;2;1;sans objet;sans objet;sans objet;sans objet;2;sans objet;sans objet;sans objet;sans objet;5;1;6;2014-02-07; 08:40;6;2;4;2;sans objet;sans objet;sans objet;sans objet;6;3;5
ENS_297;EE13BOC002;SDC1;1;42;8;1;1;sans objet;1;sans objet;sans objet;sans objet;1;6;14;6;2;3;1;1;2;sans objet;1;2;2;sans objet;2;sans objet;1;2;1;3;2;sans objet;1;2;2;1;2;2;1;2;2;2;sans objet;1;6;10;10;2;3;2;1;2;3;3;sans objet;sans objet;sans objet;sans objet;sans objet;sans objet;sans objet;4;2;2;3;1;1;sans objet;sans objet;sans objet;sans objet;1;8;12;6;2;4;2;5;2014-02-07; 10:00;4;1;NA;1;6;12;8;2;6;4;4
ENS_298;EM91BSK100;SDC1;2;36;13;4;2;"lundiMAT;lundiPM;mardiMAT;mardiPM;";1;sans objet;sans objet;sans objet;2;sans objet;sans objet;sans objet;sans objet;4;1;1;2;sans objet;1;3;3;sans objet;1;3;1;2;1;3;2;sans objet;2;2;1;2;1;2;2;1;2;2;sans objet;2;sans objet;sans objet;sans objet;sans objet;5;3;2;1;2;5;sans objet;sans objet;sans objet;sans objet;sans objet;sans objet;sans objet;3;2;1;4;2;3;sans objet;sans objet;sans objet;sans objet;2;sans objet;sans objet;sans objet;sans objet;4;1;6;2014-02-03; 13:30;4;2;3;2;sans objet;sans objet;sans objet;sans objet;6;4;6
ENS_299;EM91BSK100;SDC1;2;30;7;1;2;"lundiMAT;jeuMAT;jeuPM;venMAT;venPM";1;sans objet;sans objet;sans objet;2;sans objet;sans objet;sans objet;sans objet;4;3;sans objet;2;sans objet;2;sans objet;3;sans objet;1;1;2;sans objet;1;1;2;sans objet;2;1;2;2;1;2;2;1;2;2;sans objet;2;sans objet;sans objet;sans objet;sans objet;4;1;sans objet;sans objet;2;6;sans objet;sans objet;sans objet;sans objet;sans objet;sans objet;sans objet;2;1;1;4;1;1;sans objet;sans objet;sans objet;sans objet;2;sans objet;sans objet;sans objet;sans objet;4;1;6;2014-03-13; 12:00;6;1;NA;2;sans objet;sans objet;sans objet;sans objet;4;4;4
ENS_300;EM91BSK100;SDC2;2;39;16;5;2;"lundiMAT;lundiPM;mardiMAT;mardiPM;";1;sans objet;sans objet;sans objet;2;sans objet;sans objet;sans objet;sans objet;3;1;1;3;sans objet;1;2;3;sans objet;1;2;1;2;1;3;2;sans objet;1;2;2;2;1;2;2;1;2;2;sans objet;2;sans objet;sans objet;sans objet;sans objet;5;2;2;1;2;5;sans objet;sans objet;sans objet;sans objet;sans objet;sans objet;sans objet;4;3;1;2;3;2;sans objet;sans objet;sans objet;sans objet;2;sans objet;sans objet;sans objet;sans objet;4;2;4;2014-02-03; 12:00;4;4;2;2;sans objet;sans objet;sans objet;sans objet;4;2;6
ENS_301;EM91BSK100;SDC2;2;37;14;4;2;"lundiMAT;jeuMAT;jeuPM;venMAT;venPM";1;sans objet;sans objet;sans objet;2;sans objet;sans objet;sans objet;sans objet;4;2;sans objet;3;sans objet;1;2;3;sans objet;1;2;1;2;1;3;2;sans objet;1;2;2;2;1;2;2;1;2;2;sans objet;2;sans objet;sans objet;sans objet;sans objet;4;2;2;2;1;sans objet;2;2;2;2;2;2;sans objet;4;2;2;3;2;1;sans objet;sans objet;sans objet;sans objet;2;sans objet;sans objet;sans objet;sans objet;4;2;5;2014-02-03; 13:20;3;3;2;2;sans objet;sans objet;sans objet;sans objet;4;4;6
ENS_302;EE91ANQ103;SDC1;2;55;36;27;1;sans objet;1;sans objet;sans objet;sans objet;2;sans objet;sans objet;sans objet;sans objet;5;2;sans objet;1;2;1;2;2;sans objet;1;2;2;sans objet;1;3;2;sans objet;2;1;2;2;1;2;2;1;2;2;sans objet;2;sans objet;sans objet;sans objet;sans objet;4;3;1;2;2;7;sans objet;sans objet;sans objet;sans objet;sans objet;sans objet;sans objet;4;1;1;6;1;1;sans objet;sans objet;sans objet;sans objet;2;sans objet;sans objet;sans objet;sans objet;5;2;5;2014-02-11; 08:10;4;1;NA;2;sans objet;sans objet;sans objet;sans objet;6;2;5
ENS_303;EE91ANQ103;SDC2;2;48;22;10;1;sans objet;2;2;1;4;2;sans objet;sans objet;sans objet;sans objet;2;1;3;1;4;2;sans objet;2;sans objet;2;sans objet;1;4;1;5;2;sans objet;2;1;2;2;1;2;2;1;2;2;sans objet;2;sans objet;sans objet;sans objet;sans objet;4;3;2;2;4;7;sans objet;sans objet;sans objet;sans objet;sans objet;sans objet;sans objet;4;1;1;5;1;1;sans objet;sans objet;sans objet;sans objet;2;sans objet;sans objet;sans objet;sans objet;4;2;5;2014-02-11; 08:30;4;3;1;2;sans objet;sans objet;sans objet;sans objet;3;4;2
ENS_304;EE13ORA001;SDC1;1;39;13;8;1;sans objet;1;sans objet;sans objet;sans objet;2;sans objet;sans objet;sans objet;sans objet;3;1;1;2;sans objet;1;2;3;sans objet;2;sans objet;1;2;1;3;1;4;1;2;2;1;2;2;2;1;2;2;sans objet;2;sans objet;sans objet;sans objet;sans objet;6;3;3;2;4;4;sans objet;sans objet;sans objet;sans objet;sans objet;sans objet;sans objet;4;3;2;1;4;3;sans objet;sans objet;sans objet;sans objet;2;sans objet;sans objet;sans objet;sans objet;6;3;5;2014-02-17; 14:00;7;2;4;2;sans objet;sans objet;sans objet;sans objet;4;2;6
ENS_305;EE13ORA001;SDC2;1;41;12;1;1;sans objet;1;sans objet;sans objet;sans objet;2;sans objet;sans objet;sans objet;sans objet;6;2;sans objet;2;sans objet;1;3;2;sans objet;2;sans objet;1;3;1;2;2;sans objet;2;1;2;2;1;2;2;1;2;2;sans objet;2;sans objet;sans objet;sans objet;sans objet;4;3;1;3;3;6;sans objet;sans objet;sans objet;sans objet;sans objet;sans objet;sans objet;3;1;2;4;2;3;sans objet;sans objet;sans objet;sans objet;2;sans objet;sans objet;sans objet;sans objet;4;2;6;2014-02-20; 17:00;5;1;NA;2;sans objet;sans objet;sans objet;sans objet;5;3;4
ENS_306;EM14CAY104;SDC1;2;30;8;1;2;"lundiMAT;lundiPM;mardiMAT;mardiPM;merMAT;jeuMAT;jeuPM;";2;2;2;2;2;sans objet;sans objet;sans objet;sans objet;5;2;sans objet;1;1;1;2;2;sans objet;2;sans objet;1;2;1;3;2;sans objet;2;1;2;2;2;1;2;2;1;2;sans objet;2;sans objet;sans objet;sans objet;sans objet;4;3;1;1;3;6;sans objet;sans objet;sans objet;sans objet;sans objet;sans objet;sans objet;3;1;1;6;1;1;sans objet;sans objet;sans objet;sans objet;2;sans objet;sans objet;sans objet;sans objet;6;2;5;2014-02-18; 16:10;4;4;2;2;sans objet;sans objet;sans objet;sans objet;6;3;NA
ENS_307;EM14CAY104;SDC1;1;55;34;4;2;"lundiMAT;venMAT;venPM";1;sans objet;sans objet;sans objet;2;sans objet;sans objet;sans objet;sans objet;4;1;1;1;1;1;1;1;1;2;sans objet;2;sans objet;1;1;1;1;2;1;2;2;1;2;2;1;2;2;sans objet;2;sans objet;sans objet;sans objet;sans objet;4;1;sans objet;sans objet;2;5;sans objet;sans objet;sans objet;sans objet;sans objet;sans objet;sans objet;3;1;1;5;1;1;sans objet;sans objet;sans objet;sans objet;2;sans objet;sans objet;sans objet;sans objet;4;3;5;2014-02-21; 15:05;5;1;NA;2;sans objet;sans objet;sans objet;sans objet;NA;NA;NA
ENS_308;EM14CAY104;SDC2;2;29;5;1;1;sans objet;1;sans objet;sans objet;sans objet;2;sans objet;sans objet;sans objet;sans objet;2;1;2;1;2;1;2;1;2;2;sans objet;1;2;1;1;2;sans objet;2;1;2;2;1;2;2;1;2;2;sans objet;2;sans objet;sans objet;sans objet;sans objet;4;1;sans objet;sans objet;1;sans objet;1;2;2;2;2;2;sans objet;4;2;1;3;1;1;sans objet;sans objet;sans objet;sans objet;2;sans objet;sans objet;sans objet;sans objet;2;3;2;2014-03-21; 17:30;4;1;NA;2;sans objet;sans objet;sans objet;sans objet;2;5;3
ENS_309;EM37BOD091;SDC2;2;50;30;3;1;sans objet;1;sans objet;sans objet;sans objet;2;sans objet;sans objet;sans objet;sans objet;5;1;1;1;1;1;2;3;sans objet;1;1;1;1;1;1;2;sans objet;2;2;1;2;2;1;2;2;1;2;sans objet;2;sans objet;sans objet;sans objet;sans objet;5;4;1;2;2;5;sans objet;sans objet;sans objet;sans objet;sans objet;sans objet;sans objet;2;2;1;4;2;3;sans objet;sans objet;sans objet;sans objet;2;sans objet;sans objet;sans objet;sans objet;5;2;5;2014-01-31; 15:30;5;1;NA;2;sans objet;sans objet;sans objet;sans objet;5;2;2
ENS_310;EM37BOD091;SDC1;2;24;1;1;1;sans objet;1;sans objet;sans objet;sans objet;2;sans objet;sans objet;sans objet;sans objet;4;2;sans objet;1;2;1;2;2;sans objet;1;2;2;sans objet;1;1;2;sans objet;2;1;2;2;1;2;2;1;2;2;sans objet;2;sans objet;sans objet;sans objet;sans objet;5;3;2;1;2;7;sans objet;sans objet;sans objet;sans objet;sans objet;sans objet;sans objet;3;1;1;5;1;1;sans objet;sans objet;sans objet;sans objet;2;sans objet;sans objet;sans objet;sans objet;5;2;6;2014-02-04; 17:00;4;2;4;2;sans objet;sans objet;sans objet;sans objet;6;4;6
ENS_311;EE37LUV093;SDC1;2;26;3;2;1;sans objet;2;3;3;3;2;sans objet;sans objet;sans objet;sans objet;5;1;2;2;sans objet;1;2;3;sans objet;2;sans objet;2;sans objet;2;sans objet;2;sans objet;2;1;2;2;2;1;2;1;2;2;sans objet;2;sans objet;sans objet;sans objet;sans objet;4;2;1;1;4;6;sans objet;sans objet;sans objet;sans objet;sans objet;sans objet;sans objet;3;1;1;4;2;3;sans objet;sans objet;sans objet;sans objet;2;sans objet;sans objet;sans objet;sans objet;6;2;7;2014-02-10; 16:30;5;1;NA;1;0;0;22;1;4;3;3
ENS_312;EE37LUV093;SDC2;1;45;10;10;1;sans objet;2;1;3;2;2;sans objet;sans objet;sans objet;sans objet;4;2;sans objet;2;sans objet;2;sans objet;2;sans objet;2;sans objet;2;sans objet;2;sans objet;2;sans objet;1;2;2;1;2;2;2;1;2;2;sans objet;2;sans objet;sans objet;sans objet;sans objet;6;2;1;1;4;6;sans objet;sans objet;sans objet;sans objet;sans objet;sans objet;sans objet;2;1;2;6;1;1;sans objet;sans objet;sans objet;sans objet;2;sans objet;sans objet;sans objet;sans objet;4;2;7;2014-02-18; 12:15;4;1;NA;2;sans objet;sans objet;sans objet;sans objet;7;4;5
ENS_313;EM73CSA098;SDC1;2;42;13;9;2;"lundiMAT;lundiPM;mardiMAT;mardiPM;jeuMAT;jeuPM;";2;2;3;2;2;sans objet;sans objet;sans objet;sans objet;4;2;sans objet;1;1;1;1;2;sans objet;1;1;2;sans objet;1;1;2;sans objet;2;1;2;2;1;2;2;1;2;2;sans objet;2;sans objet;sans objet;sans objet;sans objet;4;2;2;1;2;5;sans objet;sans objet;sans objet;sans objet;sans objet;sans objet;sans objet;4;1;1;5;1;1;sans objet;sans objet;sans objet;sans objet;2;sans objet;sans objet;sans objet;sans objet;4;2;5;2014-02-20; 16:30;4;1;NA;2;sans objet;sans objet;sans objet;sans objet;4;4;5
ENS_314;EM73CSA098;SDC1;2;32;10;2;2;"lundiMAT;venMAT;venPM";2;2;3;3;2;sans objet;sans objet;sans objet;sans objet;4;2;sans objet;1;1;1;1;2;sans objet;1;1;2;sans objet;1;1;2;sans objet;2;1;2;2;1;2;2;1;2;2;sans objet;2;sans objet;sans objet;sans objet;sans objet;5;1;sans objet;sans objet;2;5;sans objet;sans objet;sans objet;sans objet;sans objet;sans objet;sans objet;4;1;1;6;1;1;sans objet;sans objet;sans objet;sans objet;2;sans objet;sans objet;sans objet;sans objet;4;2;5;2014-02-21; 14:00;3;1;NA;2;sans objet;sans objet;sans objet;sans objet;5;4;5
ENS_315;EM73CSA098;SDC2;2;38;15;8;1;sans objet;3;3;1;4;2;sans objet;sans objet;sans objet;sans objet;5;2;sans objet;2;sans objet;1;3;2;sans objet;2;sans objet;2;sans objet;2;sans objet;2;sans objet;2;1;2;2;1;2;2;1;2;2;sans objet;2;sans objet;sans objet;sans objet;sans objet;7;1;sans objet;sans objet;3;6;sans objet;sans objet;sans objet;sans objet;sans objet;sans objet;sans objet;3;3;1;4;3;1;sans objet;sans objet;sans objet;sans objet;2;sans objet;sans objet;sans objet;sans objet;6;3;4;2014-02-17; 13:55;5;3;3;2;sans objet;sans objet;sans objet;sans objet;4;2;4
ENS_316;EM37SPR076;SDC2;2;29;7;1;1;sans objet;1;sans objet;sans objet;sans objet;1;13;6;1;2;4;2;sans objet;2;sans objet;1;2;3;sans objet;2;sans objet;1;3;1;3;2;sans objet;2;1;2;2;1;2;2;1;2;2;sans objet;1;13;3;4;2;4;2;2;1;2;7;sans objet;sans objet;sans objet;sans objet;sans objet;sans objet;sans objet;3;1;1;5;1;1;sans objet;sans objet;sans objet;sans objet;1;13;4;3;2;4;2;5;2014-02-17; 12:30;4;1;NA;1;13;1;6;2;6;4;4
ENS_317;EM37SPR076;SDC1;2;36;13;7;1;sans objet;2;2;4;1;2;sans objet;sans objet;sans objet;sans objet;3;3;sans objet;3;sans objet;1;1;2;sans objet;2;sans objet;1;1;1;2;2;sans objet;2;1;2;2;1;2;2;1;2;2;sans objet;2;sans objet;sans objet;sans objet;sans objet;4;3;2;2;2;7;sans objet;sans objet;sans objet;sans objet;sans objet;sans objet;sans objet;3;1;1;6;1;1;sans objet;sans objet;sans objet;sans objet;2;sans objet;sans objet;sans objet;sans objet;6;2;4;2014-02-21; 16:55;4;2;3;2;sans objet;sans objet;sans objet;sans objet;7;2;6
ENS_318;EE74ANX015;SDC2;2;23;1;1;1;sans objet;2;1;4;1;2;sans objet;sans objet;sans objet;sans objet;3;1;1;2;sans objet;2;sans objet;2;sans objet;2;sans objet;2;sans objet;1;2;2;sans objet;2;1;2;2;1;2;2;1;2;2;sans objet;2;sans objet;sans objet;sans objet;sans objet;6;4;1;1;4;6;sans objet;sans objet;sans objet;sans objet;sans objet;sans objet;sans objet;4;1;1;4;1;1;sans objet;sans objet;sans objet;sans objet;2;sans objet;sans objet;sans objet;sans objet;6;2;5;NA;NA;NA;1;NA;2;sans objet;sans objet;sans objet;sans objet;4;3;3
ENS_319;EE74ANX015;SDC1;2;29;1;1;2;"lundiMAT;lundiPM;";1;sans objet;sans objet;sans objet;2;sans objet;sans objet;sans objet;sans objet;3;1;1;1;1;2;sans objet;2;sans objet;2;sans objet;2;sans objet;1;1;2;sans objet;2;1;2;2;1;2;2;1;2;2;sans objet;2;sans objet;sans objet;sans objet;sans objet;7;4;1;2;3;7;sans objet;sans objet;sans objet;sans objet;sans objet;sans objet;sans objet;3;2;1;4;2;1;sans objet;sans objet;sans objet;sans objet;2;sans objet;sans objet;sans objet;sans objet;5;3;4;2014-04-24; 16:15;3;1;NA;2;sans objet;sans objet;sans objet;sans objet;5;4;3
ENS_320;EE74ANX015;SDC1;2;50;26;NA;1;sans objet;1;sans objet;sans objet;sans objet;2;sans objet;sans objet;sans objet;sans objet;2;1;2;2;sans objet;1;1;2;sans objet;2;sans objet;2;sans objet;2;sans objet;2;sans objet;2;2;1;2;1;2;2;1;2;2;sans objet;2;sans objet;sans objet;sans objet;sans objet;6;3;1;2;4;5;sans objet;sans objet;sans objet;sans objet;sans objet;sans objet;sans objet;3;2;2;3;2;1;sans objet;sans objet;sans objet;sans objet;2;sans objet;sans objet;sans objet;sans objet;5;2;5;2014-02-27; 17:00;5;2;4;2;sans objet;sans objet;sans objet;sans objet;3;2;3
ENS_321;EE94ISF090;SDC1;2;50;28;10;1;sans objet;1;sans objet;sans objet;sans objet;2;sans objet;sans objet;sans objet;sans objet;6;2;sans objet;2;sans objet;1;2;2;sans objet;2;sans objet;2;sans objet;2;sans objet;2;sans objet;2;1;2;2;1;2;2;1;2;1;1;2;sans objet;sans objet;sans objet;sans objet;4;3;2;2;2;5;sans objet;sans objet;sans objet;sans objet;sans objet;sans objet;sans objet;4;3;2;4;1;1;sans objet;sans objet;sans objet;sans objet;2;sans objet;sans objet;sans objet;sans objet;4;1;5;2014-03-21; 15:30;4;1;NA;2;sans objet;sans objet;sans objet;sans objet;5;4;4
ENS_322;EE94ISF090;SDC2;2;31;5;3;1;sans objet;2;1;3;2;2;sans objet;sans objet;sans objet;sans objet;4;1;1;2;sans objet;1;2;2;sans objet;2;sans objet;1;3;1;3;2;sans objet;2;1;2;2;2;1;2;1;2;2;sans objet;1;NA;NA;NA;1;5;2;2;2;2;3;sans objet;sans objet;sans objet;sans objet;sans objet;sans objet;sans objet;4;1;1;4;2;1;sans objet;sans objet;sans objet;sans objet;2;sans objet;sans objet;sans objet;sans objet;6;2;4;2014-03-20; 17:00;6;2;3;2;sans objet;sans objet;sans objet;sans objet;5;3;4
ENS_323;EE13MAH102;SDC1;2;27;7;1;1;sans objet;1;sans objet;sans objet;sans objet;1;1;6;15;2;2;2;sans objet;1;2;1;3;2;sans objet;1;4;1;4;1;5;2;sans objet;1;2;2;1;2;2;1;2;2;2;sans objet;1;0;1;21;2;4;3;2;2;3;4;sans objet;sans objet;sans objet;sans objet;sans objet;sans objet;sans objet;4;4;1;3;5;1;sans objet;sans objet;sans objet;sans objet;1;11;2;9;2;5;3;4;2014-03-17; 15:20;6;4;1;1;2;4;16;2;3;2;2
ENS_324;EE13MAH102;SDC2;2;40;6;5;1;sans objet;1;sans objet;sans objet;sans objet;2;sans objet;sans objet;sans objet;sans objet;5;2;sans objet;1;2;2;sans objet;2;sans objet;2;sans objet;1;2;1;2;1;3;2;1;2;2;1;2;2;1;2;2;sans objet;2;sans objet;sans objet;sans objet;sans objet;4;1;sans objet;sans objet;2;6;sans objet;sans objet;sans objet;sans objet;sans objet;sans objet;sans objet;4;1;1;5;1;1;sans objet;sans objet;sans objet;sans objet;2;sans objet;sans objet;sans objet;sans objet;4;2;5;2014-03-17; 16:00;4;1;NA;2;sans objet;sans objet;sans objet;sans objet;5;2;3
ENS_325;EM91CEU105;SDC1;2;50;15;6;1;sans objet;2;2;3;3;2;sans objet;sans objet;sans objet;sans objet;3;2;sans objet;1;3;1;1;1;1;2;sans objet;1;3;1;4;2;sans objet;1;2;2;1;2;2;2;1;2;2;sans objet;2;sans objet;sans objet;sans objet;sans objet;3;1;sans objet;sans objet;2;5;sans objet;sans objet;sans objet;sans objet;sans objet;sans objet;sans objet;4;1;2;4;3;2;sans objet;sans objet;sans objet;sans objet;2;sans objet;sans objet;sans objet;sans objet;6;1;4;2014-03-14; 14:05;6;1;NA;2;sans objet;sans objet;sans objet;sans objet;5;2;3
ENS_326;EM91CEU105;SDC2;2;45;10;10;1;sans objet;2;1;3;1;2;sans objet;sans objet;sans objet;sans objet;3;2;sans objet;2;sans objet;1;2;1;1;2;sans objet;1;2;1;2;2;sans objet;2;1;2;2;1;2;2;1;2;2;sans objet;2;sans objet;sans objet;sans objet;sans objet;1;1;sans objet;sans objet;1;sans objet;2;1;2;2;2;2;sans objet;3;1;1;1;1;1;sans objet;sans objet;sans objet;sans objet;2;sans objet;sans objet;sans objet;sans objet;3;2;3;2014-03-13; 12:00;4;1;NA;2;sans objet;sans objet;sans objet;sans objet;5;4;6
ENS_327;EE91GRC109;SDC1;2;28;5;3;2;"lundiMAT;lundiPM;mardiMAT;mardiPM;venMAT;venPM";2;1;3;2;2;sans objet;sans objet;sans objet;sans objet;3;1;2;2;sans objet;1;2;2;sans objet;2;sans objet;1;2;1;3;2;sans objet;2;2;1;2;2;1;2;2;1;2;sans objet;2;sans objet;sans objet;sans objet;sans objet;4;1;sans objet;sans objet;2;6;sans objet;sans objet;sans objet;sans objet;sans objet;sans objet;sans objet;4;2;2;4;2;1;sans objet;sans objet;sans objet;sans objet;2;sans objet;sans objet;sans objet;sans objet;4;2;5;2014-03-21; 17:00;4;2;3;2;sans objet;sans objet;sans objet;sans objet;3;3;2
ENS_328;EE91GRC109;SDC2;2;24;2;1;1;sans objet;2;1;4;2;1;11;11;4;2;4;2;sans objet;2;sans objet;2;sans objet;2;sans objet;2;sans objet;1;5;1;5;2;sans objet;2;1;2;2;1;2;2;1;2;2;sans objet;1;1;8;17;2;3;3;2;2;3;5;sans objet;sans objet;sans objet;sans objet;sans objet;sans objet;sans objet;3;1;1;6;1;3;sans objet;sans objet;sans objet;sans objet;1;20;1;5;2;4;3;4;2014-03-21; 18:00;4;1;NA;1;0;10;16;2;4;4;3
ENS_329;EM94CRP092;SDC1;2;36;8;3;1;sans objet;1;sans objet;sans objet;sans objet;2;sans objet;sans objet;sans objet;sans objet;1;1;3;2;sans objet;1;2;2;sans objet;2;sans objet;1;3;1;4;2;sans objet;NA;NA;NA;NA;NA;NA;2;1;2;2;sans objet;2;sans objet;sans objet;sans objet;sans objet;4;4;2;1;3;3;sans objet;sans objet;sans objet;sans objet;sans objet;sans objet;sans objet;3;1;1;4;1;1;sans objet;sans objet;sans objet;sans objet;2;sans objet;sans objet;sans objet;sans objet;7;2;1;2014-04-03;NA;7;1;NA;2;sans objet;sans objet;sans objet;sans objet;3;1;2
ENS_330;EM94CRP092;SDC2;2;40;7;3;2;"lundiMAT;lundiPM;jeuMAT;jeuPM;venMAT;venPM";2;1;4;1;1;NA;NA;NA;NA;3;2;sans objet;2;sans objet;1;2;1;2;2;sans objet;1;2;1;2;2;sans objet;2;1;2;2;1;2;2;1;2;2;sans objet;NA;sans objet;sans objet;sans objet;sans objet;4;2;2;1;2;5;sans objet;sans objet;sans objet;sans objet;sans objet;sans objet;sans objet;3;1;1;5;1;1;sans objet;sans objet;sans objet;sans objet;NA;sans objet;sans objet;sans objet;sans objet;6;1;5;2014-03-31; 15:15;6;1;NA;NA;sans objet;sans objet;sans objet;sans objet;5;4;3
ENS_331;EM94CRP092;SDC2;2;34;5;1;2;"mardiMAT;mardiPM;";1;sans objet;sans objet;sans objet;1;NA;NA;NA;1;3;1;3;2;sans objet;1;3;2;sans objet;2;sans objet;2;sans objet;1;2;2;sans objet;2;2;1;2;1;2;2;1;2;2;sans objet;1;0;23;0;1;4;2;2;2;3;6;sans objet;sans objet;sans objet;sans objet;sans objet;sans objet;sans objet;4;2;1;6;2;1;sans objet;sans objet;sans objet;sans objet;1;0;23;0;1;6;3;6;2014-04-01; 08:00;4;1;NA;1;0;23;0;1;4;3;5
ENS_332;EM74VON072;SDC1;2;22;1;1;2;"lundiMAT;lundiPM;";1;sans objet;sans objet;sans objet;2;sans objet;sans objet;sans objet;sans objet;4;2;sans objet;2;sans objet;1;1;3;sans objet;2;sans objet;1;2;1;2;2;sans objet;2;1;2;2;1;2;2;1;2;2;sans objet;2;sans objet;sans objet;sans objet;sans objet;4;2;2;1;3;6;sans objet;sans objet;sans objet;sans objet;sans objet;sans objet;sans objet;2;1;1;4;1;3;sans objet;sans objet;sans objet;sans objet;2;sans objet;sans objet;sans objet;sans objet;6;1;5;2014-03-17; 16:45;6;2;5;2;sans objet;sans objet;sans objet;sans objet;4;3;5
ENS_333;EM74VON072;SDC2;2;34;10;2;1;sans objet;1;sans objet;sans objet;sans objet;2;sans objet;sans objet;sans objet;sans objet;2;2;sans objet;2;sans objet;1;1;2;sans objet;1;1;2;sans objet;1;1;2;sans objet;2;1;2;2;1;2;2;1;2;2;sans objet;2;sans objet;sans objet;sans objet;sans objet;5;3;1;3;3;6;sans objet;sans objet;sans objet;sans objet;sans objet;sans objet;sans objet;4;1;1;5;2;3;sans objet;sans objet;sans objet;sans objet;2;sans objet;sans objet;sans objet;sans objet;6;2;4;2014-03-21; 13:00;6;1;NA;2;sans objet;sans objet;sans objet;sans objet;6;2;5
ENS_334;EM74VON072;SDC3;2;38;12;4;1;sans objet;2;1;3;3;2;sans objet;sans objet;sans objet;sans objet;4;2;sans objet;2;sans objet;1;2;2;sans objet;2;sans objet;1;2;1;3;2;sans objet;1;2;2;2;1;2;2;1;2;2;sans objet;2;sans objet;sans objet;sans objet;sans objet;6;1;sans objet;sans objet;4;5;sans objet;sans objet;sans objet;sans objet;sans objet;sans objet;sans objet;4;1;1;6;1;1;sans objet;sans objet;sans objet;sans objet;2;sans objet;sans objet;sans objet;sans objet;6;3;5;2014-03-18; 15:00;6;1;NA;2;sans objet;sans objet;sans objet;sans objet;4;4;5
ENS_335;EM67GOW056;SDC1;2;54;27;9;2;"lundiMAT;jeuMAT;jeuPM;venMAT;venPM";1;sans objet;sans objet;sans objet;2;sans objet;sans objet;sans objet;sans objet;4;2;sans objet;2;sans objet;2;sans objet;2;sans objet;2;sans objet;2;sans objet;1;1;1;1;2;2;1;2;2;1;2;1;2;2;sans objet;2;sans objet;sans objet;sans objet;sans objet;6;2;1;2;2;5;sans objet;sans objet;sans objet;sans objet;sans objet;sans objet;sans objet;3;1;1;4;2;1;sans objet;sans objet;sans objet;sans objet;2;sans objet;sans objet;sans objet;sans objet;6;1;6;2014-03-28; 16:00;6;1;NA;2;sans objet;sans objet;sans objet;sans objet;5;4;3
ENS_336;EM67GOW056;SDC2;2;44;24;9;1;sans objet;1;sans objet;sans objet;sans objet;1;1;1;1;1;1;1;1;1;1;2;sans objet;1;1;1;1;1;1;1;2;2;sans objet;1;2;2;1;2;2;2;1;2;2;sans objet;1;1;1;1;1;5;1;sans objet;sans objet;2;5;sans objet;sans objet;sans objet;sans objet;sans objet;sans objet;sans objet;3;1;1;4;1;1;sans objet;sans objet;sans objet;sans objet;1;1;2;2;1;5;2;6;2014-03-28; 14:30;5;2;2;1;1;1;2;1;5;2;5
ENS_337;EE13AUT004;SDC1;2;42;17;12;1;sans objet;1;sans objet;sans objet;sans objet;1;15;7;2;2;3;1;3;2;sans objet;1;2;2;sans objet;2;sans objet;1;4;1;4;2;sans objet;1;2;2;2;1;2;1;2;1;2;sans objet;1;6;6;14;2;5;4;1;2;4;5;sans objet;sans objet;sans objet;sans objet;sans objet;sans objet;sans objet;4;2;2;4;2;1;sans objet;sans objet;sans objet;sans objet;1;13;5;8;2;5;1;5;2014-03-24; 17:00;4;2;5;1;5;4;16;2;4;3;3
ENS_338;EE13AUT004;SDC2;2;40;15;8;1;sans objet;2;3;4;1;2;sans objet;sans objet;sans objet;sans objet;1;1;2;2;sans objet;1;3;2;sans objet;2;sans objet;1;5;1;3;2;sans objet;1;2;2;2;1;2;2;1;2;2;sans objet;2;sans objet;sans objet;sans objet;sans objet;4;4;2;2;2;3;sans objet;sans objet;sans objet;sans objet;sans objet;sans objet;sans objet;4;1;1;6;2;3;sans objet;sans objet;sans objet;sans objet;2;sans objet;sans objet;sans objet;sans objet;7;1;1;2014-04-25; 15:00;7;2;3;2;sans objet;sans objet;sans objet;sans objet;3;2;2
ENS_339;EM91VID112;SDC1;2;49;23;1;1;sans objet;1;sans objet;sans objet;sans objet;2;sans objet;sans objet;sans objet;sans objet;2;2;sans objet;2;sans objet;3;sans objet;2;sans objet;2;sans objet;1;3;1;3;1;2;2;1;2;2;1;2;2;1;2;2;sans objet;2;sans objet;sans objet;sans objet;sans objet;1;1;sans objet;sans objet;2;4;sans objet;sans objet;sans objet;sans objet;sans objet;sans objet;sans objet;3;1;2;4;3;3;sans objet;sans objet;sans objet;sans objet;2;sans objet;sans objet;sans objet;sans objet;6;2;3;2014-04-04; 09:30;6;2;4;1;0;27;0;2;3;2;4
ENS_340;EM91VID112;SDC2;2;55;34;10;1;sans objet;3;1;3;2;2;sans objet;sans objet;sans objet;sans objet;2;2;sans objet;1;2;2;sans objet;2;sans objet;2;sans objet;2;sans objet;1;2;2;sans objet;2;1;2;2;1;2;2;1;2;2;sans objet;2;sans objet;sans objet;sans objet;sans objet;4;1;sans objet;sans objet;2;6;sans objet;sans objet;sans objet;sans objet;sans objet;sans objet;sans objet;4;3;1;3;3;2;sans objet;sans objet;sans objet;sans objet;2;sans objet;sans objet;sans objet;sans objet;7;1;3;2014-04-04; 13:26;5;1;NA;2;sans objet;sans objet;sans objet;sans objet;1;2;3
ENS_341;EE14CAG037;SDC2;2;36;8;1;1;sans objet;3;1;4;2;1;16;8;1;2;3;1;1;2;sans objet;2;sans objet;2;sans objet;2;sans objet;1;2;1;4;2;sans objet;1;2;2;2;1;2;2;1;2;2;sans objet;1;3;7;15;2;5;5;3;3;4;7;sans objet;sans objet;sans objet;sans objet;sans objet;sans objet;sans objet;3;1;1;4;1;3;sans objet;sans objet;sans objet;sans objet;1;11;1;13;2;7;2;4;2014-02-26; 11:00;7;1;NA;1;7;3;15;2;3;2;2
ENS_342;EE14CAG037;SDC1;2;43;17;6;NA;sans objet;2;1;4;1;1;6;7;7;2;2;1;3;1;3;1;3;2;sans objet;2;sans objet;1;4;1;5;2;sans objet;2;1;2;2;1;2;2;1;2;2;sans objet;1;2;2;19;2;2;5;3;4;4;5;sans objet;sans objet;sans objet;sans objet;sans objet;sans objet;sans objet;4;2;2;4;1;1;sans objet;sans objet;sans objet;sans objet;1;3;0;19;2;6;2;4;2014-02-24; 13:30;7;3;3;1;0;3;20;2;4;1;2
ENS_343;EM13BOS110;SDC1;2;54;17;14;1;sans objet;2;1;2;2;2;sans objet;sans objet;sans objet;sans objet;3;2;sans objet;2;sans objet;1;1;2;sans objet;2;sans objet;2;sans objet;1;1;2;sans objet;1;2;2;2;2;1;2;1;2;2;sans objet;2;sans objet;sans objet;sans objet;sans objet;7;2;1;2;2;5;sans objet;sans objet;sans objet;sans objet;sans objet;sans objet;sans objet;3;1;1;4;1;1;sans objet;sans objet;sans objet;sans objet;2;sans objet;sans objet;sans objet;sans objet;4;2;5;2014-04-01; 14:00;4;2;2;2;sans objet;sans objet;sans objet;sans objet;4;2;4
ENS_344;EM13BOS110;SDC2;1;53;18;1;1;sans objet;2;3;2;3;2;sans objet;sans objet;sans objet;sans objet;2;2;sans objet;1;1;2;sans objet;2;sans objet;1;2;2;sans objet;2;sans objet;2;sans objet;1;2;2;1;2;2;1;2;2;2;sans objet;2;sans objet;sans objet;sans objet;sans objet;7;4;1;3;4;5;sans objet;sans objet;sans objet;sans objet;sans objet;sans objet;sans objet;4;1;2;4;1;1;sans objet;sans objet;sans objet;sans objet;2;sans objet;sans objet;sans objet;sans objet;6;1;3;2014-04-03; 12:45;5;1;NA;2;sans objet;sans objet;sans objet;sans objet;4;4;3
ENS_345;EE91GRC109;SDC1;2;30;3;1;2;"jeuMAT;jeuPM;";3;1;2;4;2;sans objet;sans objet;sans objet;sans objet;5;1;1;2;sans objet;2;sans objet;2;sans objet;2;sans objet;1;3;1;3;2;sans objet;2;2;1;2;2;1;2;2;1;2;sans objet;2;sans objet;sans objet;sans objet;sans objet;4;1;sans objet;sans objet;2;6;sans objet;sans objet;sans objet;sans objet;sans objet;sans objet;sans objet;4;1;1;4;1;1;sans objet;sans objet;sans objet;sans objet;2;sans objet;sans objet;sans objet;sans objet;4;2;5;2014-03-21; 13:00;2;2;4;2;sans objet;sans objet;sans objet;sans objet;3;3;1
ENS_346;EM67BEN059;SDC1;2;39;16;6;1;sans objet;1;sans objet;sans objet;sans objet;2;sans objet;sans objet;sans objet;sans objet;3;1;1;2;sans objet;1;1;3;sans objet;2;sans objet;1;2;1;2;2;sans objet;2;1;2;1;2;2;1;2;2;2;sans objet;2;sans objet;sans objet;sans objet;sans objet;4;3;2;3;3;6;sans objet;sans objet;sans objet;sans objet;sans objet;sans objet;sans objet;3;1;1;6;1;1;sans objet;sans objet;sans objet;sans objet;2;sans objet;sans objet;sans objet;sans objet;6;3;2;2014-04-01; 15:00;6;2;3;1;4;3;12;2;4;4;4
ENS_347;EM67BEN059;SDC2;2;49;23;11;1;sans objet;2;1;3;2;1;20;4;0;2;3;2;sans objet;2;sans objet;2;sans objet;2;sans objet;2;sans objet;2;sans objet;1;1;1;1;2;1;2;2;1;2;2;1;2;2;sans objet;1;19;5;0;2;4;3;2;3;3;4;sans objet;sans objet;sans objet;sans objet;sans objet;sans objet;sans objet;3;1;1;5;1;2;sans objet;sans objet;sans objet;sans objet;1;14;10;0;2;7;2;3;2014-04-01; 16:15;6;2;4;1;14;10;0;2;4;2;3
ENS_348;EE14CAU039;SDC1;2;40;17;3;1;sans objet;1;sans objet;sans objet;sans objet;1;1;20;0;1;4;1;1;2;sans objet;1;2;3;sans objet;2;sans objet;1;1;1;2;2;sans objet;2;1;2;2;1;2;2;1;2;2;sans objet;1;1;16;4;1;4;4;2;2;3;7;sans objet;sans objet;sans objet;sans objet;sans objet;sans objet;sans objet;4;2;1;3;1;1;sans objet;sans objet;sans objet;sans objet;1;10;11;0;1;4;2;5;2014-03-20; 12:00;4;1;NA;1;10;8;3;1;5;4;3
ENS_349;EE14CAU039;SDC2;1;40;14;10;1;sans objet;1;sans objet;sans objet;sans objet;2;sans objet;sans objet;sans objet;sans objet;2;1;3;1;3;1;3;3;sans objet;1;5;1;3;1;3;1;5;1;2;2;1;2;2;2;1;2;1;5;2;sans objet;sans objet;sans objet;sans objet;5;3;3;2;4;4;sans objet;sans objet;sans objet;sans objet;sans objet;sans objet;sans objet;4;1;2;4;2;1;sans objet;sans objet;sans objet;sans objet;2;sans objet;sans objet;sans objet;sans objet;4;2;5;2014-03-21; 14:45;4;1;NA;2;sans objet;sans objet;sans objet;sans objet;4;4;5
ENS_350;EM37PEL099;SDC2;2;33;8;1;1;sans objet;1;sans objet;sans objet;sans objet;1;15;3;2;2;5;2;sans objet;2;sans objet;1;2;2;sans objet;1;2;2;sans objet;1;2;1;2;1;2;2;1;2;2;2;1;2;2;sans objet;1;10;1;8;2;5;4;2;2;4;6;sans objet;sans objet;sans objet;sans objet;sans objet;sans objet;sans objet;3;1;1;5;1;1;sans objet;sans objet;sans objet;sans objet;1;18;2;0;2;4;3;6;2014-03-21; 17:20;4;1;NA;1;15;3;2;2;6;4;6
ENS_351;EM37PEL099;SDC1;2;44;21;11;1;sans objet;2;2;5;1;2;sans objet;sans objet;sans objet;sans objet;5;2;sans objet;2;sans objet;1;3;2;sans objet;1;4;2;sans objet;1;2;2;sans objet;1;2;2;1;2;2;2;1;2;2;sans objet;2;sans objet;sans objet;sans objet;sans objet;5;4;2;2;3;2;sans objet;sans objet;sans objet;sans objet;sans objet;sans objet;sans objet;3;1;1;3;1;1;sans objet;sans objet;sans objet;sans objet;2;sans objet;sans objet;sans objet;sans objet;6;2;5;2014-03-28; 16:45;4;2;3;2;sans objet;sans objet;sans objet;sans objet;5;4;6
ENS_352;EE37ASI075;SDC1;2;41;19;3;1;sans objet;1;sans objet;sans objet;sans objet;1;0;20;1;2;4;1;1;1;2;1;3;1;3;1;2;1;3;1;3;1;1;1;2;2;2;1;2;2;1;2;2;sans objet;1;1;20;0;2;7;4;2;3;4;7;sans objet;sans objet;sans objet;sans objet;sans objet;sans objet;sans objet;4;1;1;6;1;1;sans objet;sans objet;sans objet;sans objet;1;2;18;0;2;2;3;2;2014-03-28; 14:00;6;2;3;1;1;0;20;2;3;2;2
ENS_353;EE37ASI075;SDC2;2;32;10;2;2;"lundiMAT;jeuMAT;jeuPM;venMAT;venPM";1;sans objet;sans objet;sans objet;1;3;14;5;2;2;1;1;1;2;2;sans objet;2;sans objet;2;sans objet;1;3;1;3;1;2;1;2;2;2;1;2;2;1;2;2;sans objet;1;1;6;15;2;7;3;3;4;4;5;sans objet;sans objet;sans objet;sans objet;sans objet;sans objet;sans objet;4;3;3;4;1;1;sans objet;sans objet;sans objet;sans objet;1;4;4;14;2;6;3;4;2014-03-28; 15:00;4;1;NA;1;1;8;13;2;5;4;4
ENS_354;EE67EPC045;SDC1;2;46;20;12;1;sans objet;1;sans objet;sans objet;sans objet;2;sans objet;sans objet;sans objet;sans objet;2;2;sans objet;2;sans objet;2;sans objet;2;sans objet;2;sans objet;2;sans objet;1;3;2;sans objet;2;1;2;2;1;2;2;2;1;2;sans objet;2;sans objet;sans objet;sans objet;sans objet;1;5;1;3;4;1;sans objet;sans objet;sans objet;sans objet;sans objet;sans objet;sans objet;4;1;1;2;1;1;sans objet;sans objet;sans objet;sans objet;2;sans objet;sans objet;sans objet;sans objet;4;3;6;2014-04-10; 12:00;4;1;NA;2;sans objet;sans objet;sans objet;sans objet;7;4;4
ENS_355;EE67EPC045;SDC2;2;44;20;10;1;sans objet;1;sans objet;sans objet;sans objet;2;sans objet;sans objet;sans objet;sans objet;2;2;sans objet;2;sans objet;3;sans objet;2;sans objet;2;sans objet;1;3;1;4;1;4;1;2;2;1;2;2;2;1;2;2;sans objet;2;sans objet;sans objet;sans objet;sans objet;4;1;sans objet;sans objet;1;sans objet;2;2;2;2;2;1;Fenêtres situées côté nord, pas de rayons directs;4;4;1;2;4;1;sans objet;sans objet;sans objet;sans objet;2;sans objet;sans objet;sans objet;sans objet;6;2;3;2014-04-04; 16:20;4;1;NA;2;sans objet;sans objet;sans objet;sans objet;4;3;2
ENS_356;EM13AUM079;SDC1;2;NA;NA;NA;1;sans objet;2;2;2;3;2;sans objet;sans objet;sans objet;sans objet;2;1;3;3;sans objet;1;3;3;sans objet;1;3;1;4;1;3;2;sans objet;1;2;2;1;2;2;2;1;2;1;3;2;sans objet;sans objet;sans objet;sans objet;4;2;2;2;4;4;sans objet;sans objet;sans objet;sans objet;sans objet;sans objet;sans objet;4;1;1;4;1;1;sans objet;sans objet;sans objet;sans objet;2;sans objet;sans objet;sans objet;sans objet;4;4;3;2014-04-07; 13:00;4;2;3;2;sans objet;sans objet;sans objet;sans objet;4;4;4
ENS_357;EM13AUM079;SDC2;2;31;8;4;1;sans objet;3;2;2;3;2;sans objet;sans objet;sans objet;sans objet;2;1;3;3;sans objet;1;3;3;sans objet;1;3;1;3;1;3;2;sans objet;1;2;2;1;2;2;2;1;2;1;2;2;sans objet;sans objet;sans objet;sans objet;1;4;2;2;4;4;sans objet;sans objet;sans objet;sans objet;sans objet;sans objet;sans objet;4;1;1;4;1;1;sans objet;sans objet;sans objet;sans objet;2;sans objet;sans objet;sans objet;sans objet;6;4;3;2014-04-07; 13:00;4;1;NA;2;sans objet;sans objet;sans objet;sans objet;4;4;4
ENS_358;EE74CHN107;SDC1;2;44;23;21;1;sans objet;2;1;2;2;2;sans objet;sans objet;sans objet;sans objet;4;1;1;1;1;2;sans objet;2;sans objet;2;sans objet;1;2;1;3;2;sans objet;2;2;1;2;1;2;2;1;2;2;sans objet;2;sans objet;sans objet;sans objet;sans objet;5;2;2;1;2;5;sans objet;sans objet;sans objet;sans objet;sans objet;sans objet;sans objet;4;1;1;6;1;1;sans objet;sans objet;sans objet;sans objet;2;sans objet;sans objet;sans objet;sans objet;6;2;6;2014-04-03; 11:40;4;2;2;2;sans objet;sans objet;sans objet;sans objet;4;4;2
ENS_359;EE74CHN107;SDC2;2;46;14;1;1;sans objet;1;sans objet;sans objet;sans objet;1;1;23;1;2;4;3;sans objet;2;sans objet;2;sans objet;2;sans objet;2;sans objet;1;2;1;3;2;sans objet;2;1;2;2;1;2;2;1;2;2;sans objet;1;4;3;18;2;4;2;3;2;2;5;sans objet;sans objet;sans objet;sans objet;sans objet;sans objet;sans objet;4;1;1;5;1;3;sans objet;sans objet;sans objet;sans objet;1;5;8;11;2;6;1;4;2014-04-03; 17:00;4;1;NA;1;0;1;24;2;5;2;4
ENS_360;EM14LIM095;SDC2;2;52;32;NA;1;sans objet;1;sans objet;sans objet;sans objet;2;sans objet;sans objet;sans objet;sans objet;4;2;sans objet;2;sans objet;1;1;3;sans objet;2;sans objet;2;sans objet;2;sans objet;2;sans objet;2;1;2;2;1;2;2;1;2;2;sans objet;2;sans objet;sans objet;sans objet;sans objet;6;2;1;1;2;6;sans objet;sans objet;sans objet;sans objet;sans objet;sans objet;sans objet;3;1;1;6;2;3;sans objet;sans objet;sans objet;sans objet;2;sans objet;sans objet;sans objet;sans objet;4;2;6;2014-04-03; 12:30;4;1;NA;2;sans objet;sans objet;sans objet;sans objet;6;4;4
ENS_361;EM14LIM095;SDC1;1;42;10;6;1;sans objet;1;sans objet;sans objet;sans objet;2;sans objet;sans objet;sans objet;sans objet;3;2;sans objet;1;1;1;1;2;sans objet;1;1;2;sans objet;2;sans objet;2;sans objet;2;1;2;2;1;2;2;1;2;2;sans objet;2;sans objet;sans objet;sans objet;sans objet;5;1;sans objet;sans objet;2;4;sans objet;sans objet;sans objet;sans objet;sans objet;sans objet;sans objet;3;1;1;4;1;1;sans objet;sans objet;sans objet;sans objet;2;sans objet;sans objet;sans objet;sans objet;4;2;4;2014-04-01; 15:25;4;1;NA;2;sans objet;sans objet;sans objet;sans objet;4;4;6
ENS_362;EE74CSV108;SDC1;2;39;14;6;2;"lundiMAT;lundiPM;merMAT;jeuMAT;jeuPM;venMAT;venPM";1;sans objet;sans objet;sans objet;2;sans objet;sans objet;sans objet;sans objet;5;2;sans objet;2;sans objet;2;sans objet;2;sans objet;2;sans objet;2;sans objet;1;1;2;sans objet;2;2;1;2;1;2;2;1;2;2;sans objet;2;sans objet;sans objet;sans objet;sans objet;6;3;1;3;3;5;sans objet;sans objet;sans objet;sans objet;sans objet;sans objet;sans objet;4;1;1;4;1;1;sans objet;sans objet;sans objet;sans objet;2;sans objet;sans objet;sans objet;sans objet;3;3;5;2014-04-16; 22:00;3;2;3;2;sans objet;sans objet;sans objet;sans objet;7;4;6
ENS_363;EE74CSV108;SDC1;2;25;4;1;2;"lundiMAT;merMAT;venMAT;venPM";NA;sans objet;sans objet;sans objet;NA;sans objet;sans objet;sans objet;sans objet;3;1;3;2;sans objet;2;sans objet;2;sans objet;2;sans objet;2;sans objet;1;1;2;sans objet;2;1;2;2;1;2;2;1;2;2;sans objet;2;sans objet;sans objet;sans objet;sans objet;4;2;1;2;4;5;sans objet;sans objet;sans objet;sans objet;sans objet;sans objet;sans objet;3;1;1;7;1;1;sans objet;sans objet;sans objet;sans objet;2;sans objet;sans objet;sans objet;sans objet;4;2;6;2014-04-15; 16:40;5;1;NA;2;sans objet;sans objet;sans objet;sans objet;6;4;4
ENS_364;EE74CSV108;SDC2;2;NA;9;2;2;"lundiMAT;mardiMAT;mardiPM;merMAT;venMAT;venPM";1;sans objet;sans objet;sans objet;2;sans objet;sans objet;sans objet;sans objet;6;2;sans objet;2;sans objet;1;2;1;2;1;2;2;sans objet;1;3;2;sans objet;2;2;1;2;2;1;2;1;2;2;sans objet;2;sans objet;sans objet;sans objet;sans objet;7;5;3;4;4;5;sans objet;sans objet;sans objet;sans objet;sans objet;sans objet;sans objet;3;3;3;4;1;1;sans objet;sans objet;sans objet;sans objet;2;sans objet;sans objet;sans objet;sans objet;4;3;5;2014-04-18; 17:10;3;3;2;2;sans objet;sans objet;sans objet;sans objet;6;4;4
ENS_365;EE74CSV108;SDC2;2;25;4;1;2;"lundiMAT;lundiPM;merMAT;jeuMAT;jeuPM;";1;sans objet;sans objet;sans objet;2;sans objet;sans objet;sans objet;sans objet;4;2;sans objet;2;sans objet;2;sans objet;2;sans objet;2;sans objet;2;sans objet;1;1;2;sans objet;2;1;2;2;1;2;2;1;2;2;sans objet;2;sans objet;sans objet;sans objet;sans objet;7;4;1;3;4;2;sans objet;sans objet;sans objet;sans objet;sans objet;sans objet;sans objet;4;1;1;6;1;3;sans objet;sans objet;sans objet;sans objet;2;sans objet;sans objet;sans objet;sans objet;5;1;5;2014-04-14; 12:00;5;1;NA;2;sans objet;sans objet;sans objet;sans objet;6;4;5
ENS_366;EM14VIW096;SDC1;2;32;6;4;1;sans objet;1;sans objet;sans objet;sans objet;2;sans objet;sans objet;sans objet;sans objet;3;2;sans objet;2;sans objet;2;sans objet;2;sans objet;2;sans objet;2;sans objet;1;1;1;2;2;1;2;2;1;2;2;1;2;1;1;2;sans objet;sans objet;sans objet;sans objet;5;2;3;1;4;6;sans objet;sans objet;sans objet;sans objet;sans objet;sans objet;sans objet;4;1;1;5;1;1;sans objet;sans objet;sans objet;sans objet;2;sans objet;sans objet;sans objet;sans objet;6;3;3;2014-04-07; 11:30;4;2;4;2;sans objet;sans objet;sans objet;sans objet;5;3;3
ENS_367;EM14VIW096;SDC2;2;50;30;8;1;sans objet;1;sans objet;sans objet;sans objet;2;sans objet;sans objet;sans objet;sans objet;3;2;sans objet;2;sans objet;2;sans objet;3;sans objet;2;sans objet;2;sans objet;1;1;2;sans objet;2;1;2;2;1;2;2;2;1;1;4;2;sans objet;sans objet;sans objet;sans objet;5;1;sans objet;sans objet;1;sans objet;1;2;2;2;2;2;sans objet;4;1;1;7;1;1;sans objet;sans objet;sans objet;sans objet;2;sans objet;sans objet;sans objet;sans objet;7;2;6;2014-04-11; 08:30;6;1;NA;2;sans objet;sans objet;sans objet;sans objet;6;4;6
ENS_368;EM37CHA101;SDC1;2;44;19;10;1;sans objet;1;sans objet;sans objet;sans objet;2;sans objet;sans objet;sans objet;sans objet;4;2;sans objet;2;sans objet;1;1;2;sans objet;2;sans objet;1;1;1;5;2;sans objet;2;1;2;2;1;2;2;1;2;2;sans objet;2;sans objet;sans objet;sans objet;sans objet;5;1;sans objet;sans objet;2;7;sans objet;sans objet;sans objet;sans objet;sans objet;sans objet;sans objet;3;1;1;6;1;1;sans objet;sans objet;sans objet;sans objet;2;sans objet;sans objet;sans objet;sans objet;4;4;6;2014-04-26; 11:00;4;1;NA;2;sans objet;sans objet;sans objet;sans objet;6;4;6
ENS_369;EM37CHA101;SDC2;1;43;17;9;1;sans objet;2;1;3;1;2;sans objet;sans objet;sans objet;sans objet;6;2;sans objet;2;sans objet;1;1;2;sans objet;2;sans objet;2;sans objet;1;2;2;sans objet;2;2;1;2;2;1;2;2;1;2;sans objet;2;sans objet;sans objet;sans objet;sans objet;7;3;2;2;3;7;sans objet;sans objet;sans objet;sans objet;sans objet;sans objet;sans objet;3;1;1;6;1;1;sans objet;sans objet;sans objet;sans objet;2;sans objet;sans objet;sans objet;sans objet;4;2;6;2014-04-14; 08:10;3;1;NA;2;sans objet;sans objet;sans objet;sans objet;5;4;6
ENS_371;EM37JLH084;SDC2;2;57;35;24;1;sans objet;1;sans objet;sans objet;sans objet;2;sans objet;sans objet;sans objet;sans objet;5;1;2;1;3;1;2;2;sans objet;2;sans objet;1;2;1;3;2;sans objet;2;2;1;2;1;2;1;2;1;2;sans objet;2;sans objet;sans objet;sans objet;sans objet;4;4;2;2;2;5;sans objet;sans objet;sans objet;sans objet;sans objet;sans objet;sans objet;3;1;1;4;1;1;sans objet;sans objet;sans objet;sans objet;2;sans objet;sans objet;sans objet;sans objet;2;3;3;2014-04-11; 14:30;4;2;3;2;sans objet;sans objet;sans objet;sans objet;4;2;2
ENS_372;EM37JLH084;SDC1;1;48;7;5;2;"lundiMAT;lundiPM;mardiMAT;mardiPM;merMAT;";1;sans objet;sans objet;sans objet;2;sans objet;sans objet;sans objet;sans objet;3;2;sans objet;1;2;1;2;2;sans objet;2;sans objet;1;2;1;2;2;sans objet;2;2;1;2;1;2;2;1;2;1;1;2;sans objet;sans objet;sans objet;sans objet;3;1;sans objet;sans objet;2;5;sans objet;sans objet;sans objet;sans objet;sans objet;sans objet;sans objet;3;1;1;4;1;1;sans objet;sans objet;sans objet;sans objet;2;sans objet;sans objet;sans objet;sans objet;2;3;3;2014-04-07; 14:30;4;1;NA;2;sans objet;sans objet;sans objet;sans objet;4;2;3
ENS_373;EE67SPC047;SDC1;1;46;15;14;1;sans objet;1;sans objet;sans objet;sans objet;2;sans objet;sans objet;sans objet;sans objet;2;2;sans objet;2;sans objet;2;sans objet;2;sans objet;2;sans objet;2;sans objet;2;sans objet;2;sans objet;2;1;2;2;1;2;2;1;2;1;5;2;sans objet;sans objet;sans objet;sans objet;7;2;2;1;3;5;sans objet;sans objet;sans objet;sans objet;sans objet;sans objet;sans objet;4;1;1;4;2;1;sans objet;sans objet;sans objet;sans objet;2;sans objet;sans objet;sans objet;sans objet;2;2;4;2014-05-16; 16:15;4;1;NA;2;sans objet;sans objet;sans objet;sans objet;3;3;7
ENS_374;EE67SPC047;SDC2;2;38;13;7;1;sans objet;1;sans objet;sans objet;sans objet;2;sans objet;sans objet;sans objet;sans objet;4;2;sans objet;2;sans objet;1;1;2;sans objet;2;sans objet;1;1;1;1;2;sans objet;1;2;2;2;1;2;2;1;2;1;1;2;sans objet;sans objet;sans objet;sans objet;4;1;sans objet;sans objet;2;6;sans objet;sans objet;sans objet;sans objet;sans objet;sans objet;sans objet;3;2;1;4;2;1;sans objet;sans objet;sans objet;sans objet;2;sans objet;sans objet;sans objet;sans objet;4;2;4;2014-05-16; 09:10;4;2;3;2;sans objet;sans objet;sans objet;sans objet;5;4;6
ENS_375;EE67BAX049;SDC1;2;43;6;6;2;"lundiMAT;lundiPM;jeuMAT;jeuPM;";1;sans objet;sans objet;sans objet;1;0;18;1;2;4;2;sans objet;2;sans objet;1;1;2;sans objet;2;sans objet;2;sans objet;1;2;2;sans objet;2;1;2;2;1;2;2;1;2;2;sans objet;1;0;8;11;2;6;2;2;1;2;3;sans objet;sans objet;sans objet;sans objet;sans objet;sans objet;sans objet;4;1;1;4;1;1;sans objet;sans objet;sans objet;sans objet;1;8;11;0;2;4;2;5;2014-05-23; 16:15;5;1;NA;1;4;14;1;2;5;4;5
ENS_376;EE67BAX049;SDC1;1;37;12;7;2;"lundiMAT;lundiPM;jeuMAT;jeuPM;";1;sans objet;sans objet;sans objet;1;10;11;0;2;4;2;sans objet;2;sans objet;2;sans objet;2;sans objet;2;sans objet;2;sans objet;1;2;2;sans objet;2;2;1;2;2;1;2;1;2;2;sans objet;1;7;14;0;2;4;1;sans objet;sans objet;2;5;sans objet;sans objet;sans objet;sans objet;sans objet;sans objet;sans objet;4;1;2;5;1;1;sans objet;sans objet;sans objet;sans objet;1;17;4;0;2;4;2;5;2014-05-22; 09:30;4;1;NA;1;19;2;0;2;5;4;5
ENS_377;EE67BAX049;SDC2;2;40;10;2;2;"lundiMAT;mardiMAT;mardiPM;venMAT;venPM";1;sans objet;sans objet;sans objet;2;sans objet;sans objet;sans objet;sans objet;4;2;sans objet;2;sans objet;2;sans objet;2;sans objet;2;sans objet;2;sans objet;2;sans objet;2;sans objet;2;1;2;2;1;2;2;1;2;2;sans objet;2;sans objet;sans objet;sans objet;sans objet;6;2;2;1;2;3;sans objet;sans objet;sans objet;sans objet;sans objet;sans objet;sans objet;4;1;1;4;1;1;sans objet;sans objet;sans objet;sans objet;2;sans objet;sans objet;sans objet;sans objet;4;2;4;2014-05-23; 16:15;5;1;NA;2;sans objet;sans objet;sans objet;sans objet;4;4;4
ENS_378;EM74LBJ106;SDC1;2;39;15;4;1;sans objet;2;3;4;1;2;sans objet;sans objet;sans objet;sans objet;2;1;2;2;sans objet;1;2;1;1;2;sans objet;1;2;1;2;2;sans objet;2;1;2;2;1;2;2;1;2;2;sans objet;2;sans objet;sans objet;sans objet;sans objet;4;3;2;2;4;5;sans objet;sans objet;sans objet;sans objet;sans objet;sans objet;sans objet;4;5;2;3;4;2;sans objet;sans objet;sans objet;sans objet;2;sans objet;sans objet;sans objet;sans objet;5;2;5;2014-05-20; 14:05;5;1;NA;2;sans objet;sans objet;sans objet;sans objet;4;3;2
ENS_379;EM74LBJ106;SDC2;2;39;16;4;1;sans objet;1;sans objet;sans objet;sans objet;2;sans objet;sans objet;sans objet;sans objet;5;2;sans objet;2;sans objet;1;1;3;sans objet;2;sans objet;2;sans objet;1;1;2;sans objet;2;1;2;2;1;2;2;1;2;2;sans objet;2;sans objet;sans objet;sans objet;sans objet;7;2;2;1;3;6;sans objet;sans objet;sans objet;sans objet;sans objet;sans objet;sans objet;3;1;1;4;1;1;sans objet;sans objet;sans objet;sans objet;2;sans objet;sans objet;sans objet;sans objet;4;2;6;2014-05-20; 16:40;5;1;NA;2;sans objet;sans objet;sans objet;sans objet;7;4;6
ENS_380;EM67STA097;SDC1;2;56;38;12;1;sans objet;2;1;3;3;2;sans objet;sans objet;sans objet;sans objet;2;2;sans objet;2;sans objet;1;1;2;sans objet;1;2;1;4;1;5;1;4;2;1;2;2;1;2;2;1;2;1;4;2;sans objet;sans objet;sans objet;sans objet;4;5;3;3;4;3;sans objet;sans objet;sans objet;sans objet;sans objet;sans objet;sans objet;3;1;1;4;1;2;sans objet;sans objet;sans objet;sans objet;2;sans objet;sans objet;sans objet;sans objet;4;2;4;2014-05-06; 14:40;7;2;2;2;sans objet;sans objet;sans objet;sans objet;4;4;7
ENS_381;EM67STA097;SDC2;2;28;4;3;1;sans objet;2;1;2;2;2;sans objet;sans objet;sans objet;sans objet;3;1;2;1;2;1;2;2;sans objet;1;3;2;sans objet;1;2;2;sans objet;2;1;2;2;1;2;2;1;2;1;1;2;sans objet;sans objet;sans objet;sans objet;5;2;2;2;2;3;sans objet;sans objet;sans objet;sans objet;sans objet;sans objet;sans objet;3;1;1;5;3;1;sans objet;sans objet;sans objet;sans objet;2;sans objet;sans objet;sans objet;sans objet;2;2;4;2014-05-05; 14:30;4;2;3;2;sans objet;sans objet;sans objet;sans objet;5;3;3
ENS_382;EM67STA097;SDC2;2;30;5;1;2;"lundiMAT;lundiPM;";1;sans objet;sans objet;sans objet;2;sans objet;sans objet;sans objet;sans objet;6;2;sans objet;2;sans objet;1;2;2;sans objet;2;sans objet;1;2;1;2;2;sans objet;2;1;2;2;1;2;2;1;2;1;1;2;sans objet;sans objet;sans objet;sans objet;5;2;2;2;2;6;sans objet;sans objet;sans objet;sans objet;sans objet;sans objet;sans objet;3;1;1;5;3;1;sans objet;sans objet;sans objet;sans objet;2;sans objet;sans objet;sans objet;sans objet;3;2;4;2014-06-02; 14:50;3;1;NA;2;sans objet;sans objet;sans objet;sans objet;5;4;5
ENS_383;EM14HSI071;SDC1;2;37;14;NA;1;sans objet;1;sans objet;sans objet;sans objet;1;16;6;2;2;4;1;1;1;3;2;sans objet;1;3;2;sans objet;1;3;1;3;1;4;2;2;1;2;2;1;2;1;2;2;sans objet;1;14;6;5;2;2;1;sans objet;sans objet;4;5;sans objet;sans objet;sans objet;sans objet;sans objet;sans objet;sans objet;4;1;1;5;1;1;sans objet;sans objet;sans objet;sans objet;1;17;4;2;2;4;2;5;2014-04-15; 13:30;4;2;3;1;9;5;7;2;5;4;4
ENS_384;EM14HSI071;SDC2;2;46;12;11;1;sans objet;1;sans objet;sans objet;sans objet;2;sans objet;sans objet;sans objet;sans objet;4;1;1;1;3;2;sans objet;1;3;2;sans objet;1;4;1;3;1;4;2;2;1;2;2;1;2;1;2;2;sans objet;2;sans objet;sans objet;sans objet;sans objet;3;1;sans objet;sans objet;2;3;sans objet;sans objet;sans objet;sans objet;sans objet;sans objet;sans objet;4;1;1;5;1;1;sans objet;sans objet;sans objet;sans objet;2;sans objet;sans objet;sans objet;sans objet;4;2;3;2014-04-15; 08:30;4;2;3;2;sans objet;sans objet;sans objet;sans objet;3;4;4
ENS_385;EM14CAJ111;SDC2;2;33;10;1;1;sans objet;1;sans objet;sans objet;sans objet;2;sans objet;sans objet;sans objet;sans objet;2;2;sans objet;2;sans objet;2;sans objet;3;sans objet;1;2;2;sans objet;2;sans objet;2;sans objet;1;2;2;1;2;2;1;2;2;1;1;2;sans objet;sans objet;sans objet;sans objet;5;1;sans objet;sans objet;1;sans objet;1;1;2;2;2;2;sans objet;4;1;1;5;1;1;sans objet;sans objet;sans objet;sans objet;2;sans objet;sans objet;sans objet;sans objet;4;3;3;2014-05-19; 12:25;6;1;NA;2;sans objet;sans objet;sans objet;sans objet;6;3;3
ENS_386;EM14CAJ111;SDC3;2;35;5;1;NA;sans objet;1;sans objet;sans objet;sans objet;2;sans objet;sans objet;sans objet;sans objet;3;2;sans objet;2;sans objet;2;sans objet;3;sans objet;2;sans objet;2;sans objet;1;1;2;sans objet;2;1;2;2;1;2;1;2;2;1;1;2;sans objet;sans objet;sans objet;sans objet;5;1;sans objet;sans objet;1;sans objet;2;1;2;2;2;2;sans objet;4;1;1;6;3;1;sans objet;sans objet;sans objet;sans objet;2;sans objet;sans objet;sans objet;sans objet;7;2;2;2014-05-19; 12:50;5;1;NA;2;sans objet;sans objet;sans objet;sans objet;6;4;4
ENS_387;EM14CAJ111;SDC3;2;NA;NA;NA;NA;sans objet;1;sans objet;sans objet;sans objet;2;sans objet;sans objet;sans objet;sans objet;3;2;sans objet;2;sans objet;2;sans objet;2;sans objet;2;sans objet;2;sans objet;1;1;1;5;1;2;2;2;2;1;2;1;2;1;1;2;sans objet;sans objet;sans objet;sans objet;1;1;sans objet;sans objet;1;sans objet;1;1;2;2;2;2;sans objet;4;1;1;7;1;1;sans objet;sans objet;sans objet;sans objet;2;sans objet;sans objet;sans objet;sans objet;6;1;3;2014-05-22; 13:50;5;1;NA;2;sans objet;sans objet;sans objet;sans objet;6;4;3
ENS_388;EM14CAJ111;SDC1;2;44;20;1;2;"lundiMAT;lundiPM;mardiMAT;mardiPM;";1;sans objet;sans objet;sans objet;2;sans objet;sans objet;sans objet;sans objet;4;2;sans objet;2;sans objet;2;sans objet;2;sans objet;2;sans objet;2;sans objet;2;sans objet;2;sans objet;2;1;2;2;1;2;2;1;2;1;1;2;sans objet;sans objet;sans objet;sans objet;5;1;sans objet;sans objet;1;sans objet;2;1;2;2;2;2;sans objet;2;1;1;4;2;1;sans objet;sans objet;sans objet;sans objet;2;sans objet;sans objet;sans objet;sans objet;6;1;4;2014-05-20; 17:00;5;1;NA;2;sans objet;sans objet;sans objet;sans objet;4;3;3
ENS_389;EM14CAJ111;SDC1;2;32;9;6;2;"lundiMAT;merMAT;jeuMAT;jeuPM;venMAT;venPM";1;sans objet;sans objet;sans objet;2;sans objet;sans objet;sans objet;sans objet;5;2;sans objet;2;sans objet;2;sans objet;3;sans objet;2;sans objet;2;sans objet;2;sans objet;2;sans objet;2;1;2;2;1;2;2;1;2;1;1;2;sans objet;sans objet;sans objet;sans objet;5;1;sans objet;sans objet;1;sans objet;2;1;2;2;2;2;sans objet;4;1;1;4;1;1;sans objet;sans objet;sans objet;sans objet;2;sans objet;sans objet;sans objet;sans objet;4;2;3;2014-05-23; 13:30;4;1;NA;2;sans objet;sans objet;sans objet;sans objet;4;4;4
ENS_390;EM73SPL019;SDC1;2;48;25;24;1;sans objet;1;sans objet;sans objet;sans objet;2;sans objet;sans objet;sans objet;sans objet;4;2;sans objet;2;sans objet;2;sans objet;1;3;2;sans objet;2;sans objet;1;1;2;sans objet;2;2;1;2;2;1;2;1;2;1;2;2;sans objet;sans objet;sans objet;sans objet;7;1;sans objet;sans objet;4;3;sans objet;sans objet;sans objet;sans objet;sans objet;sans objet;sans objet;4;1;1;7;1;1;sans objet;sans objet;sans objet;sans objet;2;sans objet;sans objet;sans objet;sans objet;4;2;6;NA;NA;NA;1;NA;2;sans objet;sans objet;sans objet;sans objet;7;3;6
ENS_391;EM73SPL019;SDC2;2;36;13;8;1;sans objet;1;sans objet;sans objet;sans objet;2;sans objet;sans objet;sans objet;sans objet;6;2;sans objet;1;2;1;1;2;sans objet;1;3;2;sans objet;1;2;2;sans objet;2;2;1;2;1;2;2;1;2;2;sans objet;2;sans objet;sans objet;sans objet;sans objet;5;4;2;3;3;1;sans objet;sans objet;sans objet;sans objet;sans objet;sans objet;sans objet;4;3;2;5;1;1;sans objet;sans objet;sans objet;sans objet;2;sans objet;sans objet;sans objet;sans objet;6;2;3;2014-06-20; 16:45;6;1;NA;2;sans objet;sans objet;sans objet;sans objet;5;4;3
ENS_392;EM67STB089;SDC1;1;35;9;7;1;sans objet;2;1;2;2;2;sans objet;sans objet;sans objet;sans objet;1;2;sans objet;1;1;2;sans objet;3;sans objet;1;1;2;sans objet;1;1;1;1;2;1;2;2;1;2;2;1;2;1;1;2;sans objet;sans objet;sans objet;sans objet;4;4;3;2;1;sans objet;2;1;2;2;2;2;sans objet;3;1;1;4;2;1;sans objet;sans objet;sans objet;sans objet;2;sans objet;sans objet;sans objet;sans objet;6;3;2;2014-06-20; 08:40;4;3;4;2;sans objet;sans objet;sans objet;sans objet;4;4;2
ENS_393;EM67STB089;SDC3;2;33;6;2;1;sans objet;2;1;3;2;2;sans objet;sans objet;sans objet;sans objet;4;2;sans objet;1;1;2;sans objet;3;sans objet;2;sans objet;1;2;1;2;2;sans objet;2;1;2;2;1;2;1;2;2;1;1;2;sans objet;sans objet;sans objet;sans objet;6;4;1;2;3;5;sans objet;sans objet;sans objet;sans objet;sans objet;sans objet;sans objet;3;1;1;4;2;3;sans objet;sans objet;sans objet;sans objet;2;sans objet;sans objet;sans objet;sans objet;6;3;2;2014-06-20; 14:30;5;2;5;2;sans objet;sans objet;sans objet;sans objet;4;5;3
ENS_394;EM67STB089;SDC2;2;50;26;4;1;sans objet;3;1;2;4;2;sans objet;sans objet;sans objet;sans objet;2;2;sans objet;2;sans objet;2;sans objet;3;sans objet;2;sans objet;2;sans objet;2;sans objet;2;sans objet;2;1;2;2;1;2;2;1;2;2;sans objet;2;sans objet;sans objet;sans objet;sans objet;4;3;1;2;3;6;sans objet;sans objet;sans objet;sans objet;sans objet;sans objet;sans objet;4;3;1;4;2;3;sans objet;sans objet;sans objet;sans objet;2;sans objet;sans objet;sans objet;sans objet;7;2;2;2014-06-24; 11:00;7;2;6;2;sans objet;sans objet;sans objet;sans objet;4;3;6
ENS_395;EM73SPL019;SDC1;2;28;6;1;2;"jeuMAT;jeuPM;";1;sans objet;sans objet;sans objet;2;sans objet;sans objet;sans objet;sans objet;3;2;sans objet;1;2;1;1;2;sans objet;2;sans objet;1;1;1;2;2;sans objet;2;1;2;2;1;2;2;1;2;2;sans objet;2;sans objet;sans objet;sans objet;sans objet;1;1;sans objet;sans objet;2;5;sans objet;sans objet;sans objet;sans objet;sans objet;sans objet;sans objet;3;1;1;6;1;1;sans objet;sans objet;sans objet;sans objet;2;sans objet;sans objet;sans objet;sans objet;5;2;6;2014-06-19; 14:24;4;1;NA;2;sans objet;sans objet;sans objet;sans objet;5;4;5
ENS_396;EM14HSW086;SDC1;2;38;11;1;2;"lundiMAT;lundiPM;mardiMAT;mardiPM;jeuMAT;jeuPM;";2;1;3;2;2;sans objet;sans objet;sans objet;sans objet;3;1;1;2;sans objet;1;2;2;sans objet;2;sans objet;2;sans objet;1;1;2;sans objet;2;1;2;1;2;2;1;2;2;2;sans objet;2;sans objet;sans objet;sans objet;sans objet;7;2;1;1;2;5;sans objet;sans objet;sans objet;sans objet;sans objet;sans objet;sans objet;3;1;1;4;1;2;sans objet;sans objet;sans objet;sans objet;2;sans objet;sans objet;sans objet;sans objet;6;3;3;2014-06-23; 16:30;7;1;NA;2;sans objet;sans objet;sans objet;sans objet;4;2;3
ENS_397;EM14HSW086;SDC1;2;32;11;1;2;"lundiMAT;venMAT;venPM";2;1;2;3;2;sans objet;sans objet;sans objet;sans objet;4;2;sans objet;2;sans objet;2;sans objet;3;sans objet;2;sans objet;2;sans objet;1;1;2;sans objet;2;2;1;2;2;1;2;2;1;2;sans objet;2;sans objet;sans objet;sans objet;sans objet;6;1;sans objet;sans objet;2;6;sans objet;sans objet;sans objet;sans objet;sans objet;sans objet;sans objet;3;3;2;5;1;1;sans objet;sans objet;sans objet;sans objet;2;sans objet;sans objet;sans objet;sans objet;3;3;4;2014-06-06; 16:50;4;2;4;2;sans objet;sans objet;sans objet;sans objet;3;2;3
ENS_398;EM14HSW086;SDC2;2;22;1;NA;2;"lundiMAT;lundiPM;mardiMAT;";1;sans objet;sans objet;sans objet;2;sans objet;sans objet;sans objet;sans objet;2;1;2;2;sans objet;1;4;2;sans objet;2;sans objet;2;sans objet;1;1;2;sans objet;2;1;2;2;1;2;2;1;2;2;sans objet;2;sans objet;sans objet;sans objet;sans objet;7;2;2;1;2;6;sans objet;sans objet;sans objet;sans objet;sans objet;sans objet;sans objet;2;1;1;6;1;1;sans objet;sans objet;sans objet;sans objet;2;sans objet;sans objet;sans objet;sans objet;5;3;6;2014-06-24; 15:25;5;1;NA;2;sans objet;sans objet;sans objet;sans objet;6;4;4
ENS_399;EM14HSW086;SDC2;2;NA;NA;NA;NA;sans objet;NA;sans objet;sans objet;sans objet;NA;sans objet;sans objet;sans objet;sans objet;NA;NA;sans objet;NA;sans objet;NA;sans objet;NA;sans objet;NA;sans objet;NA;sans objet;NA;sans objet;NA;sans objet;NA;NA;NA;NA;NA;NA;NA;NA;NA;NA;sans objet;NA;sans objet;sans objet;sans objet;sans objet;NA;NA;sans objet;sans objet;NA;sans objet;sans objet;sans objet;sans objet;sans objet;sans objet;sans objet;sans objet;NA;sans objet;sans objet;sans objet;sans objet;sans objet;sans objet;sans objet;sans objet;sans objet;NA;sans objet;sans objet;sans objet;sans objet;NA;NA;NA;NA;NA;NA;NA;NA;NA;sans objet;sans objet;sans objet;sans objet;NA;NA;NA
ENS_400;EM14HSW086;SDC3;2;52;12;6;2;"lundiMAT;lundiPM;mardiMAT;mardiPM;venMAT;venPM";2;1;2;3;2;sans objet;sans objet;sans objet;sans objet;4;1;2;2;sans objet;1;2;2;sans objet;2;sans objet;1;2;1;2;1;1;2;1;1;2;1;1;2;2;1;2;sans objet;2;sans objet;sans objet;sans objet;sans objet;5;1;sans objet;sans objet;2;6;sans objet;sans objet;sans objet;sans objet;sans objet;sans objet;sans objet;3;3;3;3;2;1;sans objet;sans objet;sans objet;sans objet;2;sans objet;sans objet;sans objet;sans objet;6;2;5;NA; 13:45;6;1;NA;2;sans objet;sans objet;sans objet;sans objet;5;2;5
ENS_407;EM87LIG140;SDC2;2;36;10;4;1;sans objet;1;sans objet;sans objet;sans objet;2;sans objet;sans objet;sans objet;sans objet;2;1;1;2;sans objet;1;2;3;sans objet;1;4;2;sans objet;1;1;2;sans objet;2;1;2;2;1;2;2;1;2;1;5;2;sans objet;sans objet;sans objet;sans objet;7;2;2;1;3;3;sans objet;sans objet;sans objet;sans objet;sans objet;sans objet;sans objet;4;1;1;4;1;2;sans objet;sans objet;sans objet;sans objet;2;sans objet;sans objet;sans objet;sans objet;7;4;3;2014-10-06; 10:50;4;4;3;2;sans objet;sans objet;sans objet;sans objet;7;2;4
ENS_409;EM44CAQ132;SDC1;2;NA;31;11;1;sans objet;2;1;2;3;2;sans objet;sans objet;sans objet;sans objet;2;1;2;1;2;1;2;3;sans objet;2;sans objet;1;2;1;3;2;sans objet;2;1;2;2;1;2;2;1;2;1;1;2;sans objet;sans objet;sans objet;sans objet;3;1;sans objet;sans objet;2;6;sans objet;sans objet;sans objet;sans objet;sans objet;sans objet;sans objet;4;3;2;3;3;3;sans objet;sans objet;sans objet;sans objet;2;sans objet;sans objet;sans objet;sans objet;2;3;2;2014-10-10; 15:10;4;2;2;2;sans objet;sans objet;sans objet;sans objet;4;5;2
ENS_410;EM44CAQ132;SDC2;2;44;21;9;1;sans objet;1;sans objet;sans objet;sans objet;2;sans objet;sans objet;sans objet;sans objet;2;1;2;1;3;1;3;1;3;2;sans objet;1;3;1;4;2;sans objet;1;2;2;1;2;2;1;2;2;1;1;2;sans objet;sans objet;sans objet;sans objet;4;1;sans objet;sans objet;1;sans objet;1;2;2;2;2;2;sans objet;4;1;1;2;1;1;sans objet;sans objet;sans objet;sans objet;2;sans objet;sans objet;sans objet;sans objet;1;4;1;2014-10-06; 14:00;2;4;1;2;sans objet;sans objet;sans objet;sans objet;4;4;6
ENS_411;EM87LIG140;SDC1;2;35;12;4;1;sans objet;1;sans objet;sans objet;sans objet;2;sans objet;sans objet;sans objet;sans objet;3;2;sans objet;2;sans objet;1;1;3;sans objet;2;sans objet;1;1;1;2;2;sans objet;2;1;2;2;1;2;2;1;2;1;3;2;sans objet;sans objet;sans objet;sans objet;7;1;sans objet;sans objet;2;5;sans objet;sans objet;sans objet;sans objet;sans objet;sans objet;sans objet;3;2;1;4;2;1;sans objet;sans objet;sans objet;sans objet;2;sans objet;sans objet;sans objet;sans objet;4;2;6;2014-10-06; 16:10;3;1;NA;2;sans objet;sans objet;sans objet;sans objet;6;2;4
ENS_412;EM87LIR142;SDC1;2;51;21;9;1;sans objet;2;1;4;1;2;sans objet;sans objet;sans objet;sans objet;2;2;sans objet;2;sans objet;1;2;1;3;2;sans objet;1;2;1;3;1;3;2;1;2;2;1;2;2;1;2;2;sans objet;2;sans objet;sans objet;sans objet;sans objet;5;3;1;1;2;5;sans objet;sans objet;sans objet;sans objet;sans objet;sans objet;sans objet;3;1;1;5;1;1;sans objet;sans objet;sans objet;sans objet;2;sans objet;sans objet;sans objet;sans objet;4;3;5;2014-10-16; 15:00;4;2;3;2;sans objet;sans objet;sans objet;sans objet;4;4;7
ENS_413;EM87LIR142;SDC2;2;45;16;11;1;sans objet;1;sans objet;sans objet;sans objet;2;sans objet;sans objet;sans objet;sans objet;2;2;sans objet;1;2;2;sans objet;2;sans objet;2;sans objet;2;sans objet;2;sans objet;2;sans objet;2;1;2;2;1;2;2;1;2;2;sans objet;2;sans objet;sans objet;sans objet;sans objet;5;2;1;1;3;7;sans objet;sans objet;sans objet;sans objet;sans objet;sans objet;sans objet;3;1;1;5;1;1;sans objet;sans objet;sans objet;sans objet;2;sans objet;sans objet;sans objet;sans objet;4;3;6;2014-10-13; 12:00;3;1;NA;2;sans objet;sans objet;sans objet;sans objet;6;5;6
ENS_414;EE70MAE153;SDC1;2;25;3;1;2;"lundiMAT;lundiPM;mardiMAT;mardiPM;";2;2;4;2;2;sans objet;sans objet;sans objet;sans objet;3;2;sans objet;1;5;1;4;1;4;2;sans objet;2;sans objet;1;1;2;sans objet;1;2;2;1;2;2;1;2;2;2;sans objet;2;sans objet;sans objet;sans objet;sans objet;4;3;3;3;4;5;sans objet;sans objet;sans objet;sans objet;sans objet;sans objet;sans objet;4;3;3;3;2;1;sans objet;sans objet;sans objet;sans objet;2;sans objet;sans objet;sans objet;sans objet;4;1;4;2014-10-14; 17:00;4;1;NA;2;sans objet;sans objet;sans objet;sans objet;4;5;2
ENS_415;EE70MAE153;SDC1;2;39;11;6;2;"lundiMAT;merMAT;jeuMAT;jeuPM;venMAT;venPM";1;sans objet;sans objet;sans objet;2;sans objet;sans objet;sans objet;sans objet;1;2;sans objet;1;4;2;sans objet;1;4;2;sans objet;2;sans objet;2;sans objet;2;sans objet;2;1;2;2;1;2;2;1;2;2;sans objet;2;sans objet;sans objet;sans objet;sans objet;4;1;sans objet;sans objet;1;sans objet;1;2;2;2;2;2;sans objet;4;1;1;4;1;1;sans objet;sans objet;sans objet;sans objet;2;sans objet;sans objet;sans objet;sans objet;3;3;3;2014-10-15; 11:00;4;1;NA;2;sans objet;sans objet;sans objet;sans objet;4;4;2
ENS_416;EE70MAE153;SDC2;2;34;10;8;1;sans objet;2;1;2;3;2;sans objet;sans objet;sans objet;sans objet;7;1;1;1;2;2;sans objet;2;sans objet;1;1;2;sans objet;1;3;2;sans objet;2;1;2;2;1;2;2;1;2;2;sans objet;2;sans objet;sans objet;sans objet;sans objet;4;1;sans objet;sans objet;4;2;sans objet;sans objet;sans objet;sans objet;sans objet;sans objet;sans objet;3;1;1;7;1;1;sans objet;sans objet;sans objet;sans objet;2;sans objet;sans objet;sans objet;sans objet;6;2;7;2014-10-13; 13:18;6;1;NA;2;sans objet;sans objet;sans objet;sans objet;6;2;6
ENS_417;EM70MAH154;SDC1;2;32;10;8;1;sans objet;1;sans objet;sans objet;sans objet;2;sans objet;sans objet;sans objet;sans objet;4;2;sans objet;2;sans objet;2;sans objet;2;sans objet;1;2;2;sans objet;1;2;2;sans objet;2;1;2;2;1;2;2;1;2;2;sans objet;2;sans objet;sans objet;sans objet;sans objet;6;2;1;1;3;3;sans objet;sans objet;sans objet;sans objet;sans objet;sans objet;sans objet;3;1;1;6;1;1;sans objet;sans objet;sans objet;sans objet;2;sans objet;sans objet;sans objet;sans objet;4;2;6;2014-10-13; 14:30;4;1;NA;2;sans objet;sans objet;sans objet;sans objet;6;5;5
ENS_418;EE07VIQ113;SDC1;2;36;8;1;1;sans objet;2;2;3;1;1;14;7;0;2;2;2;sans objet;2;sans objet;2;sans objet;2;sans objet;2;sans objet;1;1;1;1;2;sans objet;1;2;2;2;1;2;2;1;2;2;sans objet;1;1;2;18;2;4;1;sans objet;sans objet;1;sans objet;1;2;2;NA;NA;NA;sans objet;4;1;1;4;1;1;sans objet;sans objet;sans objet;sans objet;1;2;15;4;2;4;1;5;2014-10-01; 08:07;4;1;NA;1;12;0;9;2;4;4;2
ENS_419;EE07VIQ113;SDC2;1;38;8;4;1;sans objet;3;2;3;3;2;sans objet;sans objet;sans objet;sans objet;5;2;sans objet;2;sans objet;2;sans objet;1;1;1;1;1;3;1;3;1;3;1;2;2;2;1;2;2;1;2;2;sans objet;1;11;6;3;1;3;2;2;1;3;6;sans objet;sans objet;sans objet;sans objet;sans objet;sans objet;sans objet;4;2;2;5;1;1;sans objet;sans objet;sans objet;sans objet;1;8;3;9;1;5;4;3;2014-10-03; 16:15;4;3;1;1;5;9;6;1;3;3;2
ENS_420;EM07STY117;SDC1;2;55;36;12;1;sans objet;2;3;2;2;2;sans objet;sans objet;sans objet;sans objet;3;2;sans objet;1;3;2;sans objet;2;sans objet;1;1;2;sans objet;1;3;2;sans objet;NA;NA;1;NA;1;NA;NA;1;NA;2;sans objet;2;sans objet;sans objet;sans objet;sans objet;7;3;2;2;3;5;sans objet;sans objet;sans objet;sans objet;sans objet;sans objet;sans objet;2;1;2;5;1;1;sans objet;sans objet;sans objet;sans objet;2;sans objet;sans objet;sans objet;sans objet;6;3;4;NA;NA;NA;2;5;2;sans objet;sans objet;sans objet;sans objet;5;2;3
ENS_421;EM07VAC116;SDC1;2;37;13;1;2;"lundiMAT;venMAT;venPM";2;2;2;2;2;sans objet;sans objet;sans objet;sans objet;4;2;sans objet;1;1;1;1;1;2;2;sans objet;2;sans objet;NA;sans objet;2;sans objet;NA;1;NA;NA;1;NA;NA;1;NA;2;sans objet;2;sans objet;sans objet;sans objet;sans objet;7;1;sans objet;sans objet;1;sans objet;1;2;2;2;2;2;sans objet;4;1;1;4;1;1;sans objet;sans objet;sans objet;sans objet;2;sans objet;sans objet;sans objet;sans objet;4;1;6;2014-10-08; 12:00;4;1;NA;2;sans objet;sans objet;sans objet;sans objet;6;2;4
ENS_422;EM07VAC116;SDC1;2;39;10;10;2;"lundiMAT;lundiPM;mardiMAT;mardiPM;merMAT;jeuMAT;jeuPM;";2;2;1;3;2;sans objet;sans objet;sans objet;sans objet;4;2;sans objet;1;2;1;4;1;4;1;1;1;2;1;2;1;4;NA;1;NA;NA;1;NA;1;NA;NA;2;sans objet;2;sans objet;sans objet;sans objet;sans objet;6;2;1;1;3;7;sans objet;sans objet;sans objet;sans objet;sans objet;sans objet;sans objet;4;1;1;5;1;3;sans objet;sans objet;sans objet;sans objet;2;sans objet;sans objet;sans objet;sans objet;5;2;6;2014-10-06; 17:30;4;1;NA;2;sans objet;sans objet;sans objet;sans objet;3;2;2
ENS_423;EM44NAD137;SDC1;2;59;27;7;1;sans objet;4;3;1;5;2;sans objet;sans objet;sans objet;sans objet;3;2;sans objet;1;5;3;sans objet;1;5;1;3;1;3;1;3;1;2;1;2;2;2;1;2;1;2;2;2;sans objet;2;sans objet;sans objet;sans objet;sans objet;3;1;sans objet;sans objet;2;7;sans objet;sans objet;sans objet;sans objet;sans objet;sans objet;sans objet;4;2;1;4;1;3;sans objet;sans objet;sans objet;sans objet;2;sans objet;sans objet;sans objet;sans objet;6;2;5;2014-10-13; 09:20;6;1;NA;2;sans objet;sans objet;sans objet;sans objet;1;1;1
ENS_424;EM44NAD137;SDC2;2;58;32;17;1;sans objet;1;sans objet;sans objet;sans objet;2;sans objet;sans objet;sans objet;sans objet;2;2;sans objet;2;sans objet;1;3;1;3;2;sans objet;1;3;1;4;1;3;1;2;2;2;1;2;2;1;2;2;sans objet;2;sans objet;sans objet;sans objet;sans objet;4;1;sans objet;sans objet;1;sans objet;1;2;2;2;2;2;sans objet;4;3;1;4;3;1;sans objet;sans objet;sans objet;sans objet;2;sans objet;sans objet;sans objet;sans objet;2;1;2;2014-10-13; 11:10;3;2;2;2;sans objet;sans objet;sans objet;sans objet;4;6;3
ENS_425;EE44REU131;SDC1;1;38;11;8;2;"lundiMAT;lundiPM;mardiMAT;mardiPM;merMAT;jeuMAT;jeuPM;";1;sans objet;sans objet;sans objet;1;11;8;4;1;3;2;sans objet;1;2;2;sans objet;1;2;2;sans objet;1;2;1;3;2;sans objet;2;1;2;2;1;2;2;1;2;2;sans objet;1;1;3;19;1;4;3;2;2;4;6;sans objet;sans objet;sans objet;sans objet;sans objet;sans objet;sans objet;3;1;1;4;2;1;sans objet;sans objet;sans objet;sans objet;1;21;1;1;1;5;3;3;2014-11-03; 17:00;3;2;3;1;13;7;3;1;4;5;4
ENS_426;EE44REU131;SDC1;1;38;8;2;2;"lundiMAT;merMAT;venMAT;venPM";1;sans objet;sans objet;sans objet;2;sans objet;sans objet;sans objet;sans objet;4;1;1;1;3;1;2;2;sans objet;2;sans objet;1;2;1;2;2;sans objet;2;1;2;2;1;2;2;1;2;2;sans objet;2;sans objet;sans objet;sans objet;sans objet;4;3;2;2;1;sans objet;1;2;2;2;2;2;sans objet;3;1;1;4;1;3;sans objet;sans objet;sans objet;sans objet;2;sans objet;sans objet;sans objet;sans objet;3;1;2;2014-11-07; 12:30;3;1;NA;2;sans objet;sans objet;sans objet;sans objet;1;4;4
ENS_427;EE44REU131;SDC2;2;33;12;3;2;"jeuMAT;jeuPM;";1;sans objet;sans objet;sans objet;2;sans objet;sans objet;sans objet;sans objet;2;2;sans objet;1;1;2;sans objet;2;sans objet;2;sans objet;2;sans objet;1;1;2;sans objet;1;2;2;1;2;2;2;1;2;2;sans objet;2;sans objet;sans objet;sans objet;sans objet;6;2;2;1;3;6;sans objet;sans objet;sans objet;sans objet;sans objet;sans objet;sans objet;3;1;2;6;1;2;sans objet;sans objet;sans objet;sans objet;2;sans objet;sans objet;sans objet;sans objet;3;3;3;2014-11-06; 12:00;4;1;NA;2;sans objet;sans objet;sans objet;sans objet;4;4;2
ENS_428;EE44REU131;SDC2;2;32;10;2;2;"lundiMAT;lundiPM;mardiMAT;mardiPM;merMAT;venMAT;venPM";1;sans objet;sans objet;sans objet;2;sans objet;sans objet;sans objet;sans objet;3;2;sans objet;1;1;2;sans objet;2;sans objet;2;sans objet;1;1;1;2;2;sans objet;1;2;2;1;2;2;2;1;2;2;sans objet;2;sans objet;sans objet;sans objet;sans objet;4;1;sans objet;sans objet;2;5;sans objet;sans objet;sans objet;sans objet;sans objet;sans objet;sans objet;4;1;1;5;2;1;sans objet;sans objet;sans objet;sans objet;2;sans objet;sans objet;sans objet;sans objet;4;2;5;2014-11-05; 16:15;4;1;NA;2;sans objet;sans objet;sans objet;sans objet;6;3;5
ENS_429;EM87LPY143;SDC1;2;29;6;1;2;"lundiMAT;lundiPM;jeuPM;venMAT;venPM";1;sans objet;sans objet;sans objet;2;sans objet;sans objet;sans objet;sans objet;4;2;sans objet;2;sans objet;2;sans objet;1;1;2;sans objet;2;sans objet;1;2;2;sans objet;2;1;2;2;1;2;2;2;1;2;sans objet;2;sans objet;sans objet;sans objet;sans objet;4;1;sans objet;sans objet;2;7;sans objet;sans objet;sans objet;sans objet;sans objet;sans objet;sans objet;2;1;1;4;1;1;sans objet;sans objet;sans objet;sans objet;2;sans objet;sans objet;sans objet;sans objet;5;2;4;2014-11-07; 14:00;4;1;NA;2;sans objet;sans objet;sans objet;sans objet;6;4;4
ENS_430;EM87LPY143;SDC1;2;40;12;6;2;"lundiMAT;mardiMAT;mardiPM;jeuMAT;venMAT;venPM";2;1;3;3;1;0;19;0;2;3;2;sans objet;2;sans objet;2;sans objet;2;sans objet;1;1;1;3;1;3;2;sans objet;2;1;2;1;2;2;2;1;2;2;sans objet;1;0;19;0;2;4;2;2;1;2;4;sans objet;sans objet;sans objet;sans objet;sans objet;sans objet;sans objet;3;1;1;4;2;3;sans objet;sans objet;sans objet;sans objet;1;0;19;0;2;3;3;3;2014-11-06; 10:30;3;3;3;1;0;19;0;2;4;4;5
ENS_431;EM87LPY143;SDC2;2;34;13;5;2;"lundiMAT;lundiPM;mardiMAT;mardiPM;merMAT;jeuMAT;jeuPM;";3;2;4;1;2;sans objet;sans objet;sans objet;sans objet;6;1;2;2;sans objet;1;1;2;sans objet;2;sans objet;1;1;1;1;2;sans objet;2;1;2;2;1;2;2;1;2;2;sans objet;2;sans objet;sans objet;sans objet;sans objet;3;2;3;1;3;4;sans objet;sans objet;sans objet;sans objet;sans objet;sans objet;sans objet;4;2;2;4;3;3;sans objet;sans objet;sans objet;sans objet;2;sans objet;sans objet;sans objet;sans objet;4;3;2;2014-11-06; 16:00;4;1;NA;2;sans objet;sans objet;sans objet;sans objet;4;4;3
ENS_433;EE44TSA136;SDC1;2;31;9;1;1;sans objet;2;1;4;1;1;5;19;7;1;3;2;sans objet;2;sans objet;1;2;3;sans objet;2;sans objet;2;sans objet;2;sans objet;2;sans objet;2;2;1;2;1;2;2;1;2;1;1;1;2;27;2;1;7;2;1;1;3;6;sans objet;sans objet;sans objet;sans objet;sans objet;sans objet;sans objet;3;1;1;4;1;1;sans objet;sans objet;sans objet;sans objet;1;17;3;11;1;6;3;5;2014-11-17; 08:34;3;1;NA;1;1;3;27;1;6;4;3
ENS_434;EE44TSA136;SDC2;1;52;29;13;2;"lundiMAT;merMAT;jeuMAT;jeuPM;venMAT;venPM";2;1;3;1;2;sans objet;sans objet;sans objet;sans objet;4;2;sans objet;2;sans objet;1;1;3;sans objet;1;1;1;1;1;3;2;sans objet;2;2;1;2;2;1;2;2;1;1;1;1;5;17;4;2;5;1;sans objet;sans objet;1;sans objet;1;2;2;2;2;2;sans objet;3;2;2;4;2;2;sans objet;sans objet;sans objet;sans objet;1;0;21;5;2;5;4;6;2014-11-20; 09:30;4;1;NA;1;7;16;3;2;6;2;3
ENS_435;EE44TSA136;SDC2;2;35;11;1;1;sans objet;3;1;4;2;2;sans objet;sans objet;sans objet;sans objet;3;2;sans objet;2;sans objet;1;2;1;2;2;sans objet;1;3;1;4;2;sans objet;2;2;1;2;2;1;2;1;2;1;1;2;sans objet;sans objet;sans objet;sans objet;5;1;sans objet;sans objet;1;sans objet;1;2;2;2;2;2;sans objet;3;1;1;5;1;1;sans objet;sans objet;sans objet;sans objet;2;sans objet;sans objet;sans objet;sans objet;4;2;5;2014-11-18; 08:45;4;1;NA;2;sans objet;sans objet;sans objet;sans objet;5;5;5
ENS_436;EE12COJ122;SDC1;2;34;12;9;1;sans objet;2;1;3;2;2;sans objet;sans objet;sans objet;sans objet;5;1;1;2;sans objet;2;sans objet;2;sans objet;2;sans objet;1;1;1;1;1;2;2;1;2;2;1;2;2;1;2;2;sans objet;2;sans objet;sans objet;sans objet;sans objet;3;3;3;3;3;6;sans objet;sans objet;sans objet;sans objet;sans objet;sans objet;sans objet;3;1;1;4;1;1;sans objet;sans objet;sans objet;sans objet;2;sans objet;sans objet;sans objet;sans objet;4;3;4;2014-11-07; 16:00;4;1;NA;2;sans objet;sans objet;sans objet;sans objet;5;4;3
ENS_437;EE70QUC157;SDC2;2;42;17;10;2;"lundiMAT;lundiPM;mardiMAT;mardiPM;merMAT;venMAT;venPM";1;sans objet;sans objet;sans objet;2;sans objet;sans objet;sans objet;sans objet;4;2;sans objet;2;sans objet;2;sans objet;2;sans objet;2;sans objet;1;4;1;4;2;sans objet;2;1;2;2;1;2;2;1;2;2;sans objet;2;sans objet;sans objet;sans objet;sans objet;4;4;1;2;1;sans objet;2;1;2;2;2;2;sans objet;3;1;1;4;2;3;sans objet;sans objet;sans objet;sans objet;2;sans objet;sans objet;sans objet;sans objet;4;3;5;2014-11-17;NA;4;1;NA;2;sans objet;sans objet;sans objet;sans objet;4;4;4
ENS_438;EE70QUC157;SDC1;1;47;21;7;1;sans objet;1;sans objet;sans objet;sans objet;1;2;24;0;1;3;1;1;1;1;1;1;3;sans objet;2;sans objet;2;sans objet;1;2;1;4;2;2;1;2;2;1;2;2;1;2;sans objet;1;4;16;6;2;4;3;2;2;3;3;sans objet;sans objet;sans objet;sans objet;sans objet;sans objet;sans objet;4;1;1;6;1;1;sans objet;sans objet;sans objet;sans objet;1;4;16;6;2;6;2;6;2014-11-17; 15:00;6;1;NA;1;6;12;8;2;5;4;6
ENS_439;EE07LVU120;SDC1;2;28;5;1;1;sans objet;2;3;4;1;2;sans objet;sans objet;sans objet;sans objet;2;1;2;1;2;1;2;1;2;2;sans objet;2;sans objet;1;3;2;sans objet;1;NA;NA;NA;1;NA;1;NA;NA;2;sans objet;2;sans objet;sans objet;sans objet;sans objet;4;3;2;2;2;3;sans objet;sans objet;sans objet;sans objet;sans objet;sans objet;sans objet;3;2;2;3;2;1;sans objet;sans objet;sans objet;sans objet;2;sans objet;sans objet;sans objet;sans objet;5;3;3;2014-10-13; 16:45;6;1;NA;2;sans objet;sans objet;sans objet;sans objet;5;5;2
ENS_440;EE07LVU120;SDC2;2;42;3;2;1;sans objet;1;sans objet;sans objet;sans objet;2;sans objet;sans objet;sans objet;sans objet;4;2;sans objet;1;1;2;sans objet;2;sans objet;2;sans objet;1;1;1;2;2;sans objet;2;1;2;2;1;2;2;1;2;2;sans objet;2;sans objet;sans objet;sans objet;sans objet;5;4;2;2;3;6;sans objet;sans objet;sans objet;sans objet;sans objet;sans objet;sans objet;2;1;1;5;3;1;sans objet;sans objet;sans objet;sans objet;2;sans objet;sans objet;sans objet;sans objet;5;2;3;2014-10-16; 14:00;4;1;NA;2;sans objet;sans objet;sans objet;sans objet;3;4;6
ENS_441;EM81LAJ121;SDC2;2;41;16;9;2;"lundiMAT;mardiMAT;mardiPM;merMAT;jeuMAT;jeuPM;venMAT;venPM";2;2;2;2;2;sans objet;sans objet;sans objet;sans objet;4;3;sans objet;3;sans objet;2;sans objet;3;sans objet;1;1;2;sans objet;2;sans objet;2;sans objet;2;2;1;2;1;2;1;2;2;1;1;2;sans objet;sans objet;sans objet;sans objet;6;1;sans objet;sans objet;3;1;sans objet;sans objet;sans objet;sans objet;sans objet;sans objet;sans objet;3;1;1;4;1;1;sans objet;sans objet;sans objet;sans objet;2;sans objet;sans objet;sans objet;sans objet;4;1;6;2014-11-20; 15:45;4;2;3;2;sans objet;sans objet;sans objet;sans objet;6;4;6
ENS_442;EM81LAJ121;SDC1;2;51;31;18;1;sans objet;3;1;2;4;2;sans objet;sans objet;sans objet;sans objet;5;1;2;2;sans objet;1;2;3;sans objet;1;2;2;sans objet;2;sans objet;2;sans objet;2;1;2;2;1;2;2;1;2;2;sans objet;2;sans objet;sans objet;sans objet;sans objet;6;1;sans objet;sans objet;2;6;sans objet;sans objet;sans objet;sans objet;sans objet;sans objet;sans objet;3;1;1;5;1;1;sans objet;sans objet;sans objet;sans objet;2;sans objet;sans objet;sans objet;sans objet;4;1;5;2014-11-21; 13:15;4;1;NA;2;sans objet;sans objet;sans objet;sans objet;5;4;5
ENS_443;EE70QUC157;SDC2;2;39;7;1;2;"lundiMAT;lundiPM;merMAT;jeuMAT;jeuPM;venMAT;venPM";1;sans objet;sans objet;sans objet;2;sans objet;sans objet;sans objet;sans objet;5;2;sans objet;2;sans objet;2;sans objet;2;sans objet;2;sans objet;2;sans objet;2;sans objet;2;sans objet;2;1;2;2;1;2;2;1;2;2;sans objet;2;sans objet;sans objet;sans objet;sans objet;4;3;2;2;3;6;sans objet;sans objet;sans objet;sans objet;sans objet;sans objet;sans objet;3;1;1;5;3;1;sans objet;sans objet;sans objet;sans objet;2;sans objet;sans objet;sans objet;sans objet;4;2;4;2014-11-20; 13:00;4;2;4;2;sans objet;sans objet;sans objet;sans objet;5;4;4
ENS_444;EE44MAG135;SDC1;2;36;14;4;2;"lundiMAT;merMAT;jeuMAT;jeuPM;venMAT;venPM";2;1;3;2;2;sans objet;sans objet;sans objet;sans objet;5;2;sans objet;2;sans objet;2;sans objet;2;sans objet;2;sans objet;2;sans objet;1;4;2;sans objet;2;2;1;2;1;2;2;1;2;1;1;2;sans objet;sans objet;sans objet;sans objet;4;4;3;3;4;6;sans objet;sans objet;sans objet;sans objet;sans objet;sans objet;sans objet;3;2;2;4;2;1;sans objet;sans objet;sans objet;sans objet;2;sans objet;sans objet;sans objet;sans objet;6;2;3;2014-11-28; 16:10;7;1;NA;2;sans objet;sans objet;sans objet;sans objet;2;2;2
ENS_445;EE44MAG135;SDC1;2;44;6;1;2;"lundiMAT;lundiPM;mardiMAT;mardiPM;merMAT;jeuMAT;jeuPM;";1;sans objet;sans objet;sans objet;2;sans objet;sans objet;sans objet;sans objet;5;2;sans objet;2;sans objet;2;sans objet;2;sans objet;2;sans objet;1;1;1;2;2;sans objet;2;2;1;2;1;2;2;1;2;2;sans objet;2;sans objet;sans objet;sans objet;sans objet;4;2;1;2;2;6;sans objet;sans objet;sans objet;sans objet;sans objet;sans objet;sans objet;3;1;1;4;2;1;sans objet;sans objet;sans objet;sans objet;2;sans objet;sans objet;sans objet;sans objet;5;2;5;2014-11-25; 17:30;4;2;4;2;sans objet;sans objet;sans objet;sans objet;6;4;5
ENS_446;EE44MAG135;SDC2;2;33;2;1;1;sans objet;2;2;3;2;2;sans objet;sans objet;sans objet;sans objet;3;2;sans objet;1;3;2;sans objet;2;sans objet;1;1;2;sans objet;1;2;2;sans objet;2;2;1;2;1;2;2;1;2;1;1;2;sans objet;sans objet;sans objet;sans objet;4;4;2;3;3;6;sans objet;sans objet;sans objet;sans objet;sans objet;sans objet;sans objet;3;1;1;2;2;2;sans objet;sans objet;sans objet;sans objet;2;sans objet;sans objet;sans objet;sans objet;5;3;5;2014-11-24; 12:25;3;1;NA;2;sans objet;sans objet;sans objet;sans objet;5;3;5
ENS_447;EM87LIR142;SDC1;2;53;31;11;1;sans objet;2;1;3;2;2;sans objet;sans objet;sans objet;sans objet;2;3;sans objet;3;sans objet;1;3;2;sans objet;2;sans objet;2;sans objet;1;2;2;sans objet;2;2;1;2;2;1;2;1;2;2;sans objet;2;sans objet;sans objet;sans objet;sans objet;4;1;sans objet;sans objet;1;sans objet;2;2;2;2;2;1;je n'utilise cette classe que sur un créneau horaire où le problème ne se pose pas;1;sans objet;sans objet;sans objet;sans objet;sans objet;1;2;2;sans objet;2;sans objet;sans objet;sans objet;sans objet;4;2;5;2014-10-15; 14:30;4;2;4;2;sans objet;sans objet;sans objet;sans objet;5;4;5
ENS_448;EE44DOR170;SDC1;2;29;6;2;1;sans objet;3;1;3;3;1;10;8;3;2;4;2;sans objet;2;sans objet;2;sans objet;2;sans objet;2;sans objet;1;1;1;3;2;sans objet;2;2;1;2;1;2;2;1;2;2;sans objet;1;0;0;23;2;3;3;3;3;3;3;sans objet;sans objet;sans objet;sans objet;sans objet;sans objet;sans objet;4;2;2;4;2;3;sans objet;sans objet;sans objet;sans objet;1;1;5;14;2;6;4;3;2014-12-02; 16:00;6;2;6;1;3;9;10;2;6;4;2
ENS_449;EE44DOR170;SDC2;1;37;11;4;1;sans objet;2;1;3;2;1;2;22;0;2;3;1;2;2;sans objet;2;sans objet;3;sans objet;3;sans objet;1;3;1;4;1;2;2;2;1;2;2;1;2;1;2;2;sans objet;1;2;17;5;2;4;3;1;2;4;5;sans objet;sans objet;sans objet;sans objet;sans objet;sans objet;sans objet;4;3;2;5;2;1;sans objet;sans objet;sans objet;sans objet;1;1;19;4;2;6;2;3;2014-12-01; 19:00;5;1;NA;1;7;3;14;2;4;2;1
ENS_450;EE81LAQ175;SDC1;1;37;15;3;1;sans objet;1;sans objet;sans objet;sans objet;2;sans objet;sans objet;sans objet;sans objet;4;2;sans objet;2;sans objet;1;1;3;sans objet;1;1;1;1;1;2;2;sans objet;2;2;1;2;1;2;2;1;2;2;sans objet;2;sans objet;sans objet;sans objet;sans objet;4;2;3;1;2;6;sans objet;sans objet;sans objet;sans objet;sans objet;sans objet;sans objet;4;1;1;6;1;3;sans objet;sans objet;sans objet;sans objet;2;sans objet;sans objet;sans objet;sans objet;6;3;3;2014-11-21; 11:30;4;1;NA;2;sans objet;sans objet;sans objet;sans objet;4;4;3
ENS_451;EE81LAQ175;SDC2;2;29;6;1;1;sans objet;1;sans objet;sans objet;sans objet;1;3;19;1;2;4;1;2;1;2;1;2;3;sans objet;2;sans objet;1;2;1;3;2;sans objet;1;2;2;2;1;2;2;1;2;2;sans objet;1;0;4;19;2;4;4;3;2;4;3;sans objet;sans objet;sans objet;sans objet;sans objet;sans objet;sans objet;4;2;1;3;3;2;sans objet;sans objet;sans objet;sans objet;1;5;12;6;2;4;2;3;2014-11-21; 11:05;4;2;3;1;2;6;15;2;4;4;3
ENS_452;EE88NEX156;SDC1;2;44;20;4;1;sans objet;3;1;1;4;2;sans objet;sans objet;sans objet;sans objet;4;2;sans objet;1;2;2;sans objet;2;sans objet;2;sans objet;1;1;1;1;2;sans objet;2;1;2;2;1;2;2;1;2;2;sans objet;2;sans objet;sans objet;sans objet;sans objet;6;1;sans objet;sans objet;NA;sans objet;sans objet;sans objet;sans objet;sans objet;sans objet;sans objet;sans objet;4;1;1;5;2;3;sans objet;sans objet;sans objet;sans objet;2;sans objet;sans objet;sans objet;sans objet;2;2;1;2014-11-27; 15:30;2;2;2;1;0;3;8;2;4;4;4
ENS_453;EE88NEX156;SDC2;1;30;6;5;1;sans objet;2;1;2;3;1;1;22;1;2;7;2;sans objet;2;sans objet;2;sans objet;2;sans objet;1;2;2;sans objet;1;2;2;sans objet;2;2;1;2;1;2;2;1;2;1;1;1;1;20;3;2;3;2;1;1;2;6;sans objet;sans objet;sans objet;sans objet;sans objet;sans objet;sans objet;4;1;1;6;3;1;sans objet;sans objet;sans objet;sans objet;1;12;9;3;2;6;2;6;2014-11-24; 13:00;4;1;NA;1;0;17;7;2;6;4;6
ENS_454;EE87LIV172;SDC2;2;53;14;9;1;sans objet;1;sans objet;sans objet;sans objet;2;sans objet;sans objet;sans objet;sans objet;3;2;sans objet;1;3;2;sans objet;2;sans objet;2;sans objet;2;sans objet;1;1;2;sans objet;2;2;1;2;1;2;2;1;2;2;sans objet;2;sans objet;sans objet;sans objet;sans objet;5;2;2;3;3;6;sans objet;sans objet;sans objet;sans objet;sans objet;sans objet;sans objet;2;1;1;6;1;1;sans objet;sans objet;sans objet;sans objet;2;sans objet;sans objet;sans objet;sans objet;6;2;6;2014-11-13; 15:00;4;1;NA;2;sans objet;sans objet;sans objet;sans objet;5;5;4
ENS_455;EE87LIV172;SDC1;2;59;36;13;1;sans objet;1;sans objet;sans objet;sans objet;1;15;11;2;1;4;1;1;2;sans objet;1;3;2;sans objet;2;sans objet;2;sans objet;1;3;2;sans objet;2;1;2;2;1;2;2;1;2;2;sans objet;1;4;3;21;2;6;3;2;1;3;5;sans objet;sans objet;sans objet;sans objet;sans objet;sans objet;sans objet;3;1;1;5;2;1;sans objet;sans objet;sans objet;sans objet;1;27;1;0;2;5;2;5;2014-11-13; 11:00;4;1;NA;1;6;16;6;2;5;4;5
ENS_456;EM07COZ115;SDC1;2;47;25;6;1;sans objet;3;2;3;3;2;sans objet;sans objet;sans objet;sans objet;3;2;sans objet;2;sans objet;2;sans objet;2;sans objet;1;1;2;sans objet;1;2;2;sans objet;NA;1;NA;NA;1;NA;1;NA;NA;2;sans objet;2;sans objet;sans objet;sans objet;sans objet;6;2;1;2;2;5;sans objet;sans objet;sans objet;sans objet;sans objet;sans objet;sans objet;4;2;1;4;3;3;sans objet;sans objet;sans objet;sans objet;2;sans objet;sans objet;sans objet;sans objet;4;2;4;NA;NA;NA;2;4;2;sans objet;sans objet;sans objet;sans objet;4;4;4
ENS_457;EM07GUX114;SDC1;2;44;16;9;1;sans objet;1;sans objet;sans objet;sans objet;2;sans objet;sans objet;sans objet;sans objet;5;NA;sans objet;1;2;NA;sans objet;2;sans objet;2;sans objet;2;sans objet;2;sans objet;2;sans objet;NA;NA;1;NA;1;NA;NA;1;NA;2;sans objet;2;sans objet;sans objet;sans objet;sans objet;4;4;3;2;3;3;sans objet;sans objet;sans objet;sans objet;sans objet;sans objet;sans objet;3;1;NA;4;1;3;sans objet;sans objet;sans objet;sans objet;2;sans objet;sans objet;sans objet;sans objet;7;2;1;2014-11-17; 15:50;6;1;NA;2;sans objet;sans objet;sans objet;sans objet;4;4;4
ENS_458;EM07GUX114;SDC2;1;55;33;4;1;sans objet;1;sans objet;sans objet;sans objet;2;sans objet;sans objet;sans objet;sans objet;2;1;2;2;sans objet;1;2;2;sans objet;2;sans objet;2;sans objet;2;sans objet;2;sans objet;NA;NA;1;NA;NA;1;NA;1;NA;1;1;2;sans objet;sans objet;sans objet;sans objet;7;2;1;1;4;5;sans objet;sans objet;sans objet;sans objet;sans objet;sans objet;sans objet;4;1;1;7;1;1;sans objet;sans objet;sans objet;sans objet;2;sans objet;sans objet;sans objet;sans objet;4;3;6;2014-11-21; 08:39;4;1;NA;2;sans objet;sans objet;sans objet;sans objet;7;4;6
ENS_459;EM07GUX114;SDC3;2;44;22;5;1;sans objet;1;sans objet;sans objet;sans objet;2;sans objet;sans objet;sans objet;sans objet;3;1;1;2;sans objet;1;2;3;sans objet;2;sans objet;2;sans objet;2;sans objet;2;sans objet;NA;1;NA;NA;1;NA;NA;1;NA;1;1;2;sans objet;sans objet;sans objet;sans objet;7;3;2;1;3;6;sans objet;sans objet;sans objet;sans objet;sans objet;sans objet;sans objet;4;1;1;6;1;1;sans objet;sans objet;sans objet;sans objet;2;sans objet;sans objet;sans objet;sans objet;7;3;3;2014-11-18; 16:10;4;1;NA;2;sans objet;sans objet;sans objet;sans objet;4;2;5
ENS_460;EM12SAG123;SDC1;1;56;36;17;1;sans objet;1;sans objet;sans objet;sans objet;2;sans objet;sans objet;sans objet;sans objet;2;2;sans objet;2;sans objet;2;sans objet;2;sans objet;2;sans objet;1;2;1;3;2;sans objet;2;1;2;2;1;2;2;1;2;2;sans objet;2;sans objet;sans objet;sans objet;sans objet;4;3;1;2;3;7;sans objet;sans objet;sans objet;sans objet;sans objet;sans objet;sans objet;3;1;1;6;1;1;sans objet;sans objet;sans objet;sans objet;2;sans objet;sans objet;sans objet;sans objet;4;2;6;2014-12-04; 13:00;4;1;NA;2;sans objet;sans objet;sans objet;sans objet;6;4;6
ENS_461;EM12SAG123;SDC2;2;48;26;10;1;sans objet;1;sans objet;sans objet;sans objet;2;sans objet;sans objet;sans objet;sans objet;3;2;sans objet;2;sans objet;2;sans objet;3;sans objet;2;sans objet;2;sans objet;1;1;2;sans objet;2;1;2;2;1;2;2;1;2;2;sans objet;2;sans objet;sans objet;sans objet;sans objet;5;2;1;2;2;6;sans objet;sans objet;sans objet;sans objet;sans objet;sans objet;sans objet;3;1;1;4;1;1;sans objet;sans objet;sans objet;sans objet;2;sans objet;sans objet;sans objet;sans objet;4;1;6;2014-12-03; 10:30;4;1;NA;2;sans objet;sans objet;sans objet;sans objet;5;4;4
ENS_462;EM75PAB161;SDC1;2;28;6;2;1;sans objet;1;sans objet;sans objet;sans objet;2;sans objet;sans objet;sans objet;sans objet;3;2;sans objet;2;sans objet;1;2;2;sans objet;2;sans objet;1;3;1;3;2;sans objet;2;1;2;2;1;2;2;1;2;2;sans objet;2;sans objet;sans objet;sans objet;sans objet;2;2;3;3;2;5;sans objet;sans objet;sans objet;sans objet;sans objet;sans objet;sans objet;4;1;2;5;1;1;sans objet;sans objet;sans objet;sans objet;2;sans objet;sans objet;sans objet;sans objet;4;2;4;2014-11-24; 09:30;4;2;4;2;sans objet;sans objet;sans objet;sans objet;4;4;3
ENS_463;EM75PAB161;SDC2;2;53;26;19;2;"lundiMAT;lundiPM;jeuMAT;jeuPM;venMAT;venPM";3;1;4;2;2;sans objet;sans objet;sans objet;sans objet;1;NA;sans objet;NA;sans objet;NA;sans objet;NA;sans objet;NA;sans objet;NA;sans objet;NA;sans objet;NA;sans objet;NA;NA;NA;NA;NA;NA;NA;NA;NA;NA;sans objet;NA;sans objet;sans objet;sans objet;sans objet;NA;NA;sans objet;sans objet;NA;sans objet;sans objet;sans objet;sans objet;sans objet;sans objet;sans objet;sans objet;NA;sans objet;sans objet;sans objet;sans objet;sans objet;sans objet;sans objet;sans objet;sans objet;NA;sans objet;sans objet;sans objet;sans objet;NA;NA;NA;NA;NA;NA;NA;NA;NA;sans objet;sans objet;sans objet;sans objet;NA;NA;NA
ENS_464;EM75PAB161;SDC2;2;NA;NA;NA;2;"mardiMAT;mardiPM;merMAT;";NA;sans objet;sans objet;sans objet;NA;sans objet;sans objet;sans objet;sans objet;NA;NA;sans objet;NA;sans objet;NA;sans objet;NA;sans objet;NA;sans objet;NA;sans objet;NA;sans objet;NA;sans objet;NA;NA;NA;NA;NA;NA;NA;NA;NA;NA;sans objet;NA;sans objet;sans objet;sans objet;sans objet;NA;NA;sans objet;sans objet;NA;sans objet;sans objet;sans objet;sans objet;sans objet;sans objet;sans objet;sans objet;NA;sans objet;sans objet;sans objet;sans objet;sans objet;sans objet;sans objet;sans objet;sans objet;NA;sans objet;sans objet;sans objet;sans objet;NA;NA;NA;NA;NA;NA;NA;NA;NA;sans objet;sans objet;sans objet;sans objet;NA;NA;NA
ENS_465;EE87SBS146;SDC1;2;38;14;3;1;sans objet;1;sans objet;sans objet;sans objet;2;sans objet;sans objet;sans objet;sans objet;3;2;sans objet;2;sans objet;1;1;1;1;2;sans objet;2;sans objet;1;2;1;2;2;1;2;2;1;2;2;1;2;2;sans objet;2;sans objet;sans objet;sans objet;sans objet;5;3;2;1;3;6;sans objet;sans objet;sans objet;sans objet;sans objet;sans objet;sans objet;4;1;1;4;2;1;sans objet;sans objet;sans objet;sans objet;2;sans objet;sans objet;sans objet;sans objet;6;2;4;2014-11-17; 13:45;5;1;NA;2;sans objet;sans objet;sans objet;sans objet;6;4;6
ENS_466;EE87SBS146;SDC2;2;31;8;1;1;sans objet;1;sans objet;sans objet;sans objet;2;sans objet;sans objet;sans objet;sans objet;5;2;sans objet;2;sans objet;2;sans objet;2;sans objet;2;sans objet;1;2;1;4;2;sans objet;1;2;2;2;1;2;2;1;2;2;sans objet;2;sans objet;sans objet;sans objet;sans objet;4;4;2;2;3;5;sans objet;sans objet;sans objet;sans objet;sans objet;sans objet;sans objet;2;1;1;4;1;1;sans objet;sans objet;sans objet;sans objet;2;sans objet;sans objet;sans objet;sans objet;5;2;5;2014-11-20; 15:00;5;1;NA;2;sans objet;sans objet;sans objet;sans objet;4;4;2
ENS_467;EM44STP133;SDC1;2;55;25;20;1;sans objet;1;sans objet;sans objet;sans objet;2;sans objet;sans objet;sans objet;sans objet;1;1;2;1;1;1;2;1;1;2;sans objet;1;1;1;2;2;sans objet;2;1;2;2;1;2;2;1;2;2;sans objet;2;sans objet;sans objet;sans objet;sans objet;3;2;2;2;2;4;sans objet;sans objet;sans objet;sans objet;sans objet;sans objet;sans objet;2;1;1;4;1;1;sans objet;sans objet;sans objet;sans objet;2;sans objet;sans objet;sans objet;sans objet;6;2;4;2014-12-10; 12:25;5;1;NA;2;sans objet;sans objet;sans objet;sans objet;4;4;3
ENS_468;EM44STP133;SDC2;2;35;10;5;1;sans objet;1;sans objet;sans objet;sans objet;2;sans objet;sans objet;sans objet;sans objet;4;2;sans objet;2;sans objet;2;sans objet;2;sans objet;2;sans objet;2;sans objet;1;4;1;3;1;2;2;2;1;2;2;1;2;2;sans objet;2;sans objet;sans objet;sans objet;sans objet;2;2;2;2;3;6;sans objet;sans objet;sans objet;sans objet;sans objet;sans objet;sans objet;2;1;1;6;1;1;sans objet;sans objet;sans objet;sans objet;2;sans objet;sans objet;sans objet;sans objet;4;2;6;2014-12-09; 16:45;4;2;3;2;sans objet;sans objet;sans objet;sans objet;6;4;5
ENS_469;EM88NEZ155;SDC2;2;54;36;10;1;sans objet;1;sans objet;sans objet;sans objet;2;sans objet;sans objet;sans objet;sans objet;2;2;sans objet;2;sans objet;2;sans objet;2;sans objet;2;sans objet;2;sans objet;1;2;2;sans objet;2;1;2;2;1;2;2;1;2;2;sans objet;2;sans objet;sans objet;sans objet;sans objet;5;2;1;1;1;sans objet;1;1;2;2;2;2;sans objet;4;2;1;5;2;1;sans objet;sans objet;sans objet;sans objet;2;sans objet;sans objet;sans objet;sans objet;4;2;4;2014-12-03; 08:30;3;2;2;2;sans objet;sans objet;sans objet;sans objet;4;4;6
ENS_470;EM88NEZ155;SDC1;2;52;34;12;1;sans objet;2;1;3;2;2;sans objet;sans objet;sans objet;sans objet;4;2;sans objet;2;sans objet;1;2;2;sans objet;1;1;1;1;1;1;2;sans objet;2;1;2;2;1;2;2;1;2;2;sans objet;2;sans objet;sans objet;sans objet;sans objet;4;3;2;2;2;5;sans objet;sans objet;sans objet;sans objet;sans objet;sans objet;sans objet;3;1;1;4;1;1;sans objet;sans objet;sans objet;sans objet;2;sans objet;sans objet;sans objet;sans objet;2;3;2;2014-12-01; 14:00;3;3;2;2;sans objet;sans objet;sans objet;sans objet;5;4;5
ENS_471;EE92LPZ164;SDC1;2;52;14;14;1;sans objet;2;1;2;2;2;sans objet;sans objet;sans objet;sans objet;2;2;sans objet;1;2;1;1;2;sans objet;2;sans objet;2;sans objet;1;5;2;sans objet;2;2;1;2;1;2;2;1;2;1;1;2;sans objet;sans objet;sans objet;sans objet;4;3;1;4;4;5;sans objet;sans objet;sans objet;sans objet;sans objet;sans objet;sans objet;3;1;1;4;2;3;sans objet;sans objet;sans objet;sans objet;2;sans objet;sans objet;sans objet;sans objet;5;3;3;2014-12-12; 16:00;5;2;4;2;sans objet;sans objet;sans objet;sans objet;4;4;3
ENS_472;EE92LPZ164;SDC2;2;25;3;3;1;sans objet;1;sans objet;sans objet;sans objet;1;2;23;1;2;3;1;3;1;2;1;2;1;2;2;sans objet;1;2;1;4;1;4;2;2;1;2;1;2;2;1;2;2;sans objet;1;5;12;9;2;4;2;2;2;3;6;sans objet;sans objet;sans objet;sans objet;sans objet;sans objet;sans objet;3;1;2;6;2;1;sans objet;sans objet;sans objet;sans objet;1;18;7;1;2;6;3;3;2014-12-12; 13:00;5;1;NA;1;6;17;3;2;5;4;3
ENS_473;EE75PAP160;SDC1;2;63;40;28;1;sans objet;1;sans objet;sans objet;sans objet;1;0;25;0;1;4;2;sans objet;1;3;1;3;2;sans objet;1;2;1;3;1;4;1;2;2;1;2;2;1;2;2;1;2;2;sans objet;2;sans objet;sans objet;sans objet;sans objet;4;2;2;2;3;6;sans objet;sans objet;sans objet;sans objet;sans objet;sans objet;sans objet;3;1;1;6;1;1;sans objet;sans objet;sans objet;sans objet;2;sans objet;sans objet;sans objet;sans objet;6;2;6;2014-12-08; 14:15;4;1;NA;2;sans objet;sans objet;sans objet;sans objet;5;4;5
ENS_474;EE75PAP160;SDC2;2;50;10;8;1;sans objet;1;sans objet;sans objet;sans objet;2;sans objet;sans objet;sans objet;sans objet;4;2;sans objet;2;sans objet;2;sans objet;1;2;2;sans objet;1;2;1;4;1;NA;2;1;2;2;1;2;2;1;2;2;sans objet;2;sans objet;sans objet;sans objet;sans objet;7;1;sans objet;sans objet;4;6;sans objet;sans objet;sans objet;sans objet;sans objet;sans objet;sans objet;3;1;2;4;1;1;sans objet;sans objet;sans objet;sans objet;2;sans objet;sans objet;sans objet;sans objet;3;2;3;2014-12-08; 09:30;1;1;NA;2;sans objet;sans objet;sans objet;sans objet;4;4;4
ENS_475;EM87SMH139;SDC2;2;41;19;16;1;sans objet;2;1;3;2;1;NA;NA;NA;1;1;2;sans objet;2;sans objet;2;sans objet;3;sans objet;2;sans objet;2;sans objet;2;sans objet;2;sans objet;1;2;2;1;2;2;1;2;2;2;sans objet;1;NA;NA;NA;1;5;2;1;3;4;5;sans objet;sans objet;sans objet;sans objet;sans objet;sans objet;sans objet;3;1;1;5;2;1;sans objet;sans objet;sans objet;sans objet;1;NA;NA;NA;1;6;3;5;2014-12-02; 14:00;6;1;NA;1;NA;NA;NA;1;4;4;1
ENS_476;EM87SMH139;SDC1;2;49;28;1;1;sans objet;1;sans objet;sans objet;sans objet;2;sans objet;sans objet;sans objet;sans objet;1;2;sans objet;2;sans objet;2;sans objet;2;sans objet;2;sans objet;2;sans objet;2;sans objet;2;sans objet;1;2;2;1;2;2;1;2;2;2;sans objet;2;sans objet;sans objet;sans objet;sans objet;4;1;sans objet;sans objet;2;6;sans objet;sans objet;sans objet;sans objet;sans objet;sans objet;sans objet;4;1;1;4;1;1;sans objet;sans objet;sans objet;sans objet;2;sans objet;sans objet;sans objet;sans objet;5;2;3;2014-12-02; 12:15;4;1;NA;2;sans objet;sans objet;sans objet;sans objet;3;5;3
ENS_477;EM88GSB150;SDC3;1;37;13;4;1;sans objet;2;2;3;2;2;sans objet;sans objet;sans objet;sans objet;4;3;sans objet;3;sans objet;2;sans objet;3;sans objet;2;sans objet;2;sans objet;2;sans objet;2;sans objet;1;2;2;2;1;2;2;1;2;1;1;2;sans objet;sans objet;sans objet;sans objet;6;1;sans objet;sans objet;1;sans objet;2;2;1;2;2;2;sans objet;3;1;1;5;1;1;sans objet;sans objet;sans objet;sans objet;2;sans objet;sans objet;sans objet;sans objet;5;3;2;2014-12-16; 07:30;4;1;NA;2;sans objet;sans objet;sans objet;sans objet;3;4;2
ENS_478;EM88GSB150;SDC1;2;56;24;4;1;sans objet;1;sans objet;sans objet;sans objet;2;sans objet;sans objet;sans objet;sans objet;4;2;sans objet;2;sans objet;1;2;2;sans objet;1;2;2;sans objet;1;1;1;1;1;2;2;2;1;2;2;1;2;2;sans objet;2;sans objet;sans objet;sans objet;sans objet;2;3;2;2;4;7;sans objet;sans objet;sans objet;sans objet;sans objet;sans objet;sans objet;4;1;3;4;1;1;sans objet;sans objet;sans objet;sans objet;2;sans objet;sans objet;sans objet;sans objet;7;3;1;2014-12-17; 09:30;6;1;NA;2;sans objet;sans objet;sans objet;sans objet;2;2;6
ENS_479;EM88GSB150;SDC2;2;36;15;3;1;sans objet;1;sans objet;sans objet;sans objet;2;sans objet;sans objet;sans objet;sans objet;4;2;sans objet;2;sans objet;1;2;2;sans objet;2;sans objet;2;sans objet;1;1;2;sans objet;2;1;2;2;1;2;2;1;2;2;sans objet;2;sans objet;sans objet;sans objet;sans objet;3;1;sans objet;sans objet;3;7;sans objet;sans objet;sans objet;sans objet;sans objet;sans objet;sans objet;4;1;2;4;1;1;sans objet;sans objet;sans objet;sans objet;2;sans objet;sans objet;sans objet;sans objet;7;2;2;2014-12-15; 09:00;6;1;NA;1;0;13;11;2;3;1;5
ENS_480;EE87SYG174;SDC1;2;40;15;1;2;"lundiMAT;mardiMAT;mardiPM;venMAT;venPM";1;sans objet;sans objet;sans objet;2;sans objet;sans objet;sans objet;sans objet;4;1;3;2;sans objet;2;sans objet;3;sans objet;2;sans objet;2;sans objet;2;sans objet;2;sans objet;2;1;2;2;1;2;2;1;2;2;sans objet;2;sans objet;sans objet;sans objet;sans objet;7;4;2;2;3;3;sans objet;sans objet;sans objet;sans objet;sans objet;sans objet;sans objet;3;1;1;5;1;1;sans objet;sans objet;sans objet;sans objet;2;sans objet;sans objet;sans objet;sans objet;5;4;2;2015-05-12; 10:45;5;1;NA;2;sans objet;sans objet;sans objet;sans objet;6;3;6
ENS_481;EE87SYG174;SDC2;1;51;12;3;1;sans objet;1;sans objet;sans objet;sans objet;2;sans objet;sans objet;sans objet;sans objet;7;2;sans objet;2;sans objet;2;sans objet;3;sans objet;2;sans objet;2;sans objet;2;sans objet;2;sans objet;2;1;2;2;1;2;2;1;2;2;sans objet;2;sans objet;sans objet;sans objet;sans objet;7;4;2;2;3;2;sans objet;sans objet;sans objet;sans objet;sans objet;sans objet;sans objet;4;1;1;5;1;1;sans objet;sans objet;sans objet;sans objet;2;sans objet;sans objet;sans objet;sans objet;7;3;5;NA;NA;NA;1;NA;2;sans objet;sans objet;sans objet;sans objet;5;2;6
ENS_482;EE87SYG174;SDC1;2;25;3;2;2;"lundiMAT;lundiPM;jeuMAT;jeuPM;";1;sans objet;sans objet;sans objet;2;sans objet;sans objet;sans objet;sans objet;6;2;sans objet;2;sans objet;1;2;2;sans objet;2;sans objet;2;sans objet;2;sans objet;2;sans objet;2;1;2;2;1;2;2;1;2;2;sans objet;2;sans objet;sans objet;sans objet;sans objet;7;3;2;2;3;5;sans objet;sans objet;sans objet;sans objet;sans objet;sans objet;sans objet;3;1;1;6;1;1;sans objet;sans objet;sans objet;sans objet;2;sans objet;sans objet;sans objet;sans objet;5;4;4;2014-12-11; 13:20;4;1;NA;2;sans objet;sans objet;sans objet;sans objet;6;4;6
ENS_483;EE19LIZ144;SDC2;1;57;36;15;1;sans objet;1;sans objet;sans objet;sans objet;1;20;0;0;2;4;2;sans objet;1;3;2;sans objet;1;2;2;sans objet;1;2;1;4;2;sans objet;2;1;2;2;2;1;2;1;2;2;sans objet;1;10;5;7;2;7;2;1;1;3;7;sans objet;sans objet;sans objet;sans objet;sans objet;sans objet;sans objet;3;2;1;3;3;1;sans objet;sans objet;sans objet;sans objet;1;19;3;0;2;6;2;5;2014-12-16; 13:45;6;1;NA;1;16;6;0;2;5;3;3
ENS_484;EE19LIZ144;SDC1;2;37;14;10;1;sans objet;3;2;3;2;2;sans objet;sans objet;sans objet;sans objet;3;2;sans objet;2;sans objet;1;1;2;sans objet;1;2;1;1;1;2;2;sans objet;1;2;2;1;2;2;1;2;2;2;sans objet;2;sans objet;sans objet;sans objet;sans objet;6;4;1;2;3;6;sans objet;sans objet;sans objet;sans objet;sans objet;sans objet;sans objet;4;4;2;5;1;1;sans objet;sans objet;sans objet;sans objet;2;sans objet;sans objet;sans objet;sans objet;4;1;6;2014-12-09; 13:30;4;1;NA;2;sans objet;sans objet;sans objet;sans objet;6;4;4
ENS_485;EM44POB130;SDC1;2;51;11;11;1;sans objet;2;2;1;4;2;sans objet;sans objet;sans objet;sans objet;3;2;sans objet;2;sans objet;1;1;3;sans objet;2;sans objet;1;1;1;1;2;sans objet;2;2;1;2;1;2;2;1;2;1;1;2;sans objet;sans objet;sans objet;sans objet;7;1;sans objet;sans objet;2;7;sans objet;sans objet;sans objet;sans objet;sans objet;sans objet;sans objet;3;1;1;6;1;1;sans objet;sans objet;sans objet;sans objet;2;sans objet;sans objet;sans objet;sans objet;6;2;5;2014-12-19; 14:30;6;1;NA;2;sans objet;sans objet;sans objet;sans objet;4;4;4
ENS_486;EM44POB130;SDC2;2;51;32;13;1;sans objet;1;sans objet;sans objet;sans objet;2;sans objet;sans objet;sans objet;sans objet;5;2;sans objet;2;sans objet;2;sans objet;3;sans objet;1;1;2;sans objet;1;1;2;sans objet;2;1;2;2;1;2;2;1;2;2;sans objet;2;sans objet;sans objet;sans objet;sans objet;4;1;sans objet;sans objet;1;sans objet;1;2;2;2;2;2;sans objet;4;1;1;6;1;1;sans objet;sans objet;sans objet;sans objet;2;sans objet;sans objet;sans objet;sans objet;6;1;3;2014-12-15; 08:15;6;1;NA;2;sans objet;sans objet;sans objet;sans objet;5;2;2
ENS_487;EE12SGF125;SDC2;1;37;11;4;1;sans objet;2;1;4;1;1;0;12;0;1;2;2;sans objet;1;2;2;sans objet;2;sans objet;2;sans objet;1;1;1;1;2;sans objet;1;2;2;1;2;2;1;2;2;2;sans objet;2;sans objet;sans objet;sans objet;sans objet;6;3;2;1;2;6;sans objet;sans objet;sans objet;sans objet;sans objet;sans objet;sans objet;3;1;1;6;1;1;sans objet;sans objet;sans objet;sans objet;2;sans objet;sans objet;sans objet;sans objet;4;2;5;2014-12-08; 15:11;4;1;NA;2;sans objet;sans objet;sans objet;sans objet;5;2;4
ENS_488;EE12SGF125;SDC1;2;39;12;4;1;sans objet;1;sans objet;sans objet;sans objet;2;sans objet;sans objet;sans objet;sans objet;4;2;sans objet;1;2;2;sans objet;2;sans objet;2;sans objet;1;2;1;2;2;sans objet;2;2;1;2;1;2;2;1;2;2;sans objet;2;sans objet;sans objet;sans objet;sans objet;5;2;2;2;3;6;sans objet;sans objet;sans objet;sans objet;sans objet;sans objet;sans objet;4;1;1;5;2;1;sans objet;sans objet;sans objet;sans objet;2;sans objet;sans objet;sans objet;sans objet;4;3;4;2014-12-08; 14:45;4;2;3;2;sans objet;sans objet;sans objet;sans objet;5;4;3
ENS_491;EM12FLD124;SDC1;2;54;33;16;1;sans objet;2;1;6;1;1;18;1;0;1;4;1;1;2;sans objet;1;1;2;sans objet;2;sans objet;1;1;1;2;1;1;2;2;1;2;1;2;2;1;2;2;sans objet;2;sans objet;sans objet;sans objet;sans objet;6;2;1;1;3;5;sans objet;sans objet;sans objet;sans objet;sans objet;sans objet;sans objet;3;1;1;6;1;1;sans objet;sans objet;sans objet;sans objet;2;sans objet;sans objet;sans objet;sans objet;5;2;5;2014-12-15; 14:00;4;1;NA;2;sans objet;sans objet;sans objet;sans objet;6;4;6
ENS_492;EM12FLD124;SDC2;2;40;1;1;1;sans objet;1;sans objet;sans objet;sans objet;1;19;7;0;2;4;2;sans objet;1;2;2;sans objet;2;sans objet;1;2;1;1;1;2;2;sans objet;2;2;1;2;1;2;2;1;2;2;sans objet;2;sans objet;sans objet;sans objet;sans objet;5;3;1;2;3;2;sans objet;sans objet;sans objet;sans objet;sans objet;sans objet;sans objet;4;1;2;6;3;1;sans objet;sans objet;sans objet;sans objet;2;sans objet;sans objet;sans objet;sans objet;4;2;6;2014-12-15; 14:00;5;1;NA;2;sans objet;sans objet;sans objet;sans objet;6;4;6
ENS_493;EE44GUQ127;SDC1;2;34;9;2;1;sans objet;2;1;3;2;1;1;10;6;1;3;2;sans objet;2;sans objet;1;2;3;sans objet;2;sans objet;2;sans objet;1;2;2;sans objet;1;2;2;2;1;2;2;1;2;1;1;1;2;8;7;1;6;3;1;3;3;4;sans objet;sans objet;sans objet;sans objet;sans objet;sans objet;sans objet;3;2;2;4;2;3;sans objet;sans objet;sans objet;sans objet;1;3;8;6;1;4;3;3;2015-01-16; 17:00;4;2;3;1;0;8;9;1;3;5;4
ENS_494;EE44GUQ127;SDC2;2;45;23;15;1;sans objet;2;1;3;2;2;sans objet;sans objet;sans objet;sans objet;3;2;sans objet;2;sans objet;1;3;3;sans objet;2;sans objet;2;sans objet;1;2;2;sans objet;1;2;2;1;2;2;2;1;2;2;sans objet;1;1;10;10;1;7;1;sans objet;sans objet;2;7;sans objet;sans objet;sans objet;sans objet;sans objet;sans objet;sans objet;3;1;1;7;1;1;sans objet;sans objet;sans objet;sans objet;1;19;2;1;2;5;2;6;2015-01-16; 17:10;4;1;NA;2;sans objet;sans objet;sans objet;sans objet;3;4;2
ENS_495;EE70LVF151;SDC1;2;44;21;8;2;"lundiMAT;lundiPM;merMAT;jeuMAT;jeuPM;venMAT;venPM";1;sans objet;sans objet;sans objet;2;sans objet;sans objet;sans objet;sans objet;3;1;1;1;1;1;1;3;sans objet;2;sans objet;1;1;1;1;2;sans objet;2;2;1;2;1;2;2;1;2;1;2;2;sans objet;sans objet;sans objet;sans objet;7;3;1;2;2;7;sans objet;sans objet;sans objet;sans objet;sans objet;sans objet;sans objet;4;1;3;5;1;1;sans objet;sans objet;sans objet;sans objet;2;sans objet;sans objet;sans objet;sans objet;4;1;6;2015-01-12; 16:30;4;2;3;2;sans objet;sans objet;sans objet;sans objet;6;4;5
ENS_496;EE70LVF151;SDC1;2;44;20;2;2;"mardiMAT;mardiPM;";1;sans objet;sans objet;sans objet;2;sans objet;sans objet;sans objet;sans objet;5;1;2;2;sans objet;1;2;3;sans objet;2;sans objet;1;1;1;1;2;sans objet;2;2;1;2;2;1;2;2;1;1;1;2;sans objet;sans objet;sans objet;sans objet;7;3;1;2;3;7;sans objet;sans objet;sans objet;sans objet;sans objet;sans objet;sans objet;4;1;2;4;1;1;sans objet;sans objet;sans objet;sans objet;2;sans objet;sans objet;sans objet;sans objet;4;2;6;2015-01-13; 13:00;4;1;NA;2;sans objet;sans objet;sans objet;sans objet;6;4;4
ENS_497;EE70LVF151;SDC2;2;40;12;8;1;sans objet;2;1;4;2;2;sans objet;sans objet;sans objet;sans objet;4;1;1;2;sans objet;2;sans objet;3;sans objet;1;4;1;1;1;1;2;sans objet;2;2;1;2;1;2;2;1;2;1;1;2;sans objet;sans objet;sans objet;sans objet;6;3;1;2;2;6;sans objet;sans objet;sans objet;sans objet;sans objet;sans objet;sans objet;4;1;2;4;1;1;sans objet;sans objet;sans objet;sans objet;2;sans objet;sans objet;sans objet;sans objet;3;3;4;2015-01-12; 12:15;3;2;3;2;sans objet;sans objet;sans objet;sans objet;4;4;4
ENS_498;EM44VAK129;SDC1;2;36;10;6;1;sans objet;1;sans objet;sans objet;sans objet;2;sans objet;sans objet;sans objet;sans objet;6;1;1;2;sans objet;1;1;3;sans objet;2;sans objet;2;sans objet;1;1;2;sans objet;2;2;1;2;2;1;2;1;2;1;1;2;sans objet;sans objet;sans objet;sans objet;1;3;1;1;3;6;sans objet;sans objet;sans objet;sans objet;sans objet;sans objet;sans objet;3;1;1;6;1;1;sans objet;sans objet;sans objet;sans objet;2;sans objet;sans objet;sans objet;sans objet;4;2;6;2015-01-20; 12:15;5;1;NA;2;sans objet;sans objet;sans objet;sans objet;6;4;4
ENS_499;EM44VAK129;SDC2;2;35;11;9;1;sans objet;1;sans objet;sans objet;sans objet;2;sans objet;sans objet;sans objet;sans objet;4;2;sans objet;2;sans objet;2;sans objet;3;sans objet;2;sans objet;2;sans objet;1;2;2;sans objet;2;1;2;2;1;2;2;1;2;1;2;2;sans objet;sans objet;sans objet;sans objet;6;1;sans objet;sans objet;1;sans objet;1;2;2;2;2;2;sans objet;4;1;1;5;1;1;sans objet;sans objet;sans objet;sans objet;2;sans objet;sans objet;sans objet;sans objet;6;2;6;2015-01-22; 15:27;7;1;NA;2;sans objet;sans objet;sans objet;sans objet;6;2;7
ENS_500;EE12SRQ168;SDC2;1;46;20;4;1;sans objet;1;sans objet;sans objet;sans objet;1;2;21;2;2;3;2;sans objet;2;sans objet;2;sans objet;2;sans objet;1;2;2;sans objet;2;sans objet;2;sans objet;1;2;2;1;2;2;1;2;2;2;sans objet;1;0;0;25;2;7;1;sans objet;sans objet;2;7;sans objet;sans objet;sans objet;sans objet;sans objet;sans objet;sans objet;4;2;1;3;2;1;sans objet;sans objet;sans objet;sans objet;1;3;7;15;2;5;3;5;2015-01-07; 11:00;6;1;NA;1;15;8;1;2;4;3;2
ENS_501;EE12SRQ168;SDC1;2;46;10;1;1;sans objet;1;sans objet;sans objet;sans objet;2;sans objet;sans objet;sans objet;sans objet;4;1;2;2;sans objet;1;2;2;sans objet;2;sans objet;2;sans objet;1;1;2;sans objet;1;2;2;2;1;2;2;1;2;2;sans objet;2;sans objet;sans objet;sans objet;sans objet;1;2;2;2;2;2;sans objet;sans objet;sans objet;sans objet;sans objet;sans objet;sans objet;4;2;1;4;1;3;sans objet;sans objet;sans objet;sans objet;2;sans objet;sans objet;sans objet;sans objet;4;2;4;2015-01-15; 12:30;4;1;NA;2;sans objet;sans objet;sans objet;sans objet;3;4;2
ENS_502;EE12ROK169;SDC1;2;28;4;1;1;sans objet;2;1;3;1;2;sans objet;sans objet;sans objet;sans objet;3;2;sans objet;2;sans objet;1;1;1;1;2;sans objet;2;sans objet;2;sans objet;2;sans objet;2;1;2;2;1;2;2;1;2;2;sans objet;2;sans objet;sans objet;sans objet;sans objet;4;4;1;1;4;6;sans objet;sans objet;sans objet;sans objet;sans objet;sans objet;sans objet;3;1;1;6;1;1;sans objet;sans objet;sans objet;sans objet;2;sans objet;sans objet;sans objet;sans objet;4;1;6;2015-01-15; 10:30;4;1;NA;2;sans objet;sans objet;sans objet;sans objet;6;4;5
ENS_503;EE12ROK169;SDC2;2;44;20;8;1;sans objet;1;sans objet;sans objet;sans objet;2;sans objet;sans objet;sans objet;sans objet;4;2;sans objet;1;1;1;2;3;sans objet;3;sans objet;1;3;1;4;1;3;2;2;1;2;1;2;2;1;2;2;sans objet;2;sans objet;sans objet;sans objet;sans objet;5;4;3;3;4;2;sans objet;sans objet;sans objet;sans objet;sans objet;sans objet;sans objet;4;2;1;4;1;2;sans objet;sans objet;sans objet;sans objet;2;sans objet;sans objet;sans objet;sans objet;4;1;5;2015-01-23; 08:30;4;1;NA;2;sans objet;sans objet;sans objet;sans objet;4;4;3
ENS_504;EE87LIU187;SDC1;1;55;34;20;1;sans objet;1;sans objet;sans objet;sans objet;2;sans objet;sans objet;sans objet;sans objet;3;2;sans objet;2;sans objet;2;sans objet;2;sans objet;2;sans objet;2;sans objet;1;3;2;sans objet;2;2;1;2;2;1;2;2;1;1;1;2;sans objet;sans objet;sans objet;sans objet;6;2;1;1;3;7;sans objet;sans objet;sans objet;sans objet;sans objet;sans objet;sans objet;3;1;1;5;1;1;sans objet;sans objet;sans objet;sans objet;2;sans objet;sans objet;sans objet;sans objet;6;2;6;2015-01-19; 15:15;6;1;NA;2;sans objet;sans objet;sans objet;sans objet;6;2;6
ENS_505;EE87LIU187;SDC2;2;31;2;2;1;sans objet;1;sans objet;sans objet;sans objet;1;4;13;6;2;4;2;sans objet;2;sans objet;2;sans objet;2;sans objet;3;sans objet;2;sans objet;2;sans objet;2;sans objet;2;1;2;2;1;2;2;1;2;2;sans objet;1;0;21;4;2;4;2;1;2;3;5;sans objet;sans objet;sans objet;sans objet;sans objet;sans objet;sans objet;4;1;2;5;1;3;sans objet;sans objet;sans objet;sans objet;1;16;1;7;2;5;2;2;2015-01-13; 13:25;5;3;3;1;18;2;4;2;3;6;6
ENS_506;EE19LIZ144;SDC2;2;23;1;1;2;"mardiMAT;mardiPM;merMAT;";2;1;4;1;2;sans objet;sans objet;sans objet;sans objet;3;2;sans objet;2;sans objet;1;1;2;sans objet;2;sans objet;2;sans objet;1;2;2;sans objet;2;2;1;2;2;1;2;1;2;2;sans objet;2;sans objet;sans objet;sans objet;sans objet;4;2;1;2;3;5;sans objet;sans objet;sans objet;sans objet;sans objet;sans objet;sans objet;2;1;1;6;1;3;sans objet;sans objet;sans objet;sans objet;2;sans objet;sans objet;sans objet;sans objet;3;2;5;2014-12-16; 08:00;3;2;3;2;sans objet;sans objet;sans objet;sans objet;6;3;4
ENS_507;EM87LIQ188;SDC2;2;37;14;3;1;sans objet;1;sans objet;sans objet;sans objet;2;sans objet;sans objet;sans objet;sans objet;1;2;sans objet;2;sans objet;2;sans objet;2;sans objet;1;1;2;sans objet;1;2;2;sans objet;2;1;2;2;1;2;2;1;2;2;sans objet;2;sans objet;sans objet;sans objet;sans objet;6;1;sans objet;sans objet;2;3;sans objet;sans objet;sans objet;sans objet;sans objet;sans objet;sans objet;4;1;1;6;1;1;sans objet;sans objet;sans objet;sans objet;2;sans objet;sans objet;sans objet;sans objet;4;3;6;2015-01-30; 11:50;4;1;NA;2;sans objet;sans objet;sans objet;sans objet;6;5;4
ENS_508;EM87LIQ188;SDC1;1;56;37;12;1;sans objet;1;sans objet;sans objet;sans objet;1;0;30;1;2;2;1;1;2;sans objet;1;3;3;sans objet;2;sans objet;1;3;1;3;2;sans objet;1;2;2;2;1;2;2;1;2;1;1;1;30;0;30;2;4;1;sans objet;sans objet;1;sans objet;1;1;2;2;2;2;sans objet;3;1;1;5;2;1;sans objet;sans objet;sans objet;sans objet;1;18;4;9;2;2;3;3;2015-01-22; 08:00;4;4;1;1;0;0;31;2;5;4;4
ENS_509;EE92ANZ163;SDC1;2;52;31;10;1;sans objet;2;1;4;1;2;sans objet;sans objet;sans objet;sans objet;5;1;1;2;sans objet;1;2;2;sans objet;2;sans objet;2;sans objet;1;3;1;2;2;1;2;2;1;2;2;1;2;2;sans objet;2;sans objet;sans objet;sans objet;sans objet;4;4;2;3;3;3;sans objet;sans objet;sans objet;sans objet;sans objet;sans objet;sans objet;4;3;2;5;2;1;sans objet;sans objet;sans objet;sans objet;2;sans objet;sans objet;sans objet;sans objet;6;1;1;2015-01-30; 16:00;5;2;2;2;sans objet;sans objet;sans objet;sans objet;5;3;3
ENS_510;EE92ANZ163;SDC2;2;52;30;5;2;"lundiMAT;lundiPM;mardiMAT;mardiPM;";1;sans objet;sans objet;sans objet;2;sans objet;sans objet;sans objet;sans objet;5;2;sans objet;2;sans objet;2;sans objet;2;sans objet;2;sans objet;2;sans objet;1;4;2;sans objet;2;2;1;2;1;2;2;2;1;2;sans objet;2;sans objet;sans objet;sans objet;sans objet;4;4;3;3;4;7;sans objet;sans objet;sans objet;sans objet;sans objet;sans objet;sans objet;3;1;1;6;1;1;sans objet;sans objet;sans objet;sans objet;2;sans objet;sans objet;sans objet;sans objet;5;3;5;NA;NA;NA;2;5;2;sans objet;sans objet;sans objet;sans objet;4;3;6
ENS_511;EE92ANZ163;SDC2;2;NA;NA;NA;2;"lundiMAT;jeuMAT;jeuPM;venMAT;venPM";NA;sans objet;sans objet;sans objet;NA;sans objet;sans objet;sans objet;sans objet;NA;NA;sans objet;NA;sans objet;NA;sans objet;NA;sans objet;NA;sans objet;NA;sans objet;NA;sans objet;NA;sans objet;NA;NA;NA;NA;NA;NA;NA;NA;NA;NA;sans objet;NA;sans objet;sans objet;sans objet;sans objet;NA;NA;sans objet;sans objet;NA;sans objet;sans objet;sans objet;sans objet;sans objet;sans objet;sans objet;sans objet;NA;sans objet;sans objet;sans objet;sans objet;sans objet;sans objet;sans objet;sans objet;sans objet;NA;sans objet;sans objet;sans objet;sans objet;NA;NA;NA;NA;NA;NA;NA;NA;NA;sans objet;sans objet;sans objet;sans objet;NA;NA;NA
ENS_512;EE70MAX173;SDC2;2;39;15;5;1;sans objet;2;1;3;3;2;sans objet;sans objet;sans objet;sans objet;6;3;sans objet;3;sans objet;3;sans objet;3;sans objet;1;1;1;2;2;sans objet;2;sans objet;2;1;2;2;1;2;1;2;2;2;sans objet;2;sans objet;sans objet;sans objet;sans objet;4;2;2;1;1;sans objet;2;1;2;2;2;2;sans objet;4;1;1;6;4;1;sans objet;sans objet;sans objet;sans objet;2;sans objet;sans objet;sans objet;sans objet;4;3;5;2015-01-22; 12:45;6;1;NA;1;19;2;0;2;4;4;3
ENS_513;EE70MAX173;SDC1;2;42;21;9;1;sans objet;2;2;3;2;1;12;10;0;2;5;3;sans objet;3;sans objet;2;sans objet;1;1;2;sans objet;2;sans objet;1;2;2;sans objet;2;1;2;2;1;2;2;1;2;2;sans objet;1;8;12;2;2;4;1;sans objet;sans objet;2;6;sans objet;sans objet;sans objet;sans objet;sans objet;sans objet;sans objet;4;1;1;5;2;1;sans objet;sans objet;sans objet;sans objet;1;19;3;0;2;4;1;5;2015-01-23; 13:35;4;1;NA;1;11;11;0;2;5;4;5
ENS_514;EM87SJM183;SDC1;2;50;25;25;1;sans objet;2;1;2;3;1;14;5;0;1;3;2;sans objet;2;sans objet;2;sans objet;2;sans objet;2;sans objet;2;sans objet;2;sans objet;2;sans objet;2;1;2;2;1;2;2;1;2;2;sans objet;1;13;4;9;1;3;3;2;1;3;5;sans objet;sans objet;sans objet;sans objet;sans objet;sans objet;sans objet;4;3;1;3;3;1;sans objet;sans objet;sans objet;sans objet;1;7;2;5;1;4;2;2;2015-01-14; 15:00;4;1;NA;1;7;0;12;1;5;3;6
ENS_515;EM87SJM183;SDC2;2;39;11;2;1;sans objet;1;sans objet;sans objet;sans objet;1;11;0;7;1;5;2;sans objet;2;sans objet;2;sans objet;2;sans objet;1;2;1;2;1;2;2;sans objet;2;2;1;2;2;1;2;1;2;2;sans objet;1;9;1;9;1;4;1;sans objet;sans objet;2;3;sans objet;sans objet;sans objet;sans objet;sans objet;sans objet;sans objet;3;2;2;4;3;2;sans objet;sans objet;sans objet;sans objet;1;18;0;0;1;3;3;2;2015-01-15; 15:00;2;2;2;1;7;6;7;1;3;4;5
ENS_516;EM52CHR149;SDC1;2;56;34;17;2;"lundiMAT;lundiPM;merMAT;jeuMAT;jeuPM;venMAT;venPM";3;1;2;4;2;sans objet;sans objet;sans objet;sans objet;2;1;4;2;sans objet;1;4;1;4;1;2;1;3;1;3;1;3;1;2;2;1;2;2;1;2;2;1;1;2;sans objet;sans objet;sans objet;sans objet;5;4;1;2;4;5;sans objet;sans objet;sans objet;sans objet;sans objet;sans objet;sans objet;4;5;3;5;3;1;sans objet;sans objet;sans objet;sans objet;2;sans objet;sans objet;sans objet;sans objet;4;4;5;2015-01-26; 09:00;4;3;4;2;sans objet;sans objet;sans objet;sans objet;5;4;4
ENS_517;EM52CHR149;SDC2;2;51;31;4;1;sans objet;2;2;3;2;1;14;4;0;2;2;1;1;2;sans objet;1;2;1;2;1;3;2;sans objet;1;1;2;sans objet;1;2;2;1;2;2;1;2;2;2;sans objet;1;10;0;10;2;5;3;1;1;3;7;sans objet;sans objet;sans objet;sans objet;sans objet;sans objet;sans objet;3;4;2;3;4;2;sans objet;sans objet;sans objet;sans objet;1;7;0;11;2;5;3;4;2015-01-27; 14:00;5;1;NA;1;18;0;0;2;4;4;5
ENS_518;EM52CHR149;SDC1;2;29;6;2;2;"mardiMAT;mardiPM;";2;2;3;2;2;sans objet;sans objet;sans objet;sans objet;3;2;sans objet;2;sans objet;2;sans objet;2;sans objet;2;sans objet;1;1;1;3;2;sans objet;1;2;2;1;2;2;1;2;2;2;sans objet;2;sans objet;sans objet;sans objet;sans objet;4;3;1;2;4;5;sans objet;sans objet;sans objet;sans objet;sans objet;sans objet;sans objet;4;2;2;4;2;3;sans objet;sans objet;sans objet;sans objet;2;sans objet;sans objet;sans objet;sans objet;4;2;4;2015-01-27; 17:00;4;2;3;2;sans objet;sans objet;sans objet;sans objet;4;3;2
ENS_519;EE12SCD184;SDC1;2;42;14;8;2;"lundiMAT;lundiPM;mardiMAT;mardiPM;merMAT;venMAT;venPM";2;2;2;2;1;10;13;0;2;1;1;3;1;3;1;4;1;4;2;sans objet;1;4;1;4;1;5;1;2;2;1;2;2;1;2;2;1;5;2;sans objet;sans objet;sans objet;sans objet;2;2;2;3;3;4;sans objet;sans objet;sans objet;sans objet;sans objet;sans objet;sans objet;4;1;3;4;2;3;sans objet;sans objet;sans objet;sans objet;2;sans objet;sans objet;sans objet;sans objet;2;4;1;2015-01-28; 11:00;3;3;1;1;7;10;6;2;3;6;3
ENS_520;EE12SCD184;SDC2;2;43;20;7;2;"lundiMAT;lundiPM;mardiMAT;mardiPM;merMAT;jeuMAT;jeuPM;";2;1;3;2;1;3;16;1;2;4;2;sans objet;2;sans objet;2;sans objet;1;2;2;sans objet;2;sans objet;1;3;2;sans objet;2;1;2;1;2;2;2;1;2;2;sans objet;1;1;17;4;2;4;3;1;2;3;5;sans objet;sans objet;sans objet;sans objet;sans objet;sans objet;sans objet;3;2;2;4;2;1;sans objet;sans objet;sans objet;sans objet;1;2;19;1;2;6;2;4;2015-01-28; 10:00;6;1;NA;1;1;9;10;2;6;4;3
ENS_521;EE12SCD184;SDC1;1;36;12;1;2;"lundiMAT;lundiPM;mardiMAT;mardiPM;merMAT;merPM;jeuMAT;jeuPM;";2;2;2;2;2;sans objet;sans objet;sans objet;sans objet;1;1;3;1;3;1;4;1;4;2;sans objet;1;4;1;4;1;5;1;2;2;1;2;2;1;2;2;1;5;2;sans objet;sans objet;sans objet;sans objet;2;2;2;3;3;4;sans objet;sans objet;sans objet;sans objet;sans objet;sans objet;sans objet;4;1;3;4;2;3;sans objet;sans objet;sans objet;sans objet;2;sans objet;sans objet;sans objet;sans objet;2;4;1;2015-01-28; 11:00;2;3;1;1;7;10;6;2;3;6;3
ENS_522;EE12SCD184;SDC2;2;24;1;1;2;"lundiMAT;merMAT;jeuMAT;jeuPM;venMAT;venPM";2;1;3;2;2;sans objet;sans objet;sans objet;sans objet;5;2;sans objet;2;sans objet;2;sans objet;1;2;2;sans objet;2;sans objet;1;3;2;sans objet;2;1;2;1;2;2;2;1;2;2;sans objet;2;sans objet;sans objet;sans objet;sans objet;4;3;1;2;3;5;sans objet;sans objet;sans objet;sans objet;sans objet;sans objet;sans objet;3;2;2;4;2;1;sans objet;sans objet;sans objet;sans objet;2;sans objet;sans objet;sans objet;sans objet;6;2;5;2015-01-28; 10:00;6;1;NA;2;sans objet;sans objet;sans objet;sans objet;6;4;3
ENS_523;EE44LMR126;SDC1;2;39;10;2;1;sans objet;1;sans objet;sans objet;sans objet;2;sans objet;sans objet;sans objet;sans objet;5;3;sans objet;3;sans objet;3;sans objet;3;sans objet;1;3;1;3;1;4;2;sans objet;1;2;2;2;1;2;2;1;2;2;sans objet;2;sans objet;sans objet;sans objet;sans objet;4;3;1;2;3;5;sans objet;sans objet;sans objet;sans objet;sans objet;sans objet;sans objet;4;1;2;4;2;3;sans objet;sans objet;sans objet;sans objet;2;sans objet;sans objet;sans objet;sans objet;5;3;4;2015-01-29; 15:20;6;1;NA;2;sans objet;sans objet;sans objet;sans objet;5;5;6
ENS_524;EE44LMR126;SDC2;2;38;6;3;1;sans objet;1;sans objet;sans objet;sans objet;1;3;11;4;1;4;2;sans objet;1;2;1;2;1;2;2;sans objet;2;sans objet;1;2;2;sans objet;1;2;2;2;1;2;2;1;2;2;sans objet;1;3;8;7;1;4;1;sans objet;sans objet;3;7;sans objet;sans objet;sans objet;sans objet;sans objet;sans objet;sans objet;4;1;1;4;1;1;sans objet;sans objet;sans objet;sans objet;1;11;6;1;1;4;1;4;2015-01-29; 10:30;4;1;NA;1;6;5;7;1;5;4;4
ENS_525;EE44RIU134;SDC1;2;34;7;5;2;"lundiMAT;lundiPM;mardiMAT;mardiPM;merMAT;";2;1;3;2;2;sans objet;sans objet;sans objet;sans objet;5;2;sans objet;1;1;1;1;1;1;2;sans objet;2;sans objet;1;1;2;sans objet;2;1;2;2;1;2;2;1;2;2;sans objet;2;sans objet;sans objet;sans objet;sans objet;5;2;2;2;2;5;sans objet;sans objet;sans objet;sans objet;sans objet;sans objet;sans objet;4;1;1;4;2;1;sans objet;sans objet;sans objet;sans objet;2;sans objet;sans objet;sans objet;sans objet;5;2;5;2015-02-05; 13:40;5;1;NA;2;sans objet;sans objet;sans objet;sans objet;5;3;4
ENS_526;EE44RIU134;SDC2;2;51;31;12;2;"lundiMAT;mardiMAT;mardiPM;merMAT;jeuMAT;jeuPM;venMAT;venPM";1;sans objet;sans objet;sans objet;1;11;12;1;2;5;2;sans objet;1;2;1;1;2;sans objet;2;sans objet;2;sans objet;1;3;2;sans objet;2;2;1;2;1;2;2;1;2;2;sans objet;1;2;3;19;2;6;5;3;4;4;6;sans objet;sans objet;sans objet;sans objet;sans objet;sans objet;sans objet;4;1;1;4;1;3;sans objet;sans objet;sans objet;sans objet;2;sans objet;sans objet;sans objet;sans objet;2;1;2;2015-02-05; 12:30;2;3;3;2;sans objet;sans objet;sans objet;sans objet;5;6;6
ENS_527;EE44RIU134;SDC2;2;44;5;1;2;"lundiMAT;lundiPM;";2;1;2;4;2;sans objet;sans objet;sans objet;sans objet;4;2;sans objet;1;2;3;sans objet;3;sans objet;3;sans objet;2;sans objet;2;sans objet;2;sans objet;2;1;2;2;1;2;2;1;2;2;sans objet;2;sans objet;sans objet;sans objet;sans objet;4;2;3;4;3;5;sans objet;sans objet;sans objet;sans objet;sans objet;sans objet;sans objet;4;1;1;4;2;3;sans objet;sans objet;sans objet;sans objet;2;sans objet;sans objet;sans objet;sans objet;7;1;4;2015-02-02; 15:00;6;1;NA;2;sans objet;sans objet;sans objet;sans objet;4;4;3
ENS_528;EM52MEJ191;SDC1;2;56;35;15;1;sans objet;1;sans objet;sans objet;sans objet;2;sans objet;sans objet;sans objet;sans objet;2;2;sans objet;2;sans objet;2;sans objet;2;sans objet;2;sans objet;2;sans objet;1;1;1;3;2;2;1;2;1;2;2;1;2;2;sans objet;2;sans objet;sans objet;sans objet;sans objet;4;3;2;2;3;7;sans objet;sans objet;sans objet;sans objet;sans objet;sans objet;sans objet;3;1;1;6;1;1;sans objet;sans objet;sans objet;sans objet;2;sans objet;sans objet;sans objet;sans objet;3;2;5;2015-02-05; 16:55;6;1;NA;2;sans objet;sans objet;sans objet;sans objet;6;4;4
ENS_529;EM52MEJ191;SDC2;2;36;15;5;1;sans objet;1;sans objet;sans objet;sans objet;2;sans objet;sans objet;sans objet;sans objet;4;1;1;2;sans objet;2;sans objet;3;sans objet;2;sans objet;2;sans objet;1;3;2;sans objet;2;1;2;2;1;2;2;1;2;2;sans objet;2;sans objet;sans objet;sans objet;sans objet;4;2;1;2;4;7;sans objet;sans objet;sans objet;sans objet;sans objet;sans objet;sans objet;3;1;1;4;1;3;sans objet;sans objet;sans objet;sans objet;2;sans objet;sans objet;sans objet;sans objet;3;2;2;2015-02-04; 09:00;1;3;2;2;sans objet;sans objet;sans objet;sans objet;7;4;4
ENS_530;EM52FOD167;SDC1;2;58;39;20;1;sans objet;1;sans objet;sans objet;sans objet;2;sans objet;sans objet;sans objet;sans objet;3;2;sans objet;1;1;2;sans objet;1;2;1;2;2;sans objet;2;sans objet;2;sans objet;1;2;2;2;1;2;2;1;2;1;1;2;sans objet;sans objet;sans objet;sans objet;4;3;1;2;3;6;sans objet;sans objet;sans objet;sans objet;sans objet;sans objet;sans objet;4;2;1;4;3;1;sans objet;sans objet;sans objet;sans objet;2;sans objet;sans objet;sans objet;sans objet;4;2;5;2015-02-19; 08:00;4;1;NA;2;sans objet;sans objet;sans objet;sans objet;5;4;4
ENS_531;EM52FOD167;SDC2;2;42;12;1;1;sans objet;2;2;4;1;2;sans objet;sans objet;sans objet;sans objet;3;2;sans objet;2;sans objet;1;2;2;sans objet;2;sans objet;2;sans objet;1;3;1;4;2;2;1;2;2;1;2;1;2;1;1;2;sans objet;sans objet;sans objet;sans objet;4;2;1;2;3;5;sans objet;sans objet;sans objet;sans objet;sans objet;sans objet;sans objet;3;3;2;4;3;3;sans objet;sans objet;sans objet;sans objet;2;sans objet;sans objet;sans objet;sans objet;5;2;6;2015-02-16; 12:45;4;1;NA;2;sans objet;sans objet;sans objet;sans objet;4;4;6
ENS_532;EM12ROQ182;SDC1;2;57;37;20;1;sans objet;1;sans objet;sans objet;sans objet;2;sans objet;sans objet;sans objet;sans objet;3;2;sans objet;1;1;1;1;1;1;2;sans objet;1;3;1;3;2;sans objet;2;1;2;2;1;2;2;1;2;2;sans objet;2;sans objet;sans objet;sans objet;sans objet;5;2;1;1;4;1;sans objet;sans objet;sans objet;sans objet;sans objet;sans objet;sans objet;4;1;1;4;1;1;sans objet;sans objet;sans objet;sans objet;2;sans objet;sans objet;sans objet;sans objet;4;3;5;2015-01-28; 11:50;5;2;3;2;sans objet;sans objet;sans objet;sans objet;4;3;5
ENS_533;EM12ROQ182;SDC2;2;37;15;9;1;sans objet;2;1;3;2;2;sans objet;sans objet;sans objet;sans objet;1;2;sans objet;1;1;1;3;2;sans objet;2;sans objet;1;2;2;sans objet;2;sans objet;1;2;2;1;2;2;1;2;2;2;sans objet;2;sans objet;sans objet;sans objet;sans objet;4;1;sans objet;sans objet;3;3;sans objet;sans objet;sans objet;sans objet;sans objet;sans objet;sans objet;4;2;2;4;3;1;sans objet;sans objet;sans objet;sans objet;2;sans objet;sans objet;sans objet;sans objet;4;4;4;2015-01-29; 08:25;3;2;3;2;sans objet;sans objet;sans objet;sans objet;4;4;4
ENS_534;EM52RSN152;SDC1;1;41;15;6;2;"lundiMAT;lundiPM;mardiMAT;mardiPM;merMAT;jeuMAT;jeuPM;";1;sans objet;sans objet;sans objet;2;sans objet;sans objet;sans objet;sans objet;3;2;sans objet;2;sans objet;2;sans objet;3;sans objet;2;sans objet;1;2;1;4;2;sans objet;2;1;2;2;1;2;2;1;2;2;sans objet;2;sans objet;sans objet;sans objet;sans objet;2;2;2;2;2;7;sans objet;sans objet;sans objet;sans objet;sans objet;sans objet;sans objet;4;1;1;6;1;3;sans objet;sans objet;sans objet;sans objet;2;sans objet;sans objet;sans objet;sans objet;5;1;7;2015-02-09; 13:00;4;1;NA;2;sans objet;sans objet;sans objet;sans objet;6;3;6
ENS_535;EM52RSN152;SDC2;2;50;32;20;1;sans objet;1;sans objet;sans objet;sans objet;2;sans objet;sans objet;sans objet;sans objet;4;2;sans objet;2;sans objet;2;sans objet;2;sans objet;2;sans objet;2;sans objet;1;3;2;sans objet;2;1;2;2;1;2;2;1;2;2;sans objet;2;sans objet;sans objet;sans objet;sans objet;4;2;2;1;2;6;sans objet;sans objet;sans objet;sans objet;sans objet;sans objet;sans objet;3;1;1;5;1;1;sans objet;sans objet;sans objet;sans objet;2;sans objet;sans objet;sans objet;sans objet;6;1;6;2015-02-13; 12:30;5;1;NA;2;sans objet;sans objet;sans objet;sans objet;5;2;4
ENS_536;EM52RSN152;SDC1;1;51;29;3;2;"lundiMAT;merMAT;venMAT;venPM";1;sans objet;sans objet;sans objet;1;0;9;0;1;4;2;sans objet;2;sans objet;2;sans objet;3;sans objet;2;sans objet;1;1;1;2;2;sans objet;1;2;2;2;1;2;2;2;1;2;sans objet;1;0;9;0;1;4;1;sans objet;sans objet;2;7;sans objet;sans objet;sans objet;sans objet;sans objet;sans objet;sans objet;2;1;1;7;1;1;sans objet;sans objet;sans objet;sans objet;1;0;9;0;1;5;1;7;2015-02-20; 14:10;4;1;NA;1;0;9;0;1;7;2;6
ENS_537;EE44BGX128;SDC1;2;43;19;1;2;"lundiMAT;lundiPM;merMAT;jeuMAT;jeuPM;venMAT;venPM";1;sans objet;sans objet;sans objet;1;11;7;3;2;4;1;2;2;sans objet;1;3;1;3;2;sans objet;2;sans objet;1;2;1;4;2;2;1;2;2;1;2;2;1;2;sans objet;1;3;9;9;2;5;1;sans objet;sans objet;3;6;sans objet;sans objet;sans objet;sans objet;sans objet;sans objet;sans objet;3;1;1;4;1;1;sans objet;sans objet;sans objet;sans objet;1;9;9;3;2;6;2;6;2015-03-05; 16:15;4;1;NA;1;8;7;6;2;5;3;4
ENS_538;EE44BGX128;SDC2;2;29;5;1;1;sans objet;2;2;4;1;1;2;12;8;2;6;3;sans objet;2;sans objet;1;1;1;1;2;sans objet;2;sans objet;1;1;2;sans objet;2;1;2;2;1;2;2;1;2;2;sans objet;2;sans objet;sans objet;sans objet;sans objet;4;2;2;1;2;1;sans objet;sans objet;sans objet;sans objet;sans objet;sans objet;sans objet;4;1;1;4;2;1;sans objet;sans objet;sans objet;sans objet;2;sans objet;sans objet;sans objet;sans objet;7;1;6;2015-03-02; 09:45;6;1;NA;2;sans objet;sans objet;sans objet;sans objet;6;3;5
ENS_539;EE19SJY186;SDC1;2;35;11;1;2;"lundiMAT;lundiPM;";1;sans objet;sans objet;sans objet;2;sans objet;sans objet;sans objet;sans objet;3;1;1;2;sans objet;2;sans objet;3;sans objet;3;sans objet;2;sans objet;2;sans objet;2;sans objet;2;1;2;2;1;2;2;1;2;2;sans objet;2;sans objet;sans objet;sans objet;sans objet;6;3;1;2;3;5;sans objet;sans objet;sans objet;sans objet;sans objet;sans objet;sans objet;3;1;1;4;3;1;sans objet;sans objet;sans objet;sans objet;2;sans objet;sans objet;sans objet;sans objet;6;2;5;2015-02-02; 16:35;6;1;NA;2;sans objet;sans objet;sans objet;sans objet;6;4;4
ENS_540;EE19SJY186;SDC1;2;32;10;8;2;"lundiMAT;mardiMAT;mardiPM;merMAT;jeuMAT;jeuPM;venMAT;venPM";1;sans objet;sans objet;sans objet;2;sans objet;sans objet;sans objet;sans objet;3;1;1;2;sans objet;1;1;3;sans objet;2;sans objet;2;sans objet;2;sans objet;2;sans objet;2;1;2;2;1;2;2;2;1;2;sans objet;2;sans objet;sans objet;sans objet;sans objet;7;4;1;3;4;1;sans objet;sans objet;sans objet;sans objet;sans objet;sans objet;sans objet;3;1;1;6;1;1;sans objet;sans objet;sans objet;sans objet;2;sans objet;sans objet;sans objet;sans objet;4;1;6;2015-02-10; 10:30;7;1;NA;2;sans objet;sans objet;sans objet;sans objet;6;4;6
ENS_541;EE19SJY186;SDC2;2;34;10;2;1;sans objet;1;sans objet;sans objet;sans objet;2;sans objet;sans objet;sans objet;sans objet;3;1;1;2;sans objet;2;sans objet;3;sans objet;2;sans objet;2;sans objet;1;1;2;sans objet;2;1;2;2;1;2;2;1;2;2;sans objet;2;sans objet;sans objet;sans objet;sans objet;7;2;1;2;3;4;sans objet;sans objet;sans objet;sans objet;sans objet;sans objet;sans objet;3;1;1;6;1;1;sans objet;sans objet;sans objet;sans objet;2;sans objet;sans objet;sans objet;sans objet;5;3;6;2015-02-09; 12:30;5;1;NA;2;sans objet;sans objet;sans objet;sans objet;4;4;6
ENS_542;EE88BST176;SDC2;2;46;23;17;1;sans objet;2;1;4;1;1;0;20;0;2;5;2;sans objet;2;sans objet;1;1;1;1;2;sans objet;1;1;1;1;2;sans objet;2;2;1;2;1;2;2;1;2;2;sans objet;1;20;0;0;2;7;1;sans objet;sans objet;2;7;sans objet;sans objet;sans objet;sans objet;sans objet;sans objet;sans objet;3;1;1;6;1;1;sans objet;sans objet;sans objet;sans objet;1;20;0;0;2;4;2;7;2015-02-24; 18:00;4;1;NA;1;0;20;0;2;6;3;5
ENS_543;EE88BST176;SDC1;2;46;9;6;1;sans objet;1;sans objet;sans objet;sans objet;1;15;1;0;2;6;2;sans objet;2;sans objet;2;sans objet;1;1;2;sans objet;1;1;1;3;1;2;2;1;2;2;1;2;2;1;2;2;sans objet;1;9;2;5;2;1;2;3;2;3;7;sans objet;sans objet;sans objet;sans objet;sans objet;sans objet;sans objet;4;1;2;7;1;1;sans objet;sans objet;sans objet;sans objet;1;6;8;2;2;6;2;5;2015-02-23; 12:40;3;1;NA;1;4;10;1;2;6;4;4
ENS_544;EE07ROD119;SDC1;2;55;36;10;1;sans objet;1;sans objet;sans objet;sans objet;2;sans objet;sans objet;sans objet;sans objet;4;2;sans objet;2;sans objet;2;sans objet;2;sans objet;2;sans objet;2;sans objet;2;sans objet;2;sans objet;NA;1;NA;NA;1;NA;NA;1;NA;2;sans objet;2;sans objet;sans objet;sans objet;sans objet;7;1;sans objet;sans objet;3;6;sans objet;sans objet;sans objet;sans objet;sans objet;sans objet;sans objet;3;1;1;6;1;1;sans objet;sans objet;sans objet;sans objet;2;sans objet;sans objet;sans objet;sans objet;4;1;6;2015-02-23; 17:30;4;1;NA;2;sans objet;sans objet;sans objet;sans objet;6;4;6
ENS_545;EE07ROD119;SDC2;2;37;7;5;1;sans objet;1;sans objet;sans objet;sans objet;2;sans objet;sans objet;sans objet;sans objet;2;3;sans objet;3;sans objet;2;sans objet;2;sans objet;2;sans objet;2;sans objet;1;1;2;sans objet;NA;1;NA;NA;1;NA;NA;1;NA;2;sans objet;2;sans objet;sans objet;sans objet;sans objet;7;3;1;1;3;6;sans objet;sans objet;sans objet;sans objet;sans objet;sans objet;sans objet;4;1;1;6;1;1;sans objet;sans objet;sans objet;sans objet;2;sans objet;sans objet;sans objet;sans objet;5;2;5;2015-02-23; 12:10;5;1;NA;2;sans objet;sans objet;sans objet;sans objet;3;4;4
ENS_546;EM07ANI166;SDC1;2;56;12;4;1;sans objet;2;1;6;1;2;sans objet;sans objet;sans objet;sans objet;2;2;sans objet;2;sans objet;2;sans objet;2;sans objet;2;sans objet;1;3;1;4;2;sans objet;2;1;2;2;1;2;2;1;2;1;1;2;sans objet;sans objet;sans objet;sans objet;3;2;2;1;2;1;sans objet;sans objet;sans objet;sans objet;sans objet;sans objet;sans objet;4;1;1;5;2;1;sans objet;sans objet;sans objet;sans objet;2;sans objet;sans objet;sans objet;sans objet;6;2;3;2015-02-27; 12:05;5;1;NA;2;sans objet;sans objet;sans objet;sans objet;6;2;4
ENS_547;EM07ANI166;SDC2;2;50;29;1;1;sans objet;1;sans objet;sans objet;sans objet;2;sans objet;sans objet;sans objet;sans objet;4;1;2;2;sans objet;1;2;2;sans objet;2;sans objet;1;2;1;3;1;3;2;1;2;2;1;2;2;1;2;1;1;2;sans objet;sans objet;sans objet;sans objet;4;3;2;2;3;6;sans objet;sans objet;sans objet;sans objet;sans objet;sans objet;sans objet;3;1;1;5;2;1;sans objet;sans objet;sans objet;sans objet;2;sans objet;sans objet;sans objet;sans objet;5;2;5;2015-02-26; 16:50;4;2;4;2;sans objet;sans objet;sans objet;sans objet;5;4;5
ENS_548;EE12ROA193;SDC1;2;51;30;15;1;sans objet;1;sans objet;sans objet;sans objet;2;sans objet;sans objet;sans objet;sans objet;4;1;1;2;sans objet;2;sans objet;2;sans objet;2;sans objet;2;sans objet;2;sans objet;2;sans objet;2;1;2;2;1;2;2;1;2;2;sans objet;2;sans objet;sans objet;sans objet;sans objet;6;2;2;2;2;6;sans objet;sans objet;sans objet;sans objet;sans objet;sans objet;sans objet;4;1;1;6;1;1;sans objet;sans objet;sans objet;sans objet;2;sans objet;sans objet;sans objet;sans objet;4;2;5;2015-02-26; 13:30;5;1;NA;2;sans objet;sans objet;sans objet;sans objet;6;4;5
ENS_549;EE12ROA193;SDC2;1;41;14;8;1;sans objet;2;1;3;2;2;sans objet;sans objet;sans objet;sans objet;5;1;1;2;sans objet;2;sans objet;2;sans objet;2;sans objet;2;sans objet;1;2;2;sans objet;2;1;2;2;1;2;2;1;2;2;sans objet;2;sans objet;sans objet;sans objet;sans objet;5;2;1;1;3;5;sans objet;sans objet;sans objet;sans objet;sans objet;sans objet;sans objet;3;1;1;5;1;1;sans objet;sans objet;sans objet;sans objet;2;sans objet;sans objet;sans objet;sans objet;6;1;7;2015-02-26; 12:00;5;1;NA;2;sans objet;sans objet;sans objet;sans objet;6;4;3
ENS_550;EM12ROL194;SDC1;2;38;15;5;1;sans objet;1;sans objet;sans objet;sans objet;2;sans objet;sans objet;sans objet;sans objet;4;2;sans objet;2;sans objet;2;sans objet;2;sans objet;2;sans objet;2;sans objet;1;3;2;sans objet;2;1;2;2;1;2;2;1;2;2;sans objet;2;sans objet;sans objet;sans objet;sans objet;4;1;sans objet;sans objet;2;6;sans objet;sans objet;sans objet;sans objet;sans objet;sans objet;sans objet;4;1;1;4;1;1;sans objet;sans objet;sans objet;sans objet;2;sans objet;sans objet;sans objet;sans objet;4;2;5;2015-02-23; 14:00;5;2;4;2;sans objet;sans objet;sans objet;sans objet;6;4;6
ENS_551;EM12ROL194;SDC2;2;55;38;23;1;sans objet;1;sans objet;sans objet;sans objet;2;sans objet;sans objet;sans objet;sans objet;4;1;1;2;sans objet;2;sans objet;2;sans objet;2;sans objet;2;sans objet;2;sans objet;2;sans objet;2;2;1;2;2;1;2;2;1;2;sans objet;2;sans objet;sans objet;sans objet;sans objet;4;1;sans objet;sans objet;3;7;sans objet;sans objet;sans objet;sans objet;sans objet;sans objet;sans objet;2;1;1;6;1;1;sans objet;sans objet;sans objet;sans objet;2;sans objet;sans objet;sans objet;sans objet;3;3;6;2015-02-23; 17:30;4;1;NA;2;sans objet;sans objet;sans objet;sans objet;6;4;6
ENS_552;EM44NAP200;SDC1;2;56;37;10;1;sans objet;1;sans objet;sans objet;sans objet;2;sans objet;sans objet;sans objet;sans objet;5;2;sans objet;2;sans objet;1;1;1;1;1;1;1;1;1;2;2;sans objet;2;1;2;2;1;2;2;1;2;2;sans objet;2;sans objet;sans objet;sans objet;sans objet;3;3;2;1;2;4;sans objet;sans objet;sans objet;sans objet;sans objet;sans objet;sans objet;3;1;1;4;1;2;sans objet;sans objet;sans objet;sans objet;2;sans objet;sans objet;sans objet;sans objet;4;2;4;2015-03-12; 15:00;4;1;NA;2;sans objet;sans objet;sans objet;sans objet;4;4;4
ENS_553;EM44NAP200;SDC2;2;25;1;1;1;sans objet;1;sans objet;sans objet;sans objet;2;sans objet;sans objet;sans objet;sans objet;3;2;sans objet;2;sans objet;1;3;3;sans objet;2;sans objet;2;sans objet;2;sans objet;2;sans objet;2;1;2;2;1;2;2;1;2;1;1;2;sans objet;sans objet;sans objet;sans objet;3;1;sans objet;sans objet;2;6;sans objet;sans objet;sans objet;sans objet;sans objet;sans objet;sans objet;3;1;1;4;3;1;sans objet;sans objet;sans objet;sans objet;2;sans objet;sans objet;sans objet;sans objet;4;2;6;2015-03-09; 16:25;4;1;NA;2;sans objet;sans objet;sans objet;sans objet;6;4;4
ENS_554;EM44NAP200;SDC1;2;27;4;1;2;"lundiMAT;merMAT;venMAT;venPM";1;sans objet;sans objet;sans objet;2;sans objet;sans objet;sans objet;sans objet;6;2;sans objet;2;sans objet;2;sans objet;2;sans objet;2;sans objet;2;sans objet;1;2;1;2;2;2;1;2;1;2;2;2;1;2;sans objet;2;sans objet;sans objet;sans objet;sans objet;3;3;2;1;2;4;sans objet;sans objet;sans objet;sans objet;sans objet;sans objet;sans objet;4;1;1;4;1;2;sans objet;sans objet;sans objet;sans objet;2;sans objet;sans objet;sans objet;sans objet;4;2;4;2015-03-13; 13:49;3;1;NA;2;sans objet;sans objet;sans objet;sans objet;4;4;4
ENS_555;EM19SSK147;SDC1;2;40;14;2;1;sans objet;1;sans objet;sans objet;sans objet;1;4;25;0;2;4;2;sans objet;2;sans objet;2;sans objet;2;sans objet;1;1;1;2;1;3;1;4;2;1;2;2;1;2;2;1;2;2;sans objet;1;13;1;15;2;7;3;1;2;2;2;sans objet;sans objet;sans objet;sans objet;sans objet;sans objet;sans objet;4;1;1;6;2;1;sans objet;sans objet;sans objet;sans objet;2;sans objet;sans objet;sans objet;sans objet;4;2;7;2015-02-13; 13:00;4;1;NA;1;28;0;1;2;6;4;6
ENS_556;EM19SSK147;SDC2;2;40;8;4;1;sans objet;3;2;1;4;2;sans objet;sans objet;sans objet;sans objet;4;2;sans objet;2;sans objet;2;sans objet;2;sans objet;2;sans objet;2;sans objet;1;2;2;sans objet;2;2;1;2;2;1;2;2;2;2;sans objet;2;sans objet;sans objet;sans objet;sans objet;7;1;sans objet;sans objet;2;7;sans objet;sans objet;sans objet;sans objet;sans objet;sans objet;sans objet;3;1;1;6;1;1;sans objet;sans objet;sans objet;sans objet;2;sans objet;sans objet;sans objet;sans objet;6;2;6;2015-02-19; 15:00;6;1;NA;2;sans objet;sans objet;sans objet;sans objet;6;4;4
ENS_557;EE07SEM179;SDC1;2;43;21;11;1;sans objet;1;sans objet;sans objet;sans objet;1;18;1;0;2;5;2;sans objet;2;sans objet;1;1;2;sans objet;2;sans objet;1;2;1;2;2;sans objet;2;2;1;2;2;1;2;1;2;2;sans objet;1;4;3;6;2;1;2;1;1;3;6;sans objet;sans objet;sans objet;sans objet;sans objet;sans objet;sans objet;3;1;1;6;1;1;sans objet;sans objet;sans objet;sans objet;1;13;2;1;2;6;2;5;2015-03-05; 17:30;5;1;NA;1;12;1;5;2;6;3;3
ENS_558;EE07SEM179;SDC2;2;30;8;2;1;sans objet;1;sans objet;sans objet;sans objet;1;14;6;2;2;1;2;sans objet;2;sans objet;1;3;1;2;1;1;1;3;1;2;2;sans objet;2;1;2;2;1;2;2;1;2;2;sans objet;2;sans objet;sans objet;sans objet;sans objet;4;4;2;3;4;5;sans objet;sans objet;sans objet;sans objet;sans objet;sans objet;sans objet;4;1;1;4;3;3;sans objet;sans objet;sans objet;sans objet;2;sans objet;sans objet;sans objet;sans objet;2;4;3;2015-03-06; 14:25;6;4;2;2;sans objet;sans objet;sans objet;sans objet;4;4;4
ENS_559;EM44LCU202;SDC1;2;28;5;4;1;sans objet;1;sans objet;sans objet;sans objet;2;sans objet;sans objet;sans objet;sans objet;5;1;3;2;sans objet;2;sans objet;3;sans objet;2;sans objet;2;sans objet;1;3;2;sans objet;2;1;2;2;1;2;2;1;2;2;sans objet;2;sans objet;sans objet;sans objet;sans objet;6;2;1;2;2;7;sans objet;sans objet;sans objet;sans objet;sans objet;sans objet;sans objet;3;1;1;5;2;1;sans objet;sans objet;sans objet;sans objet;2;sans objet;sans objet;sans objet;sans objet;2;3;5;2015-02-27; 14:00;4;1;NA;2;sans objet;sans objet;sans objet;sans objet;6;5;6
ENS_560;EM44LCU202;SDC2;2;51;29;12;1;sans objet;2;2;2;2;2;sans objet;sans objet;sans objet;sans objet;2;2;sans objet;2;sans objet;1;3;2;sans objet;2;sans objet;2;sans objet;1;3;2;sans objet;2;1;2;2;1;2;2;1;2;2;sans objet;2;sans objet;sans objet;sans objet;sans objet;7;2;1;1;2;7;sans objet;sans objet;sans objet;sans objet;sans objet;sans objet;sans objet;3;1;1;5;1;1;sans objet;sans objet;sans objet;sans objet;2;sans objet;sans objet;sans objet;sans objet;5;2;5;2015-02-23; 13:20;4;1;NA;2;sans objet;sans objet;sans objet;sans objet;5;2;3
ENS_561;EE87LIY190;SDC1;2;40;16;4;1;sans objet;2;1;4;1;1;13;6;0;2;3;2;sans objet;1;1;1;2;1;3;2;sans objet;1;3;1;5;1;5;1;2;2;1;2;2;1;2;2;2;sans objet;1;14;5;9;2;6;1;sans objet;sans objet;2;5;sans objet;sans objet;sans objet;sans objet;sans objet;sans objet;sans objet;4;1;1;6;1;1;sans objet;sans objet;sans objet;sans objet;1;9;6;2;2;4;3;5;2015-03-18; 13:00;4;1;NA;1;4;9;4;2;6;4;3
ENS_562;EE87LIY190;SDC2;1;35;7;2;1;sans objet;2;3;3;2;2;sans objet;sans objet;sans objet;sans objet;2;1;3;2;sans objet;1;3;1;3;1;3;1;4;1;4;1;4;1;2;2;1;2;2;1;2;2;2;sans objet;2;sans objet;sans objet;sans objet;sans objet;3;2;1;2;4;1;sans objet;sans objet;sans objet;sans objet;sans objet;sans objet;sans objet;4;1;2;4;2;1;sans objet;sans objet;sans objet;sans objet;2;sans objet;sans objet;sans objet;sans objet;1;4;1;2015-03-13; 11:00;3;3;2;2;sans objet;sans objet;sans objet;sans objet;4;5;7
ENS_563;EE07CSC204;SDC1;2;41;18;13;1;sans objet;1;sans objet;sans objet;sans objet;2;sans objet;sans objet;sans objet;sans objet;3;2;sans objet;1;1;1;1;3;sans objet;2;sans objet;2;sans objet;1;1;2;sans objet;2;1;2;2;1;2;2;1;2;2;sans objet;2;sans objet;sans objet;sans objet;sans objet;7;1;sans objet;sans objet;2;4;sans objet;sans objet;sans objet;sans objet;sans objet;sans objet;sans objet;4;1;1;5;3;1;sans objet;sans objet;sans objet;sans objet;2;sans objet;sans objet;sans objet;sans objet;7;1;3;2015-03-11; 11:30;5;2;4;2;sans objet;sans objet;sans objet;sans objet;4;1;6
ENS_564;EM07GUB185;SDC1;2;38;16;6;2;"lundiMAT;lundiPM;mardiMAT;mardiPM;merMAT;venMAT;venPM";1;sans objet;sans objet;sans objet;2;sans objet;sans objet;sans objet;sans objet;4;1;2;1;3;1;2;3;sans objet;2;sans objet;1;2;1;2;2;sans objet;2;2;1;2;1;2;2;1;2;2;sans objet;2;sans objet;sans objet;sans objet;sans objet;4;2;2;2;3;5;sans objet;sans objet;sans objet;sans objet;sans objet;sans objet;sans objet;4;1;1;4;1;1;sans objet;sans objet;sans objet;sans objet;2;sans objet;sans objet;sans objet;sans objet;2;2;2;2015-03-09; 14:15;2;2;4;2;sans objet;sans objet;sans objet;sans objet;4;5;5
ENS_565;EM07GUB185;SDC2;2;42;20;2;2;"lundiMAT;lundiPM;mardiMAT;mardiPM;merMAT;merPM;jeuMAT;jeuPM;";1;sans objet;sans objet;sans objet;2;sans objet;sans objet;sans objet;sans objet;2;2;sans objet;2;sans objet;2;sans objet;2;sans objet;1;4;2;sans objet;1;2;2;sans objet;2;1;2;2;1;2;2;1;2;2;sans objet;2;sans objet;sans objet;sans objet;sans objet;4;3;2;2;3;6;sans objet;sans objet;sans objet;sans objet;sans objet;sans objet;sans objet;4;1;1;6;1;1;sans objet;sans objet;sans objet;sans objet;2;sans objet;sans objet;sans objet;sans objet;5;3;4;2015-03-13; 08:00;3;1;NA;2;sans objet;sans objet;sans objet;sans objet;5;4;5
ENS_566;EM07GUB185;SDC1;2;34;11;1;2;"jeuMAT;jeuPM;";1;sans objet;sans objet;sans objet;2;sans objet;sans objet;sans objet;sans objet;4;1;1;2;sans objet;2;sans objet;2;sans objet;2;sans objet;2;sans objet;1;1;2;sans objet;2;1;2;2;1;2;2;1;2;2;sans objet;2;sans objet;sans objet;sans objet;sans objet;5;1;sans objet;sans objet;2;7;sans objet;sans objet;sans objet;sans objet;sans objet;sans objet;sans objet;3;1;1;4;1;1;sans objet;sans objet;sans objet;sans objet;2;sans objet;sans objet;sans objet;sans objet;4;2;5;2015-03-12; 15:10;4;1;NA;2;sans objet;sans objet;sans objet;sans objet;5;4;4
ENS_567;EE07CSC204;SDC2;2;39;15;3;1;sans objet;1;sans objet;sans objet;sans objet;2;sans objet;sans objet;sans objet;sans objet;5;1;1;2;sans objet;2;sans objet;1;1;2;sans objet;1;2;1;3;2;sans objet;1;2;2;1;2;2;2;1;2;2;sans objet;2;sans objet;sans objet;sans objet;sans objet;5;1;sans objet;sans objet;2;6;sans objet;sans objet;sans objet;sans objet;sans objet;sans objet;sans objet;4;1;1;4;2;3;sans objet;sans objet;sans objet;sans objet;2;sans objet;sans objet;sans objet;sans objet;6;3;2;2015-03-09; 09:50;4;4;2;2;sans objet;sans objet;sans objet;sans objet;6;2;3
ENS_568;EE07CSC204;SDC2;2;34;11;1;2;"lundiMAT;venMAT;venPM";1;sans objet;sans objet;sans objet;2;sans objet;sans objet;sans objet;sans objet;4;1;1;2;sans objet;1;1;3;sans objet;2;sans objet;2;sans objet;1;2;2;sans objet;2;1;2;2;1;2;2;1;2;2;sans objet;2;sans objet;sans objet;sans objet;sans objet;5;1;sans objet;sans objet;2;6;sans objet;sans objet;sans objet;sans objet;sans objet;sans objet;sans objet;4;1;1;5;2;1;sans objet;sans objet;sans objet;sans objet;2;sans objet;sans objet;sans objet;sans objet;4;2;4;2015-03-13; 09:30;4;4;2;2;sans objet;sans objet;sans objet;sans objet;6;3;3
ENS_569;EM07GUB185;SDC2;2;38;7;1;2;"lundiMAT;venMAT;venPM";1;sans objet;sans objet;sans objet;2;sans objet;sans objet;sans objet;sans objet;3;2;sans objet;2;sans objet;2;sans objet;3;sans objet;1;4;2;sans objet;1;1;2;sans objet;2;2;1;2;1;2;2;1;2;2;sans objet;2;sans objet;sans objet;sans objet;sans objet;6;2;2;1;2;7;sans objet;sans objet;sans objet;sans objet;sans objet;sans objet;sans objet;4;1;1;4;1;1;sans objet;sans objet;sans objet;sans objet;2;sans objet;sans objet;sans objet;sans objet;5;1;6;2015-03-13; 13:35;4;1;NA;2;sans objet;sans objet;sans objet;sans objet;6;4;4
ENS_570;EM07AUX192;SDC1;2;52;30;19;1;sans objet;1;sans objet;sans objet;sans objet;2;sans objet;sans objet;sans objet;sans objet;2;1;1;2;sans objet;1;1;2;sans objet;2;sans objet;1;1;1;2;2;sans objet;1;1;NA;NA;1;NA;NA;1;NA;2;sans objet;2;sans objet;sans objet;sans objet;sans objet;5;2;2;1;2;6;sans objet;sans objet;sans objet;sans objet;sans objet;sans objet;sans objet;3;1;1;6;1;1;sans objet;sans objet;sans objet;sans objet;2;sans objet;sans objet;sans objet;sans objet;4;2;6;2015-03-26; 17:30;4;2;3;1;18;3;5;1;5;4;5
ENS_571;EM07AUX192;SDC2;2;41;16;3;1;sans objet;1;sans objet;sans objet;sans objet;1;6;12;0;2;4;2;sans objet;1;2;1;2;2;sans objet;2;sans objet;2;sans objet;2;sans objet;2;sans objet;NA;1;NA;NA;1;NA;NA;1;NA;2;sans objet;1;6;4;9;2;4;1;sans objet;sans objet;1;sans objet;1;2;2;2;2;2;sans objet;4;1;1;5;1;1;sans objet;sans objet;sans objet;sans objet;1;14;4;1;2;3;3;4;2015-03-24; 17:05;4;2;3;1;9;3;5;2;6;4;6
ENS_572;EE88SAL181;SDC1;2;47;20;3;1;sans objet;3;2;2;4;1;0;0;19;2;4;2;sans objet;2;sans objet;1;2;2;sans objet;2;sans objet;2;sans objet;1;1;2;sans objet;1;2;2;1;2;2;2;1;2;2;sans objet;1;0;0;19;2;7;4;1;3;3;1;sans objet;sans objet;sans objet;sans objet;sans objet;sans objet;sans objet;4;3;2;4;1;3;sans objet;sans objet;sans objet;sans objet;1;19;0;0;2;6;2;6;2015-03-03; 08:00;6;1;NA;1;19;0;0;2;6;4;4
ENS_573;EE88SDD197;SDC1;2;26;1;1;1;sans objet;2;1;3;1;2;sans objet;sans objet;sans objet;sans objet;4;2;sans objet;2;sans objet;2;sans objet;3;sans objet;2;sans objet;2;sans objet;2;sans objet;2;sans objet;2;1;2;2;1;2;2;1;2;2;sans objet;2;sans objet;sans objet;sans objet;sans objet;4;2;1;2;4;6;sans objet;sans objet;sans objet;sans objet;sans objet;sans objet;sans objet;4;1;1;4;1;1;sans objet;sans objet;sans objet;sans objet;2;sans objet;sans objet;sans objet;sans objet;3;1;6;2015-03-09; 11:45;4;1;NA;2;sans objet;sans objet;sans objet;sans objet;4;4;2
ENS_574;EE88SDD197;SDC2;2;56;33;3;2;"lundiMAT;lundiPM;merMAT;jeuMAT;jeuPM;venMAT;venPM";1;sans objet;sans objet;sans objet;2;sans objet;sans objet;sans objet;sans objet;2;1;3;2;sans objet;1;3;2;sans objet;2;sans objet;1;3;2;sans objet;2;sans objet;1;2;2;1;2;2;2;1;2;2;sans objet;2;sans objet;sans objet;sans objet;sans objet;4;4;1;3;4;2;sans objet;sans objet;sans objet;sans objet;sans objet;sans objet;sans objet;4;2;1;2;3;3;sans objet;sans objet;sans objet;sans objet;2;sans objet;sans objet;sans objet;sans objet;5;2;5;2015-03-12; 18:40;5;3;2;2;sans objet;sans objet;sans objet;sans objet;4;2;3
ENS_575;EE88SDD197;SDC3;2;46;18;17;1;sans objet;3;1;2;3;2;sans objet;sans objet;sans objet;sans objet;4;1;2;2;sans objet;1;2;1;2;3;sans objet;2;sans objet;1;2;1;2;2;1;2;2;1;2;2;1;2;2;sans objet;2;sans objet;sans objet;sans objet;sans objet;4;4;2;2;3;4;sans objet;sans objet;sans objet;sans objet;sans objet;sans objet;sans objet;3;2;1;3;3;2;sans objet;sans objet;sans objet;sans objet;2;sans objet;sans objet;sans objet;sans objet;5;3;5;2015-03-12; 13:00;6;1;NA;2;sans objet;sans objet;sans objet;sans objet;3;5;2
ENS_576;EE87SJL198;SDC1;1;58;37;21;1;sans objet;2;3;2;2;2;sans objet;sans objet;sans objet;sans objet;3;2;sans objet;1;1;1;2;2;sans objet;2;sans objet;1;2;1;3;2;sans objet;2;2;1;2;2;1;2;1;2;2;sans objet;2;sans objet;sans objet;sans objet;sans objet;5;2;2;1;2;6;sans objet;sans objet;sans objet;sans objet;sans objet;sans objet;sans objet;3;1;1;4;2;1;sans objet;sans objet;sans objet;sans objet;2;sans objet;sans objet;sans objet;sans objet;5;3;5;2015-03-23; 09:00;5;1;NA;2;sans objet;sans objet;sans objet;sans objet;5;4;5
ENS_579;EE87SJL198;SDC2;1;45;21;3;1;sans objet;1;sans objet;sans objet;sans objet;2;sans objet;sans objet;sans objet;sans objet;5;1;1;2;sans objet;2;sans objet;2;sans objet;2;sans objet;2;sans objet;2;sans objet;2;sans objet;2;1;2;2;1;2;2;1;2;2;sans objet;2;sans objet;sans objet;sans objet;sans objet;4;3;3;1;3;6;sans objet;sans objet;sans objet;sans objet;sans objet;sans objet;sans objet;3;1;1;4;1;1;sans objet;sans objet;sans objet;sans objet;2;sans objet;sans objet;sans objet;sans objet;4;2;5;2015-03-23; 13:00;4;1;NA;2;sans objet;sans objet;sans objet;sans objet;6;4;6
ENS_580;EE87SJL198;SDC1;2;32;6;3;1;sans objet;2;1;3;1;2;sans objet;sans objet;sans objet;sans objet;4;2;sans objet;2;sans objet;2;sans objet;2;sans objet;2;sans objet;2;sans objet;2;sans objet;2;sans objet;2;2;1;2;1;2;2;1;2;2;sans objet;2;sans objet;sans objet;sans objet;sans objet;6;2;2;1;3;6;sans objet;sans objet;sans objet;sans objet;sans objet;sans objet;sans objet;4;1;1;6;2;1;sans objet;sans objet;sans objet;sans objet;2;sans objet;sans objet;sans objet;sans objet;7;3;3;2015-03-27; 17:10;6;1;NA;2;sans objet;sans objet;sans objet;sans objet;6;2;3
ENS_581;EE12ROX205;SDC1;1;55;37;20;1;sans objet;1;sans objet;sans objet;sans objet;1;18;4;0;2;6;2;sans objet;2;sans objet;1;1;2;sans objet;2;sans objet;2;sans objet;1;1;2;sans objet;2;2;1;2;2;1;2;1;2;2;sans objet;1;18;4;0;2;7;4;1;1;3;7;sans objet;sans objet;sans objet;sans objet;sans objet;sans objet;sans objet;4;1;1;6;2;1;sans objet;sans objet;sans objet;sans objet;1;13;7;2;2;6;2;6;2015-03-20; 11:00;6;1;NA;1;20;2;0;2;6;3;6
ENS_582;EE12ROX205;SDC2;2;43;11;8;1;sans objet;1;sans objet;sans objet;sans objet;1;26;2;0;2;5;1;2;1;2;3;sans objet;3;sans objet;2;sans objet;1;1;1;2;2;sans objet;1;2;2;1;2;2;2;1;2;2;sans objet;1;3;21;4;2;4;3;2;3;3;7;sans objet;sans objet;sans objet;sans objet;sans objet;sans objet;sans objet;4;1;1;7;1;3;sans objet;sans objet;sans objet;sans objet;1;18;6;4;2;5;1;5;2015-03-12; 11:15;4;1;NA;1;24;3;1;2;6;4;3
ENS_583;EM81CAA203;SDC1;2;34;10;4;2;"lundiMAT;lundiPM;mardiMAT;mardiPM;merMAT;jeuPM;venMAT;";1;sans objet;sans objet;sans objet;2;sans objet;sans objet;sans objet;sans objet;4;2;sans objet;2;sans objet;2;sans objet;3;sans objet;3;sans objet;1;3;1;4;2;sans objet;1;2;2;2;1;2;2;1;2;2;sans objet;2;sans objet;sans objet;sans objet;sans objet;4;5;3;2;4;4;sans objet;sans objet;sans objet;sans objet;sans objet;sans objet;sans objet;3;1;1;5;1;1;sans objet;sans objet;sans objet;sans objet;2;sans objet;sans objet;sans objet;sans objet;4;3;1;2015-03-23; 08:10;4;1;NA;2;sans objet;sans objet;sans objet;sans objet;1;6;2
ENS_584;EM81CAA203;SDC2;2;34;10;1;2;"lundiMAT;mardiMAT;mardiPM;merMAT;jeuMAT;jeuPM;venMAT;venPM";3;1;1;4;2;sans objet;sans objet;sans objet;sans objet;2;2;sans objet;2;sans objet;2;sans objet;2;sans objet;2;sans objet;2;sans objet;1;2;2;sans objet;1;2;2;2;1;2;2;1;2;2;sans objet;2;sans objet;sans objet;sans objet;sans objet;5;4;2;2;3;5;sans objet;sans objet;sans objet;sans objet;sans objet;sans objet;sans objet;3;3;1;3;3;2;sans objet;sans objet;sans objet;sans objet;2;sans objet;sans objet;sans objet;sans objet;6;4;3;2015-03-25; 12:00;3;1;NA;2;sans objet;sans objet;sans objet;sans objet;4;4;2
ENS_585;EM44RON189;SDC1;2;39;16;7;1;sans objet;2;1;3;2;2;sans objet;sans objet;sans objet;sans objet;2;1;1;1;1;1;1;3;sans objet;1;1;1;1;1;1;2;sans objet;2;1;2;2;1;2;2;1;2;1;1;2;sans objet;sans objet;sans objet;sans objet;6;3;1;2;1;sans objet;2;1;2;2;2;2;sans objet;3;1;1;6;1;1;sans objet;sans objet;sans objet;sans objet;2;sans objet;sans objet;sans objet;sans objet;4;2;5;2015-03-18; 08:50;4;2;3;2;sans objet;sans objet;sans objet;sans objet;6;2;4
ENS_586;EM44RON189;SDC2;2;37;12;1;2;"lundiMAT;merMAT;jeuMAT;jeuPM;venMAT;venPM";1;sans objet;sans objet;sans objet;2;sans objet;sans objet;sans objet;sans objet;3;1;1;1;1;3;sans objet;3;sans objet;1;1;2;sans objet;2;sans objet;2;sans objet;1;2;2;2;1;2;2;1;2;1;1;2;sans objet;sans objet;sans objet;sans objet;6;1;sans objet;sans objet;4;3;sans objet;sans objet;sans objet;sans objet;sans objet;sans objet;sans objet;3;1;1;6;1;1;sans objet;sans objet;sans objet;sans objet;2;sans objet;sans objet;sans objet;sans objet;4;1;6;2015-03-18; 12:30;4;1;NA;2;sans objet;sans objet;sans objet;sans objet;6;4;3
ENS_587;EM44RON189;SDC2;2;23;1;1;2;"lundiMAT;lundiPM;mardiMAT;mardiPM;merMAT;jeuMAT;jeuPM;";2;2;5;1;2;sans objet;sans objet;sans objet;sans objet;3;2;sans objet;2;sans objet;2;sans objet;2;sans objet;2;sans objet;2;sans objet;2;sans objet;2;sans objet;2;1;2;2;2;1;2;2;1;1;1;2;sans objet;sans objet;sans objet;sans objet;1;1;sans objet;sans objet;4;7;sans objet;sans objet;sans objet;sans objet;sans objet;sans objet;sans objet;3;1;1;6;1;1;sans objet;sans objet;sans objet;sans objet;2;sans objet;sans objet;sans objet;sans objet;4;2;6;2015-03-17; 17:00;3;1;NA;2;sans objet;sans objet;sans objet;sans objet;6;4;3
ENS_588;EE70ECE180;SDC2;1;54;31;5;1;sans objet;1;sans objet;sans objet;sans objet;2;sans objet;sans objet;sans objet;sans objet;2;3;sans objet;3;sans objet;2;sans objet;3;sans objet;3;sans objet;2;sans objet;2;sans objet;2;sans objet;2;1;2;2;1;2;2;1;2;1;1;2;sans objet;sans objet;sans objet;sans objet;6;3;1;2;3;6;sans objet;sans objet;sans objet;sans objet;sans objet;sans objet;sans objet;4;3;1;4;3;1;sans objet;sans objet;sans objet;sans objet;2;sans objet;sans objet;sans objet;sans objet;4;2;6;2015-03-26; 07:30;4;1;NA;2;sans objet;sans objet;sans objet;sans objet;6;4;4
ENS_589;EE70ECE180;SDC2;2;37;1;1;2;"lundiMAT;lundiPM;mardiMAT;mardiPM;";2;1;4;1;2;sans objet;sans objet;sans objet;sans objet;3;3;sans objet;3;sans objet;1;2;3;sans objet;3;sans objet;2;sans objet;1;1;2;sans objet;1;2;2;1;2;2;1;2;2;1;3;2;sans objet;sans objet;sans objet;sans objet;5;3;1;4;3;4;sans objet;sans objet;sans objet;sans objet;sans objet;sans objet;sans objet;3;1;1;4;1;1;sans objet;sans objet;sans objet;sans objet;2;sans objet;sans objet;sans objet;sans objet;3;2;5;2015-03-23; 14:00;5;1;NA;2;sans objet;sans objet;sans objet;sans objet;4;3;4
ENS_590;EE70ECE180;SDC1;2;53;30;3;1;sans objet;2;2;3;2;1;4;20;1;2;6;2;sans objet;1;1;1;1;2;sans objet;2;sans objet;1;2;1;2;2;sans objet;2;1;2;2;1;2;2;1;2;1;1;1;6;6;13;2;5;4;3;2;3;5;sans objet;sans objet;sans objet;sans objet;sans objet;sans objet;sans objet;3;3;2;4;3;2;sans objet;sans objet;sans objet;sans objet;1;15;5;5;2;4;2;6;2015-03-23; 10:05;4;1;NA;1;10;9;6;2;6;4;6
ENS_591;EM75PAH159;SDC1;1;33;7;3;1;sans objet;2;2;4;1;1;8;14;3;2;4;1;1;2;sans objet;1;2;2;sans objet;2;sans objet;1;3;1;3;2;sans objet;2;1;2;2;1;2;2;1;2;2;sans objet;1;7;12;6;2;5;3;2;3;3;5;sans objet;sans objet;sans objet;sans objet;sans objet;sans objet;sans objet;4;1;1;5;1;1;sans objet;sans objet;sans objet;sans objet;1;9;10;6;2;6;3;4;NA;NA;6;1;NA;1;0;10;15;2;4;4;4
ENS_592;EM75PAH159;SDC2;2;43;15;8;1;sans objet;1;sans objet;sans objet;sans objet;1;10;11;2;1;5;2;sans objet;2;sans objet;2;sans objet;2;sans objet;1;2;2;sans objet;2;sans objet;1;4;2;1;2;2;1;2;2;1;2;2;sans objet;1;9;4;10;1;4;2;1;1;4;5;sans objet;sans objet;sans objet;sans objet;sans objet;sans objet;sans objet;4;1;1;4;1;1;sans objet;sans objet;sans objet;sans objet;1;9;5;9;1;4;1;5;2015-03-23;NA;4;1;NA;1;14;5;4;1;5;4;5
ENS_593;EE44AEG178;SDC1;2;41;5;1;1;sans objet;4;1;2;3;2;sans objet;sans objet;sans objet;sans objet;6;2;sans objet;2;sans objet;2;sans objet;2;sans objet;2;sans objet;2;sans objet;2;sans objet;2;sans objet;2;1;2;2;1;2;2;1;2;1;1;2;sans objet;sans objet;sans objet;sans objet;6;1;sans objet;sans objet;2;6;sans objet;sans objet;sans objet;sans objet;sans objet;sans objet;sans objet;4;1;1;6;1;1;sans objet;sans objet;sans objet;sans objet;2;sans objet;sans objet;sans objet;sans objet;6;1;6;2015-03-27; 15:20;6;2;2;2;sans objet;sans objet;sans objet;sans objet;5;5;5
ENS_594;EE44AEG178;SDC2;2;35;12;3;1;sans objet;2;2;3;2;2;sans objet;sans objet;sans objet;sans objet;5;2;sans objet;2;sans objet;2;sans objet;2;sans objet;1;2;2;sans objet;1;2;2;sans objet;2;2;1;2;2;1;2;2;1;1;1;2;sans objet;sans objet;sans objet;sans objet;4;1;sans objet;sans objet;2;6;sans objet;sans objet;sans objet;sans objet;sans objet;sans objet;sans objet;4;3;3;3;3;1;sans objet;sans objet;sans objet;sans objet;2;sans objet;sans objet;sans objet;sans objet;5;2;6;2015-03-23; 14:40;7;1;NA;2;sans objet;sans objet;sans objet;sans objet;6;2;6
ENS_595;EM44FRK206;SDC1;2;28;5;3;1;sans objet;3;1;5;1;1;23;3;0;1;2;2;sans objet;2;sans objet;2;sans objet;2;sans objet;2;sans objet;2;sans objet;2;sans objet;2;sans objet;1;2;2;1;2;2;2;1;2;1;1;1;3;7;17;1;4;2;2;2;2;5;sans objet;sans objet;sans objet;sans objet;sans objet;sans objet;sans objet;3;1;1;5;1;1;sans objet;sans objet;sans objet;sans objet;1;18;3;6;1;4;3;4;2015-03-30; 17:57;3;1;NA;1;9;8;10;1;4;6;3
ENS_596;EM44FRK206;SDC2;2;44;20;9;1;sans objet;1;sans objet;sans objet;sans objet;2;sans objet;sans objet;sans objet;sans objet;3;3;sans objet;3;sans objet;1;1;3;sans objet;3;sans objet;2;sans objet;1;1;2;sans objet;1;2;2;1;2;2;2;1;2;2;sans objet;2;sans objet;sans objet;sans objet;sans objet;5;2;2;2;3;5;sans objet;sans objet;sans objet;sans objet;sans objet;sans objet;sans objet;3;1;1;4;1;3;sans objet;sans objet;sans objet;sans objet;2;sans objet;sans objet;sans objet;sans objet;3;3;3;2015-03-31; 14:00;4;2;2;2;sans objet;sans objet;sans objet;sans objet;6;4;5
ENS_597;EM44FRK206;SDC2;2;41;12;1;2;"jeuMAT;jeuPM;";1;sans objet;sans objet;sans objet;2;sans objet;sans objet;sans objet;sans objet;5;2;sans objet;2;sans objet;1;1;3;sans objet;1;1;2;sans objet;1;1;2;sans objet;1;2;2;2;2;1;2;2;1;2;sans objet;2;sans objet;sans objet;sans objet;sans objet;4;1;sans objet;sans objet;2;3;sans objet;sans objet;sans objet;sans objet;sans objet;sans objet;sans objet;2;1;1;4;1;1;sans objet;sans objet;sans objet;sans objet;2;sans objet;sans objet;sans objet;sans objet;4;1;5;2015-04-02; 13:45;4;1;NA;2;sans objet;sans objet;sans objet;sans objet;4;5;4
ENS_598;EM44FRK206;SDC2;2;50;14;9;1;sans objet;1;sans objet;sans objet;sans objet;2;sans objet;sans objet;sans objet;sans objet;5;2;sans objet;2;sans objet;2;sans objet;2;sans objet;1;1;2;sans objet;1;1;2;sans objet;2;1;2;2;1;2;2;1;2;2;sans objet;2;sans objet;sans objet;sans objet;sans objet;5;1;sans objet;sans objet;1;sans objet;1;2;2;2;2;2;sans objet;2;1;1;5;1;3;sans objet;sans objet;sans objet;sans objet;2;sans objet;sans objet;sans objet;sans objet;6;1;5;2015-04-01; 12:30;6;1;NA;2;sans objet;sans objet;sans objet;sans objet;5;4;6
ENS_599;EM81MAG195;SDC1;2;54;28;26;2;"lundiMAT;lundiPM;mardiMAT;mardiPM;merMAT;jeuMAT;jeuPM;";2;1;4;2;2;sans objet;sans objet;sans objet;sans objet;1;1;5;1;5;1;3;1;3;2;sans objet;1;4;1;4;2;sans objet;2;2;1;2;2;1;1;2;2;2;sans objet;2;sans objet;sans objet;sans objet;sans objet;1;4;1;2;3;5;sans objet;sans objet;sans objet;sans objet;sans objet;sans objet;sans objet;2;1;2;5;1;1;sans objet;sans objet;sans objet;sans objet;2;sans objet;sans objet;sans objet;sans objet;5;2;6;2015-04-03; 13:00;5;1;NA;2;sans objet;sans objet;sans objet;sans objet;5;2;3
ENS_600;EM81MAG195;SDC2;2;47;14;5;2;"lundiMAT;lundiPM;mardiMAT;mardiPM;merMAT;venMAT;venPM";2;2;2;2;2;sans objet;sans objet;sans objet;sans objet;2;1;2;2;sans objet;1;3;2;sans objet;2;sans objet;2;sans objet;2;sans objet;2;sans objet;2;1;2;2;2;1;2;1;2;2;sans objet;2;sans objet;sans objet;sans objet;sans objet;6;4;2;3;3;1;sans objet;sans objet;sans objet;sans objet;sans objet;sans objet;sans objet;4;1;1;6;1;1;sans objet;sans objet;sans objet;sans objet;2;sans objet;sans objet;sans objet;sans objet;5;1;5;2015-03-27; 10:30;4;1;NA;2;sans objet;sans objet;sans objet;sans objet;6;3;5
ENS_601;EM81SAI177;SDC1;2;57;34;7;2;"lundiMAT;lundiPM;mardiMAT;mardiPM;merMAT;jeuMAT;jeuPM;";2;3;1;4;2;sans objet;sans objet;sans objet;sans objet;3;2;sans objet;2;sans objet;1;3;2;sans objet;1;2;1;3;1;3;2;sans objet;2;2;1;2;1;2;2;2;1;1;1;2;sans objet;sans objet;sans objet;sans objet;6;4;3;3;3;3;sans objet;sans objet;sans objet;sans objet;sans objet;sans objet;sans objet;3;4;1;3;4;1;sans objet;sans objet;sans objet;sans objet;2;sans objet;sans objet;sans objet;sans objet;5;3;5;2015-04-07; 10:30;4;2;2;2;sans objet;sans objet;sans objet;sans objet;5;4;2
ENS_602;EM81SAI177;SDC2;2;39;15;10;2;"lundiMAT;lundiPM;mardiMAT;mardiPM;merMAT;venMAT;venPM";1;sans objet;sans objet;sans objet;2;sans objet;sans objet;sans objet;sans objet;2;2;sans objet;2;sans objet;2;sans objet;2;sans objet;2;sans objet;2;sans objet;1;2;2;sans objet;2;1;2;2;1;2;2;1;2;2;sans objet;2;sans objet;sans objet;sans objet;sans objet;4;2;2;2;2;7;sans objet;sans objet;sans objet;sans objet;sans objet;sans objet;sans objet;2;1;2;4;1;1;sans objet;sans objet;sans objet;sans objet;2;sans objet;sans objet;sans objet;sans objet;6;2;6;2015-04-07; 13:30;4;2;3;2;sans objet;sans objet;sans objet;sans objet;6;4;4
ENS_603;EM70CIM199;SDC1;2;43;21;11;1;sans objet;1;sans objet;sans objet;sans objet;2;sans objet;sans objet;sans objet;sans objet;4;2;sans objet;2;sans objet;2;sans objet;2;sans objet;2;sans objet;2;sans objet;1;2;2;sans objet;2;1;2;2;1;2;2;1;2;1;4;2;sans objet;sans objet;sans objet;sans objet;4;1;sans objet;sans objet;1;sans objet;1;2;2;2;2;2;sans objet;3;1;1;4;1;3;sans objet;sans objet;sans objet;sans objet;2;sans objet;sans objet;sans objet;sans objet;4;1;6;2015-04-13; 17:00;4;1;NA;2;sans objet;sans objet;sans objet;sans objet;5;2;6
ENS_604;EM70CIM199;SDC2;1;37;13;1;1;sans objet;2;1;5;1;1;8;16;0;2;4;2;sans objet;1;1;1;1;3;sans objet;2;sans objet;1;3;1;3;1;3;2;1;2;2;1;2;2;1;2;1;1;1;12;4;8;1;5;1;sans objet;sans objet;1;sans objet;1;2;2;2;2;2;sans objet;3;1;2;5;2;1;sans objet;sans objet;sans objet;sans objet;1;17;3;4;1;4;2;5;2015-04-16; 13:15;4;2;5;1;11;5;8;1;5;4;4
ENS_605;EM19VAP145;SDC1;2;37;13;1;1;sans objet;1;sans objet;sans objet;sans objet;2;sans objet;sans objet;sans objet;sans objet;1;1;1;2;sans objet;2;sans objet;2;sans objet;2;sans objet;2;sans objet;2;sans objet;2;sans objet;2;1;2;2;1;2;2;1;2;2;sans objet;2;sans objet;sans objet;sans objet;sans objet;5;1;sans objet;sans objet;1;sans objet;1;2;2;2;2;2;sans objet;4;1;1;6;1;1;sans objet;sans objet;sans objet;sans objet;2;sans objet;sans objet;sans objet;sans objet;6;3;7;2015-05-12; 16:00;6;1;NA;2;sans objet;sans objet;sans objet;sans objet;6;2;2
ENS_606;EM19VAP145;SDC2;2;44;6;2;1;sans objet;1;sans objet;sans objet;sans objet;2;sans objet;sans objet;sans objet;sans objet;1;1;1;2;sans objet;2;sans objet;2;sans objet;2;sans objet;2;sans objet;1;1;2;sans objet;2;1;2;2;1;2;2;1;2;2;sans objet;2;sans objet;sans objet;sans objet;sans objet;4;4;1;1;3;5;sans objet;sans objet;sans objet;sans objet;sans objet;sans objet;sans objet;4;1;1;4;1;1;sans objet;sans objet;sans objet;sans objet;2;sans objet;sans objet;sans objet;sans objet;3;2;3;2015-04-14; 12:30;5;1;NA;2;sans objet;sans objet;sans objet;sans objet;5;3;5
ENS_607;EM70BRB201;SDC1;2;40;17;7;1;sans objet;2;2;2;2;2;sans objet;sans objet;sans objet;sans objet;4;3;sans objet;3;sans objet;2;sans objet;3;sans objet;1;1;1;5;1;5;2;sans objet;2;1;2;2;1;2;2;1;2;2;sans objet;2;sans objet;sans objet;sans objet;sans objet;4;2;2;1;2;7;sans objet;sans objet;sans objet;sans objet;sans objet;sans objet;sans objet;4;1;1;7;1;1;sans objet;sans objet;sans objet;sans objet;2;sans objet;sans objet;sans objet;sans objet;5;2;7;2015-04-20; 12:00;4;2;3;2;sans objet;sans objet;sans objet;sans objet;6;4;6
ENS_608;EE92ANI208;SDC2;2;45;18;8;2;"lundiMAT;lundiPM;merMAT;jeuMAT;jeuPM;venMAT;venPM";2;1;3;3;2;sans objet;sans objet;sans objet;sans objet;3;1;3;2;sans objet;1;4;1;4;2;sans objet;2;sans objet;1;3;2;sans objet;1;2;2;2;1;2;2;1;2;2;sans objet;2;sans objet;sans objet;sans objet;sans objet;3;1;sans objet;sans objet;1;sans objet;1;2;2;2;2;2;sans objet;4;4;2;1;3;1;sans objet;sans objet;sans objet;sans objet;2;sans objet;sans objet;sans objet;sans objet;5;3;4;2015-06-01; 10:15;3;1;NA;2;sans objet;sans objet;sans objet;sans objet;4;2;3
ENS_609;EE92ANI208;SDC2;2;30;8;1;2;"mardiMAT;mardiPM;merMAT;";2;1;3;3;2;sans objet;sans objet;sans objet;sans objet;4;1;2;2;sans objet;1;3;1;3;2;sans objet;1;2;1;3;2;sans objet;1;2;2;2;1;2;2;1;2;2;sans objet;2;sans objet;sans objet;sans objet;sans objet;4;1;sans objet;sans objet;1;sans objet;1;2;2;2;2;2;sans objet;4;4;2;1;3;1;sans objet;sans objet;sans objet;sans objet;2;sans objet;sans objet;sans objet;sans objet;5;3;4;2015-06-02; 10:00;3;1;NA;2;sans objet;sans objet;sans objet;sans objet;4;2;3
ENS_610;EE92ANI208;SDC1;2;40;16;8;1;sans objet;3;1;3;3;1;2;7;17;1;1;1;2;1;2;1;2;2;sans objet;1;2;1;2;1;4;2;sans objet;1;2;2;1;2;2;1;2;2;2;sans objet;1;8;4;15;1;4;2;1;2;2;6;sans objet;sans objet;sans objet;sans objet;sans objet;sans objet;sans objet;4;3;1;3;3;1;sans objet;sans objet;sans objet;sans objet;1;6;7;13;2;6;3;3;2015-06-05; 16:40;7;2;4;1;0;5;21;2;2;5;2
ENS_611;EE19BLT141;SDC1;2;53;26;1;1;sans objet;1;sans objet;sans objet;sans objet;2;sans objet;sans objet;sans objet;sans objet;1;1;1;2;sans objet;2;sans objet;2;sans objet;2;sans objet;2;sans objet;1;3;1;3;2;2;1;2;1;2;2;1;2;2;sans objet;2;sans objet;sans objet;sans objet;sans objet;4;2;2;2;3;5;sans objet;sans objet;sans objet;sans objet;sans objet;sans objet;sans objet;3;3;2;5;2;3;sans objet;sans objet;sans objet;sans objet;2;sans objet;sans objet;sans objet;sans objet;6;3;5;2015-06-19; 16:15;6;2;4;2;sans objet;sans objet;sans objet;sans objet;6;5;5
ENS_612;EE19BLT141;SDC2;1;45;18;10;1;sans objet;1;sans objet;sans objet;sans objet;1;5;11;0;1;4;1;3;1;1;3;sans objet;3;sans objet;2;sans objet;2;sans objet;1;3;1;3;2;1;2;2;1;2;2;1;2;2;sans objet;1;6;10;0;1;4;3;2;2;3;5;sans objet;sans objet;sans objet;sans objet;sans objet;sans objet;sans objet;3;1;1;6;1;1;sans objet;sans objet;sans objet;sans objet;1;11;5;0;1;4;2;5;2015-06-19; 14:00;7;1;NA;1;6;1;9;1;6;5;6
ENS_613;EM44SLS207;SDC1;2;57;14;8;1;sans objet;1;sans objet;sans objet;sans objet;2;sans objet;sans objet;sans objet;sans objet;5;2;sans objet;2;sans objet;2;sans objet;2;sans objet;2;sans objet;2;sans objet;1;1;2;sans objet;2;2;1;2;2;1;2;1;1;2;sans objet;2;sans objet;sans objet;sans objet;sans objet;6;1;sans objet;sans objet;2;6;sans objet;sans objet;sans objet;sans objet;sans objet;sans objet;sans objet;3;1;1;3;1;1;sans objet;sans objet;sans objet;sans objet;2;sans objet;sans objet;sans objet;sans objet;3;3;5;2015-06-02; 15:45;4;1;NA;2;sans objet;sans objet;sans objet;sans objet;5;4;6
ENS_614;EM44SLS207;SDC2;2;44;20;15;1;sans objet;2;2;2;2;2;sans objet;sans objet;sans objet;sans objet;4;2;sans objet;2;sans objet;1;2;2;sans objet;1;2;2;sans objet;1;1;2;sans objet;2;1;2;2;1;2;2;1;2;2;sans objet;2;sans objet;sans objet;sans objet;sans objet;4;2;3;2;4;3;sans objet;sans objet;sans objet;sans objet;sans objet;sans objet;sans objet;3;1;1;4;2;2;sans objet;sans objet;sans objet;sans objet;2;sans objet;sans objet;sans objet;sans objet;4;2;3;2015-06-01; 16:30;4;3;2;2;sans objet;sans objet;sans objet;sans objet;4;3;5
ENS_615;EE88SDF196;SDC1;1;NA;NA;NA;NA;sans objet;NA;sans objet;sans objet;sans objet;NA;sans objet;sans objet;sans objet;sans objet;NA;NA;sans objet;NA;sans objet;NA;sans objet;NA;sans objet;NA;sans objet;NA;sans objet;NA;sans objet;NA;sans objet;NA;NA;NA;NA;NA;NA;NA;NA;NA;NA;sans objet;NA;sans objet;sans objet;sans objet;sans objet;NA;NA;sans objet;sans objet;NA;sans objet;sans objet;sans objet;sans objet;sans objet;sans objet;sans objet;sans objet;NA;sans objet;sans objet;sans objet;sans objet;sans objet;sans objet;sans objet;sans objet;sans objet;NA;sans objet;sans objet;sans objet;sans objet;NA;NA;NA;NA;NA;NA;NA;NA;NA;sans objet;sans objet;sans objet;sans objet;NA;NA;NA
ENS_616;EE88SDF196;SDC1;1;41;15;8;1;sans objet;1;sans objet;sans objet;sans objet;2;sans objet;sans objet;sans objet;sans objet;4;2;sans objet;2;sans objet;2;sans objet;3;sans objet;2;sans objet;2;sans objet;1;2;2;sans objet;2;2;1;2;1;2;2;1;2;1;1;2;sans objet;sans objet;sans objet;sans objet;6;1;sans objet;sans objet;2;6;sans objet;sans objet;sans objet;sans objet;sans objet;sans objet;sans objet;4;1;1;6;1;1;sans objet;sans objet;sans objet;sans objet;2;sans objet;sans objet;sans objet;sans objet;4;2;6;2015-06-03; 11:30;5;1;NA;2;sans objet;sans objet;sans objet;sans objet;6;4;6
ENS_617;EE88SDF196;SDC2;2;44;22;16;1;sans objet;1;sans objet;sans objet;sans objet;2;sans objet;sans objet;sans objet;sans objet;7;2;sans objet;2;sans objet;2;sans objet;2;sans objet;2;sans objet;2;sans objet;2;sans objet;2;sans objet;2;1;2;2;1;2;2;2;1;1;1;2;sans objet;sans objet;sans objet;sans objet;7;1;sans objet;sans objet;4;7;sans objet;sans objet;sans objet;sans objet;sans objet;sans objet;sans objet;3;2;2;4;1;1;sans objet;sans objet;sans objet;sans objet;1;21;0;0;2;4;1;7;2015-06-01; 08:45;4;2;2;1;21;0;0;2;7;4;6
ENS_618;EM19TRN138;SDC2;2;53;30;8;1;sans objet;2;2;2;3;2;sans objet;sans objet;sans objet;sans objet;2;2;sans objet;1;1;1;1;2;sans objet;2;sans objet;1;2;1;3;2;sans objet;2;1;2;2;1;2;2;1;2;1;1;2;sans objet;sans objet;sans objet;sans objet;4;1;sans objet;sans objet;2;5;sans objet;sans objet;sans objet;sans objet;sans objet;sans objet;sans objet;4;4;1;4;1;1;sans objet;sans objet;sans objet;sans objet;2;sans objet;sans objet;sans objet;sans objet;7;2;5;2015-06-15; 14:30;6;2;2;2;sans objet;sans objet;sans objet;sans objet;4;2;4
ENS_619;EM19TRN138;SDC1;2;34;11;5;1;sans objet;1;sans objet;sans objet;sans objet;2;sans objet;sans objet;sans objet;sans objet;4;2;sans objet;1;2;1;2;2;sans objet;2;sans objet;1;2;1;3;2;sans objet;2;1;2;2;1;2;2;1;2;1;1;1;7;9;0;2;4;2;2;1;2;5;sans objet;sans objet;sans objet;sans objet;sans objet;sans objet;sans objet;3;1;1;4;2;1;sans objet;sans objet;sans objet;sans objet;2;sans objet;sans objet;sans objet;sans objet;6;2;4;2015-06-16; 13:15;4;1;NA;2;sans objet;sans objet;sans objet;sans objet;4;4;5
ENS_620;EM19TRN138;SDC2;1;37;9;1;2;"lundiMAT;lundiPM;merMAT;";1;sans objet;sans objet;sans objet;2;sans objet;sans objet;sans objet;sans objet;3;2;sans objet;2;sans objet;2;sans objet;2;sans objet;2;sans objet;2;sans objet;1;1;2;sans objet;2;1;2;2;1;2;2;1;2;2;sans objet;2;sans objet;sans objet;sans objet;sans objet;4;1;sans objet;sans objet;1;sans objet;1;2;2;2;2;2;sans objet;3;1;1;4;1;2;sans objet;sans objet;sans objet;sans objet;2;sans objet;sans objet;sans objet;sans objet;5;1;5;2015-06-15; 15:00;4;1;NA;2;sans objet;sans objet;sans objet;sans objet;6;3;5
ENS_621;EM48CHM209;SDC1;2;35;12;10;2;"lundiMAT;lundiPM;mardiMAT;mardiPM;";1;sans objet;sans objet;sans objet;2;sans objet;sans objet;sans objet;sans objet;4;2;sans objet;1;1;1;1;2;sans objet;1;1;2;sans objet;1;1;1;1;2;2;1;2;1;2;2;1;2;2;sans objet;2;sans objet;sans objet;sans objet;sans objet;7;1;sans objet;sans objet;3;7;sans objet;sans objet;sans objet;sans objet;sans objet;sans objet;sans objet;3;1;1;4;1;1;sans objet;sans objet;sans objet;sans objet;2;sans objet;sans objet;sans objet;sans objet;4;2;6;2015-06-09; 08:30;4;2;6;2;sans objet;sans objet;sans objet;sans objet;7;4;6
ENS_622;EM48CHM209;SDC1;2;30;1;1;1;sans objet;2;1;4;1;2;sans objet;sans objet;sans objet;sans objet;4;2;sans objet;1;1;2;sans objet;2;sans objet;1;1;2;sans objet;1;1;2;sans objet;2;1;2;2;1;2;2;1;2;2;sans objet;2;sans objet;sans objet;sans objet;sans objet;7;1;sans objet;sans objet;2;1;sans objet;sans objet;sans objet;sans objet;sans objet;sans objet;sans objet;2;1;1;4;1;1;sans objet;sans objet;sans objet;sans objet;2;sans objet;sans objet;sans objet;sans objet;3;3;4;2015-06-11; 14:00;6;1;NA;2;sans objet;sans objet;sans objet;sans objet;6;4;6
ENS_623;EM48CHM209;SDC2;2;43;6;2;2;"lundiMAT;mardiMAT;mardiPM;jeuMAT;jeuPM;venMAT;venPM";2;2;3;2;2;sans objet;sans objet;sans objet;sans objet;3;1;1;2;sans objet;2;sans objet;2;sans objet;2;sans objet;2;sans objet;2;sans objet;2;sans objet;2;1;2;2;1;2;2;1;2;2;sans objet;2;sans objet;sans objet;sans objet;sans objet;6;2;1;3;3;5;sans objet;sans objet;sans objet;sans objet;sans objet;sans objet;sans objet;3;1;1;3;1;1;sans objet;sans objet;sans objet;sans objet;2;sans objet;sans objet;sans objet;sans objet;6;2;5;2015-06-11;NA;6;2;NA;2;sans objet;sans objet;sans objet;sans objet;5;5;3
ENS_624;EM48CHM209;SDC2;2;30;1;1;1;sans objet;1;sans objet;sans objet;sans objet;2;sans objet;sans objet;sans objet;sans objet;4;2;sans objet;1;1;1;1;1;1;2;sans objet;2;sans objet;2;sans objet;2;sans objet;2;1;2;2;1;2;2;1;2;2;sans objet;2;sans objet;sans objet;sans objet;sans objet;7;1;sans objet;sans objet;2;6;sans objet;sans objet;sans objet;sans objet;sans objet;sans objet;sans objet;2;1;1;4;1;1;sans objet;sans objet;sans objet;sans objet;2;sans objet;sans objet;sans objet;sans objet;4;2;5;2015-06-08; 12:00;7;1;NA;2;sans objet;sans objet;sans objet;sans objet;5;4;6
ENS_625;EE88SDD197;SDC2;2;NA;NA;NA;NA;sans objet;NA;sans objet;sans objet;sans objet;NA;sans objet;sans objet;sans objet;sans objet;NA;NA;sans objet;NA;sans objet;NA;sans objet;NA;sans objet;NA;sans objet;NA;sans objet;NA;sans objet;NA;sans objet;NA;NA;NA;NA;NA;NA;NA;NA;NA;NA;sans objet;NA;sans objet;sans objet;sans objet;sans objet;NA;NA;sans objet;sans objet;NA;sans objet;sans objet;sans objet;sans objet;sans objet;sans objet;sans objet;sans objet;NA;sans objet;sans objet;sans objet;sans objet;sans objet;sans objet;sans objet;sans objet;sans objet;NA;sans objet;sans objet;sans objet;sans objet;NA;NA;NA;NA;NA;NA;NA;NA;NA;sans objet;sans objet;sans objet;sans objet;NA;NA;NA
ENS_629;EM29CRI212;SDC1;2;58;28;10;1;sans objet;2;1;4;1;2;sans objet;sans objet;sans objet;sans objet;4;2;sans objet;2;sans objet;1;1;2;sans objet;1;1;2;sans objet;2;sans objet;1;2;2;1;2;2;1;2;2;1;2;1;2;2;sans objet;sans objet;sans objet;sans objet;5;1;sans objet;sans objet;1;sans objet;1;2;2;2;2;2;sans objet;3;1;1;4;1;3;sans objet;sans objet;sans objet;sans objet;2;sans objet;sans objet;sans objet;sans objet;4;2;5;2015-11-20;14:15:00;4;1;NA;2;sans objet;sans objet;sans objet;sans objet;5;4;5
ENS_630;EM29CRI212;SDC2;2;40;15;7;1;sans objet;1;sans objet;sans objet;sans objet;2;sans objet;sans objet;sans objet;sans objet;3;2;sans objet;2;sans objet;2;sans objet;1;1;1;1;1;1;1;2;2;sans objet;2;1;2;2;1;2;2;1;2;1;1;2;sans objet;sans objet;sans objet;sans objet;4;4;2;3;1;sans objet;2;1;2;2;2;2;sans objet;3;1;1;4;1;1;sans objet;sans objet;sans objet;sans objet;2;sans objet;sans objet;sans objet;sans objet;4;2;5;2015-11-19;14:15:00;4;1;NA;2;sans objet;sans objet;sans objet;sans objet;4;4;6
ENS_631;EM29GUX213;SDC2;1;52;27;10;1;sans objet;1;sans objet;sans objet;sans objet;2;sans objet;sans objet;sans objet;sans objet;3;1;1;2;sans objet;2;sans objet;2;sans objet;2;sans objet;2;sans objet;1;1;2;sans objet;2;1;2;2;1;2;2;1;2;2;sans objet;2;sans objet;sans objet;sans objet;sans objet;6;2;2;1;2;5;sans objet;sans objet;sans objet;sans objet;sans objet;sans objet;sans objet;3;1;1;4;2;1;sans objet;sans objet;sans objet;sans objet;2;sans objet;sans objet;sans objet;sans objet;6;3;2;2015-12-04;13:00:00;6;1;NA;2;sans objet;sans objet;sans objet;sans objet;6;2;3
ENS_632;EE29SUN217;SDC1;2;41;18;13;1;sans objet;1;sans objet;sans objet;sans objet;2;sans objet;sans objet;sans objet;sans objet;5;1;4;1;3;2;sans objet;2;sans objet;2;sans objet;2;sans objet;2;sans objet;2;sans objet;2;2;1;2;2;1;2;1;2;2;sans objet;2;sans objet;sans objet;sans objet;sans objet;5;3;1;2;4;5;sans objet;sans objet;sans objet;sans objet;sans objet;sans objet;sans objet;4;1;1;6;1;1;sans objet;sans objet;sans objet;sans objet;2;sans objet;sans objet;sans objet;sans objet;5;2;5;2015-11-05;17:00:00;4;1;NA;2;sans objet;sans objet;sans objet;sans objet;5;5;3
ENS_633;EE29SUN217;SDC2;2;60;25;15;1;sans objet;2;2;2;2;2;sans objet;sans objet;sans objet;sans objet;2;2;sans objet;2;sans objet;1;1;3;sans objet;1;2;2;sans objet;1;1;2;sans objet;2;2;1;2;1;2;2;1;2;2;sans objet;2;sans objet;sans objet;sans objet;sans objet;5;2;1;2;3;5;sans objet;sans objet;sans objet;sans objet;sans objet;sans objet;sans objet;3;1;1;4;1;1;sans objet;sans objet;sans objet;sans objet;2;sans objet;sans objet;sans objet;sans objet;4;2;4;2015-11-02;16:00:00;6;2;4;2;sans objet;sans objet;sans objet;sans objet;3;5;3
ENS_634;EM29BRO215;SDC1;2;45;22;13;1;sans objet;2;1;4;2;2;sans objet;sans objet;sans objet;sans objet;7;1;2;2;sans objet;1;2;1;2;1;1;1;4;1;4;2;sans objet;2;2;1;2;2;1;2;2;1;2;sans objet;2;sans objet;sans objet;sans objet;sans objet;5;2;1;1;1;sans objet;2;1;2;2;2;2;sans objet;3;2;1;6;1;1;sans objet;sans objet;sans objet;sans objet;2;sans objet;sans objet;sans objet;sans objet;6;3;3;2015-11-27;16:30:00;4;1;NA;2;sans objet;sans objet;sans objet;sans objet;3;2;3
ENS_635;EM29BRO215;SDC2;2;30;6;2;2;"lundiMAT;lundiPM;mardiMAT;mardiPM;jeuMAT;jeuPM;";2;1;4;1;2;sans objet;sans objet;sans objet;sans objet;2;2;sans objet;1;1;2;sans objet;2;sans objet;2;sans objet;2;sans objet;1;1;2;sans objet;2;2;1;2;1;2;2;2;1;2;sans objet;2;sans objet;sans objet;sans objet;sans objet;6;2;2;2;1;sans objet;2;1;2;2;2;2;sans objet;3;1;1;6;1;1;sans objet;sans objet;sans objet;sans objet;2;sans objet;sans objet;sans objet;sans objet;4;3;4;2015-11-24;16:30:00;6;2;4;2;sans objet;sans objet;sans objet;sans objet;4;4;3
ENS_636;EM29GUX213;SDC1;1;43;18;12;1;sans objet;1;sans objet;sans objet;sans objet;2;sans objet;sans objet;sans objet;sans objet;3;1;1;1;2;2;sans objet;3;sans objet;2;sans objet;1;3;1;3;2;sans objet;2;1;2;1;2;2;1;2;2;2;sans objet;2;sans objet;sans objet;sans objet;sans objet;4;2;2;2;2;4;sans objet;sans objet;sans objet;sans objet;sans objet;sans objet;sans objet;3;1;1;6;1;1;sans objet;sans objet;sans objet;sans objet;2;sans objet;sans objet;sans objet;sans objet;6;3;4;2015-12-03;12:30:00;5;2;1;2;sans objet;sans objet;sans objet;sans objet;5;3;3
ENS_637;EE83TOC226;SDC1;2;38;13;7;1;sans objet;1;sans objet;sans objet;sans objet;2;sans objet;sans objet;sans objet;sans objet;4;1;2;2;sans objet;2;sans objet;2;sans objet;2;sans objet;1;2;1;3;2;sans objet;2;1;2;2;1;2;2;1;2;2;sans objet;2;sans objet;sans objet;sans objet;sans objet;4;1;sans objet;sans objet;1;sans objet;1;2;2;2;2;2;sans objet;4;4;1;1;3;1;sans objet;sans objet;sans objet;sans objet;2;sans objet;sans objet;sans objet;sans objet;3;1;1;NA; 16:00;4;3;3;2;sans objet;sans objet;sans objet;sans objet;4;4;4
ENS_638;EE83TOC226;SDC2;2;48;18;12;1;sans objet;2;3;3;2;2;sans objet;sans objet;sans objet;sans objet;4;1;2;2;sans objet;1;3;2;sans objet;2;sans objet;1;3;1;4;2;sans objet;1;2;2;2;1;2;2;1;2;2;sans objet;2;sans objet;sans objet;sans objet;sans objet;4;2;1;2;2;5;sans objet;sans objet;sans objet;sans objet;sans objet;sans objet;sans objet;4;2;1;4;2;1;sans objet;sans objet;sans objet;sans objet;2;sans objet;sans objet;sans objet;sans objet;4;3;6;2015-11-02;NA;4;2;6;2;sans objet;sans objet;sans objet;sans objet;6;4;4
ENS_639;EM83TOS223;SDC1;2;42;8;1;2;"lundiMAT;lundiPM;merMAT;jeuMAT;jeuPM;venMAT;venPM";2;1;3;2;2;sans objet;sans objet;sans objet;sans objet;3;2;sans objet;2;sans objet;2;sans objet;2;sans objet;1;2;2;sans objet;2;sans objet;1;1;2;1;2;2;1;2;2;1;2;2;sans objet;2;sans objet;sans objet;sans objet;sans objet;6;1;sans objet;sans objet;1;sans objet;1;2;2;2;2;2;sans objet;4;1;1;6;1;1;sans objet;sans objet;sans objet;sans objet;2;sans objet;sans objet;sans objet;sans objet;3;2;5;2015-11-06; 15:15;3;1;NA;2;sans objet;sans objet;sans objet;sans objet;6;4;4
ENS_640;EM83TOS223;SDC2;2;58;34;3;1;sans objet;1;sans objet;sans objet;sans objet;2;sans objet;sans objet;sans objet;sans objet;1;2;sans objet;2;sans objet;1;3;2;sans objet;2;sans objet;2;sans objet;2;sans objet;2;sans objet;2;1;2;2;1;2;2;1;2;2;sans objet;2;sans objet;sans objet;sans objet;sans objet;5;1;sans objet;sans objet;3;5;sans objet;sans objet;sans objet;sans objet;sans objet;sans objet;sans objet;4;1;1;5;1;1;sans objet;sans objet;sans objet;sans objet;2;sans objet;sans objet;sans objet;sans objet;7;3;1;2015-11-02; 13:25;6;1;NA;2;sans objet;sans objet;sans objet;sans objet;5;2;5
ENS_642;EM83GRC235;SDC1;2;38;14;1;1;sans objet;2;2;1;3;2;sans objet;sans objet;sans objet;sans objet;3;2;sans objet;2;sans objet;1;2;2;sans objet;1;1;2;sans objet;1;1;2;sans objet;2;2;1;2;1;2;2;2;1;2;sans objet;2;sans objet;sans objet;sans objet;sans objet;1;2;1;1;4;6;sans objet;sans objet;sans objet;sans objet;sans objet;sans objet;sans objet;2;3;1;4;1;3;sans objet;sans objet;sans objet;sans objet;2;sans objet;sans objet;sans objet;sans objet;7;3;3;2015-11-27; 14:00;6;1;NA;2;sans objet;sans objet;sans objet;sans objet;4;4;4
ENS_643;EM83GRC235;SDC2;2;60;40;5;2;"lundiMAT;lundiPM;jeuMAT;jeuPM;";3;2;1;4;2;sans objet;sans objet;sans objet;sans objet;4;2;sans objet;2;sans objet;2;sans objet;2;sans objet;2;sans objet;2;sans objet;1;1;2;sans objet;2;2;1;2;2;1;2;2;1;2;sans objet;2;sans objet;sans objet;sans objet;sans objet;5;2;2;1;3;6;sans objet;sans objet;sans objet;sans objet;sans objet;sans objet;sans objet;4;1;1;4;1;1;sans objet;sans objet;sans objet;sans objet;2;sans objet;sans objet;sans objet;sans objet;4;4;4;2015-11-23;NA;4;3;3;2;sans objet;sans objet;sans objet;sans objet;4;5;4
ENS_644;EM83GRC235;SDC2;2;23;2;1;2;"lundiMAT;lundiPM;merMAT;venMAT;venPM";2;2;1;4;2;sans objet;sans objet;sans objet;sans objet;3;2;sans objet;2;sans objet;1;2;2;sans objet;2;sans objet;2;sans objet;1;2;2;sans objet;2;2;1;2;1;2;2;1;2;2;sans objet;2;sans objet;sans objet;sans objet;sans objet;6;1;sans objet;sans objet;2;6;sans objet;sans objet;sans objet;sans objet;sans objet;sans objet;sans objet;3;1;1;5;1;1;sans objet;sans objet;sans objet;sans objet;2;sans objet;sans objet;sans objet;sans objet;4;2;3;2015-11-25; 10:15;4;3;2;2;sans objet;sans objet;sans objet;sans objet;6;4;4
ENS_645;EE83GRU234;SDC1;2;46;17;14;1;sans objet;1;sans objet;sans objet;sans objet;2;sans objet;sans objet;sans objet;sans objet;5;3;sans objet;2;sans objet;1;2;2;sans objet;2;sans objet;1;2;1;4;2;sans objet;2;2;1;2;1;2;2;1;2;2;sans objet;2;sans objet;sans objet;sans objet;sans objet;6;1;sans objet;sans objet;1;sans objet;1;2;2;2;2;2;sans objet;3;1;1;6;1;3;sans objet;sans objet;sans objet;sans objet;2;sans objet;sans objet;sans objet;sans objet;4;2;6;2015-11-27; 11:45;5;2;5;2;sans objet;sans objet;sans objet;sans objet;5;4;6
ENS_646;EE83GRU234;SDC2;2;43;21;4;1;sans objet;1;sans objet;sans objet;sans objet;2;sans objet;sans objet;sans objet;sans objet;3;1;1;2;sans objet;1;3;1;1;2;sans objet;1;1;1;4;2;sans objet;2;2;1;2;1;2;2;1;2;2;sans objet;2;sans objet;sans objet;sans objet;sans objet;6;2;1;1;2;4;sans objet;sans objet;sans objet;sans objet;sans objet;sans objet;sans objet;3;1;1;5;1;1;sans objet;sans objet;sans objet;sans objet;2;sans objet;sans objet;sans objet;sans objet;6;3;4;2015-11-26; 17:40;4;3;5;2;sans objet;sans objet;sans objet;sans objet;5;2;6
ENS_647;EM83GRK237;SDC1;2;37;14;8;1;sans objet;2;2;2;3;2;sans objet;sans objet;sans objet;sans objet;3;1;2;2;sans objet;1;3;2;sans objet;1;1;2;sans objet;1;3;1;3;2;1;2;2;1;2;2;1;2;1;2;2;sans objet;sans objet;sans objet;sans objet;7;2;2;2;2;5;sans objet;sans objet;sans objet;sans objet;sans objet;sans objet;sans objet;2;1;1;6;3;1;sans objet;sans objet;sans objet;sans objet;2;sans objet;sans objet;sans objet;sans objet;5;2;6;2015-11-24; 17:25;3;1;NA;2;sans objet;sans objet;sans objet;sans objet;5;4;6
ENS_648;EM83GRK237;SDC2;2;49;24;11;1;sans objet;2;1;3;3;2;sans objet;sans objet;sans objet;sans objet;3;3;sans objet;2;sans objet;1;3;3;sans objet;3;sans objet;1;2;1;3;1;2;2;1;2;1;2;2;2;1;2;1;1;2;sans objet;sans objet;sans objet;sans objet;7;2;2;1;2;6;sans objet;sans objet;sans objet;sans objet;sans objet;sans objet;sans objet;4;1;2;5;1;1;sans objet;sans objet;sans objet;sans objet;2;sans objet;sans objet;sans objet;sans objet;4;1;7;2015-11-25; 10:00;4;1;NA;2;sans objet;sans objet;sans objet;sans objet;5;4;6
ENS_649;EM29GUX213;SDC2;2;24;1;1;2;"lundiMAT;lundiPM;mardiMAT;mardiPM;merMAT;merPM;";1;sans objet;sans objet;sans objet;2;sans objet;sans objet;sans objet;sans objet;4;1;1;1;1;2;sans objet;2;sans objet;2;sans objet;2;sans objet;1;1;2;sans objet;2;2;1;2;2;1;2;1;2;2;sans objet;2;sans objet;sans objet;sans objet;sans objet;4;1;sans objet;sans objet;1;sans objet;1;2;2;2;2;2;sans objet;2;1;1;4;1;1;sans objet;sans objet;sans objet;sans objet;2;sans objet;sans objet;sans objet;sans objet;5;2;4;2015-11-30;13:55:00;5;1;NA;2;sans objet;sans objet;sans objet;sans objet;7;2;6
ENS_650;EM29TAC218;SDC1;2;59;40;40;1;sans objet;1;sans objet;sans objet;sans objet;2;sans objet;sans objet;sans objet;sans objet;3;2;sans objet;2;sans objet;2;sans objet;2;sans objet;2;sans objet;2;sans objet;1;2;1;2;1;2;2;1;2;2;2;2;2;2;sans objet;2;sans objet;sans objet;sans objet;sans objet;4;2;3;3;3;5;sans objet;sans objet;sans objet;sans objet;sans objet;sans objet;sans objet;3;1;1;5;1;1;sans objet;sans objet;sans objet;sans objet;2;sans objet;sans objet;sans objet;sans objet;4;2;5;2015-12-10;16:30:00;4;2;4;2;sans objet;sans objet;sans objet;sans objet;4;3;3
ENS_651;EM29BRB231;SDC1;1;33;9;8;1;sans objet;2;2;2;2;2;sans objet;sans objet;sans objet;sans objet;4;2;sans objet;2;sans objet;2;sans objet;2;sans objet;2;sans objet;2;sans objet;1;1;2;sans objet;2;2;1;2;2;1;2;1;2;2;sans objet;2;sans objet;sans objet;sans objet;sans objet;6;2;1;1;2;6;sans objet;sans objet;sans objet;sans objet;sans objet;sans objet;sans objet;3;2;1;6;1;1;sans objet;sans objet;sans objet;sans objet;2;sans objet;sans objet;sans objet;sans objet;6;2;5;2016-01-21;17:25:00;5;1;NA;2;sans objet;sans objet;sans objet;sans objet;6;4;5
ENS_652;EE29LOQ243;SDC1;1;41;13;2;2;"lundiMAT;lundiPM;merMAT;merPM;jeuMAT;jeuPM;venMAT;venPM";2;1;3;2;2;sans objet;sans objet;sans objet;sans objet;3;2;sans objet;2;sans objet;1;2;2;sans objet;1;2;1;2;1;3;1;1;1;2;2;1;2;2;1;2;2;2;sans objet;2;sans objet;sans objet;sans objet;sans objet;4;4;2;2;3;5;sans objet;sans objet;sans objet;sans objet;sans objet;sans objet;sans objet;3;1;1;4;2;3;sans objet;sans objet;sans objet;sans objet;2;sans objet;sans objet;sans objet;sans objet;3;3;3;2016-01-25;11:25:00;4;3;2;2;sans objet;sans objet;sans objet;sans objet;4;6;3
ENS_653;EE29LOQ243;SDC2;1;43;15;12;2;"lundiMAT;lundiPM;merMAT;jeuMAT;jeuPM;venMAT;venPM";1;sans objet;sans objet;sans objet;2;sans objet;sans objet;sans objet;sans objet;5;2;sans objet;2;sans objet;2;sans objet;2;sans objet;2;sans objet;2;sans objet;2;sans objet;2;sans objet;2;2;1;2;1;2;2;1;2;1;1;2;sans objet;sans objet;sans objet;sans objet;4;1;sans objet;sans objet;1;sans objet;1;2;2;2;2;2;sans objet;3;1;1;4;1;3;sans objet;sans objet;sans objet;sans objet;2;sans objet;sans objet;sans objet;sans objet;4;2;5;2016-01-29;16:00:00;4;1;NA;2;sans objet;sans objet;sans objet;sans objet;4;4;6
ENS_654;EM29STX227;SDC1;2;38;9;9;2;"lundiMAT;lundiPM;merMAT;jeuMAT;jeuPM;venMAT;venPM";2;1;4;1;2;sans objet;sans objet;sans objet;sans objet;4;2;sans objet;2;sans objet;2;sans objet;2;sans objet;1;1;1;2;1;2;2;sans objet;2;2;1;2;2;1;2;1;2;1;1;2;sans objet;sans objet;sans objet;sans objet;4;1;sans objet;sans objet;1;sans objet;1;2;2;2;2;2;sans objet;4;3;3;3;3;1;sans objet;sans objet;sans objet;sans objet;2;sans objet;sans objet;sans objet;sans objet;4;2;5;2016-02-01;12:55:00;4;2;2;2;sans objet;sans objet;sans objet;sans objet;4;4;4
ENS_655;EM29STX227;SDC1;2;33;8;1;2;"mardiMAT;mardiPM;";1;sans objet;sans objet;sans objet;2;sans objet;sans objet;sans objet;sans objet;3;2;sans objet;2;sans objet;2;sans objet;2;sans objet;2;sans objet;2;sans objet;1;1;2;sans objet;2;1;2;2;1;2;2;1;2;1;1;2;sans objet;sans objet;sans objet;sans objet;6;1;sans objet;sans objet;1;sans objet;1;2;2;2;2;2;sans objet;4;3;1;4;2;1;sans objet;sans objet;sans objet;sans objet;2;sans objet;sans objet;sans objet;sans objet;4;1;5;2016-02-02;12:20:00;4;1;NA;2;sans objet;sans objet;sans objet;sans objet;6;2;6
ENS_656;EM29STX227;SDC2;2;43;9;1;1;sans objet;2;1;4;2;2;sans objet;sans objet;sans objet;sans objet;3;2;sans objet;2;sans objet;1;2;3;sans objet;1;1;2;sans objet;1;2;2;sans objet;2;1;2;1;2;2;1;2;2;1;4;1;0;0;18;1;4;2;2;1;2;5;sans objet;sans objet;sans objet;sans objet;sans objet;sans objet;sans objet;3;3;2;3;3;1;sans objet;sans objet;sans objet;sans objet;2;sans objet;sans objet;sans objet;sans objet;4;3;5;2016-02-05;12:00:00;4;2;3;2;sans objet;sans objet;sans objet;sans objet;4;4;5
ENS_657;EM29STX227;SDC2;2;31;6;2;1;sans objet;1;sans objet;sans objet;sans objet;2;sans objet;sans objet;sans objet;sans objet;2;1;1;2;sans objet;2;sans objet;2;sans objet;2;sans objet;2;sans objet;1;3;2;sans objet;2;1;2;2;1;2;2;1;2;2;sans objet;2;sans objet;sans objet;sans objet;sans objet;4;4;3;3;4;3;sans objet;sans objet;sans objet;sans objet;sans objet;sans objet;sans objet;3;1;2;2;2;2;sans objet;sans objet;sans objet;sans objet;2;sans objet;sans objet;sans objet;sans objet;3;3;5;2016-02-02;12:00:00;3;1;NA;2;sans objet;sans objet;sans objet;sans objet;3;4;3
ENS_658;EM29TOF216;SDC1;2;23;1;1;2;"lundiMAT;lundiPM;mardiMAT;mardiPM;";1;sans objet;sans objet;sans objet;2;sans objet;sans objet;sans objet;sans objet;2;1;2;2;sans objet;1;2;2;sans objet;2;sans objet;2;sans objet;2;sans objet;2;sans objet;2;1;2;2;1;2;2;1;2;2;sans objet;2;sans objet;sans objet;sans objet;sans objet;5;2;1;1;3;6;sans objet;sans objet;sans objet;sans objet;sans objet;sans objet;sans objet;4;1;1;4;2;1;sans objet;sans objet;sans objet;sans objet;2;sans objet;sans objet;sans objet;sans objet;5;1;6;2016-02-29;12:30:00;4;1;NA;2;sans objet;sans objet;sans objet;sans objet;5;4;3
ENS_659;EM29TOF216;SDC1;2;40;15;14;2;"lundiMAT;merMAT;jeuMAT;venMAT;venPM";1;sans objet;sans objet;sans objet;2;sans objet;sans objet;sans objet;sans objet;2;1;3;2;sans objet;1;3;2;sans objet;2;sans objet;1;4;1;4;1;4;2;1;2;2;1;2;2;1;2;1;1;2;sans objet;sans objet;sans objet;sans objet;4;2;1;1;2;3;sans objet;sans objet;sans objet;sans objet;sans objet;sans objet;sans objet;4;1;1;4;1;1;sans objet;sans objet;sans objet;sans objet;2;sans objet;sans objet;sans objet;sans objet;4;1;5;2016-03-02;12:00:00;4;2;4;2;sans objet;sans objet;sans objet;sans objet;4;4;4
ENS_660;EM29TOF216;SDC2;2;40;17;15;1;sans objet;2;1;4;1;2;sans objet;sans objet;sans objet;sans objet;5;2;sans objet;2;sans objet;1;2;3;sans objet;1;2;1;1;1;3;2;sans objet;2;2;1;2;2;1;2;2;1;1;1;2;sans objet;sans objet;sans objet;sans objet;5;3;1;2;2;7;sans objet;sans objet;sans objet;sans objet;sans objet;sans objet;sans objet;3;1;1;7;1;1;sans objet;sans objet;sans objet;sans objet;2;sans objet;sans objet;sans objet;sans objet;6;2;6;2016-02-29;12:36:00;6;1;NA;2;sans objet;sans objet;sans objet;sans objet;6;3;6
ENS_661;EE29ELZ245;SDC1;2;39;13;10;1;sans objet;1;sans objet;sans objet;sans objet;2;sans objet;sans objet;sans objet;sans objet;6;2;sans objet;2;sans objet;1;2;2;sans objet;1;1;2;sans objet;1;2;2;sans objet;2;2;1;2;1;2;2;1;2;1;1;2;sans objet;sans objet;sans objet;sans objet;6;4;3;3;4;7;sans objet;sans objet;sans objet;sans objet;sans objet;sans objet;sans objet;4;1;1;4;2;1;sans objet;sans objet;sans objet;sans objet;2;sans objet;sans objet;sans objet;sans objet;4;2;5;2016-02-22;13:05:00;4;1;NA;2;sans objet;sans objet;sans objet;sans objet;6;4;6
ENS_662;EE29ELZ245;SDC2;2;51;30;6;1;sans objet;1;sans objet;sans objet;sans objet;2;sans objet;sans objet;sans objet;sans objet;5;2;sans objet;1;2;2;sans objet;2;sans objet;2;sans objet;2;sans objet;1;3;2;sans objet;2;2;1;2;2;1;2;1;2;2;sans objet;1;2;17;8;2;4;3;2;3;4;2;sans objet;sans objet;sans objet;sans objet;sans objet;sans objet;sans objet;4;3;2;4;2;1;sans objet;sans objet;sans objet;sans objet;1;16;8;3;2;3;3;5;2016-02-22;17:00:00;3;2;3;1;26;0;1;2;5;5;3
ENS_663;EE29ELZ245;SDC2;2;35;10;2;2;"mardiMAT;mardiPM;merMAT;jeuMAT;jeuPM;";1;sans objet;sans objet;sans objet;2;sans objet;sans objet;sans objet;sans objet;3;2;sans objet;1;2;1;2;2;sans objet;2;sans objet;1;1;1;2;2;sans objet;2;2;1;2;1;2;2;1;2;1;2;2;sans objet;sans objet;sans objet;sans objet;4;1;sans objet;sans objet;3;4;sans objet;sans objet;sans objet;sans objet;sans objet;sans objet;sans objet;4;1;2;5;2;3;sans objet;sans objet;sans objet;sans objet;2;sans objet;sans objet;sans objet;sans objet;2;3;2;2016-02-25;17:00:00;2;2;2;2;sans objet;sans objet;sans objet;sans objet;5;5;6
ENS_664;EE29QUQ214;SDC1;2;25;3;1;1;sans objet;2;1;4;1;1;26;1;0;2;5;2;sans objet;1;1;2;sans objet;2;sans objet;2;sans objet;1;1;1;1;2;sans objet;2;1;2;2;1;2;2;1;2;2;sans objet;1;13;11;3;2;4;3;2;2;3;7;sans objet;sans objet;sans objet;sans objet;sans objet;sans objet;sans objet;4;1;1;6;1;1;sans objet;sans objet;sans objet;sans objet;1;10;16;1;2;5;1;6;2016-03-08;17:00:00;5;2;4;1;6;15;6;2;5;2;4
ENS_665;EE29QUQ214;SDC2;2;51;25;12;1;sans objet;3;2;2;3;2;sans objet;sans objet;sans objet;sans objet;4;2;sans objet;1;1;2;sans objet;2;sans objet;2;sans objet;1;1;1;1;2;sans objet;1;2;2;2;1;2;2;1;2;2;sans objet;2;sans objet;sans objet;sans objet;sans objet;4;3;1;2;4;5;sans objet;sans objet;sans objet;sans objet;sans objet;sans objet;sans objet;3;1;2;6;3;1;sans objet;sans objet;sans objet;sans objet;2;sans objet;sans objet;sans objet;sans objet;4;2;7;2016-03-11;13:00:00;4;1;NA;2;sans objet;sans objet;sans objet;sans objet;4;6;5
ENS_666;EE94FSW252;SDC1;1;50;18;6;1;sans objet;2;1;4;1;1;1;23;2;1;4;1;2;1;2;1;3;2;sans objet;2;sans objet;1;3;1;4;1;4;2;1;2;2;1;2;2;1;2;2;sans objet;1;3;16;7;1;5;4;2;3;4;6;sans objet;sans objet;sans objet;sans objet;sans objet;sans objet;sans objet;4;1;1;6;1;3;sans objet;sans objet;sans objet;sans objet;1;13;11;1;1;2;3;4;2016-03-17; 13:30;6;1;NA;2;sans objet;sans objet;sans objet;sans objet;4;2;3
ENS_667;EE94FSW252;SDC2;2;43;16;5;1;sans objet;2;1;3;1;1;0;16;6;2;2;1;1;2;sans objet;1;2;2;sans objet;2;sans objet;1;2;1;2;2;sans objet;2;1;2;2;1;2;2;1;2;2;sans objet;1;4;12;9;2;5;3;2;2;3;5;sans objet;sans objet;sans objet;sans objet;sans objet;sans objet;sans objet;3;2;1;5;2;1;sans objet;sans objet;sans objet;sans objet;1;9;9;6;2;5;2;5;2016-03-15; 13:05;5;1;NA;1;5;2;17;2;5;3;5
ENS_668;EE94FSE250;SDC1;2;39;NA;4;1;sans objet;3;1;4;3;1;0;19;3;2;2;2;sans objet;1;1;2;sans objet;1;1;1;2;1;1;1;5;1;3;2;1;2;2;1;2;2;1;2;2;sans objet;1;0;4;18;2;2;4;2;2;4;6;sans objet;sans objet;sans objet;sans objet;sans objet;sans objet;sans objet;4;1;1;4;1;1;sans objet;sans objet;sans objet;sans objet;1;5;14;3;2;6;3;3;NA;NA;NA;2;4;1;9;7;6;2;3;3;2
ENS_669;EE94FSE250;SDC2;1;45;19;1;1;sans objet;1;sans objet;sans objet;sans objet;1;6;7;6;1;4;1;2;2;sans objet;1;2;2;sans objet;2;sans objet;1;2;1;3;2;sans objet;2;2;1;2;1;2;2;1;2;2;sans objet;1;2;7;9;1;6;2;1;2;3;6;sans objet;sans objet;sans objet;sans objet;sans objet;sans objet;sans objet;3;1;1;6;1;1;sans objet;sans objet;sans objet;sans objet;1;8;3;7;1;4;2;5;2016-03-25; 14:50;5;2;4;1;1;2;12;1;6;3;3
ENS_670;EM29DOA253;SDC1;2;38;16;8;1;sans objet;1;sans objet;sans objet;sans objet;2;sans objet;sans objet;sans objet;sans objet;4;1;3;1;2;1;2;2;sans objet;1;2;2;sans objet;1;3;2;sans objet;1;2;2;2;1;2;2;1;2;2;sans objet;2;sans objet;sans objet;sans objet;sans objet;4;4;1;1;3;6;sans objet;sans objet;sans objet;sans objet;sans objet;sans objet;sans objet;3;1;1;2;1;1;sans objet;sans objet;sans objet;sans objet;2;sans objet;sans objet;sans objet;sans objet;4;4;6;2016-03-18;12:00:00;5;1;NA;2;sans objet;sans objet;sans objet;sans objet;6;4;6
ENS_671;EM29DOA253;SDC2;2;45;19;12;1;sans objet;1;sans objet;sans objet;sans objet;1;11;6;4;2;3;3;sans objet;3;sans objet;1;3;3;sans objet;3;sans objet;2;sans objet;2;sans objet;2;sans objet;2;1;2;2;1;2;2;1;2;2;sans objet;1;9;4;9;1;7;1;sans objet;sans objet;1;sans objet;1;2;2;2;2;2;sans objet;4;3;1;6;1;1;sans objet;sans objet;sans objet;sans objet;1;12;3;7;2;7;1;1;2016-03-15;11:00:00;7;2;3;1;10;0;11;2;6;1;6
ENS_672;EE29COK236;SDC1;2;50;27;15;1;sans objet;1;sans objet;sans objet;sans objet;2;sans objet;sans objet;sans objet;sans objet;2;2;sans objet;2;sans objet;1;2;2;sans objet;1;1;1;2;1;2;2;sans objet;2;2;1;2;1;2;2;1;2;2;sans objet;2;sans objet;sans objet;sans objet;sans objet;3;3;2;1;2;5;sans objet;sans objet;sans objet;sans objet;sans objet;sans objet;sans objet;4;1;1;6;1;1;sans objet;sans objet;sans objet;sans objet;2;sans objet;sans objet;sans objet;sans objet;4;3;5;2016-03-21;17:00:00;4;1;NA;2;sans objet;sans objet;sans objet;sans objet;5;4;5
ENS_673;EE29COK236;SDC2;2;40;15;12;1;sans objet;1;sans objet;sans objet;sans objet;1;0;23;0;1;4;2;sans objet;3;sans objet;2;sans objet;1;2;2;sans objet;2;sans objet;1;3;2;sans objet;1;2;2;2;1;2;2;1;2;1;1;1;1;20;2;1;5;3;2;1;3;5;sans objet;sans objet;sans objet;sans objet;sans objet;sans objet;sans objet;4;1;1;5;1;1;sans objet;sans objet;sans objet;sans objet;1;2;16;5;2;4;3;5;2016-03-21;09:00:00;4;2;2;1;9;10;4;1;4;3;4
ENS_674;EE75PAK211;SDC1;2;38;8;1;2;"lundiMAT;lundiPM;mardiMAT;mardiPM;merMAT;jeuMAT;jeuPM;";2;2;3;2;2;sans objet;sans objet;sans objet;sans objet;4;1;1;1;1;1;1;2;sans objet;2;sans objet;1;1;1;2;2;sans objet;2;1;2;1;2;2;2;1;2;2;sans objet;2;sans objet;sans objet;sans objet;sans objet;4;3;1;2;4;5;sans objet;sans objet;sans objet;sans objet;sans objet;sans objet;sans objet;4;1;2;4;1;3;sans objet;sans objet;sans objet;sans objet;2;sans objet;sans objet;sans objet;sans objet;5;4;5;2016-04-07; 11:30;4;1;NA;2;sans objet;sans objet;sans objet;sans objet;4;4;3
ENS_675;EE75PAK211;SDC1;1;NA;NA;NA;NA;sans objet;NA;sans objet;sans objet;sans objet;NA;sans objet;sans objet;sans objet;sans objet;NA;NA;sans objet;NA;sans objet;NA;sans objet;NA;sans objet;NA;sans objet;NA;sans objet;NA;sans objet;NA;sans objet;NA;NA;NA;NA;NA;NA;NA;NA;NA;NA;sans objet;NA;sans objet;sans objet;sans objet;sans objet;NA;NA;sans objet;sans objet;NA;sans objet;sans objet;sans objet;sans objet;sans objet;sans objet;sans objet;sans objet;NA;sans objet;sans objet;sans objet;sans objet;sans objet;sans objet;sans objet;sans objet;sans objet;NA;sans objet;sans objet;sans objet;sans objet;NA;NA;NA;NA;NA;NA;NA;NA;NA;sans objet;sans objet;sans objet;sans objet;NA;NA;NA
ENS_676;EE75PAK211;SDC2;2;NA;NA;NA;NA;sans objet;NA;sans objet;sans objet;sans objet;NA;sans objet;sans objet;sans objet;sans objet;NA;NA;sans objet;NA;sans objet;NA;sans objet;NA;sans objet;NA;sans objet;NA;sans objet;NA;sans objet;NA;sans objet;NA;NA;NA;NA;NA;NA;NA;NA;NA;NA;sans objet;NA;sans objet;sans objet;sans objet;sans objet;NA;NA;sans objet;sans objet;NA;sans objet;sans objet;sans objet;sans objet;sans objet;sans objet;sans objet;sans objet;NA;sans objet;sans objet;sans objet;sans objet;sans objet;sans objet;sans objet;sans objet;sans objet;NA;sans objet;sans objet;sans objet;sans objet;NA;NA;NA;NA;NA;NA;NA;NA;NA;sans objet;sans objet;sans objet;sans objet;NA;NA;NA
ENS_677;EM75PAS228;SDC2;2;47;20;5;1;sans objet;2;1;3;3;2;sans objet;sans objet;sans objet;sans objet;2;2;sans objet;2;sans objet;1;3;1;3;1;4;1;2;1;5;1;4;1;2;2;1;2;2;1;2;2;2;sans objet;2;sans objet;sans objet;sans objet;sans objet;4;1;sans objet;sans objet;2;3;sans objet;sans objet;sans objet;sans objet;sans objet;sans objet;sans objet;3;4;2;2;4;3;sans objet;sans objet;sans objet;sans objet;2;sans objet;sans objet;sans objet;sans objet;4;4;4;2016-04-13; 08:15;4;2;3;2;sans objet;sans objet;sans objet;sans objet;3;4;3
ENS_678;EM75PAS228;SDC1;2;46;10;5;1;sans objet;2;3;1;2;2;sans objet;sans objet;sans objet;sans objet;2;1;1;2;sans objet;1;3;2;sans objet;2;sans objet;1;4;1;5;2;sans objet;2;1;2;2;1;2;2;1;2;2;sans objet;2;sans objet;sans objet;sans objet;sans objet;6;1;sans objet;sans objet;1;sans objet;1;2;2;2;2;2;sans objet;4;1;1;4;1;1;sans objet;sans objet;sans objet;sans objet;2;sans objet;sans objet;sans objet;sans objet;3;4;5;2016-04-11; 12:00;3;1;NA;2;sans objet;sans objet;sans objet;sans objet;4;3;3
ENS_679;EE06NIA222;SDC1;2;48;18;7;2;"lundiMAT;lundiPM;merMAT;jeuMAT;jeuPM;venMAT;venPM";1;sans objet;sans objet;sans objet;1;18;2;1;1;5;2;sans objet;2;sans objet;1;2;2;sans objet;2;sans objet;1;3;1;4;2;sans objet;2;1;2;2;1;2;2;1;2;2;sans objet;1;3;8;10;1;4;2;2;2;3;5;sans objet;sans objet;sans objet;sans objet;sans objet;sans objet;sans objet;4;1;1;4;1;1;sans objet;sans objet;sans objet;sans objet;2;sans objet;sans objet;sans objet;sans objet;7;2;2;2016-02-25; 13:00;4;1;NA;1;1;11;8;1;6;5;5
ENS_680;EE06NIA222;SDC1;2;28;2;1;1;sans objet;1;sans objet;sans objet;sans objet;1;12;5;1;2;5;2;sans objet;2;sans objet;2;sans objet;2;sans objet;2;sans objet;2;sans objet;1;2;2;sans objet;2;1;2;2;1;2;2;1;2;2;sans objet;2;sans objet;sans objet;sans objet;sans objet;4;1;sans objet;sans objet;2;6;sans objet;sans objet;sans objet;sans objet;sans objet;sans objet;sans objet;4;1;1;6;1;1;sans objet;sans objet;sans objet;sans objet;2;sans objet;sans objet;sans objet;sans objet;4;2;6;2016-02-23; 13:10;4;1;NA;1;8;8;2;2;6;4;5
ENS_681;EE06NIA222;SDC2;2;52;29;24;2;"lundiMAT;lundiPM;merMAT;jeuMAT;jeuPM;venMAT;venPM";2;1;4;1;2;sans objet;sans objet;sans objet;sans objet;3;1;4;1;3;1;2;1;2;2;sans objet;1;3;1;4;2;sans objet;1;2;2;2;1;2;2;1;2;2;sans objet;1;0;6;17;1;2;3;2;3;3;4;sans objet;sans objet;sans objet;sans objet;sans objet;sans objet;sans objet;4;2;1;4;2;1;sans objet;sans objet;sans objet;sans objet;2;sans objet;sans objet;sans objet;sans objet;5;3;5;2016-02-25; 15:00;6;1;NA;1;4;12;7;1;4;4;2
ENS_682;EE06NIA222;SDC2;2;42;2;1;2;"mardiMAT;mardiPM;";2;1;4;1;2;sans objet;sans objet;sans objet;sans objet;4;1;1;2;sans objet;2;sans objet;2;sans objet;2;sans objet;1;3;1;5;2;sans objet;2;2;1;2;1;2;2;2;1;2;sans objet;2;sans objet;sans objet;sans objet;sans objet;5;4;2;3;3;3;sans objet;sans objet;sans objet;sans objet;sans objet;sans objet;sans objet;3;1;2;4;1;1;sans objet;sans objet;sans objet;sans objet;2;sans objet;sans objet;sans objet;sans objet;7;3;4;2016-02-23; 12:15;7;1;NA;2;sans objet;sans objet;sans objet;sans objet;4;4;2
ENS_683;EE06ANP239;SDC2;2;NA;NA;NA;NA;sans objet;NA;sans objet;sans objet;sans objet;NA;sans objet;sans objet;sans objet;sans objet;NA;NA;sans objet;NA;sans objet;NA;sans objet;NA;sans objet;NA;sans objet;NA;sans objet;NA;sans objet;NA;sans objet;NA;NA;NA;NA;NA;NA;NA;NA;NA;NA;sans objet;NA;sans objet;sans objet;sans objet;sans objet;NA;NA;sans objet;sans objet;NA;sans objet;sans objet;sans objet;sans objet;sans objet;sans objet;sans objet;sans objet;NA;sans objet;sans objet;sans objet;sans objet;sans objet;sans objet;sans objet;sans objet;sans objet;NA;sans objet;sans objet;sans objet;sans objet;NA;NA;NA;NA;NA;NA;NA;NA;NA;sans objet;sans objet;sans objet;sans objet;NA;NA;NA
ENS_684;EE06ANP239;SDC1;2;45;20;6;1;sans objet;1;sans objet;sans objet;sans objet;2;sans objet;sans objet;sans objet;sans objet;4;1;2;2;sans objet;1;3;2;sans objet;2;sans objet;1;3;1;3;1;3;2;1;2;NA;NA;NA;2;1;2;2;sans objet;2;sans objet;sans objet;sans objet;sans objet;2;3;2;1;4;7;sans objet;sans objet;sans objet;sans objet;sans objet;sans objet;sans objet;3;3;1;5;3;1;sans objet;sans objet;sans objet;sans objet;2;sans objet;sans objet;sans objet;sans objet;6;1;4;2016-03-24;NA;7;2;3;2;sans objet;sans objet;sans objet;sans objet;6;1;6
ENS_685;EM06ANE224;SDC2;2;55;34;20;1;sans objet;1;sans objet;sans objet;sans objet;2;sans objet;sans objet;sans objet;sans objet;2;2;sans objet;1;3;1;2;2;sans objet;2;sans objet;1;2;1;3;NA;sans objet;NA;NA;NA;NA;NA;NA;2;1;2;2;sans objet;2;sans objet;sans objet;sans objet;sans objet;7;1;sans objet;sans objet;2;5;sans objet;sans objet;sans objet;sans objet;sans objet;sans objet;sans objet;4;2;2;4;1;1;sans objet;sans objet;sans objet;sans objet;2;sans objet;sans objet;sans objet;sans objet;4;2;4;2016-03-25; 14:55;4;2;3;2;sans objet;sans objet;sans objet;sans objet;4;3;4
ENS_686;EM06ANE224;SDC1;2;45;21;NA;1;sans objet;2;3;2;4;2;sans objet;sans objet;sans objet;sans objet;1;2;sans objet;2;sans objet;2;sans objet;2;sans objet;2;sans objet;1;1;1;2;1;4;2;2;1;2;1;2;2;1;2;2;sans objet;2;sans objet;sans objet;sans objet;sans objet;5;2;1;2;2;6;sans objet;sans objet;sans objet;sans objet;sans objet;sans objet;sans objet;4;2;2;3;1;1;sans objet;sans objet;sans objet;sans objet;2;sans objet;sans objet;sans objet;sans objet;6;3;5;2016-03-24; 12:40;4;2;4;2;sans objet;sans objet;sans objet;sans objet;5;4;5
ENS_687;EE75PAM210;SDC1;2;36;10;8;1;sans objet;3;1;6;1;1;11;16;2;2;5;1;1;2;sans objet;1;2;1;2;1;1;1;2;1;4;1;2;1;2;2;1;2;2;1;2;1;2;sans objet;1;3;7;19;2;7;1;sans objet;sans objet;1;sans objet;1;2;2;2;2;2;sans objet;3;1;1;5;1;1;sans objet;sans objet;sans objet;sans objet;1;17;1;11;2;3;3;5;2017-05-23;NA;3;2;2;2;sans objet;sans objet;sans objet;sans objet;6;4;6
ENS_688;EE75PAM210;SDC2;1;57;34;17;1;sans objet;1;sans objet;sans objet;sans objet;2;sans objet;sans objet;sans objet;sans objet;3;2;sans objet;2;sans objet;2;sans objet;2;sans objet;2;sans objet;2;sans objet;1;1;2;sans objet;1;2;2;2;1;2;2;1;2;2;sans objet;1;0;25;3;2;7;4;2;2;4;4;sans objet;sans objet;sans objet;sans objet;sans objet;sans objet;sans objet;3;1;2;5;1;1;sans objet;sans objet;sans objet;sans objet;1;25;3;0;2;6;2;5;2017-05-27; 10:00;4;1;NA;1;28;0;0;2;6;4;6
ENS_689;EE29SPH254;SDC1;2;47;21;11;1;sans objet;2;2;3;2;2;sans objet;sans objet;sans objet;sans objet;4;2;sans objet;2;sans objet;1;2;3;sans objet;1;2;1;3;1;4;2;sans objet;1;2;2;1;2;2;2;1;2;2;sans objet;2;sans objet;sans objet;sans objet;sans objet;4;1;sans objet;sans objet;1;sans objet;1;2;2;2;2;2;sans objet;3;1;1;5;2;1;sans objet;sans objet;sans objet;sans objet;2;sans objet;sans objet;sans objet;sans objet;4;2;4;2016-04-18;12:00:00;4;2;3;2;sans objet;sans objet;sans objet;sans objet;5;4;4
ENS_690;EE29SPH254;SDC2;2;42;20;18;1;sans objet;3;1;2;3;1;0;4;17;2;5;1;1;1;2;3;sans objet;3;sans objet;3;sans objet;1;2;1;2;2;sans objet;1;2;2;2;1;2;2;1;2;2;sans objet;1;4;15;2;2;4;3;2;2;4;5;sans objet;sans objet;sans objet;sans objet;sans objet;sans objet;sans objet;4;1;2;4;1;3;sans objet;sans objet;sans objet;sans objet;1;8;13;0;2;5;2;6;2016-04-21;09:20:00;4;2;2;1;6;15;0;2;3;5;4
ENS_691;EE29LPY255;SDC1;2;40;18;14;1;sans objet;1;sans objet;sans objet;sans objet;1;10;8;1;1;4;2;sans objet;2;sans objet;1;1;2;sans objet;2;sans objet;2;sans objet;1;3;2;sans objet;2;2;1;2;1;2;2;2;1;2;sans objet;1;2;14;3;1;7;2;1;2;4;5;sans objet;sans objet;sans objet;sans objet;sans objet;sans objet;sans objet;3;1;1;5;2;1;sans objet;sans objet;sans objet;sans objet;1;10;5;4;1;6;3;6;2016-04-26;16:30:00;5;1;NA;1;10;3;6;1;5;4;6
ENS_692;EE29LPY255;SDC2;1;44;15;15;1;sans objet;1;sans objet;sans objet;sans objet;1;10;12;0;1;5;2;sans objet;2;sans objet;2;sans objet;2;sans objet;2;sans objet;2;sans objet;2;sans objet;2;sans objet;2;1;2;2;1;2;2;1;2;2;sans objet;1;0;17;5;1;6;2;3;2;3;3;sans objet;sans objet;sans objet;sans objet;sans objet;sans objet;sans objet;3;1;1;6;1;1;sans objet;sans objet;sans objet;sans objet;1;20;2;0;1;4;3;5;2016-04-25;16:35:00;5;1;NA;1;4;16;2;1;6;5;5
ENS_693;EM29LPU257;SDC1;2;41;15;6;1;sans objet;2;2;3;2;2;sans objet;sans objet;sans objet;sans objet;4;3;sans objet;3;sans objet;3;sans objet;3;sans objet;3;sans objet;1;3;1;3;2;sans objet;2;1;2;2;1;2;2;1;2;2;sans objet;2;sans objet;sans objet;sans objet;sans objet;4;3;2;1;3;6;sans objet;sans objet;sans objet;sans objet;sans objet;sans objet;sans objet;4;1;1;5;1;1;sans objet;sans objet;sans objet;sans objet;2;sans objet;sans objet;sans objet;sans objet;3;2;4;2016-04-26;14:15:00;5;4;1;2;sans objet;sans objet;sans objet;sans objet;3;5;5
ENS_694;EM06NIW220;SDC1;2;61;41;NA;1;sans objet;3;1;3;2;2;sans objet;sans objet;sans objet;sans objet;4;2;sans objet;1;1;2;sans objet;2;sans objet;2;sans objet;1;3;1;4;1;2;2;1;2;2;1;2;2;1;2;2;sans objet;2;sans objet;sans objet;sans objet;sans objet;5;3;1;3;3;7;sans objet;sans objet;sans objet;sans objet;sans objet;sans objet;sans objet;4;1;1;6;1;2;sans objet;sans objet;sans objet;sans objet;2;sans objet;sans objet;sans objet;sans objet;4;2;4;2016-02-23; 14:30;4;1;NA;2;sans objet;sans objet;sans objet;sans objet;4;4;5
ENS_695;EM06NIW220;SDC2;2;42;16;10;2;"lundiMAT;mardiMAT;mardiPM;merMAT;jeuMAT;jeuPM;venMAT;venPM";1;sans objet;sans objet;sans objet;2;sans objet;sans objet;sans objet;sans objet;1;1;1;2;sans objet;1;3;2;sans objet;2;sans objet;1;5;1;5;1;3;2;1;2;2;1;2;2;1;2;2;sans objet;2;sans objet;sans objet;sans objet;sans objet;5;3;1;3;3;5;sans objet;sans objet;sans objet;sans objet;sans objet;sans objet;sans objet;3;2;3;4;1;1;sans objet;sans objet;sans objet;sans objet;2;sans objet;sans objet;sans objet;sans objet;7;2;5;2016-02-25; 13:10;3;1;NA;2;sans objet;sans objet;sans objet;sans objet;5;4;6
ENS_696;EM06NIW220;SDC2;1;30;9;3;2;"lundiMAT;lundiPM;mardiMAT;mardiPM;merMAT;merPM;venMAT;venPM";1;sans objet;sans objet;sans objet;2;sans objet;sans objet;sans objet;sans objet;2;2;sans objet;2;sans objet;1;1;2;sans objet;2;sans objet;1;3;1;4;1;3;2;1;2;2;1;2;2;1;2;2;sans objet;2;sans objet;sans objet;sans objet;sans objet;4;3;1;1;3;6;sans objet;sans objet;sans objet;sans objet;sans objet;sans objet;sans objet;4;1;1;4;1;1;sans objet;sans objet;sans objet;sans objet;2;sans objet;sans objet;sans objet;sans objet;3;2;4;2016-02-22; 10:20;3;2;3;2;sans objet;sans objet;sans objet;sans objet;5;4;4
ENS_697;EM06NIS238;SDC1;2;53;23;3;1;sans objet;1;sans objet;sans objet;sans objet;2;sans objet;sans objet;sans objet;sans objet;7;1;2;1;2;2;sans objet;3;sans objet;1;2;2;sans objet;2;sans objet;2;sans objet;2;2;1;2;1;2;2;1;2;2;sans objet;2;sans objet;sans objet;sans objet;sans objet;7;3;2;1;4;3;sans objet;sans objet;sans objet;sans objet;sans objet;sans objet;sans objet;4;1;1;6;1;1;sans objet;sans objet;sans objet;sans objet;2;sans objet;sans objet;sans objet;sans objet;6;1;6;2016-02-26; 08:30;6;1;NA;2;sans objet;sans objet;sans objet;sans objet;6;2;6
ENS_698;EM06NIS238;SDC2;2;52;31;16;1;sans objet;3;2;3;3;2;sans objet;sans objet;sans objet;sans objet;3;1;2;2;sans objet;1;3;2;sans objet;2;sans objet;2;sans objet;2;sans objet;2;sans objet;2;2;1;2;1;2;2;2;1;2;sans objet;2;sans objet;sans objet;sans objet;sans objet;5;1;sans objet;sans objet;1;sans objet;1;2;2;2;2;2;sans objet;4;2;2;4;2;1;sans objet;sans objet;sans objet;sans objet;1;12;5;5;2;4;2;4;2016-02-24; 09:20;4;2;3;2;sans objet;sans objet;sans objet;sans objet;5;4;4
ENS_699;EE83DRA240;SDC1;2;55;28;26;1;sans objet;1;sans objet;sans objet;sans objet;1;6;19;2;1;5;2;sans objet;2;sans objet;2;sans objet;1;3;2;sans objet;1;3;1;4;1;4;2;2;1;2;1;2;2;1;2;2;sans objet;1;20;6;2;1;5;1;sans objet;sans objet;2;7;sans objet;sans objet;sans objet;sans objet;sans objet;sans objet;sans objet;2;3;2;3;1;1;sans objet;sans objet;sans objet;sans objet;1;16;9;3;1;5;1;6;2016-04-29; 16:00;7;2;2;1;2;10;16;1;5;5;6
ENS_700;EE83DRA240;SDC2;2;53;NA;3;1;sans objet;1;sans objet;sans objet;sans objet;2;sans objet;sans objet;sans objet;sans objet;5;1;1;2;sans objet;2;sans objet;2;sans objet;2;sans objet;2;sans objet;1;3;1;3;2;2;1;2;1;2;2;1;2;2;sans objet;1;18;6;0;2;5;2;3;2;2;7;sans objet;sans objet;sans objet;sans objet;sans objet;sans objet;sans objet;4;1;2;5;1;1;sans objet;sans objet;sans objet;sans objet;2;sans objet;sans objet;sans objet;sans objet;6;3;5;2016-04-29; 17:20;4;2;4;2;sans objet;sans objet;sans objet;sans objet;6;4;7
ENS_701;EE29COW248;SDC1;2;35;12;1;1;sans objet;1;sans objet;sans objet;sans objet;2;sans objet;sans objet;sans objet;sans objet;3;2;sans objet;2;sans objet;2;sans objet;2;sans objet;2;sans objet;2;sans objet;1;1;2;sans objet;2;1;2;2;1;2;2;1;2;2;sans objet;2;sans objet;sans objet;sans objet;sans objet;4;1;sans objet;sans objet;1;sans objet;1;2;2;2;2;2;sans objet;4;1;1;6;1;1;sans objet;sans objet;sans objet;sans objet;2;sans objet;sans objet;sans objet;sans objet;2;2;2;2016-05-09;17:15:00;4;1;NA;2;sans objet;sans objet;sans objet;sans objet;6;4;2
ENS_702;EE29COW248;SDC2;2;45;20;8;1;sans objet;2;1;4;1;1;1;21;0;2;6;2;sans objet;2;sans objet;2;sans objet;2;sans objet;2;sans objet;1;2;1;4;2;sans objet;1;2;2;1;2;2;2;1;2;2;sans objet;1;3;8;12;2;6;2;2;1;3;6;sans objet;sans objet;sans objet;sans objet;sans objet;sans objet;sans objet;3;4;2;4;1;1;sans objet;sans objet;sans objet;sans objet;1;16;4;0;2;7;2;1;2016-05-13;16:30:00;4;1;NA;1;8;8;7;2;2;2;2
ENS_703;EM29COH249;SDC1;2;41;18;4;1;sans objet;2;2;4;2;2;sans objet;sans objet;sans objet;sans objet;5;1;1;2;sans objet;2;sans objet;1;1;2;sans objet;2;sans objet;1;1;2;sans objet;2;1;2;2;1;2;2;1;2;2;sans objet;1;4;7;11;2;6;1;sans objet;sans objet;1;sans objet;1;2;2;2;2;2;sans objet;3;1;1;6;1;1;sans objet;sans objet;sans objet;sans objet;1;6;7;8;2;4;3;4;2016-05-10;12:00:00;4;1;NA;1;4;18;0;2;2;2;4
ENS_704;EM29COH249;SDC2;2;47;23;9;1;sans objet;1;sans objet;sans objet;sans objet;2;sans objet;sans objet;sans objet;sans objet;3;2;sans objet;2;sans objet;1;3;2;sans objet;2;sans objet;1;3;1;3;2;sans objet;2;1;2;2;1;2;2;1;2;2;sans objet;2;sans objet;sans objet;sans objet;sans objet;6;1;sans objet;sans objet;1;sans objet;1;2;2;2;2;2;sans objet;4;2;1;4;1;1;sans objet;sans objet;sans objet;sans objet;2;sans objet;sans objet;sans objet;sans objet;4;1;6;2016-05-09;11:40:00;4;1;NA;2;sans objet;sans objet;sans objet;sans objet;5;4;5
ENS_705;EM75PAA229;SDC1;2;28;6;6;1;sans objet;2;1;3;1;1;8;17;2;1;2;2;sans objet;2;sans objet;1;3;2;sans objet;2;sans objet;1;2;1;4;2;sans objet;2;1;2;2;1;2;2;1;2;2;sans objet;1;4;2;22;1;5;3;2;2;1;sans objet;2;2;2;2;2;1;peu pratique, en mauvais etat, sale;4;1;1;5;1;3;sans objet;sans objet;sans objet;sans objet;1;8;3;18;1;6;4;3;NA; 14:00;6;1;NA;1;4;3;20;2;4;4;3
ENS_706;EM75PAA229;SDC2;2;37;4;1;2;"lundiMAT;jeuMAT;jeuPM;venMAT;venPM";3;1;3;3;2;sans objet;sans objet;sans objet;sans objet;3;1;2;1;2;2;sans objet;1;3;2;sans objet;1;2;1;3;2;sans objet;2;2;1;2;1;2;2;1;2;2;sans objet;2;sans objet;sans objet;sans objet;sans objet;5;1;sans objet;sans objet;1;sans objet;1;2;2;2;2;2;sans objet;3;2;1;3;3;1;sans objet;sans objet;sans objet;sans objet;2;sans objet;sans objet;sans objet;sans objet;5;2;3;2017-06-02; 17:15;3;2;3;2;sans objet;sans objet;sans objet;sans objet;5;5;3
ENS_707;EM75PAA229;SDC2;2;37;12;2;2;"lundiMAT;lundiPM;mardiMAT;mardiPM;";3;1;3;2;2;sans objet;sans objet;sans objet;sans objet;3;1;1;1;1;2;sans objet;1;2;2;sans objet;1;1;1;3;2;sans objet;2;2;1;2;2;1;2;1;2;2;sans objet;2;sans objet;sans objet;sans objet;sans objet;5;1;sans objet;sans objet;1;sans objet;1;2;2;2;2;2;sans objet;3;1;1;3;2;1;sans objet;sans objet;sans objet;sans objet;2;sans objet;sans objet;sans objet;sans objet;7;1;3;NA;NA;NA;1;NA;2;sans objet;sans objet;sans objet;sans objet;5;5;NA
ENS_708;EM83DRQ251;SDC2;2;49;25;2;1;sans objet;1;sans objet;sans objet;sans objet;2;sans objet;sans objet;sans objet;sans objet;6;2;sans objet;2;sans objet;2;sans objet;2;sans objet;2;sans objet;2;sans objet;1;3;2;sans objet;2;1;2;2;1;2;2;1;2;2;sans objet;2;sans objet;sans objet;sans objet;sans objet;4;1;sans objet;sans objet;1;sans objet;1;2;2;2;2;2;sans objet;4;1;1;6;1;1;sans objet;sans objet;sans objet;sans objet;2;sans objet;sans objet;sans objet;sans objet;4;2;4;NA; 13:30;4;1;NA;2;sans objet;sans objet;sans objet;sans objet;6;4;4
ENS_709;EM83DRQ251;SDC1;2;52;27;23;1;sans objet;4;1;2;4;2;sans objet;sans objet;sans objet;sans objet;3;2;sans objet;2;sans objet;2;sans objet;1;3;2;sans objet;2;sans objet;2;sans objet;1;1;2;1;2;2;1;2;2;1;2;2;sans objet;2;sans objet;sans objet;sans objet;sans objet;4;1;sans objet;sans objet;1;sans objet;1;2;2;2;2;2;sans objet;4;2;1;3;2;1;sans objet;sans objet;sans objet;sans objet;2;sans objet;sans objet;sans objet;sans objet;6;2;6;2016-04-25; 17:00;4;1;NA;2;sans objet;sans objet;sans objet;sans objet;3;4;4
ENS_710;EM83DRQ251;SDC2;2;44;2;2;2;"lundiMAT;lundiPM;mardiMAT;jeuMAT;jeuPM;venMAT;";3;1;3;2;2;sans objet;sans objet;sans objet;sans objet;4;2;sans objet;2;sans objet;1;2;2;sans objet;2;sans objet;2;sans objet;2;sans objet;1;2;2;1;2;2;1;2;2;1;2;2;sans objet;2;sans objet;sans objet;sans objet;sans objet;4;1;sans objet;sans objet;1;sans objet;1;2;2;2;2;2;sans objet;4;1;1;5;1;1;sans objet;sans objet;sans objet;sans objet;2;sans objet;sans objet;sans objet;sans objet;3;2;3;2016-04-28; 16:30;4;1;NA;2;sans objet;sans objet;sans objet;sans objet;4;4;3
ENS_711;EE06GAE230;SDC1;1;56;20;1;1;sans objet;1;sans objet;sans objet;sans objet;1;0;19;3;2;3;2;sans objet;2;sans objet;2;sans objet;2;sans objet;2;sans objet;2;sans objet;2;sans objet;2;sans objet;2;2;1;2;1;2;2;1;2;2;sans objet;1;2;6;14;1;7;2;1;1;3;7;sans objet;sans objet;sans objet;sans objet;sans objet;sans objet;sans objet;3;1;1;5;1;1;sans objet;sans objet;sans objet;sans objet;1;5;1;16;1;4;1;7;2016-05-12; 16:30;4;1;NA;1;3;2;16;1;6;4;6
ENS_712;EE06GAE230;SDC2;1;41;17;10;1;sans objet;1;sans objet;sans objet;sans objet;2;sans objet;sans objet;sans objet;sans objet;7;1;2;2;sans objet;2;sans objet;2;sans objet;2;sans objet;2;sans objet;2;sans objet;2;sans objet;1;2;2;1;2;2;2;1;2;2;sans objet;2;sans objet;sans objet;sans objet;sans objet;1;4;2;1;4;6;sans objet;sans objet;sans objet;sans objet;sans objet;sans objet;sans objet;4;1;1;4;1;1;sans objet;sans objet;sans objet;sans objet;1;20;5;1;1;6;2;5;2016-05-09; 16:00;4;1;NA;1;0;3;23;1;7;4;6
ENS_713;EE06GAE230;SDC2;2;34;3;1;2;"lundiMAT;venMAT;venPM";1;sans objet;sans objet;sans objet;2;sans objet;sans objet;sans objet;sans objet;6;1;3;2;sans objet;2;sans objet;2;sans objet;2;sans objet;2;sans objet;1;2;2;sans objet;2;1;2;2;1;2;2;1;2;2;sans objet;2;sans objet;sans objet;sans objet;sans objet;6;1;sans objet;sans objet;3;6;sans objet;sans objet;sans objet;sans objet;sans objet;sans objet;sans objet;3;1;1;5;3;1;sans objet;sans objet;sans objet;sans objet;2;sans objet;sans objet;sans objet;sans objet;4;2;5;2016-05-13; 15:30;5;1;NA;2;sans objet;sans objet;sans objet;sans objet;5;4;5
ENS_714;EM06NIJ221;SDC1;2;36;11;10;1;sans objet;2;2;3;2;2;sans objet;sans objet;sans objet;sans objet;2;1;1;1;2;2;sans objet;2;sans objet;2;sans objet;1;3;1;3;2;sans objet;1;2;2;2;1;2;2;2;1;2;sans objet;2;sans objet;sans objet;sans objet;sans objet;4;3;1;2;3;2;sans objet;sans objet;sans objet;sans objet;sans objet;sans objet;sans objet;3;3;1;4;2;3;sans objet;sans objet;sans objet;sans objet;2;sans objet;sans objet;sans objet;sans objet;4;4;3;2016-05-09; 10:10;4;1;NA;2;sans objet;sans objet;sans objet;sans objet;5;4;4
ENS_715;EM06NIJ221;SDC2;2;43;20;NA;1;sans objet;2;1;4;1;1;17;2;NA;NA;5;2;sans objet;2;sans objet;2;sans objet;2;sans objet;2;sans objet;1;3;1;3;1;3;2;1;2;2;1;2;2;1;2;2;sans objet;1;17;2;1;NA;6;1;sans objet;sans objet;2;NA;sans objet;sans objet;sans objet;sans objet;sans objet;sans objet;sans objet;3;1;1;4;1;1;sans objet;sans objet;sans objet;sans objet;1;14;5;NA;NA;4;3;5;2016-05-09; 10:05;4;3;1;1;13;NA;NA;NA;4;3;3
ENS_716;EM06NIJ221;SDC1;1;33;7;4;2;"lundiMAT;mardiMAT;mardiPM;jeuMAT;jeuPM;venMAT;venPM";2;2;3;2;2;sans objet;sans objet;sans objet;sans objet;3;2;sans objet;1;1;1;3;2;sans objet;1;1;1;3;1;3;2;sans objet;2;1;2;2;1;2;2;1;2;2;sans objet;2;sans objet;sans objet;sans objet;sans objet;4;2;1;2;4;6;sans objet;sans objet;sans objet;sans objet;sans objet;sans objet;sans objet;3;1;1;4;1;3;sans objet;sans objet;sans objet;sans objet;2;sans objet;sans objet;sans objet;sans objet;6;2;4;2016-05-10; 09:00;5;3;5;2;sans objet;sans objet;sans objet;sans objet;4;4;3
ENS_717;EE92RUL232;SDC2;1;51;28;3;2;"lundiMAT;lundiPM;mardiMAT;mardiPM;merMAT;";1;sans objet;sans objet;sans objet;2;sans objet;sans objet;sans objet;sans objet;3;2;sans objet;2;sans objet;1;1;1;1;2;sans objet;1;1;2;sans objet;2;sans objet;2;2;1;2;1;2;2;1;2;2;sans objet;2;sans objet;sans objet;sans objet;sans objet;6;2;2;1;2;7;sans objet;sans objet;sans objet;sans objet;sans objet;sans objet;sans objet;3;1;1;4;1;1;sans objet;sans objet;sans objet;sans objet;2;sans objet;sans objet;sans objet;sans objet;4;1;7;2017-06-25; 16:00;6;1;NA;2;sans objet;sans objet;sans objet;sans objet;4;4;4
ENS_718;EE92RUL232;SDC2;1;28;3;1;2;"lundiMAT;jeuMAT;jeuPM;venMAT;venPM";1;sans objet;sans objet;sans objet;2;sans objet;sans objet;sans objet;sans objet;3;2;sans objet;1;1;2;sans objet;1;2;1;1;1;2;1;3;2;sans objet;2;1;2;2;1;2;2;1;2;2;sans objet;2;sans objet;sans objet;sans objet;sans objet;4;2;2;1;2;6;sans objet;sans objet;sans objet;sans objet;sans objet;sans objet;sans objet;2;1;1;6;1;1;sans objet;sans objet;sans objet;sans objet;2;sans objet;sans objet;sans objet;sans objet;4;2;5;2017-06-24; 15:45;5;2;5;2;sans objet;sans objet;sans objet;sans objet;7;4;6
ENS_719;EE92RUL232;SDC1;2;50;19;14;1;sans objet;2;3;4;1;2;sans objet;sans objet;sans objet;sans objet;3;1;3;1;3;1;2;1;3;1;2;2;sans objet;1;3;2;sans objet;1;2;2;2;1;2;2;1;2;2;sans objet;2;sans objet;sans objet;sans objet;sans objet;4;1;sans objet;sans objet;3;3;sans objet;sans objet;sans objet;sans objet;sans objet;sans objet;sans objet;4;2;2;4;1;3;sans objet;sans objet;sans objet;sans objet;2;sans objet;sans objet;sans objet;sans objet;4;2;5;2017-06-24; 08:00;4;1;NA;2;sans objet;sans objet;sans objet;sans objet;6;4;6
ENS_720;EE69LYO265;SDC1;1;43;3;3;1;sans objet;3;1;4;1;1;7;12;2;2;5;1;1;2;sans objet;1;3;2;sans objet;2;sans objet;2;sans objet;2;sans objet;2;sans objet;2;2;1;2;1;2;2;1;2;2;sans objet;1;0;4;16;2;4;1;sans objet;sans objet;2;7;sans objet;sans objet;sans objet;sans objet;sans objet;sans objet;sans objet;4;1;1;4;1;1;sans objet;sans objet;sans objet;sans objet;1;4;9;5;2;4;1;5;NA;NA;NA;1;NA;1;8;7;3;2;5;4;5
ENS_721;EE69LYO265;SDC2;1;53;25;16;1;sans objet;1;sans objet;sans objet;sans objet;1;5;12;2;1;4;2;sans objet;2;sans objet;2;sans objet;2;sans objet;2;sans objet;2;sans objet;1;3;2;sans objet;2;2;1;2;2;1;1;2;2;2;sans objet;1;3;2;14;1;3;1;sans objet;sans objet;2;6;sans objet;sans objet;sans objet;sans objet;sans objet;sans objet;sans objet;3;2;1;3;4;1;sans objet;sans objet;sans objet;sans objet;1;12;2;5;1;5;3;5;2016-06-09; 16:00;6;2;5;1;3;3;13;1;3;3;2
ENS_722;EM29PLZ219;SDC2;2;49;6;5;1;sans objet;2;2;3;2;1;13;1;1;2;3;2;sans objet;2;sans objet;1;1;3;sans objet;2;sans objet;2;sans objet;2;sans objet;2;sans objet;1;2;2;1;2;2;2;1;2;2;sans objet;2;sans objet;sans objet;sans objet;sans objet;4;3;3;2;4;2;sans objet;sans objet;sans objet;sans objet;sans objet;sans objet;sans objet;3;3;1;3;1;3;sans objet;sans objet;sans objet;sans objet;2;sans objet;sans objet;sans objet;sans objet;4;2;4;2016-06-09;16:30:00;5;1;NA;2;sans objet;sans objet;sans objet;sans objet;4;4;4
ENS_723;EM29PLZ219;SDC1;2;38;15;10;1;sans objet;3;2;1;4;2;sans objet;sans objet;sans objet;sans objet;3;2;sans objet;2;sans objet;2;sans objet;2;sans objet;1;2;1;2;1;3;1;1;2;2;1;2;1;2;2;1;2;2;sans objet;2;sans objet;sans objet;sans objet;sans objet;4;3;1;3;3;4;sans objet;sans objet;sans objet;sans objet;sans objet;sans objet;sans objet;3;1;1;4;1;1;sans objet;sans objet;sans objet;sans objet;2;sans objet;sans objet;sans objet;sans objet;4;2;5;2016-06-10;15:00:00;5;1;NA;2;sans objet;sans objet;sans objet;sans objet;5;4;7
ENS_724;EE06GRL225;SDC2;1;27;5;1;1;sans objet;2;1;3;2;1;3;13;6;2;4;1;1;1;2;1;2;2;sans objet;2;sans objet;1;4;1;4;2;sans objet;2;1;2;2;1;2;2;1;2;2;sans objet;1;0;4;20;2;4;3;1;2;4;7;sans objet;sans objet;sans objet;sans objet;sans objet;sans objet;sans objet;3;1;1;4;3;1;sans objet;sans objet;sans objet;sans objet;1;11;10;2;2;6;3;2;2016-05-23; 13:00;5;2;3;1;9;8;6;2;4;4;4
ENS_725;EM06GRM258;SDC1;2;42;18;8;1;sans objet;3;2;1;5;2;sans objet;sans objet;sans objet;sans objet;2;2;sans objet;2;sans objet;1;5;2;sans objet;1;5;2;sans objet;1;2;2;sans objet;2;1;2;2;1;2;2;1;2;2;sans objet;2;sans objet;sans objet;sans objet;sans objet;4;1;sans objet;sans objet;3;6;sans objet;sans objet;sans objet;sans objet;sans objet;sans objet;sans objet;3;1;1;4;1;3;sans objet;sans objet;sans objet;sans objet;2;sans objet;sans objet;sans objet;sans objet;4;3;4;2016-05-26; 18:00;4;2;2;2;sans objet;sans objet;sans objet;sans objet;2;4;6
ENS_726;EM06GRM258;SDC2;2;44;18;8;2;"lundiMAT;lundiPM;merMAT;venMAT;venPM";3;2;2;3;2;sans objet;sans objet;sans objet;sans objet;4;2;sans objet;2;sans objet;1;3;2;sans objet;2;sans objet;1;3;2;sans objet;2;sans objet;2;1;2;2;1;2;2;1;2;2;sans objet;2;sans objet;sans objet;sans objet;sans objet;5;2;2;1;2;4;sans objet;sans objet;sans objet;sans objet;sans objet;sans objet;sans objet;4;2;2;3;3;2;sans objet;sans objet;sans objet;sans objet;1;21;5;0;2;4;3;5;2016-05-23; 13:00;4;2;3;2;sans objet;sans objet;sans objet;sans objet;4;4;5
ENS_727;EM06GRM258;SDC2;2;34;11;3;2;"mardiMAT;mardiPM;merMAT;jeuMAT;jeuPM;";3;1;1;4;2;sans objet;sans objet;sans objet;sans objet;4;2;sans objet;2;sans objet;1;2;2;sans objet;2;sans objet;2;sans objet;1;2;2;sans objet;2;1;2;2;1;2;2;1;2;2;sans objet;2;sans objet;sans objet;sans objet;sans objet;5;3;3;2;3;5;sans objet;sans objet;sans objet;sans objet;sans objet;sans objet;sans objet;4;1;1;5;1;3;sans objet;sans objet;sans objet;sans objet;2;sans objet;sans objet;sans objet;sans objet;5;3;5;2016-05-30; 10:30;5;1;NA;2;sans objet;sans objet;sans objet;sans objet;3;2;4
ENS_729;EE06GRL225;SDC1;2;37;2;1;1;sans objet;2;1;4;1;2;sans objet;sans objet;sans objet;sans objet;2;1;1;2;sans objet;1;4;2;sans objet;2;sans objet;2;sans objet;1;4;2;sans objet;1;2;2;2;1;2;2;1;2;2;sans objet;2;sans objet;sans objet;sans objet;sans objet;4;2;1;1;4;5;sans objet;sans objet;sans objet;sans objet;sans objet;sans objet;sans objet;4;1;1;4;3;3;sans objet;sans objet;sans objet;sans objet;2;sans objet;sans objet;sans objet;sans objet;6;4;4;NA;NA;NA;3;5;2;sans objet;sans objet;sans objet;sans objet;4;2;6
ENS_730;EM69LYU264;SDC2;2;24;1;1;1;sans objet;1;sans objet;sans objet;sans objet;2;sans objet;sans objet;sans objet;sans objet;5;2;sans objet;2;sans objet;2;sans objet;2;sans objet;2;sans objet;1;3;1;3;2;sans objet;1;2;2;1;2;2;2;1;2;2;sans objet;2;sans objet;sans objet;sans objet;sans objet;3;1;sans objet;sans objet;2;3;sans objet;sans objet;sans objet;sans objet;sans objet;sans objet;sans objet;4;1;1;4;1;3;sans objet;sans objet;sans objet;sans objet;2;sans objet;sans objet;sans objet;sans objet;2;2;2;2016-06-16; 12:00;4;1;NA;2;sans objet;sans objet;sans objet;sans objet;4;2;3
ENS_731;EM69LYU264;SDC1;2;44;20;8;1;sans objet;3;2;3;3;2;sans objet;sans objet;sans objet;sans objet;3;2;sans objet;2;sans objet;1;2;2;sans objet;1;5;2;sans objet;1;2;2;sans objet;2;2;1;1;2;2;2;1;2;2;sans objet;2;sans objet;sans objet;sans objet;sans objet;6;2;1;3;3;6;sans objet;sans objet;sans objet;sans objet;sans objet;sans objet;sans objet;3;1;1;4;1;1;sans objet;sans objet;sans objet;sans objet;2;sans objet;sans objet;sans objet;sans objet;7;4;1;2016-06-17; 07:45;6;1;NA;2;sans objet;sans objet;sans objet;sans objet;4;4;2
ENS_732;EM29CLG261;SDC1;2;37;14;10;1;sans objet;1;sans objet;sans objet;sans objet;1;23;3;0;2;4;2;sans objet;2;sans objet;2;sans objet;1;3;2;sans objet;2;sans objet;2;sans objet;2;sans objet;2;1;2;2;1;2;2;1;2;2;sans objet;1;0;0;16;2;6;2;1;1;2;6;sans objet;sans objet;sans objet;sans objet;sans objet;sans objet;sans objet;4;1;1;6;1;1;sans objet;sans objet;sans objet;sans objet;1;16;0;0;2;3;2;3;2016-06-08;11:30:00;4;1;NA;1;0;0;14;2;4;5;4
ENS_733;EM29CLG261;SDC2;2;29;7;3;1;sans objet;2;1;4;1;1;9;10;1;2;5;2;sans objet;1;1;2;sans objet;2;sans objet;2;sans objet;2;sans objet;1;1;2;sans objet;2;2;1;2;1;2;2;1;2;2;sans objet;1;6;8;6;2;4;1;sans objet;sans objet;2;6;sans objet;sans objet;sans objet;sans objet;sans objet;sans objet;sans objet;3;1;1;7;1;1;sans objet;sans objet;sans objet;sans objet;1;14;3;3;2;5;2;5;2016-06-07;15:45:00;5;1;NA;1;12;4;4;2;5;2;6
ENS_734;EM29DIF256;SDC1;2;35;11;9;1;sans objet;1;sans objet;sans objet;sans objet;2;sans objet;sans objet;sans objet;sans objet;3;2;sans objet;2;sans objet;2;sans objet;2;sans objet;1;4;2;sans objet;1;3;2;sans objet;1;2;2;1;2;2;2;1;2;2;sans objet;2;sans objet;sans objet;sans objet;sans objet;6;2;2;2;3;3;sans objet;sans objet;sans objet;sans objet;sans objet;sans objet;sans objet;3;1;2;6;1;1;sans objet;sans objet;sans objet;sans objet;2;sans objet;sans objet;sans objet;sans objet;5;2;6;2016-06-23;12:15:00;5;1;NA;2;sans objet;sans objet;sans objet;sans objet;6;3;4
ENS_735;EM29DIF256;SDC2;2;28;5;2;1;sans objet;1;sans objet;sans objet;sans objet;2;sans objet;sans objet;sans objet;sans objet;2;1;2;1;2;2;sans objet;1;1;2;sans objet;1;1;1;1;2;sans objet;2;1;2;2;1;2;2;1;2;2;sans objet;2;sans objet;sans objet;sans objet;sans objet;4;1;sans objet;sans objet;3;7;sans objet;sans objet;sans objet;sans objet;sans objet;sans objet;sans objet;4;1;1;3;1;1;sans objet;sans objet;sans objet;sans objet;2;sans objet;sans objet;sans objet;sans objet;4;2;5;2016-06-23;19:50:00;5;2;4;2;sans objet;sans objet;sans objet;sans objet;5;4;5
ENS_736;EE69LYD262;SDC1;1;NA;NA;NA;NA;sans objet;NA;sans objet;sans objet;sans objet;NA;sans objet;sans objet;sans objet;sans objet;NA;NA;sans objet;NA;sans objet;NA;sans objet;NA;sans objet;NA;sans objet;NA;sans objet;NA;sans objet;NA;sans objet;NA;NA;NA;NA;NA;NA;NA;NA;NA;NA;sans objet;NA;sans objet;sans objet;sans objet;sans objet;NA;NA;sans objet;sans objet;NA;sans objet;sans objet;sans objet;sans objet;sans objet;sans objet;sans objet;sans objet;NA;sans objet;sans objet;sans objet;sans objet;sans objet;sans objet;sans objet;sans objet;sans objet;NA;sans objet;sans objet;sans objet;sans objet;NA;NA;NA;NA;NA;NA;NA;NA;NA;sans objet;sans objet;sans objet;sans objet;NA;NA;NA
ENS_737;EE69LYD262;SDC1;1;33;6;1;1;sans objet;1;sans objet;sans objet;sans objet;2;sans objet;sans objet;sans objet;sans objet;3;1;1;2;sans objet;1;1;2;sans objet;2;sans objet;2;sans objet;2;sans objet;2;sans objet;2;1;2;2;1;2;NA;NA;NA;2;sans objet;2;sans objet;sans objet;sans objet;sans objet;4;3;1;2;3;3;sans objet;sans objet;sans objet;sans objet;sans objet;sans objet;sans objet;4;1;1;4;1;1;sans objet;sans objet;sans objet;sans objet;2;sans objet;sans objet;sans objet;sans objet;4;3;5;NA;NA;NA;1;NA;2;sans objet;sans objet;sans objet;sans objet;4;4;3
ENS_738;EE69LYD262;SDC2;1;39;14;2;1;sans objet;1;sans objet;sans objet;sans objet;1;1;0;9;1;3;2;sans objet;2;sans objet;1;2;2;sans objet;2;sans objet;1;1;1;2;2;sans objet;2;2;1;2;1;2;2;1;2;2;sans objet;1;9;6;6;1;NA;NA;sans objet;sans objet;NA;sans objet;sans objet;sans objet;sans objet;sans objet;sans objet;sans objet;sans objet;NA;sans objet;sans objet;sans objet;sans objet;sans objet;sans objet;sans objet;sans objet;sans objet;1;2;7;11;1;NA;NA;NA;NA;NA;NA;NA;NA;NA;sans objet;sans objet;sans objet;sans objet;NA;NA;NA
ENS_739;EM69LYP263;SDC1;2;44;21;5;1;sans objet;3;1;4;2;2;sans objet;sans objet;sans objet;sans objet;4;2;sans objet;2;sans objet;1;2;2;sans objet;1;1;2;sans objet;2;sans objet;2;sans objet;1;2;2;2;1;2;2;1;2;2;sans objet;2;sans objet;sans objet;sans objet;sans objet;5;1;sans objet;sans objet;2;7;sans objet;sans objet;sans objet;sans objet;sans objet;sans objet;sans objet;4;1;1;5;1;3;sans objet;sans objet;sans objet;sans objet;2;sans objet;sans objet;sans objet;sans objet;2;1;2;NA; 19:07;2;1;NA;2;sans objet;sans objet;sans objet;sans objet;2;7;4
ENS_740;EM69LYP263;SDC2;2;36;15;7;1;sans objet;2;2;2;3;2;sans objet;sans objet;sans objet;sans objet;3;2;sans objet;2;sans objet;1;1;1;2;1;1;1;3;1;4;1;4;2;1;2;2;2;1;2;1;2;2;sans objet;2;sans objet;sans objet;sans objet;sans objet;6;1;sans objet;sans objet;2;7;sans objet;sans objet;sans objet;sans objet;sans objet;sans objet;sans objet;4;2;1;5;1;1;sans objet;sans objet;sans objet;sans objet;2;sans objet;sans objet;sans objet;sans objet;2;1;2;2016-06-17; 08:40;3;3;1;2;sans objet;sans objet;sans objet;sans objet;6;5;6
ENS_741;EE29QUB266;SDC1;2;51;29;21;1;sans objet;2;1;3;3;1;12;16;0;1;3;1;2;1;3;1;3;2;sans objet;2;sans objet;1;2;1;4;1;3;2;1;2;2;1;2;2;1;2;2;sans objet;1;0;20;8;1;4;4;3;3;4;5;sans objet;sans objet;sans objet;sans objet;sans objet;sans objet;sans objet;3;1;1;5;1;1;sans objet;sans objet;sans objet;sans objet;1;15;10;3;1;6;1;3;2016-06-30;13:30:00;5;1;NA;1;7;7;14;1;4;3;2
ENS_742;EE29QUB266;SDC2;1;39;14;12;1;sans objet;1;sans objet;sans objet;sans objet;1;5;19;2;1;3;1;1;1;1;1;2;2;sans objet;2;sans objet;2;sans objet;1;1;2;sans objet;2;1;2;2;1;2;2;1;2;2;sans objet;1;1;9;16;1;5;3;1;2;4;5;sans objet;sans objet;sans objet;sans objet;sans objet;sans objet;sans objet;4;1;2;5;1;1;sans objet;sans objet;sans objet;sans objet;1;19;5;2;1;4;3;4;2016-06-27;10:40:00;4;3;4;1;11;8;7;1;4;4;2
ENS_743;EM75PAF244;SDC1;2;29;2;1;2;"lundiMAT;lundiPM;";1;sans objet;sans objet;sans objet;2;sans objet;sans objet;sans objet;sans objet;3;2;sans objet;2;sans objet;1;1;2;sans objet;2;sans objet;1;2;1;3;2;sans objet;2;1;2;2;1;2;2;1;2;2;sans objet;2;sans objet;sans objet;sans objet;sans objet;6;2;1;1;2;6;sans objet;sans objet;sans objet;sans objet;sans objet;sans objet;sans objet;3;1;1;4;2;3;sans objet;sans objet;sans objet;sans objet;2;sans objet;sans objet;sans objet;sans objet;5;2;5;2016-10-03; 11:45;4;1;NA;2;sans objet;sans objet;sans objet;sans objet;5;4;3
ENS_744;EM75PAF244;SDC1;2;43;12;3;2;"lundiMAT;mardiMAT;mardiPM;merMAT;jeuMAT;jeuPM;venMAT;venPM";2;2;4;2;1;0;7;3;2;1;2;sans objet;1;4;1;5;1;5;2;sans objet;1;5;1;5;1;5;2;1;2;1;2;2;2;1;2;1;1;1;0;3;19;2;1;3;1;3;4;6;sans objet;sans objet;sans objet;sans objet;sans objet;sans objet;sans objet;4;1;1;5;1;1;sans objet;sans objet;sans objet;sans objet;2;sans objet;sans objet;sans objet;sans objet;6;2;5;NA;NA;NA;2;5;2;sans objet;sans objet;sans objet;sans objet;3;4;2
ENS_745;EM75PAF244;SDC2;2;50;25;5;1;sans objet;1;sans objet;sans objet;sans objet;2;sans objet;sans objet;sans objet;sans objet;3;2;sans objet;1;2;1;1;2;sans objet;1;1;2;sans objet;1;3;2;sans objet;2;1;2;2;1;2;2;1;2;2;sans objet;2;sans objet;sans objet;sans objet;sans objet;5;1;sans objet;sans objet;3;5;sans objet;sans objet;sans objet;sans objet;sans objet;sans objet;sans objet;2;1;1;4;1;1;sans objet;sans objet;sans objet;sans objet;2;sans objet;sans objet;sans objet;sans objet;6;3;5;2016-10-06; 13:00;4;2;4;2;sans objet;sans objet;sans objet;sans objet;5;4;7
ENS_746;EM62LOB259;SDC1;2;41;14;14;1;sans objet;1;sans objet;sans objet;sans objet;2;sans objet;sans objet;sans objet;sans objet;3;1;2;1;2;1;2;3;sans objet;2;sans objet;1;2;1;3;2;sans objet;2;1;2;2;1;2;2;1;2;2;sans objet;2;sans objet;sans objet;sans objet;sans objet;4;1;sans objet;sans objet;1;sans objet;2;1;2;2;2;2;sans objet;4;1;1;5;1;1;sans objet;sans objet;sans objet;sans objet;2;sans objet;sans objet;sans objet;sans objet;6;1;6;2016-11-14; 15:50;6;1;NA;2;sans objet;sans objet;sans objet;sans objet;6;4;4
ENS_747;EE62SSX260;SDC1;2;45;21;8;1;sans objet;2;1;3;2;1;12;10;0;1;2;2;sans objet;1;2;1;2;3;sans objet;2;sans objet;2;sans objet;1;2;2;sans objet;1;2;2;1;2;2;2;1;2;2;sans objet;2;sans objet;sans objet;sans objet;sans objet;5;2;2;2;3;6;sans objet;sans objet;sans objet;sans objet;sans objet;sans objet;sans objet;3;1;1;6;1;1;sans objet;sans objet;sans objet;sans objet;2;sans objet;sans objet;sans objet;sans objet;5;2;6;2016-11-21; 15:00;4;1;NA;2;sans objet;sans objet;sans objet;sans objet;4;4;3
ENS_748;EE62SSX260;SDC2;1;50;21;4;1;sans objet;2;1;3;1;1;12;4;8;1;3;2;sans objet;2;sans objet;1;2;3;sans objet;2;sans objet;2;sans objet;1;3;1;3;2;1;2;2;1;2;2;1;2;2;sans objet;1;6;8;10;1;5;3;1;2;2;6;sans objet;sans objet;sans objet;sans objet;sans objet;sans objet;sans objet;4;1;1;5;1;1;sans objet;sans objet;sans objet;sans objet;2;sans objet;sans objet;sans objet;sans objet;4;4;5;2016-11-24; 09:30;4;1;NA;1;10;7;7;2;5;4;5
ENS_749;EE62VEJ278;SDC1;1;49;24;17;1;sans objet;1;sans objet;sans objet;sans objet;2;sans objet;sans objet;sans objet;sans objet;4;3;sans objet;3;sans objet;3;sans objet;3;sans objet;2;sans objet;2;sans objet;2;sans objet;2;sans objet;2;2;1;2;2;1;2;1;2;2;sans objet;2;sans objet;sans objet;sans objet;sans objet;6;1;sans objet;sans objet;3;7;sans objet;sans objet;sans objet;sans objet;sans objet;sans objet;sans objet;2;1;1;4;1;1;sans objet;sans objet;sans objet;sans objet;2;sans objet;sans objet;sans objet;sans objet;4;1;6;2016-11-28; 14:30;4;1;NA;2;sans objet;sans objet;sans objet;sans objet;5;4;5
ENS_750;EE92RUB267;SDC1;2;31;7;2;1;sans objet;2;1;4;1;2;sans objet;sans objet;sans objet;sans objet;2;2;sans objet;2;sans objet;1;3;1;3;2;sans objet;1;3;1;5;2;sans objet;2;2;1;2;2;1;2;1;2;1;1;2;sans objet;sans objet;sans objet;sans objet;4;4;2;4;3;1;sans objet;sans objet;sans objet;sans objet;sans objet;sans objet;sans objet;4;1;1;5;1;1;sans objet;sans objet;sans objet;sans objet;2;sans objet;sans objet;sans objet;sans objet;4;4;6;2016-12-12; 08:30;4;2;4;2;sans objet;sans objet;sans objet;sans objet;4;4;6
ENS_751;EE92RUB267;SDC2;2;43;15;5;1;sans objet;1;sans objet;sans objet;sans objet;2;sans objet;sans objet;sans objet;sans objet;5;2;sans objet;2;sans objet;1;2;2;sans objet;1;1;2;sans objet;1;1;2;sans objet;2;1;2;2;1;2;2;1;2;2;sans objet;1;0;17;11;2;5;3;2;2;3;5;sans objet;sans objet;sans objet;sans objet;sans objet;sans objet;sans objet;3;1;2;5;1;1;sans objet;sans objet;sans objet;sans objet;1;7;8;13;2;4;2;5;2016-12-15; 16:10;4;1;NA;1;7;7;14;2;6;3;4
ENS_752;EM62FEG282;SDC1;2;33;11;1;1;sans objet;1;sans objet;sans objet;sans objet;2;sans objet;sans objet;sans objet;sans objet;5;1;1;2;sans objet;2;sans objet;1;1;2;sans objet;1;3;1;4;2;sans objet;1;2;2;1;2;2;2;1;2;2;sans objet;2;sans objet;sans objet;sans objet;sans objet;3;2;2;1;2;1;sans objet;sans objet;sans objet;sans objet;sans objet;sans objet;sans objet;4;1;1;4;1;1;sans objet;sans objet;sans objet;sans objet;2;sans objet;sans objet;sans objet;sans objet;4;1;6;2016-12-09; 16:30;4;1;NA;2;sans objet;sans objet;sans objet;sans objet;4;4;4
ENS_753;EE24PEB277;SDC1;2;42;17;16;1;sans objet;1;sans objet;sans objet;sans objet;2;sans objet;sans objet;sans objet;sans objet;6;2;sans objet;2;sans objet;1;2;3;sans objet;3;sans objet;1;4;1;5;1;3;1;2;2;1;2;2;2;1;2;2;sans objet;2;sans objet;sans objet;sans objet;sans objet;5;3;2;2;4;6;sans objet;sans objet;sans objet;sans objet;sans objet;sans objet;sans objet;3;1;1;5;1;3;sans objet;sans objet;sans objet;sans objet;2;sans objet;sans objet;sans objet;sans objet;4;2;5;2016-11-25; 13:20;4;1;NA;2;sans objet;sans objet;sans objet;sans objet;4;3;1
ENS_754;EE24PEB277;SDC2;2;45;11;7;1;sans objet;1;sans objet;sans objet;sans objet;2;sans objet;sans objet;sans objet;sans objet;6;2;sans objet;1;2;2;sans objet;3;sans objet;3;sans objet;1;2;1;4;1;1;1;2;2;1;2;2;2;1;2;2;sans objet;2;sans objet;sans objet;sans objet;sans objet;4;3;1;2;2;5;sans objet;sans objet;sans objet;sans objet;sans objet;sans objet;sans objet;3;1;2;5;1;1;sans objet;sans objet;sans objet;sans objet;2;sans objet;sans objet;sans objet;sans objet;6;1;5;2016-11-25; 13:20;5;1;NA;2;sans objet;sans objet;sans objet;sans objet;3;4;3
ENS_755;EE24PEA281;SDC1;2;39;14;6;2;"lundiMAT;lundiPM;jeuMAT;jeuPM;venMAT;venPM";3;3;2;3;2;sans objet;sans objet;sans objet;sans objet;3;2;sans objet;1;3;1;3;1;3;1;3;1;3;1;3;1;3;1;2;2;2;1;2;2;1;2;2;sans objet;2;sans objet;sans objet;sans objet;sans objet;6;3;2;2;4;7;sans objet;sans objet;sans objet;sans objet;sans objet;sans objet;sans objet;4;1;2;5;1;2;sans objet;sans objet;sans objet;sans objet;2;sans objet;sans objet;sans objet;sans objet;6;1;6;2016-11-24; 12:30;6;1;NA;2;sans objet;sans objet;sans objet;sans objet;6;2;6
ENS_756;EE24PEA281;SDC2;1;55;27;20;1;sans objet;1;sans objet;sans objet;sans objet;2;sans objet;sans objet;sans objet;sans objet;3;2;sans objet;1;2;1;3;1;3;2;sans objet;1;3;1;4;1;1;1;2;2;2;1;2;2;1;2;2;sans objet;2;sans objet;sans objet;sans objet;sans objet;5;3;2;2;4;1;sans objet;sans objet;sans objet;sans objet;sans objet;sans objet;sans objet;3;1;2;5;1;2;sans objet;sans objet;sans objet;sans objet;2;sans objet;sans objet;sans objet;sans objet;6;1;6;2016-11-24; 12:20;6;1;NA;2;sans objet;sans objet;sans objet;sans objet;6;2;6
ENS_757;EE24PES285;SDC1;2;25;2;1;2;"lundiMAT;lundiPM;mardiMAT;mardiPM;";2;1;3;1;2;sans objet;sans objet;sans objet;sans objet;4;2;sans objet;2;sans objet;2;sans objet;2;sans objet;2;sans objet;2;sans objet;1;3;2;sans objet;2;1;2;2;1;2;2;1;2;2;sans objet;2;sans objet;sans objet;sans objet;sans objet;4;3;2;2;2;5;sans objet;sans objet;sans objet;sans objet;sans objet;sans objet;sans objet;4;1;1;4;1;1;sans objet;sans objet;sans objet;sans objet;2;sans objet;sans objet;sans objet;sans objet;4;2;5;2016-12-09; 13:00;5;1;NA;2;sans objet;sans objet;sans objet;sans objet;5;4;4
ENS_758;EE24PES285;SDC1;2;47;10;4;2;"lundiMAT;jeuMAT;jeuPM;venMAT;venPM";1;sans objet;sans objet;sans objet;2;sans objet;sans objet;sans objet;sans objet;4;2;sans objet;2;sans objet;2;sans objet;2;sans objet;2;sans objet;1;2;1;2;2;sans objet;2;1;2;2;1;2;2;1;2;2;sans objet;2;sans objet;sans objet;sans objet;sans objet;6;2;2;2;2;5;sans objet;sans objet;sans objet;sans objet;sans objet;sans objet;sans objet;3;3;2;3;2;2;sans objet;sans objet;sans objet;sans objet;2;sans objet;sans objet;sans objet;sans objet;4;1;6;2016-12-09; 13:00;5;1;NA;2;sans objet;sans objet;sans objet;sans objet;6;4;5
ENS_759;EE24PES285;SDC2;2;23;1;1;2;"lundiMAT;lundiPM;mardiMAT;mardiPM;";1;sans objet;sans objet;sans objet;2;sans objet;sans objet;sans objet;sans objet;3;2;sans objet;2;sans objet;1;1;2;sans objet;2;sans objet;1;1;1;1;2;sans objet;2;1;2;2;1;2;2;1;2;2;sans objet;2;sans objet;sans objet;sans objet;sans objet;6;2;2;1;3;6;sans objet;sans objet;sans objet;sans objet;sans objet;sans objet;sans objet;4;1;1;7;1;1;sans objet;sans objet;sans objet;sans objet;2;sans objet;sans objet;sans objet;sans objet;6;2;6;2016-12-05; 18:00;3;1;NA;2;sans objet;sans objet;sans objet;sans objet;6;4;6
ENS_760;EE24PES285;SDC2;2;30;4;3;2;"lundiMAT;jeuMAT;jeuPM;venMAT;venPM";1;sans objet;sans objet;sans objet;2;sans objet;sans objet;sans objet;sans objet;3;2;sans objet;2;sans objet;1;2;2;sans objet;2;sans objet;1;2;1;2;2;sans objet;2;1;2;2;1;2;2;1;2;2;sans objet;2;sans objet;sans objet;sans objet;sans objet;6;2;2;1;3;6;sans objet;sans objet;sans objet;sans objet;sans objet;sans objet;sans objet;4;1;1;6;1;1;sans objet;sans objet;sans objet;sans objet;2;sans objet;sans objet;sans objet;sans objet;6;2;6;2016-12-08; 13:30;4;1;NA;2;sans objet;sans objet;sans objet;sans objet;6;4;5
ENS_761;EE24CCE275;SDC1;1;46;16;9;1;sans objet;3;3;3;2;1;8;12;1;1;3;2;sans objet;2;sans objet;2;sans objet;1;2;2;sans objet;1;2;1;3;2;sans objet;2;2;1;2;2;1;2;2;1;2;sans objet;1;0;0;21;1;6;4;1;3;4;3;sans objet;sans objet;sans objet;sans objet;sans objet;sans objet;sans objet;4;1;1;6;1;1;sans objet;sans objet;sans objet;sans objet;1;6;9;6;1;6;3;6;2016-12-16; 10:20;6;1;NA;1;12;8;1;1;2;4;3
ENS_762;EE24CCE275;SDC2;2;51;12;9;1;sans objet;3;3;4;1;1;1;16;0;1;4;2;sans objet;2;sans objet;2;sans objet;2;sans objet;2;sans objet;1;2;1;2;1;2;2;1;2;2;1;2;2;1;2;2;sans objet;1;0;16;4;1;4;3;1;2;4;3;sans objet;sans objet;sans objet;sans objet;sans objet;sans objet;sans objet;4;3;1;4;1;1;sans objet;sans objet;sans objet;sans objet;1;10;5;0;1;5;2;5;2016-12-08; 10:00;5;2;4;1;18;1;0;1;5;4;3
ENS_763;EE62ARL288;SDC1;2;53;34;16;1;sans objet;1;sans objet;sans objet;sans objet;2;sans objet;sans objet;sans objet;sans objet;3;1;1;2;sans objet;2;sans objet;3;sans objet;3;sans objet;2;sans objet;2;sans objet;1;1;2;2;1;2;1;2;2;2;1;1;2;2;sans objet;sans objet;sans objet;sans objet;4;2;1;1;3;7;sans objet;sans objet;sans objet;sans objet;sans objet;sans objet;sans objet;3;1;1;5;1;1;sans objet;sans objet;sans objet;sans objet;2;sans objet;sans objet;sans objet;sans objet;4;4;5;2016-12-15; 08:15;3;1;NA;2;sans objet;sans objet;sans objet;sans objet;5;4;6
ENS_765;EE62ARL288;SDC2;1;40;16;9;1;sans objet;1;sans objet;sans objet;sans objet;1;1;24;1;2;3;2;sans objet;2;sans objet;2;sans objet;2;sans objet;2;sans objet;2;sans objet;2;sans objet;2;sans objet;2;1;2;2;1;2;2;1;2;1;3;1;0;3;23;2;6;3;3;1;3;1;sans objet;sans objet;sans objet;sans objet;sans objet;sans objet;sans objet;3;1;1;2;1;1;sans objet;sans objet;sans objet;sans objet;1;26;0;0;2;4;1;6;2016-12-15; 10:15;4;1;NA;1;26;0;0;2;6;4;7
ENS_766;EM75PAN294;SDC2;2;44;16;16;1;sans objet;2;2;5;1;2;sans objet;sans objet;sans objet;sans objet;5;2;sans objet;2;sans objet;2;sans objet;2;sans objet;2;sans objet;1;4;1;3;2;sans objet;2;2;1;2;2;1;2;2;1;2;sans objet;2;sans objet;sans objet;sans objet;sans objet;6;1;sans objet;sans objet;1;sans objet;1;2;2;2;2;2;sans objet;4;1;1;4;1;2;sans objet;sans objet;sans objet;sans objet;2;sans objet;sans objet;sans objet;sans objet;5;2;5;2017-01-19; 12:00;5;2;2;2;sans objet;sans objet;sans objet;sans objet;4;4;5
ENS_767;EM75PAN294;SDC1;1;46;23;18;1;sans objet;2;1;4;2;2;sans objet;sans objet;sans objet;sans objet;4;2;sans objet;1;2;2;sans objet;2;sans objet;2;sans objet;1;3;1;2;1;2;2;1;2;2;1;2;2;1;2;2;sans objet;2;sans objet;sans objet;sans objet;sans objet;6;1;sans objet;sans objet;3;5;sans objet;sans objet;sans objet;sans objet;sans objet;sans objet;sans objet;4;1;1;4;1;1;sans objet;sans objet;sans objet;sans objet;2;sans objet;sans objet;sans objet;sans objet;4;1;5;2017-01-18; 12:00;4;2;3;2;sans objet;sans objet;sans objet;sans objet;4;3;6
ENS_768;EM75PAN294;SDC1;2;41;15;15;1;sans objet;2;2;3;1;2;sans objet;sans objet;sans objet;sans objet;5;2;sans objet;1;2;1;2;1;2;1;2;1;1;1;1;1;2;2;2;1;2;2;1;2;2;1;2;sans objet;2;sans objet;sans objet;sans objet;sans objet;6;1;sans objet;sans objet;1;sans objet;1;2;2;2;2;2;sans objet;2;1;1;6;1;1;sans objet;sans objet;sans objet;sans objet;2;sans objet;sans objet;sans objet;sans objet;6;2;5;2017-01-19; 10:00;6;3;2;2;sans objet;sans objet;sans objet;sans objet;5;2;6
ENS_769;EM75PAN294;SDC2;2;25;2;2;2;"lundiMAT;mardiMAT;mardiPM;merMAT;venMAT;venPM";2;2;3;1;2;sans objet;sans objet;sans objet;sans objet;4;2;sans objet;2;sans objet;1;1;2;sans objet;2;sans objet;1;1;1;1;1;2;2;1;2;2;1;2;2;1;2;2;sans objet;2;sans objet;sans objet;sans objet;sans objet;4;2;1;1;1;sans objet;1;2;2;2;2;2;sans objet;4;1;1;5;1;1;sans objet;sans objet;sans objet;sans objet;2;sans objet;sans objet;sans objet;sans objet;2;2;3;2017-01-18; 11:00;2;3;2;2;sans objet;sans objet;sans objet;sans objet;4;5;3
ENS_770;EM24PEV269;SDC1;2;52;30;2;1;sans objet;3;1;3;2;2;sans objet;sans objet;sans objet;sans objet;3;2;sans objet;2;sans objet;2;sans objet;3;sans objet;3;sans objet;2;sans objet;1;4;2;sans objet;2;2;1;2;1;2;2;1;2;2;sans objet;2;sans objet;sans objet;sans objet;sans objet;6;4;2;2;4;5;sans objet;sans objet;sans objet;sans objet;sans objet;sans objet;sans objet;3;1;1;6;1;1;sans objet;sans objet;sans objet;sans objet;2;sans objet;sans objet;sans objet;sans objet;7;2;4;2016-12-16; 09:00;5;1;NA;2;sans objet;sans objet;sans objet;sans objet;3;4;4
ENS_771;EM24PEV269;SDC2;2;40;16;9;1;sans objet;1;sans objet;sans objet;sans objet;2;sans objet;sans objet;sans objet;sans objet;3;2;sans objet;1;1;3;sans objet;3;sans objet;2;sans objet;1;1;1;1;2;sans objet;2;1;2;2;1;2;2;1;2;2;sans objet;2;sans objet;sans objet;sans objet;sans objet;6;2;1;1;3;4;sans objet;sans objet;sans objet;sans objet;sans objet;sans objet;sans objet;3;1;1;5;1;1;sans objet;sans objet;sans objet;sans objet;2;sans objet;sans objet;sans objet;sans objet;5;2;5;2017-01-12; 13:00;4;1;NA;2;sans objet;sans objet;sans objet;sans objet;5;4;4
ENS_772;EE62ARN292;SDC1;1;61;24;17;2;"lundiMAT;jeuMAT;jeuPM;venMAT;venPM";2;1;2;3;2;sans objet;sans objet;sans objet;sans objet;4;2;sans objet;2;sans objet;2;sans objet;2;sans objet;2;sans objet;2;sans objet;1;4;1;2;2;2;1;2;2;1;2;2;1;1;2;1;26;0;0;2;4;3;1;2;3;1;sans objet;sans objet;sans objet;sans objet;sans objet;sans objet;sans objet;3;1;1;5;1;1;sans objet;sans objet;sans objet;sans objet;1;19;0;0;2;5;2;5;2017-01-12; 16:00;4;1;NA;2;sans objet;sans objet;sans objet;sans objet;6;4;3
ENS_773;EE62ARN292;SDC2;2;53;32;4;1;sans objet;1;sans objet;sans objet;sans objet;1;0;3;0;1;2;1;2;2;sans objet;1;2;2;sans objet;2;sans objet;1;3;1;4;2;sans objet;2;1;2;2;1;2;2;1;2;2;sans objet;2;sans objet;sans objet;sans objet;sans objet;4;2;1;2;3;5;sans objet;sans objet;sans objet;sans objet;sans objet;sans objet;sans objet;2;2;1;4;3;3;sans objet;sans objet;sans objet;sans objet;1;3;0;0;2;2;2;3;2017-01-09; 13:00;3;2;4;2;sans objet;sans objet;sans objet;sans objet;NA;NA;NA
ENS_774;EM62VEA291;SDC1;2;48;27;19;1;sans objet;2;2;3;2;2;sans objet;sans objet;sans objet;sans objet;5;3;sans objet;3;sans objet;3;sans objet;3;sans objet;3;sans objet;2;sans objet;1;2;2;sans objet;2;2;1;2;1;2;2;1;2;2;sans objet;2;sans objet;sans objet;sans objet;sans objet;6;4;3;3;4;5;sans objet;sans objet;sans objet;sans objet;sans objet;sans objet;sans objet;4;1;1;5;1;1;sans objet;sans objet;sans objet;sans objet;2;sans objet;sans objet;sans objet;sans objet;3;2;5;2017-01-18; 08:20;3;1;NA;2;sans objet;sans objet;sans objet;sans objet;5;4;5
ENS_775;EE24PEF279;SDC1;1;57;38;35;1;sans objet;2;1;4;1;1;7;15;0;1;2;2;sans objet;2;sans objet;3;sans objet;2;sans objet;2;sans objet;2;sans objet;1;2;2;sans objet;2;1;2;2;2;1;2;1;2;2;sans objet;1;0;13;0;1;4;3;1;2;3;6;sans objet;sans objet;sans objet;sans objet;sans objet;sans objet;sans objet;3;1;2;5;1;3;sans objet;sans objet;sans objet;sans objet;2;sans objet;sans objet;sans objet;sans objet;3;2;5;2017-01-19; 17:00;5;2;4;2;sans objet;sans objet;sans objet;sans objet;4;3;2
ENS_776;EE24PEF279;SDC2;2;30;9;7;1;sans objet;1;sans objet;sans objet;sans objet;2;sans objet;sans objet;sans objet;sans objet;3;3;sans objet;3;sans objet;2;sans objet;3;sans objet;2;sans objet;1;3;1;4;2;sans objet;1;2;2;2;1;2;2;1;2;2;sans objet;2;sans objet;sans objet;sans objet;sans objet;5;3;2;2;3;6;sans objet;sans objet;sans objet;sans objet;sans objet;sans objet;sans objet;3;2;2;2;1;2;sans objet;sans objet;sans objet;sans objet;2;sans objet;sans objet;sans objet;sans objet;3;4;1;2016-12-16; 12:30;5;3;2;2;sans objet;sans objet;sans objet;sans objet;5;2;4
ENS_777;EE62LOU298;SDC1;2;52;21;21;1;sans objet;1;sans objet;sans objet;sans objet;2;sans objet;sans objet;sans objet;sans objet;5;1;1;2;sans objet;2;sans objet;2;sans objet;2;sans objet;1;2;1;2;2;sans objet;2;1;2;2;1;2;2;1;2;2;sans objet;2;sans objet;sans objet;sans objet;sans objet;6;1;sans objet;sans objet;2;5;sans objet;sans objet;sans objet;sans objet;sans objet;sans objet;sans objet;3;2;2;4;1;1;sans objet;sans objet;sans objet;sans objet;2;sans objet;sans objet;sans objet;sans objet;4;2;5;2017-01-26; 12:00;5;1;NA;2;sans objet;sans objet;sans objet;sans objet;4;4;6
ENS_778;EE62LOU298;SDC2;2;39;17;11;1;sans objet;2;1;4;1;2;sans objet;sans objet;sans objet;sans objet;3;2;sans objet;2;sans objet;2;sans objet;2;sans objet;2;sans objet;1;1;1;1;2;sans objet;2;2;1;2;2;1;2;1;2;2;sans objet;2;sans objet;sans objet;sans objet;sans objet;4;2;3;2;2;5;sans objet;sans objet;sans objet;sans objet;sans objet;sans objet;sans objet;4;3;1;5;1;1;sans objet;sans objet;sans objet;sans objet;2;sans objet;sans objet;sans objet;sans objet;6;4;2;2017-01-27; 10:00;6;2;3;2;sans objet;sans objet;sans objet;sans objet;6;2;3
ENS_779;EM24NOU270;SDC1;2;45;23;5;1;sans objet;4;2;2;3;1;5;11;5;1;1;2;sans objet;2;sans objet;1;4;2;sans objet;1;5;1;3;1;3;1;3;1;2;2;1;2;2;1;2;2;2;sans objet;1;5;6;10;1;6;3;1;3;3;3;sans objet;sans objet;sans objet;sans objet;sans objet;sans objet;sans objet;3;1;1;4;2;3;sans objet;sans objet;sans objet;sans objet;1;5;6;10;1;2;4;3;2017-01-25; 09:00;3;4;3;1;3;3;15;1;5;4;6
ENS_780;EM24NOU270;SDC2;1;54;27;15;1;sans objet;2;2;2;2;2;sans objet;sans objet;sans objet;sans objet;1;2;sans objet;2;sans objet;1;3;2;sans objet;1;3;1;2;1;3;2;sans objet;2;2;1;2;2;1;2;2;1;2;sans objet;2;sans objet;sans objet;sans objet;sans objet;6;3;1;1;2;5;sans objet;sans objet;sans objet;sans objet;sans objet;sans objet;sans objet;3;1;1;6;1;1;sans objet;sans objet;sans objet;sans objet;2;sans objet;sans objet;sans objet;sans objet;5;2;5;2017-01-27; 11:45;5;2;4;2;sans objet;sans objet;sans objet;sans objet;4;4;6
ENS_781;EM24SAQ290;SDC1;2;61;20;16;1;sans objet;2;1;4;1;2;sans objet;sans objet;sans objet;sans objet;5;2;sans objet;2;sans objet;2;sans objet;1;3;2;sans objet;1;2;1;4;2;sans objet;2;1;2;2;1;2;2;1;2;2;sans objet;2;sans objet;sans objet;sans objet;sans objet;5;1;sans objet;sans objet;2;6;sans objet;sans objet;sans objet;sans objet;sans objet;sans objet;sans objet;4;1;1;6;1;1;sans objet;sans objet;sans objet;sans objet;2;sans objet;sans objet;sans objet;sans objet;6;3;4;2017-01-30; 14:00;6;1;NA;2;sans objet;sans objet;sans objet;sans objet;5;2;6
ENS_782;EM24SAQ290;SDC2;2;36;8;8;1;sans objet;1;sans objet;sans objet;sans objet;2;sans objet;sans objet;sans objet;sans objet;5;2;sans objet;2;sans objet;2;sans objet;2;sans objet;2;sans objet;1;1;1;2;2;sans objet;2;1;2;2;1;2;2;1;2;2;sans objet;2;sans objet;sans objet;sans objet;sans objet;4;1;sans objet;sans objet;1;sans objet;1;2;2;2;2;2;sans objet;4;1;1;4;1;1;sans objet;sans objet;sans objet;sans objet;2;sans objet;sans objet;sans objet;sans objet;7;1;7;2017-01-30; 13:30;6;1;NA;2;sans objet;sans objet;sans objet;sans objet;4;4;4
ENS_783;EM75PAI297;SDC2;2;49;NA;NA;1;sans objet;1;sans objet;sans objet;sans objet;1;12;10;7;2;2;1;2;1;1;1;2;2;sans objet;1;4;1;4;1;4;NA;sans objet;2;1;2;2;1;2;2;1;2;2;sans objet;1;7;6;16;2;4;3;2;1;2;5;sans objet;sans objet;sans objet;sans objet;sans objet;sans objet;sans objet;4;1;1;4;1;1;sans objet;sans objet;sans objet;sans objet;1;6;17;5;2;3;3;5;NA; 18:25;3;2;3;1;11;5;13;2;5;2;6
ENS_784;EM75PAI297;SDC1;2;27;5;1;1;sans objet;1;sans objet;sans objet;sans objet;2;sans objet;sans objet;sans objet;sans objet;6;2;sans objet;1;2;1;1;2;sans objet;2;sans objet;1;1;1;2;1;2;2;1;2;2;1;2;2;1;2;2;sans objet;2;sans objet;sans objet;sans objet;sans objet;4;1;sans objet;sans objet;2;6;sans objet;sans objet;sans objet;sans objet;sans objet;sans objet;sans objet;4;3;1;4;3;1;sans objet;sans objet;sans objet;sans objet;2;sans objet;sans objet;sans objet;sans objet;5;1;6;2017-03-02; 13:20;4;1;NA;2;sans objet;sans objet;sans objet;sans objet;6;4;6
ENS_785;EM62BAE302;SDC1;2;39;15;11;2;"lundiMAT;lundiPM;merMAT;jeuMAT;jeuPM;venMAT;";2;1;1;4;2;sans objet;sans objet;sans objet;sans objet;2;2;sans objet;2;sans objet;2;sans objet;2;sans objet;2;sans objet;2;sans objet;1;2;2;sans objet;2;1;2;2;1;2;2;1;2;1;1;2;sans objet;sans objet;sans objet;sans objet;7;5;2;3;1;sans objet;2;1;2;2;2;2;sans objet;4;1;1;7;2;1;sans objet;sans objet;sans objet;sans objet;2;sans objet;sans objet;sans objet;sans objet;5;3;5;2017-01-30; 12:05;5;1;NA;2;sans objet;sans objet;sans objet;sans objet;7;4;6
ENS_786;EM62BAE302;SDC2;2;40;15;4;1;sans objet;1;sans objet;sans objet;sans objet;2;sans objet;sans objet;sans objet;sans objet;4;2;sans objet;2;sans objet;2;sans objet;2;sans objet;2;sans objet;1;2;1;2;2;sans objet;2;1;2;2;1;2;2;1;2;2;sans objet;2;sans objet;sans objet;sans objet;sans objet;1;1;sans objet;sans objet;1;sans objet;1;2;2;2;2;2;sans objet;3;1;1;5;1;1;sans objet;sans objet;sans objet;sans objet;2;sans objet;sans objet;sans objet;sans objet;4;1;6;2017-02-03; 10:00;4;1;NA;2;sans objet;sans objet;sans objet;sans objet;7;4;4
ENS_787;EM24SGK293;SDC1;2;41;17;9;1;sans objet;2;1;3;2;2;sans objet;sans objet;sans objet;sans objet;4;2;sans objet;2;sans objet;2;sans objet;2;sans objet;1;1;2;sans objet;1;1;2;sans objet;2;2;1;2;1;2;2;1;2;1;1;2;sans objet;sans objet;sans objet;sans objet;5;1;sans objet;sans objet;2;5;sans objet;sans objet;sans objet;sans objet;sans objet;sans objet;sans objet;3;1;1;5;1;1;sans objet;sans objet;sans objet;sans objet;2;sans objet;sans objet;sans objet;sans objet;6;2;4;2017-01-24; 12:30;4;1;NA;2;sans objet;sans objet;sans objet;sans objet;4;4;4
ENS_788;EM24SGK293;SDC2;2;42;12;11;1;sans objet;2;1;2;2;2;sans objet;sans objet;sans objet;sans objet;1;1;5;1;5;1;5;2;sans objet;1;5;1;5;1;5;1;5;1;2;2;1;2;2;2;1;2;2;sans objet;2;sans objet;sans objet;sans objet;sans objet;5;1;sans objet;sans objet;1;sans objet;2;1;2;2;2;2;sans objet;3;1;1;6;1;1;sans objet;sans objet;sans objet;sans objet;2;sans objet;sans objet;sans objet;sans objet;1;3;2;2017-01-27; 13:00;6;3;1;2;sans objet;sans objet;sans objet;sans objet;2;2;2
ENS_789;EM24SPU268;SDC1;2;43;15;12;1;sans objet;1;sans objet;sans objet;sans objet;2;sans objet;sans objet;sans objet;sans objet;3;2;sans objet;2;sans objet;1;1;2;sans objet;1;1;2;sans objet;1;4;2;sans objet;2;2;1;1;2;2;1;2;2;2;sans objet;2;sans objet;sans objet;sans objet;sans objet;6;2;2;1;3;7;sans objet;sans objet;sans objet;sans objet;sans objet;sans objet;sans objet;4;1;1;6;1;3;sans objet;sans objet;sans objet;sans objet;2;sans objet;sans objet;sans objet;sans objet;3;1;5;2017-02-09; 12:30;4;1;NA;2;sans objet;sans objet;sans objet;sans objet;4;4;4
ENS_790;EM24SPU268;SDC2;2;49;23;5;1;sans objet;2;1;2;2;2;sans objet;sans objet;sans objet;sans objet;4;2;sans objet;2;sans objet;1;2;2;sans objet;2;sans objet;2;sans objet;1;2;2;sans objet;2;2;1;2;1;2;2;1;2;2;sans objet;2;sans objet;sans objet;sans objet;sans objet;4;2;2;1;1;sans objet;2;1;2;2;2;2;sans objet;4;1;1;4;2;1;sans objet;sans objet;sans objet;sans objet;2;sans objet;sans objet;sans objet;sans objet;7;2;4;2017-02-09; 12:20;4;2;3;2;sans objet;sans objet;sans objet;sans objet;4;4;2
ENS_791;EM92VLQ301;SDC2;2;27;4;2;1;sans objet;1;sans objet;sans objet;sans objet;2;sans objet;sans objet;sans objet;sans objet;3;1;1;1;2;1;1;1;1;1;1;1;2;1;2;1;2;2;1;2;2;1;2;2;1;2;2;sans objet;2;sans objet;sans objet;sans objet;sans objet;6;1;sans objet;sans objet;2;7;sans objet;sans objet;sans objet;sans objet;sans objet;sans objet;sans objet;4;2;1;4;3;2;sans objet;sans objet;sans objet;sans objet;2;sans objet;sans objet;sans objet;sans objet;4;2;6;2017-03-13; 13:35;4;2;4;2;sans objet;sans objet;sans objet;sans objet;5;4;5
ENS_792;EM92VLQ301;SDC1;2;33;10;1;1;sans objet;1;sans objet;sans objet;sans objet;2;sans objet;sans objet;sans objet;sans objet;4;2;sans objet;2;sans objet;1;3;1;3;2;sans objet;2;sans objet;2;sans objet;1;3;2;1;2;2;1;2;2;1;2;2;sans objet;2;sans objet;sans objet;sans objet;sans objet;4;1;sans objet;sans objet;1;sans objet;1;2;2;2;2;2;sans objet;4;4;2;2;4;2;sans objet;sans objet;sans objet;sans objet;2;sans objet;sans objet;sans objet;sans objet;4;2;4;NA; 08:00;4;2;1;2;sans objet;sans objet;sans objet;sans objet;5;3;3
ENS_793;EM69VEN273;SDC1;2;24;2;1;1;sans objet;1;sans objet;sans objet;sans objet;2;sans objet;sans objet;sans objet;sans objet;4;2;sans objet;1;2;1;2;2;sans objet;1;1;2;sans objet;1;3;2;sans objet;2;2;1;2;1;2;2;1;2;2;sans objet;2;sans objet;sans objet;sans objet;sans objet;3;3;2;2;3;5;sans objet;sans objet;sans objet;sans objet;sans objet;sans objet;sans objet;3;1;1;5;1;1;sans objet;sans objet;sans objet;sans objet;2;sans objet;sans objet;sans objet;sans objet;6;3;4;2017-01-09; 13:16;5;2;5;2;sans objet;sans objet;sans objet;sans objet;5;5;3
ENS_794;EM69VEN273;SDC2;2;27;4;1;1;sans objet;1;sans objet;sans objet;sans objet;2;sans objet;sans objet;sans objet;sans objet;3;1;1;1;2;2;sans objet;2;sans objet;1;2;1;1;1;1;2;sans objet;2;1;2;2;1;2;2;1;2;2;sans objet;2;sans objet;sans objet;sans objet;sans objet;5;4;1;2;3;6;sans objet;sans objet;sans objet;sans objet;sans objet;sans objet;sans objet;4;1;1;5;2;1;sans objet;sans objet;sans objet;sans objet;2;sans objet;sans objet;sans objet;sans objet;6;2;5;2017-01-13; 13:15;4;2;4;2;sans objet;sans objet;sans objet;sans objet;6;4;4
ENS_795;EE69VEG272;SDC1;2;41;15;14;1;sans objet;1;sans objet;sans objet;sans objet;2;sans objet;sans objet;sans objet;sans objet;4;2;sans objet;2;sans objet;2;sans objet;3;sans objet;2;sans objet;2;sans objet;1;1;2;sans objet;2;1;2;2;1;2;2;1;2;2;sans objet;2;sans objet;sans objet;sans objet;sans objet;6;1;sans objet;sans objet;1;sans objet;1;2;2;2;2;2;sans objet;4;3;1;3;3;1;sans objet;sans objet;sans objet;sans objet;2;sans objet;sans objet;sans objet;sans objet;4;2;5;2016-12-05; 17:45;4;1;NA;2;sans objet;sans objet;sans objet;sans objet;4;4;4
ENS_796;EE69VEG272;SDC1;2;26;3;1;1;sans objet;1;sans objet;sans objet;sans objet;2;sans objet;sans objet;sans objet;sans objet;5;2;sans objet;2;sans objet;2;sans objet;2;sans objet;2;sans objet;2;sans objet;1;1;2;sans objet;1;2;2;2;1;2;2;1;2;2;sans objet;2;sans objet;sans objet;sans objet;sans objet;5;1;sans objet;sans objet;1;sans objet;1;2;2;2;2;2;sans objet;4;4;1;2;3;3;sans objet;sans objet;sans objet;sans objet;2;sans objet;sans objet;sans objet;sans objet;4;2;5;2016-12-12; 16:30;4;2;4;2;sans objet;sans objet;sans objet;sans objet;4;4;6
ENS_797;EE69VEG272;SDC2;1;32;7;5;1;sans objet;1;sans objet;sans objet;sans objet;2;sans objet;sans objet;sans objet;sans objet;4;2;sans objet;2;sans objet;2;sans objet;3;sans objet;2;sans objet;2;sans objet;1;4;2;sans objet;2;1;2;2;1;2;2;1;2;2;sans objet;2;sans objet;sans objet;sans objet;sans objet;7;2;1;1;2;6;sans objet;sans objet;sans objet;sans objet;sans objet;sans objet;sans objet;4;2;2;4;2;1;sans objet;sans objet;sans objet;sans objet;2;sans objet;sans objet;sans objet;sans objet;6;3;4;2016-12-12; 13:00;5;1;NA;2;sans objet;sans objet;sans objet;sans objet;4;4;4
ENS_798;EE69CLC274;SDC1;2;NA;NA;NA;1;sans objet;1;sans objet;sans objet;sans objet;2;sans objet;sans objet;sans objet;sans objet;5;2;sans objet;2;sans objet;1;2;2;sans objet;2;sans objet;1;3;1;1;2;sans objet;2;1;2;2;1;2;2;1;2;2;sans objet;2;sans objet;sans objet;sans objet;sans objet;5;1;sans objet;sans objet;4;6;sans objet;sans objet;sans objet;sans objet;sans objet;sans objet;sans objet;4;1;1;6;1;1;sans objet;sans objet;sans objet;sans objet;2;sans objet;sans objet;sans objet;sans objet;4;2;5;2017-02-06; 13:10;4;1;NA;2;sans objet;sans objet;sans objet;sans objet;6;4;3
ENS_799;EE69CLC274;SDC2;2;NA;NA;NA;1;sans objet;2;2;6;1;2;sans objet;sans objet;sans objet;sans objet;4;2;sans objet;1;2;1;1;3;sans objet;2;sans objet;2;sans objet;1;1;NA;sans objet;2;1;2;2;2;1;2;1;2;2;sans objet;2;sans objet;sans objet;sans objet;sans objet;7;3;2;2;4;5;sans objet;sans objet;sans objet;sans objet;sans objet;sans objet;sans objet;4;1;1;4;1;1;sans objet;sans objet;sans objet;sans objet;2;sans objet;sans objet;sans objet;sans objet;5;4;5;NA;NA;NA;1;NA;2;sans objet;sans objet;sans objet;sans objet;5;4;4
ENS_800;EM69NSM271;SDC2;2;36;13;10;2;"lundiMAT;lundiPM;merMAT;jeuMAT;jeuPM;venMAT;";1;sans objet;sans objet;sans objet;2;sans objet;sans objet;sans objet;sans objet;1;1;2;2;sans objet;1;1;2;sans objet;2;sans objet;2;sans objet;1;3;2;sans objet;2;1;2;2;1;2;2;1;2;2;sans objet;2;sans objet;sans objet;sans objet;sans objet;3;1;sans objet;sans objet;1;sans objet;2;1;2;2;2;2;sans objet;4;1;1;3;2;1;sans objet;sans objet;sans objet;sans objet;2;sans objet;sans objet;sans objet;sans objet;4;2;5;2017-02-10; 12:15;4;2;2;2;sans objet;sans objet;sans objet;sans objet;4;2;3
ENS_801;EM69NSM271;SDC1;2;52;26;7;1;sans objet;2;1;1;2;2;sans objet;sans objet;sans objet;sans objet;3;1;2;2;sans objet;1;2;3;sans objet;2;sans objet;1;3;1;5;1;3;2;1;2;2;1;2;2;1;2;2;sans objet;2;sans objet;sans objet;sans objet;sans objet;7;1;sans objet;sans objet;4;7;sans objet;sans objet;sans objet;sans objet;sans objet;sans objet;sans objet;3;1;1;5;1;1;sans objet;sans objet;sans objet;sans objet;2;sans objet;sans objet;sans objet;sans objet;1;4;2;2017-02-09; 13:45;4;4;1;2;sans objet;sans objet;sans objet;sans objet;5;4;6
ENS_802;EM69NSM271;SDC2;2;35;10;1;2;"mardiMAT;mardiPM;jeuMAT;jeuPM;";1;sans objet;sans objet;sans objet;2;sans objet;sans objet;sans objet;sans objet;2;2;sans objet;2;sans objet;2;sans objet;2;sans objet;2;sans objet;2;sans objet;1;2;2;sans objet;2;1;2;2;1;2;2;1;2;1;NA;2;sans objet;sans objet;sans objet;sans objet;4;1;sans objet;sans objet;1;sans objet;1;1;2;2;2;2;sans objet;3;2;1;4;1;1;sans objet;sans objet;sans objet;sans objet;2;sans objet;sans objet;sans objet;sans objet;5;1;6;2017-02-09; 14:20;4;2;2;2;sans objet;sans objet;sans objet;sans objet;5;4;5
ENS_803;EM46CAB299;SDC1;2;33;9;1;1;sans objet;3;1;3;1;2;sans objet;sans objet;sans objet;sans objet;5;1;2;2;sans objet;1;2;2;sans objet;2;sans objet;1;1;1;1;2;sans objet;2;1;2;2;1;2;2;1;2;2;sans objet;2;sans objet;sans objet;sans objet;sans objet;5;3;1;3;3;4;sans objet;sans objet;sans objet;sans objet;sans objet;sans objet;sans objet;4;2;1;4;1;3;sans objet;sans objet;sans objet;sans objet;2;sans objet;sans objet;sans objet;sans objet;5;1;5;2017-03-01; 12:00;5;1;NA;2;sans objet;sans objet;sans objet;sans objet;4;4;3
ENS_804;EM46CAB299;SDC2;2;54;15;10;1;sans objet;3;2;2;3;2;sans objet;sans objet;sans objet;sans objet;3;2;sans objet;1;1;1;1;1;2;1;1;2;sans objet;1;1;2;sans objet;2;1;2;2;1;2;2;1;2;2;sans objet;2;sans objet;sans objet;sans objet;sans objet;7;2;2;2;1;sans objet;2;1;2;2;2;2;sans objet;3;2;2;4;1;1;sans objet;sans objet;sans objet;sans objet;2;sans objet;sans objet;sans objet;sans objet;5;2;5;2017-02-27; 17:30;4;2;4;2;sans objet;sans objet;sans objet;sans objet;6;2;6
ENS_805;EM92VLD300;SDC2;1;31;5;2;1;sans objet;1;sans objet;sans objet;sans objet;2;sans objet;sans objet;sans objet;sans objet;6;1;1;1;1;2;sans objet;2;sans objet;1;2;1;1;1;1;2;sans objet;2;1;2;2;1;2;2;1;2;2;sans objet;2;sans objet;sans objet;sans objet;sans objet;5;3;2;1;2;6;sans objet;sans objet;sans objet;sans objet;sans objet;sans objet;sans objet;3;1;1;4;1;1;sans objet;sans objet;sans objet;sans objet;2;sans objet;sans objet;sans objet;sans objet;4;2;6;2017-03-22; 08:50;4;2;5;2;sans objet;sans objet;sans objet;sans objet;4;4;4
ENS_806;EM92VLD300;SDC1;2;32;8;5;2;"lundiMAT;lundiPM;mardiMAT;mardiPM;merMAT;venMAT;venPM";1;sans objet;sans objet;sans objet;2;sans objet;sans objet;sans objet;sans objet;6;1;1;1;1;2;sans objet;2;sans objet;1;1;2;sans objet;1;1;2;sans objet;2;1;2;2;1;2;2;1;2;2;sans objet;2;sans objet;sans objet;sans objet;sans objet;4;1;sans objet;sans objet;2;6;sans objet;sans objet;sans objet;sans objet;sans objet;sans objet;sans objet;3;1;1;4;1;1;sans objet;sans objet;sans objet;sans objet;2;sans objet;sans objet;sans objet;sans objet;4;2;6;2017-03-22; 08:50;4;1;NA;2;sans objet;sans objet;sans objet;sans objet;4;4;4
ENS_807;EE62BAZ310;SDC2;1;45;21;14;1;sans objet;1;sans objet;sans objet;sans objet;1;18;2;0;2;4;2;sans objet;2;sans objet;1;3;3;sans objet;2;sans objet;2;sans objet;1;3;2;sans objet;2;1;2;2;1;2;2;1;2;1;1;1;0;18;2;2;6;4;2;3;1;sans objet;2;1;2;2;2;2;sans objet;3;1;1;5;1;1;sans objet;sans objet;sans objet;sans objet;1;5;2;13;2;7;3;5;2017-02-10; 11:50;4;2;3;1;2;5;13;2;6;4;4
ENS_808;EE62BAZ310;SDC1;2;37;15;3;2;"mardiMAT;mardiPM;merMAT;jeuMAT;jeuPM;venMAT;";1;sans objet;sans objet;sans objet;2;sans objet;sans objet;sans objet;sans objet;2;2;sans objet;2;sans objet;1;1;2;sans objet;2;sans objet;1;1;1;2;2;sans objet;1;2;2;2;1;2;2;1;2;1;1;1;0;5;22;2;6;5;2;3;1;sans objet;2;1;2;2;2;2;sans objet;4;1;1;6;2;1;sans objet;sans objet;sans objet;sans objet;2;sans objet;sans objet;sans objet;sans objet;7;3;4;2017-02-10; 11:50;4;2;3;1;10;2;15;2;7;4;3
ENS_809;EM62HAR306;SDC1;2;50;30;24;1;sans objet;2;1;3;2;1;18;0;0;2;3;2;sans objet;2;sans objet;1;2;3;sans objet;2;sans objet;2;sans objet;1;2;2;sans objet;1;2;2;2;1;2;2;1;2;2;sans objet;1;12;6;0;2;3;2;2;2;2;6;sans objet;sans objet;sans objet;sans objet;sans objet;sans objet;sans objet;3;1;1;6;1;1;sans objet;sans objet;sans objet;sans objet;1;18;0;0;2;2;2;3;2017-03-06; 18:00;3;1;NA;1;0;3;15;2;4;4;3
ENS_810;EM62HAR306;SDC2;2;36;14;8;1;sans objet;2;1;3;2;1;15;5;4;2;3;2;sans objet;2;sans objet;1;2;3;sans objet;2;sans objet;2;sans objet;1;2;2;sans objet;1;2;2;2;1;2;2;1;2;2;sans objet;1;0;16;8;2;3;2;2;2;3;6;sans objet;sans objet;sans objet;sans objet;sans objet;sans objet;sans objet;3;1;1;5;1;1;sans objet;sans objet;sans objet;sans objet;1;0;15;9;2;6;2;6;2017-03-06; 18:00;5;1;NA;1;23;0;1;2;4;4;5
ENS_811;EE62FOY313;SDC1;2;48;26;22;1;sans objet;1;sans objet;sans objet;sans objet;1;24;3;0;2;5;2;sans objet;2;sans objet;2;sans objet;3;sans objet;2;sans objet;2;sans objet;1;3;2;sans objet;1;2;2;1;2;2;1;2;2;2;sans objet;1;1;20;6;2;5;2;1;2;3;6;sans objet;sans objet;sans objet;sans objet;sans objet;sans objet;sans objet;3;1;2;6;1;1;sans objet;sans objet;sans objet;sans objet;1;27;0;0;2;4;2;6;2017-03-17; 10:00;4;1;NA;1;2;10;15;2;NA;NA;NA
ENS_812;EE62FOY313;SDC2;2;38;11;7;1;sans objet;2;1;4;1;1;11;17;0;2;2;2;sans objet;2;sans objet;1;2;2;sans objet;2;sans objet;1;3;1;4;2;sans objet;1;2;2;1;2;2;2;1;2;2;sans objet;1;14;7;6;2;6;3;3;2;4;2;sans objet;sans objet;sans objet;sans objet;sans objet;sans objet;sans objet;3;1;1;5;1;1;sans objet;sans objet;sans objet;sans objet;1;12;10;6;1;6;1;6;2017-03-17; 10:15;6;1;NA;1;13;5;10;2;4;2;5
ENS_813;EE24SOS276;SDC1;2;31;8;5;1;sans objet;2;3;4;1;2;sans objet;sans objet;sans objet;sans objet;5;3;sans objet;3;sans objet;3;sans objet;3;sans objet;1;2;1;3;1;3;1;3;2;1;2;2;1;2;1;2;2;2;sans objet;2;sans objet;sans objet;sans objet;sans objet;7;2;2;1;2;5;sans objet;sans objet;sans objet;sans objet;sans objet;sans objet;sans objet;3;3;2;3;1;2;sans objet;sans objet;sans objet;sans objet;2;sans objet;sans objet;sans objet;sans objet;4;2;4;2017-03-10; 12:34;4;1;NA;2;sans objet;sans objet;sans objet;sans objet;4;3;5
ENS_814;EM62GUE311;SDC1;2;41;6;1;1;sans objet;1;sans objet;sans objet;sans objet;2;sans objet;sans objet;sans objet;sans objet;3;3;sans objet;3;sans objet;3;sans objet;3;sans objet;3;sans objet;1;1;1;3;2;sans objet;1;2;2;2;1;2;2;1;2;2;sans objet;2;sans objet;sans objet;sans objet;sans objet;6;4;1;2;4;7;sans objet;sans objet;sans objet;sans objet;sans objet;sans objet;sans objet;3;1;1;4;3;3;sans objet;sans objet;sans objet;sans objet;2;sans objet;sans objet;sans objet;sans objet;3;2;3;2017-03-23; 13:15;2;1;NA;2;sans objet;sans objet;sans objet;sans objet;5;4;3
ENS_815;EM62WAQ312;SDC1;2;39;13;1;1;sans objet;1;sans objet;sans objet;sans objet;2;sans objet;sans objet;sans objet;sans objet;3;2;sans objet;2;sans objet;2;sans objet;2;sans objet;2;sans objet;2;sans objet;1;2;2;sans objet;2;1;2;2;1;2;2;1;2;2;sans objet;2;sans objet;sans objet;sans objet;sans objet;4;3;1;2;4;5;sans objet;sans objet;sans objet;sans objet;sans objet;sans objet;sans objet;3;1;1;4;1;3;sans objet;sans objet;sans objet;sans objet;2;sans objet;sans objet;sans objet;sans objet;4;2;3;2017-03-27; 12:20;4;1;NA;2;sans objet;sans objet;sans objet;sans objet;4;3;4
ENS_816;EM62WAQ312;SDC2;2;31;7;2;1;sans objet;1;sans objet;sans objet;sans objet;2;sans objet;sans objet;sans objet;sans objet;3;2;sans objet;2;sans objet;2;sans objet;2;sans objet;1;2;2;sans objet;1;2;2;sans objet;2;1;2;2;1;2;2;1;2;2;sans objet;2;sans objet;sans objet;sans objet;sans objet;4;3;1;2;4;3;sans objet;sans objet;sans objet;sans objet;sans objet;sans objet;sans objet;3;1;1;4;1;3;sans objet;sans objet;sans objet;sans objet;2;sans objet;sans objet;sans objet;sans objet;4;2;4;2017-03-27; 12:20;4;1;NA;2;sans objet;sans objet;sans objet;sans objet;4;4;4
ENS_817;EE24MMF283;SDC1;2;56;13;1;1;sans objet;2;2;3;2;2;sans objet;sans objet;sans objet;sans objet;2;1;2;1;2;1;2;1;2;2;sans objet;1;4;1;4;1;1;1;2;2;1;2;2;1;2;2;2;sans objet;2;sans objet;sans objet;sans objet;sans objet;3;2;2;2;3;4;sans objet;sans objet;sans objet;sans objet;sans objet;sans objet;sans objet;4;2;2;4;1;2;sans objet;sans objet;sans objet;sans objet;2;sans objet;sans objet;sans objet;sans objet;4;3;5;2017-03-24; 16:00;4;1;NA;2;sans objet;sans objet;sans objet;sans objet;3;3;3
ENS_818;EE24MMF283;SDC2;2;43;17;12;1;sans objet;2;1;3;2;2;sans objet;sans objet;sans objet;sans objet;4;2;sans objet;1;2;1;1;2;sans objet;1;2;1;2;1;3;1;2;2;1;2;2;1;2;2;1;2;2;sans objet;2;sans objet;sans objet;sans objet;sans objet;4;2;2;2;2;6;sans objet;sans objet;sans objet;sans objet;sans objet;sans objet;sans objet;4;2;2;4;1;2;sans objet;sans objet;sans objet;sans objet;2;sans objet;sans objet;sans objet;sans objet;3;4;3;2017-03-15; 16:00;4;2;3;2;sans objet;sans objet;sans objet;sans objet;4;5;4
ENS_819;EE24MMF283;SDC3;2;43;20;18;1;sans objet;2;1;4;1;2;sans objet;sans objet;sans objet;sans objet;3;1;1;1;1;1;2;3;sans objet;3;sans objet;1;3;1;4;1;3;2;1;2;2;1;2;2;1;2;2;sans objet;2;sans objet;sans objet;sans objet;sans objet;4;3;1;2;2;5;sans objet;sans objet;sans objet;sans objet;sans objet;sans objet;sans objet;4;1;2;3;1;3;sans objet;sans objet;sans objet;sans objet;2;sans objet;sans objet;sans objet;sans objet;4;2;5;2017-03-24; 17:00;4;2;3;2;sans objet;sans objet;sans objet;sans objet;4;4;4
ENS_820;EM75PAY303;SDC1;2;60;11;1;1;sans objet;2;1;4;2;2;sans objet;sans objet;sans objet;sans objet;3;1;3;2;sans objet;1;3;2;sans objet;2;sans objet;2;sans objet;1;1;1;3;2;1;2;2;1;2;2;1;2;2;sans objet;2;sans objet;sans objet;sans objet;sans objet;5;1;sans objet;sans objet;1;sans objet;NA;NA;NA;NA;NA;NA;sans objet;4;1;1;4;1;1;sans objet;sans objet;sans objet;sans objet;2;sans objet;sans objet;sans objet;sans objet;7;1;1;2017-04-26; 08:30;7;2;4;2;sans objet;sans objet;sans objet;sans objet;4;2;6
ENS_821;EM75PAY303;SDC2;1;34;8;1;2;"lundiMAT;merMAT;venMAT;venPM";2;1;2;2;2;sans objet;sans objet;sans objet;sans objet;2;2;sans objet;2;sans objet;2;sans objet;2;sans objet;2;sans objet;2;sans objet;2;sans objet;2;sans objet;2;1;2;2;1;2;2;1;2;2;sans objet;2;sans objet;sans objet;sans objet;sans objet;5;1;sans objet;sans objet;1;sans objet;1;2;2;2;2;2;sans objet;4;1;1;5;2;1;sans objet;sans objet;sans objet;sans objet;2;sans objet;sans objet;sans objet;sans objet;6;2;4;2017-04-21; 13:30;6;2;4;2;sans objet;sans objet;sans objet;sans objet;3;2;2
ENS_822;EM75PAY303;SDC2;2;37;10;5;2;"lundiMAT;lundiPM;mardiMAT;mardiPM;merMAT;jeuMAT;jeuPM;";2;1;3;2;2;sans objet;sans objet;sans objet;sans objet;1;1;2;1;2;1;2;1;2;1;2;1;3;1;2;1;2;2;2;1;2;1;2;2;1;2;1;1;2;sans objet;sans objet;sans objet;sans objet;6;1;sans objet;sans objet;1;sans objet;1;2;2;2;2;2;sans objet;4;3;2;4;1;3;sans objet;sans objet;sans objet;sans objet;2;sans objet;sans objet;sans objet;sans objet;7;1;2;2017-04-20; 14:00;7;2;4;2;sans objet;sans objet;sans objet;sans objet;5;2;6
ENS_823;EE69GLM286;SDC1;2;44;20;2;1;sans objet;2;1;4;2;2;sans objet;sans objet;sans objet;sans objet;4;1;4;2;sans objet;1;4;1;4;1;3;1;2;1;4;2;sans objet;1;2;2;2;1;2;2;1;2;2;sans objet;1;17;3;0;2;6;3;3;2;3;6;sans objet;sans objet;sans objet;sans objet;sans objet;sans objet;sans objet;3;1;1;6;1;1;sans objet;sans objet;sans objet;sans objet;2;sans objet;sans objet;sans objet;sans objet;6;2;6;2017-04-14; 09:30;6;2;4;2;sans objet;sans objet;sans objet;sans objet;5;3;6
ENS_824;EE69GLM286;SDC2;2;26;1;1;1;sans objet;4;1;2;4;1;11;14;0;1;2;2;sans objet;2;sans objet;1;4;1;4;2;sans objet;2;sans objet;1;4;2;sans objet;1;2;2;1;2;2;1;2;1;2;sans objet;1;0;25;4;1;5;3;1;2;4;4;sans objet;sans objet;sans objet;sans objet;sans objet;sans objet;sans objet;3;1;2;3;1;1;sans objet;sans objet;sans objet;sans objet;1;13;12;2;1;7;1;2;2017-04-11; 15:00;7;1;NA;1;0;5;24;1;2;1;2
ENS_825;EE69GLM286;SDC2;2;23;1;1;2;"lundiMAT;lundiPM;";2;2;4;2;2;sans objet;sans objet;sans objet;sans objet;3;1;2;3;sans objet;1;3;1;3;2;sans objet;1;2;1;1;2;sans objet;2;1;2;1;2;2;2;1;2;2;sans objet;2;sans objet;sans objet;sans objet;sans objet;5;1;sans objet;sans objet;4;6;sans objet;sans objet;sans objet;sans objet;sans objet;sans objet;sans objet;3;3;1;4;1;1;sans objet;sans objet;sans objet;sans objet;2;sans objet;sans objet;sans objet;sans objet;6;2;3;2017-04-10; 08:18;5;2;5;2;sans objet;sans objet;sans objet;sans objet;5;3;4
ENS_826;EE69SCJ309;SDC1;1;39;9;1;2;"mardiMAT;mardiPM;";1;sans objet;sans objet;sans objet;2;sans objet;sans objet;sans objet;sans objet;5;1;1;2;sans objet;1;1;2;sans objet;1;1;1;1;1;2;2;sans objet;1;2;2;2;1;2;2;1;2;2;sans objet;2;sans objet;sans objet;sans objet;sans objet;5;3;1;2;3;4;sans objet;sans objet;sans objet;sans objet;sans objet;sans objet;sans objet;3;2;1;4;2;1;sans objet;sans objet;sans objet;sans objet;2;sans objet;sans objet;sans objet;sans objet;4;2;5;2017-04-11; 15:00;5;1;NA;2;sans objet;sans objet;sans objet;sans objet;5;4;4
ENS_827;EE69SCJ309;SDC1;2;32;10;7;2;"lundiMAT;lundiPM;mardiMAT;mardiPM;merMAT;merPM;jeuPM;";2;1;4;1;2;sans objet;sans objet;sans objet;sans objet;6;1;2;1;1;1;1;2;sans objet;1;2;1;2;1;2;2;sans objet;2;1;2;2;1;2;2;1;2;2;sans objet;2;sans objet;sans objet;sans objet;sans objet;1;2;1;2;4;7;sans objet;sans objet;sans objet;sans objet;sans objet;sans objet;sans objet;4;1;2;7;1;1;sans objet;sans objet;sans objet;sans objet;2;sans objet;sans objet;sans objet;sans objet;4;2;5;2017-04-11; 13:45;4;2;3;2;sans objet;sans objet;sans objet;sans objet;4;4;3
ENS_828;EE69SCJ309;SDC2;2;44;18;7;2;"lundiMAT;lundiPM;merMAT;jeuMAT;jeuPM;venMAT;venPM";1;sans objet;sans objet;sans objet;1;2;18;0;2;5;2;sans objet;2;sans objet;2;sans objet;2;sans objet;2;sans objet;1;2;1;2;2;sans objet;2;1;2;2;1;2;2;1;2;2;sans objet;1;0;11;9;2;6;4;3;3;4;2;sans objet;sans objet;sans objet;sans objet;sans objet;sans objet;sans objet;3;3;2;3;2;1;sans objet;sans objet;sans objet;sans objet;2;sans objet;sans objet;sans objet;sans objet;3;4;2;2017-04-10; 12:00;6;1;NA;2;sans objet;sans objet;sans objet;sans objet;5;4;3
ENS_829;EE69TLC305;SDC1;1;44;12;7;1;sans objet;1;sans objet;sans objet;sans objet;1;0;14;0;2;5;3;sans objet;3;sans objet;2;sans objet;2;sans objet;1;1;1;2;1;2;2;sans objet;2;1;2;2;1;2;2;1;2;2;sans objet;1;1;13;0;2;5;3;1;1;3;7;sans objet;sans objet;sans objet;sans objet;sans objet;sans objet;sans objet;4;1;2;4;1;1;sans objet;sans objet;sans objet;sans objet;1;5;9;0;2;4;3;4;2017-03-31; 13:00;5;1;NA;1;0;14;0;2;4;2;3
ENS_830;EE69SJT287;SDC2;2;35;10;2;1;sans objet;1;sans objet;sans objet;sans objet;2;sans objet;sans objet;sans objet;sans objet;4;1;1;2;sans objet;1;1;2;sans objet;2;sans objet;1;1;1;1;2;sans objet;2;1;2;2;1;2;2;1;2;1;1;2;sans objet;sans objet;sans objet;sans objet;5;3;3;1;4;5;sans objet;sans objet;sans objet;sans objet;sans objet;sans objet;sans objet;4;1;1;5;1;1;sans objet;sans objet;sans objet;sans objet;2;sans objet;sans objet;sans objet;sans objet;6;1;5;2017-03-31; 11:50;6;1;NA;2;sans objet;sans objet;sans objet;sans objet;5;4;4
ENS_831;EE69SJT287;SDC1;2;34;12;12;1;sans objet;3;2;2;3;2;sans objet;sans objet;sans objet;sans objet;5;2;sans objet;2;sans objet;2;sans objet;2;sans objet;2;sans objet;2;sans objet;1;1;2;sans objet;2;1;2;2;1;2;2;1;2;2;sans objet;2;sans objet;sans objet;sans objet;sans objet;7;1;sans objet;sans objet;2;6;sans objet;sans objet;sans objet;sans objet;sans objet;sans objet;sans objet;3;1;1;7;2;1;sans objet;sans objet;sans objet;sans objet;2;sans objet;sans objet;sans objet;sans objet;4;2;5;2017-03-29; 10:15;4;1;NA;2;sans objet;sans objet;sans objet;sans objet;4;4;2
ENS_832;EM69TAD289;SDC2;2;43;20;6;1;sans objet;2;2;3;2;2;sans objet;sans objet;sans objet;sans objet;7;1;3;1;3;1;3;2;sans objet;2;sans objet;1;3;1;4;1;3;2;1;2;2;1;2;2;1;2;2;sans objet;2;sans objet;sans objet;sans objet;sans objet;6;3;2;3;3;7;sans objet;sans objet;sans objet;sans objet;sans objet;sans objet;sans objet;3;1;1;6;1;1;sans objet;sans objet;sans objet;sans objet;2;sans objet;sans objet;sans objet;sans objet;4;3;6;2017-03-13; 15:00;6;1;NA;2;sans objet;sans objet;sans objet;sans objet;6;4;4
ENS_833;EM69TAD289;SDC1;2;38;15;3;1;sans objet;2;2;2;3;2;sans objet;sans objet;sans objet;sans objet;2;2;sans objet;2;sans objet;1;2;2;sans objet;1;2;2;sans objet;1;1;2;sans objet;NA;NA;NA;NA;NA;NA;2;1;2;2;sans objet;2;sans objet;sans objet;sans objet;sans objet;6;3;1;3;3;5;sans objet;sans objet;sans objet;sans objet;sans objet;sans objet;sans objet;3;1;1;4;1;1;sans objet;sans objet;sans objet;sans objet;2;sans objet;sans objet;sans objet;sans objet;4;3;4;NA;NA;4;1;NA;2;sans objet;sans objet;sans objet;sans objet;6;4;6
ENS_834;EM69TAD289;SDC1;2;34;10;1;2;"lundiMAT;lundiPM;";1;sans objet;sans objet;sans objet;2;sans objet;sans objet;sans objet;sans objet;3;2;sans objet;2;sans objet;2;sans objet;2;sans objet;1;2;2;sans objet;1;2;2;sans objet;2;1;2;2;1;2;2;1;2;NA;sans objet;2;sans objet;sans objet;sans objet;sans objet;6;1;sans objet;sans objet;2;6;sans objet;sans objet;sans objet;sans objet;sans objet;sans objet;sans objet;3;1;1;7;1;1;sans objet;sans objet;sans objet;sans objet;2;sans objet;sans objet;sans objet;sans objet;5;1;4;2017-03-13; 16:30;6;1;NA;2;sans objet;sans objet;sans objet;sans objet;6;4;3
ENS_835;EM62LAK308;SDC1;2;54;20;3;1;sans objet;1;sans objet;sans objet;sans objet;2;sans objet;sans objet;sans objet;sans objet;3;1;2;2;sans objet;1;3;2;sans objet;2;sans objet;2;sans objet;2;sans objet;2;sans objet;2;1;2;2;1;2;2;1;2;2;sans objet;2;sans objet;sans objet;sans objet;sans objet;6;3;2;2;3;7;sans objet;sans objet;sans objet;sans objet;sans objet;sans objet;sans objet;3;1;1;6;1;1;sans objet;sans objet;sans objet;sans objet;2;sans objet;sans objet;sans objet;sans objet;4;1;6;2017-04-07; 14:20;4;2;3;2;sans objet;sans objet;sans objet;sans objet;6;4;6
ENS_836;EM62LAK308;SDC2;2;48;20;11;1;sans objet;1;sans objet;sans objet;sans objet;2;sans objet;sans objet;sans objet;sans objet;2;1;3;1;3;1;4;3;sans objet;2;sans objet;2;sans objet;2;sans objet;2;sans objet;1;2;2;1;2;2;2;1;2;2;sans objet;2;sans objet;sans objet;sans objet;sans objet;2;3;2;2;4;7;sans objet;sans objet;sans objet;sans objet;sans objet;sans objet;sans objet;4;3;1;2;3;1;sans objet;sans objet;sans objet;sans objet;2;sans objet;sans objet;sans objet;sans objet;4;3;6;2017-04-07; 09:00;4;1;NA;2;sans objet;sans objet;sans objet;sans objet;4;4;4
ENS_837;EE62SET314;SDC1;2;44;21;9;1;sans objet;2;2;4;2;1;0;22;3;2;3;2;sans objet;2;sans objet;2;sans objet;3;sans objet;2;sans objet;2;sans objet;2;sans objet;2;sans objet;1;2;2;1;2;2;2;1;2;2;sans objet;1;3;22;0;2;6;3;1;3;3;5;sans objet;sans objet;sans objet;sans objet;sans objet;sans objet;sans objet;4;1;2;4;3;1;sans objet;sans objet;sans objet;sans objet;1;8;15;2;1;4;2;3;2017-04-24; 16:45;4;1;NA;1;7;12;6;2;4;4;2
ENS_838;EE62SET314;SDC2;2;50;25;22;1;sans objet;1;sans objet;sans objet;sans objet;2;sans objet;sans objet;sans objet;sans objet;4;2;sans objet;2;sans objet;2;sans objet;2;sans objet;2;sans objet;2;sans objet;2;sans objet;2;sans objet;1;2;2;1;2;2;2;1;2;2;sans objet;2;sans objet;sans objet;sans objet;sans objet;6;3;1;2;4;6;sans objet;sans objet;sans objet;sans objet;sans objet;sans objet;sans objet;4;2;2;4;2;3;sans objet;sans objet;sans objet;sans objet;2;sans objet;sans objet;sans objet;sans objet;4;2;4;2017-04-25; 11:55;5;1;NA;2;sans objet;sans objet;sans objet;sans objet;5;4;2
ENS_839;EE46PLM296;SDC1;2;29;3;1;2;"lundiMAT;lundiPM;mardiMAT;mardiPM;merMAT;merPM;jeuMAT;jeuPM;";3;1;4;1;2;sans objet;sans objet;sans objet;sans objet;1;1;3;2;sans objet;1;3;2;sans objet;2;sans objet;1;3;1;4;1;3;1;2;2;1;2;2;1;2;2;2;sans objet;2;sans objet;sans objet;sans objet;sans objet;4;5;3;3;2;1;sans objet;sans objet;sans objet;sans objet;sans objet;sans objet;sans objet;3;3;2;1;1;2;sans objet;sans objet;sans objet;sans objet;2;sans objet;sans objet;sans objet;sans objet;4;3;4;2017-05-15; 13:00;6;1;NA;2;sans objet;sans objet;sans objet;sans objet;3;1;1
ENS_840;EE46PLM296;SDC2;2;27;2;1;1;sans objet;3;2;2;3;2;sans objet;sans objet;sans objet;sans objet;5;1;2;1;2;1;2;1;2;2;sans objet;2;sans objet;1;2;2;sans objet;1;2;2;1;2;2;2;1;2;2;sans objet;2;sans objet;sans objet;sans objet;sans objet;4;3;2;3;3;2;sans objet;sans objet;sans objet;sans objet;sans objet;sans objet;sans objet;4;1;1;5;1;3;sans objet;sans objet;sans objet;sans objet;2;sans objet;sans objet;sans objet;sans objet;5;2;4;2017-05-12; 16:10;4;2;5;2;sans objet;sans objet;sans objet;sans objet;4;4;4
ENS_841;EE69PLE317;SDC2;2;55;35;16;1;sans objet;1;sans objet;sans objet;sans objet;2;sans objet;sans objet;sans objet;sans objet;4;2;sans objet;3;sans objet;2;sans objet;2;sans objet;2;sans objet;2;sans objet;1;3;2;sans objet;2;1;2;2;1;2;1;2;2;2;sans objet;2;sans objet;sans objet;sans objet;sans objet;7;3;3;3;3;5;sans objet;sans objet;sans objet;sans objet;sans objet;sans objet;sans objet;3;1;1;6;1;1;sans objet;sans objet;sans objet;sans objet;2;sans objet;sans objet;sans objet;sans objet;4;2;6;2017-05-30; 12:50;4;1;NA;2;sans objet;sans objet;sans objet;sans objet;6;4;6
ENS_842;EE69PLE317;SDC1;2;53;27;17;1;sans objet;2;1;3;2;1;6;16;5;2;3;3;sans objet;3;sans objet;3;sans objet;3;sans objet;3;sans objet;2;sans objet;1;3;1;2;1;2;2;1;2;2;1;2;2;1;1;1;10;8;9;2;5;3;3;3;4;5;sans objet;sans objet;sans objet;sans objet;sans objet;sans objet;sans objet;4;1;2;4;1;1;sans objet;sans objet;sans objet;sans objet;1;6;17;4;2;7;4;1;2017-05-29; 17:30;7;3;1;1;6;6;15;2;4;1;6
ENS_843;EM69PLW318;SDC1;2;51;15;9;1;sans objet;1;sans objet;sans objet;sans objet;2;sans objet;sans objet;sans objet;sans objet;6;3;sans objet;3;sans objet;3;sans objet;3;sans objet;1;1;1;1;1;1;1;2;2;1;2;2;1;2;2;1;2;1;1;2;sans objet;sans objet;sans objet;sans objet;6;3;1;2;3;6;sans objet;sans objet;sans objet;sans objet;sans objet;sans objet;sans objet;4;1;1;6;1;1;sans objet;sans objet;sans objet;sans objet;2;sans objet;sans objet;sans objet;sans objet;3;2;6;2017-05-29; 12:40;6;1;NA;2;sans objet;sans objet;sans objet;sans objet;6;4;6
ENS_844;EM69PLW318;SDC2;2;52;30;18;1;sans objet;1;sans objet;sans objet;sans objet;2;sans objet;sans objet;sans objet;sans objet;4;1;1;1;1;1;2;1;2;2;sans objet;2;sans objet;1;3;2;sans objet;2;1;2;2;1;2;2;1;2;2;sans objet;2;sans objet;sans objet;sans objet;sans objet;6;3;2;2;2;5;sans objet;sans objet;sans objet;sans objet;sans objet;sans objet;sans objet;4;1;1;6;1;1;sans objet;sans objet;sans objet;sans objet;2;sans objet;sans objet;sans objet;sans objet;5;2;4;2017-05-29; 12:20;5;1;NA;2;sans objet;sans objet;sans objet;sans objet;4;2;5
ENS_847;EM75PAZ322;SDC1;2;49;10;3;2;"lundiMAT;jeuMAT;jeuPM;venMAT;venPM";3;3;3;3;2;sans objet;sans objet;sans objet;sans objet;3;1;1;2;sans objet;1;2;2;sans objet;1;2;1;3;1;4;2;sans objet;1;2;2;1;2;2;2;1;2;2;sans objet;2;sans objet;sans objet;sans objet;sans objet;7;1;sans objet;sans objet;1;sans objet;2;1;2;2;2;2;sans objet;3;1;1;4;1;1;sans objet;sans objet;sans objet;sans objet;2;sans objet;sans objet;sans objet;sans objet;7;2;5;2017-05-11; 12:15;4;1;NA;2;sans objet;sans objet;sans objet;sans objet;5;4;3
ENS_848;EM75PAZ322;SDC1;2;22;1;1;2;"lundiMAT;lundiPM;mardiMAT;mardiPM;merMAT;";1;sans objet;sans objet;sans objet;2;sans objet;sans objet;sans objet;sans objet;3;1;2;2;sans objet;2;sans objet;2;sans objet;1;3;2;sans objet;1;3;2;sans objet;2;2;1;2;2;1;2;1;2;2;sans objet;2;sans objet;sans objet;sans objet;sans objet;5;1;sans objet;sans objet;2;5;sans objet;sans objet;sans objet;sans objet;sans objet;sans objet;sans objet;4;1;1;5;3;1;sans objet;sans objet;sans objet;sans objet;2;sans objet;sans objet;sans objet;sans objet;5;2;5;2017-05-09; 12:35;4;1;NA;2;sans objet;sans objet;sans objet;sans objet;5;4;5
ENS_849;EM75PAZ322;SDC2;2;30;1;1;1;sans objet;1;sans objet;sans objet;sans objet;2;sans objet;sans objet;sans objet;sans objet;2;2;sans objet;2;sans objet;2;sans objet;2;sans objet;2;sans objet;2;sans objet;1;4;2;sans objet;2;1;2;1;2;2;2;1;2;2;sans objet;2;sans objet;sans objet;sans objet;sans objet;4;2;1;2;1;sans objet;2;1;2;2;2;2;sans objet;4;1;1;1;1;1;sans objet;sans objet;sans objet;sans objet;2;sans objet;sans objet;sans objet;sans objet;6;2;2;NA;NA;NA;1;NA;2;sans objet;sans objet;sans objet;sans objet;3;4;2
ENS_850;EE24LIL323;SDC1;2;43;15;11;2;"lundiMAT;lundiPM;mardiMAT;mardiPM;merMAT;jeuMAT;";1;sans objet;sans objet;sans objet;2;sans objet;sans objet;sans objet;sans objet;2;1;1;2;sans objet;2;sans objet;2;sans objet;2;sans objet;1;3;1;5;2;sans objet;2;1;2;2;1;2;2;1;2;2;sans objet;2;sans objet;sans objet;sans objet;sans objet;4;1;sans objet;sans objet;1;sans objet;1;2;2;2;2;2;sans objet;3;1;1;4;1;1;sans objet;sans objet;sans objet;sans objet;2;sans objet;sans objet;sans objet;sans objet;6;2;3;2017-06-16; 13:00;6;2;5;2;sans objet;sans objet;sans objet;sans objet;4;2;2
ENS_851;EE24LIL323;SDC2;2;45;15;11;1;sans objet;1;sans objet;sans objet;sans objet;2;sans objet;sans objet;sans objet;sans objet;3;1;1;2;sans objet;2;sans objet;2;sans objet;2;sans objet;1;2;1;3;2;sans objet;2;1;2;2;1;2;2;1;2;2;sans objet;2;sans objet;sans objet;sans objet;sans objet;4;2;2;1;4;5;sans objet;sans objet;sans objet;sans objet;sans objet;sans objet;sans objet;3;1;1;4;1;3;sans objet;sans objet;sans objet;sans objet;2;sans objet;sans objet;sans objet;sans objet;6;2;3;2017-06-16; 13:00;6;2;5;2;sans objet;sans objet;sans objet;sans objet;4;2;6
ENS_852;EE69SDP304;SDC1;2;45;11;3;1;sans objet;2;2;3;2;1;10;7;4;2;1;2;sans objet;2;sans objet;1;1;1;1;1;1;1;3;1;4;1;1;2;1;2;2;1;2;2;1;2;2;sans objet;1;4;3;14;2;4;4;1;2;4;5;sans objet;sans objet;sans objet;sans objet;sans objet;sans objet;sans objet;4;2;2;4;1;3;sans objet;sans objet;sans objet;sans objet;1;12;4;5;2;6;4;3;2017-06-12;NA;6;3;1;1;13;6;2;2;2;4;2
ENS_853;EE69SDP304;SDC2;2;33;10;2;1;sans objet;2;1;3;2;1;0;20;5;1;2;2;sans objet;1;4;1;3;1;3;2;sans objet;1;3;1;5;2;sans objet;1;2;2;1;2;2;2;1;2;1;1;1;0;16;9;1;7;3;1;1;3;7;sans objet;sans objet;sans objet;sans objet;sans objet;sans objet;sans objet;3;NA;1;3;3;2;sans objet;sans objet;sans objet;sans objet;1;0;17;8;1;4;2;5;NA; 09:10;5;2;4;1;3;20;2;1;5;4;3
ENS_854;EM69LSI321;SDC1;1;45;12;9;1;sans objet;2;1;2;2;2;sans objet;sans objet;sans objet;sans objet;4;3;sans objet;3;sans objet;1;1;3;sans objet;1;1;2;sans objet;1;1;2;sans objet;2;2;1;2;1;2;2;1;2;2;sans objet;2;sans objet;sans objet;sans objet;sans objet;6;2;3;1;2;7;sans objet;sans objet;sans objet;sans objet;sans objet;sans objet;sans objet;3;1;1;4;1;1;sans objet;sans objet;sans objet;sans objet;2;sans objet;sans objet;sans objet;sans objet;5;2;6;2017-06-12; 12:00;6;1;NA;2;sans objet;sans objet;sans objet;sans objet;6;4;7
ENS_855;EM69SVT320;SDC1;2;41;16;9;2;"lundiMAT;lundiPM;mardiMAT;mardiPM;merMAT;venMAT;venPM";2;1;2;3;2;sans objet;sans objet;sans objet;sans objet;3;2;sans objet;2;sans objet;1;1;3;sans objet;2;sans objet;2;sans objet;1;1;2;sans objet;2;1;2;2;1;2;2;1;2;2;sans objet;2;sans objet;sans objet;sans objet;sans objet;6;2;1;1;3;5;sans objet;sans objet;sans objet;sans objet;sans objet;sans objet;sans objet;3;1;1;4;1;1;sans objet;sans objet;sans objet;sans objet;2;sans objet;sans objet;sans objet;sans objet;4;3;5;2017-05-15; 14:00;4;1;NA;2;sans objet;sans objet;sans objet;sans objet;4;3;5
ENS_856;EM69SVT320;SDC1;2;41;NA;1;2;"jeuMAT;jeuPM;";1;sans objet;sans objet;sans objet;2;sans objet;sans objet;sans objet;sans objet;3;2;sans objet;2;sans objet;1;1;3;sans objet;2;sans objet;1;1;1;1;2;sans objet;2;1;2;2;1;2;1;2;2;1;1;2;sans objet;sans objet;sans objet;sans objet;5;2;1;1;3;6;sans objet;sans objet;sans objet;sans objet;sans objet;sans objet;sans objet;4;1;1;6;1;1;sans objet;sans objet;sans objet;sans objet;2;sans objet;sans objet;sans objet;sans objet;5;1;5;2017-05-18; 12:00;4;1;NA;2;sans objet;sans objet;sans objet;sans objet;5;3;4
ENS_857;EM69SVT320;SDC2;2;44;21;12;1;sans objet;1;sans objet;sans objet;sans objet;2;sans objet;sans objet;sans objet;sans objet;3;1;1;2;sans objet;2;sans objet;2;sans objet;2;sans objet;2;sans objet;1;1;2;sans objet;2;1;2;2;1;2;2;1;2;2;sans objet;2;sans objet;sans objet;sans objet;sans objet;4;2;2;1;3;6;sans objet;sans objet;sans objet;sans objet;sans objet;sans objet;sans objet;3;1;1;6;1;1;sans objet;sans objet;sans objet;sans objet;2;sans objet;sans objet;sans objet;sans objet;4;3;6;2017-05-17; 11:30;4;1;NA;2;sans objet;sans objet;sans objet;sans objet;6;2;3
ENS_858;EM69LYR307;SDC1;2;34;10;2;2;"mardiMAT;mardiPM;merMAT;jeuMAT;jeuPM;venMAT;";1;sans objet;sans objet;sans objet;2;sans objet;sans objet;sans objet;sans objet;2;2;sans objet;2;sans objet;1;2;3;sans objet;2;sans objet;1;2;1;3;2;sans objet;2;1;2;2;1;2;2;1;2;2;sans objet;2;sans objet;sans objet;sans objet;sans objet;5;2;2;1;3;4;sans objet;sans objet;sans objet;sans objet;sans objet;sans objet;sans objet;4;5;1;3;3;3;sans objet;sans objet;sans objet;sans objet;2;sans objet;sans objet;sans objet;sans objet;7;4;7;2017-05-18; 16:30;7;1;NA;2;sans objet;sans objet;sans objet;sans objet;5;4;7
ENS_859;EM69LYR307;SDC1;2;39;7;1;2;"lundiMAT;lundiPM;";1;sans objet;sans objet;sans objet;2;sans objet;sans objet;sans objet;sans objet;2;2;sans objet;2;sans objet;1;2;3;sans objet;1;1;1;2;1;3;2;sans objet;2;1;2;2;1;2;2;1;2;2;sans objet;1;12;0;4;2;5;2;2;1;4;5;sans objet;sans objet;sans objet;sans objet;sans objet;sans objet;sans objet;4;1;1;6;1;1;sans objet;sans objet;sans objet;sans objet;2;sans objet;sans objet;sans objet;sans objet;4;4;5;2017-05-15; 13:00;3;1;NA;2;sans objet;sans objet;sans objet;sans objet;5;4;6
ENS_860;EM69LYR307;SDC2;2;42;11;6;2;"lundiMAT;lundiPM;merMAT;jeuMAT;jeuPM;venMAT;";2;3;2;3;2;sans objet;sans objet;sans objet;sans objet;2;2;sans objet;1;1;1;3;2;sans objet;2;sans objet;1;4;1;4;2;sans objet;2;1;2;2;1;2;1;2;2;2;sans objet;2;sans objet;sans objet;sans objet;sans objet;5;4;2;1;3;4;sans objet;sans objet;sans objet;sans objet;sans objet;sans objet;sans objet;4;1;1;4;1;1;sans objet;sans objet;sans objet;sans objet;2;sans objet;sans objet;sans objet;sans objet;4;4;4;2017-05-17; 13:30;7;2;6;2;sans objet;sans objet;sans objet;sans objet;4;3;2
ENS_861;EM62SEO315;SDC1;2;42;18;9;1;sans objet;1;sans objet;sans objet;sans objet;2;sans objet;sans objet;sans objet;sans objet;2;2;sans objet;2;sans objet;2;sans objet;2;sans objet;2;sans objet;2;sans objet;1;1;2;sans objet;2;2;1;2;2;1;2;1;2;2;sans objet;2;sans objet;sans objet;sans objet;sans objet;7;1;sans objet;sans objet;1;sans objet;1;2;2;2;2;2;sans objet;4;1;1;6;1;2;sans objet;sans objet;sans objet;sans objet;2;sans objet;sans objet;sans objet;sans objet;3;2;3;2017-04-28; 09:45;4;3;3;2;sans objet;sans objet;sans objet;sans objet;6;2;4
ENS_862;EM62SEO315;SDC2;2;29;2;1;1;sans objet;1;sans objet;sans objet;sans objet;1;0;22;0;2;2;1;1;1;1;1;1;2;sans objet;2;sans objet;1;1;1;1;2;sans objet;2;1;2;2;1;2;2;1;2;2;sans objet;2;sans objet;sans objet;sans objet;sans objet;5;1;sans objet;sans objet;2;3;sans objet;sans objet;sans objet;sans objet;sans objet;sans objet;sans objet;4;1;1;5;1;1;sans objet;sans objet;sans objet;sans objet;2;sans objet;sans objet;sans objet;sans objet;4;3;5;2017-04-28; 13:30;5;3;2;2;sans objet;sans objet;sans objet;sans objet;5;4;3
ENS_863;EM62NHD316;SDC1;2;45;17;5;1;sans objet;3;2;1;3;2;sans objet;sans objet;sans objet;sans objet;1;2;sans objet;2;sans objet;2;sans objet;1;1;2;sans objet;1;1;1;2;1;1;1;2;2;1;2;2;1;2;2;2;sans objet;2;sans objet;sans objet;sans objet;sans objet;4;3;1;2;3;3;sans objet;sans objet;sans objet;sans objet;sans objet;sans objet;sans objet;4;4;2;1;1;3;sans objet;sans objet;sans objet;sans objet;2;sans objet;sans objet;sans objet;sans objet;3;2;3;2017-05-18; 10:30;5;2;1;2;sans objet;sans objet;sans objet;sans objet;4;4;2
ENS_864;EM62NHD316;SDC2;2;33;9;1;1;sans objet;1;sans objet;sans objet;sans objet;2;sans objet;sans objet;sans objet;sans objet;4;2;sans objet;2;sans objet;2;sans objet;3;sans objet;2;sans objet;1;3;1;3;2;sans objet;2;2;2;2;2;2;2;2;2;2;sans objet;2;sans objet;sans objet;sans objet;sans objet;5;3;2;3;2;3;sans objet;sans objet;sans objet;sans objet;sans objet;sans objet;sans objet;4;1;1;5;1;1;sans objet;sans objet;sans objet;sans objet;2;sans objet;sans objet;sans objet;sans objet;4;3;5;2017-05-18;NA;4;1;NA;2;sans objet;sans objet;sans objet;sans objet;5;3;2
ENS_865;EM62DEK319;SDC2;2;56;33;17;1;sans objet;2;2;1;4;2;sans objet;sans objet;sans objet;sans objet;3;3;sans objet;3;sans objet;2;sans objet;3;sans objet;1;3;2;sans objet;2;sans objet;1;3;2;2;1;2;2;1;2;1;2;2;sans objet;2;sans objet;sans objet;sans objet;sans objet;4;1;sans objet;sans objet;1;sans objet;2;2;1;2;2;2;sans objet;3;1;1;4;1;3;sans objet;sans objet;sans objet;sans objet;2;sans objet;sans objet;sans objet;sans objet;4;3;4;2017-06-02; 14:20;4;2;3;2;sans objet;sans objet;sans objet;sans objet;3;4;2
ENS_866;EM62DEK319;SDC1;2;37;15;10;1;sans objet;2;2;2;3;2;sans objet;sans objet;sans objet;sans objet;3;1;3;2;sans objet;1;3;2;sans objet;1;3;2;sans objet;1;1;2;sans objet;1;2;2;2;1;2;2;1;2;2;sans objet;2;sans objet;sans objet;sans objet;sans objet;6;1;sans objet;sans objet;3;6;sans objet;sans objet;sans objet;sans objet;sans objet;sans objet;sans objet;4;1;1;4;1;1;sans objet;sans objet;sans objet;sans objet;2;sans objet;sans objet;sans objet;sans objet;4;2;6;2017-05-29; 15:00;5;1;NA;2;sans objet;sans objet;sans objet;sans objet;4;4;4
ENS_867;EM62DEK319;SDC1;2;37;15;10;1;sans objet;2;2;2;3;2;sans objet;sans objet;sans objet;sans objet;3;1;3;2;sans objet;1;3;2;sans objet;1;3;2;sans objet;1;1;2;sans objet;1;2;2;2;1;2;2;1;2;2;sans objet;2;sans objet;sans objet;sans objet;sans objet;6;1;sans objet;sans objet;3;6;sans objet;sans objet;sans objet;sans objet;sans objet;sans objet;sans objet;4;1;1;4;1;1;sans objet;sans objet;sans objet;sans objet;2;sans objet;sans objet;sans objet;sans objet;4;2;6;2017-05-29; 15:00;5;1;NA;2;sans objet;sans objet;sans objet;sans objet;4;4;4
ENS_868;EE62BSB324;SDC2;1;54;22;6;1;sans objet;2;1;4;1;2;sans objet;sans objet;sans objet;sans objet;4;1;1;2;sans objet;1;1;1;2;2;sans objet;2;sans objet;1;1;2;sans objet;1;2;2;2;1;2;2;1;2;2;sans objet;2;sans objet;sans objet;sans objet;sans objet;4;3;1;2;4;5;sans objet;sans objet;sans objet;sans objet;sans objet;sans objet;sans objet;3;2;1;5;1;1;sans objet;sans objet;sans objet;sans objet;2;sans objet;sans objet;sans objet;sans objet;5;3;5;2017-06-16; 08:25;5;1;NA;2;sans objet;sans objet;sans objet;sans objet;5;5;3
ENS_869;EE62BSB324;SDC1;2;43;19;11;1;sans objet;2;1;3;2;2;sans objet;sans objet;sans objet;sans objet;3;2;sans objet;2;sans objet;2;sans objet;2;sans objet;2;sans objet;1;2;1;3;2;sans objet;2;1;2;2;1;2;2;1;2;2;sans objet;2;sans objet;sans objet;sans objet;sans objet;5;3;1;2;3;2;sans objet;sans objet;sans objet;sans objet;sans objet;sans objet;sans objet;3;1;2;4;2;3;sans objet;sans objet;sans objet;sans objet;2;sans objet;sans objet;sans objet;sans objet;2;2;3;2017-06-15; 11:30;6;2;2;2;sans objet;sans objet;sans objet;sans objet;4;4;3
