CODELOG;POIDS_SONDAGE;NUM_UP;CODEEGION;QPV;DVISIT1;DVISIT2;REG;Libelle.region;DEP;Libelle.departement;PCTL;PCPP;PCPS;PCNE;PCEL;PCOL;PCAS;PCJA;IAC;IAC1;IAC2;MA1ANO;MA1AMOIS;MA1AYEAR;MATER01;MATER02;MATER03;MATER04;MATER05;MATER06;MATER07;MATER1;ACTP1;ACTP2;ACTP3;QPX1;QPX2;QPX3;QOD1;QOD2;QOD3;QBR1;QBR2;QBR3;QBR4;QBR5;QBR6;REAB;REAB1;REAB2;REAB3;TRAV;TRAV101;TRAV102;TRAV103;TRAV104;TRAV105;TRAV106;TRAV107;TRAV108;TRAV109;TRAV110;TRAV111;TRAV112;TRAV2;KCC0;KCC1;KCC1a;KCC201;KCC202;KCC203;KCC204;KCC205;KCC206;KCC207;KCC208;KCC209;KCC210;KCC2a;KCCM11;KCCM12;KCCM13;KCCM14;KCCM15;KCCM16;KCCM17;KCCM18;KCCM19;KCCM2;CHEM1;CHEM2;KCL1;KCL1b;KCUI;KCUIa;KECS;KEIC;KEIC1;CEM01;CEM02;CEM03;CEM04;CHAUSS;FUMEUR1;FUMEUR2;ANI1;ANI211;ANI212;ANI213;ANI214;ANI215;ANI22;QATRA1;QOM31;QOM32;QOM33;QOM34;QOM35;HGTM;HGLP;MENAG;KID15;STRMEN;REV1;FC10B;LSTU2;SOMSEJNO;SOMSEJADUADO;SOMSEJENFANT;SOMCHBNO;SOMCHBADUADO;SOMCHBENFANT;CHAUF;CHEM;CHAPP;AFUM;AVAP;CUI1;CUI4;CUI5;PRESS;MBLS1;MBLS2;MBLS3;MBLS4;MBLS4a;XPB10;XPB11;XPB111;XPB112;XPB113;XPB114;XPB115;XPB11b;XPB12;XPB131;XPB132;XPB133;XPB134;XPB135;XPB136;XPB137;XPB138;XPB139;XPB13a;LSTU;LSTUC;LNPL1;LNPL2;LNPL3;LNPL4;LNPL5;LNPL6;LNPL7;LNPL8;LNPL9;LNPL0;HCU1;HCU3;HSRF;HPLB;HPLB1;HPLB2;HPLH;HPLH1;DCA1;DCA2;DGAR0;DGAR1;DGG3;KODSJ;FNSJ11;FNSJ12;FNSJ13;FNSJ14;FNSJ15;FNSJ16;FNSJ1a;KODCH;FNCH11;FNCH12;FNCH13;FNCH14;FNCH15;FNCH16;FNCH1a;SURFCHB;HAUTCHB;SURFSEJ;HAUTSEJ;Q1;Q2;Q21NOW;Q21AVANT;Q3;Q4NETTOI;Q4AERE;Q4CUI;Q4LOISIR;Q4TRAV;Q4MOB;Q5CHAUF;Q5NETTOI;Q5DESINF;Q5DESO;Q5INSEC;Q5TABAC
LOG001;12574,92344;29;11;0;2022-novembre;2022-novembre;11;Île-de-France;75;Paris;2;7;5;6;4;2;1;2;1;NA;NA;2;NA;2020;2;2;2;2;1;2;2;;1;6;Magasin de téléphone;3;NA;;3;NA;;2;1;;3;NA;;3;1;2;2;2;NA;NA;NA;NA;NA;NA;NA;NA;NA;NA;NA;NA;;1;3;;NA;NA;NA;NA;NA;NA;NA;NA;1;NA;;1;2;2;2;2;2;2;2;2;;2;3;3;NA;2;NA;1;3;;1;3;1;1;2;2;2;1;2;1;2;2;2;;;2;1;2;2;2;2;2;3;0;3;1;2;2;2;0;0;2;1;0;1;NA;NA;NA;NA;NA;NA;NA;NA;NA;NA;NA;NA;;1;1;2;2;2;2;1;Gare de l'Est;2;NA;NA;NA;NA;NA;NA;NA;NA;NA;;2;Sans Objet;1;2;3;2;2;1;1;0;0;Sans Objet;1;1;125;1;Sans Objet;Sans Objet;1;Sans Objet;1;2;2;Sans Objet;Sans Objet;SEJ1;2;2;1;1;2;2;Sans Objet;CHB1;2;1;2;2;2;2;Sans Objet;10;309;25;310;3;3;Sans Objet;Sans Objet;3;3;3;3;3;3;3;4;3;1;3;3;4
LOG002;77257,40785;16;11;0;2021-juin;2021-juin;11;Île-de-France;75;Paris;2;1;4;5;0;3;1;1;3;NA;NA;2;1;2004;2;2;2;2;1;2;2;;2;NA;;2;3;;3;NA;;2;5;;3;NA;;4;NA;NA;NA;3;NA;NA;NA;NA;NA;NA;NA;NA;NA;NA;NA;NA;;1;3;;2;2;2;2;2;1;2;2;2;2;;1;2;2;2;2;2;2;2;2;;3;3;3;NA;1;NA;1;3;;1;3;1;1;2;1;1;1;2;1;2;2;2;;;1;NA;NA;NA;NA;2;2;2;0;2;1;2;2;2;0;0;2;2;0;2;NA;NA;NA;NA;NA;NA;NA;NA;NA;NA;NA;NA;;2;1;2;2;2;2;1;Pollen;2;NA;NA;NA;NA;NA;NA;NA;NA;NA;;2;Sans Objet;0;1;1;0;1;1;0;0;0;Sans Objet;2;1;45;4;Sans Objet;Sans Objet;1;Sans Objet;1;2;2;Sans Objet;Sans Objet;SEJ1;2;2;1;1;2;2;Sans Objet;CHB1;2;1;2;2;2;2;Sans Objet;15;250;25;250;3;3;Sans Objet;Sans Objet;3;3;3;1;3;3;3;3;3;3;3;4;4
LOG003;42637,35978;17;11;0;2021-avril;2021-avril;11;Île-de-France;75;Paris;2;1;4;5;3;2;1;2;3;NA;NA;1;NA;NA;2;1;2;2;2;2;2;;2;NA;;3;NA;;3;NA;;2;1;;3;NA;;2;1;2;2;1;2;1;2;2;2;2;2;2;2;2;2;2;;3;6;;NA;NA;NA;NA;NA;NA;NA;NA;1;NA;;2;1;2;2;2;2;2;2;2;;3;3;3;NA;2;NA;2;NA;;1;3;1;1;1;1;1;2;NA;NA;NA;NA;NA;;;1;NA;NA;NA;NA;2;2;2;0;2;1;2;2;1;NA;NA;2;2;0;1;NA;NA;NA;NA;NA;NA;NA;NA;NA;NA;NA;NA;;2;2;NA;NA;NA;NA;NA;;2;NA;NA;NA;NA;NA;NA;NA;NA;NA;;2;Sans Objet;1;1;1;1;1;0;0;0;0;Sans Objet;1;3;41;1;Sans Objet;Sans Objet;1;Sans Objet;1;2;2;Sans Objet;Sans Objet;SEJ1;2;2;2;1;2;2;Sans Objet;CHB1;2;1;2;2;2;2;Sans Objet;13;265;11;264;3;1;4;1;2;3;1;3;3;3;3;4;3;1;4;4;4
LOG004;12667,34695;1;11;0;2021-octobre;2021-octobre;11;Île-de-France;75;Paris;2;2;1;6;4;2;2;2;1;NA;NA;2;3;2011;2;2;2;2;1;2;2;;1;6;Pharmacie;1;1;;1;1;;1;1;;1;1;;1;1;2;2;2;NA;NA;NA;NA;NA;NA;NA;NA;NA;NA;NA;NA;;2;3;;NA;NA;NA;NA;NA;NA;NA;NA;1;NA;;1;2;2;2;2;2;2;2;2;;3;3;3;NA;2;NA;2;NA;;1;3;1;1;1;1;1;2;NA;NA;NA;NA;NA;;;1;NA;NA;NA;NA;2;2;1;0;1;1;2;2;2;0;0;2;1;0;2;NA;NA;NA;NA;NA;NA;NA;NA;NA;NA;NA;NA;;1;2;NA;NA;NA;NA;NA;;2;NA;NA;NA;NA;NA;NA;NA;NA;NA;;2;Sans Objet;0;1;1;0;1;0;0;0;0;Sans Objet;2;3;45;1;Sans Objet;Sans Objet;1;Sans Objet;2;Sans Objet;2;Sans Objet;Sans Objet;CUS1;1;2;2;2;2;2;Sans Objet;CHB1;2;2;1;2;2;2;Sans Objet;25;250;25;250;3;2;1;1;2;3;1;3;3;3;3;3;3;3;3;3;3
LOG005;33534,13348;14;11;0;2021-janvier;2021-janvier;11;Île-de-France;75;Paris;2;2;1;6;4;2;1;2;6;NA;NA;2;7;2014;2;1;2;2;1;2;2;;2;NA;;2;1;;1;1;;1;1;;1;1;;1;1;1;1;1;2;1;2;2;2;2;2;1;2;2;2;2;;3;6;;NA;NA;NA;NA;NA;NA;NA;NA;1;NA;;2;1;2;2;2;2;2;2;2;;3;3;3;NA;2;NA;2;NA;;1;3;2;NA;1;1;1;1;2;1;2;2;2;;;1;NA;NA;NA;NA;2;2;2;0;2;1;2;2;2;0;0;2;2;0;1;NA;NA;NA;NA;NA;NA;NA;NA;NA;NA;NA;NA;;1;2;NA;NA;NA;NA;NA;;2;NA;NA;NA;NA;NA;NA;NA;NA;NA;;2;Sans Objet;0;1;1;0;0;1;0;0;0;Sans Objet;2;3;30;1;Sans Objet;Sans Objet;1;Sans Objet;3;Sans Objet;2;Sans Objet;Sans Objet;CUS1;1;2;2;1;2;2;Sans Objet;CHB1;2;2;2;2;1;2;Sans Objet;12;260;16;260;3;3;Sans Objet;Sans Objet;1;3;3;3;3;3;3;4;3;3;4;4;4
LOG006;87196,18843;11;11;1;2021-avril;2021-avril;11;Île-de-France;75;Paris;2;2;3;10;6;1;1;2;7;NA;NA;2;3;1979;2;2;1;2;2;2;2;;2;NA;;3;NA;;2;4;;3;NA;;3;NA;;1;1;2;1;1;2;2;2;2;2;2;2;1;2;2;2;2;;3;6;;NA;NA;NA;NA;NA;NA;NA;NA;1;NA;;2;1;2;2;2;2;2;2;2;;3;3;3;NA;2;NA;2;NA;;1;3;1;3;1;1;1;2;NA;NA;NA;NA;NA;;;1;NA;NA;NA;NA;2;2;1;0;1;2;2;2;2;0;0;2;1;0;1;NA;NA;NA;NA;NA;NA;NA;NA;NA;NA;NA;NA;;1;2;NA;NA;NA;NA;NA;;2;NA;NA;NA;NA;NA;NA;NA;NA;NA;;2;Sans Objet;1;1;1;0;1;1;0;0;0;Sans Objet;1;3;55;1;Sans Objet;Sans Objet;1;Sans Objet;1;2;1;2;1;SEJ1;2;2;2;1;2;2;Sans Objet;CHB1;2;1;2;2;2;2;Sans Objet;14;250;25;250;3;3;Sans Objet;Sans Objet;2;3;3;3;3;3;3;4;3;1;4;3;4
LOG007;140155,1788;18;11;0;2021-septembre;2021-octobre;11;Île-de-France;75;Paris;2;3;3;5;3;1;1;2;8;NA;NA;2;1;1985;2;2;1;2;2;2;2;;2;NA;;1;1;;3;NA;;1;1;;3;NA;;4;NA;NA;NA;2;NA;NA;NA;NA;NA;NA;NA;NA;NA;NA;NA;NA;;3;6;;NA;NA;NA;NA;NA;NA;NA;NA;1;NA;;2;1;2;2;2;2;2;2;2;;3;3;3;NA;2;NA;2;NA;;1;3;1;3;2;1;1;2;NA;NA;NA;NA;NA;;;1;NA;NA;NA;NA;2;2;1;0;1;2;2;2;2;0;0;2;1;0;2;NA;NA;NA;NA;NA;NA;NA;NA;NA;NA;NA;NA;;2;2;NA;NA;NA;NA;NA;;2;NA;NA;NA;NA;NA;NA;NA;NA;NA;;2;Sans Objet;1;1;2;0;1;1;0;0;0;Sans Objet;1;3;82;1;Sans Objet;Sans Objet;1;Sans Objet;2;Sans Objet;2;Sans Objet;Sans Objet;SEJ1;2;2;2;1;2;2;Sans Objet;CHB1;2;1;2;2;2;2;Sans Objet;17;240;35;240;3;3;Sans Objet;Sans Objet;3;3;1;3;3;3;3;3;3;3;3;3;3
LOG008;44919,72592;12;11;0;2021-avril;2021-avril;11;Île-de-France;75;Paris;2;3;2;7;2;1;1;2;9;NA;NA;1;NA;NA;2;2;1;2;2;2;2;;2;NA;;3;NA;;3;NA;;1;1;;3;NA;;4;NA;NA;NA;2;NA;NA;NA;NA;NA;NA;NA;NA;NA;NA;NA;NA;;1;3;;2;2;1;2;2;2;2;2;2;2;;1;2;2;2;2;2;2;2;2;;3;3;3;NA;2;NA;1;3;;1;1;2;NA;2;1;1;2;NA;NA;NA;NA;NA;;;1;NA;NA;NA;NA;2;2;1;0;1;2;2;2;2;0;0;2;1;0;1;NA;NA;NA;NA;NA;NA;NA;NA;NA;NA;NA;NA;;2;2;NA;NA;NA;NA;NA;;1;2;2;2;2;2;2;1;2;2;;2;Sans Objet;1;1;1;0;1;0;0;0;0;Sans Objet;1;3;53;1;Sans Objet;Sans Objet;1;Sans Objet;1;2;2;Sans Objet;Sans Objet;SEJ1;2;2;2;1;2;2;Sans Objet;CHB1;2;1;2;2;2;2;Sans Objet;12;250;21;250;3;3;Sans Objet;Sans Objet;3;3;3;1;3;3;3;3;4;1;3;3;3
LOG009;13717,21395;17;11;0;2021-juin;2021-juin;11;Île-de-France;75;Paris;2;3;5;7;7;2;1;1;3;NA;NA;2;3;2000;2;2;1;2;2;2;2;;2;NA;;3;NA;;4;NA;;3;NA;;3;NA;;3;1;2;4;2;NA;NA;NA;NA;NA;NA;NA;NA;NA;NA;NA;NA;;1;1;;2;2;2;2;2;1;2;2;2;2;;1;2;2;2;2;2;2;2;2;;3;3;3;NA;2;NA;1;1;;1;1;2;NA;1;1;1;2;NA;NA;NA;NA;NA;;;1;NA;NA;NA;NA;2;2;5;0;3;1;2;2;2;0;0;2;2;0;2;NA;NA;NA;NA;NA;NA;NA;NA;NA;NA;NA;NA;;2;2;NA;NA;NA;NA;NA;;2;NA;NA;NA;NA;NA;NA;NA;NA;NA;;2;Sans Objet;1;1;4;0;1;1;0;0;0;Sans Objet;1;3;95;1;Sans Objet;Sans Objet;1;Sans Objet;2;Sans Objet;2;Sans Objet;Sans Objet;SEJ1;2;2;2;1;2;2;Sans Objet;CHB1;2;1;1;2;2;2;Sans Objet;13;250;27;270;3;1;3;1;3;3;3;1;3;3;3;3;4;3;4;4;4
LOG010;244185,3946;14;11;0;2021-avril;2021-avril;11;Île-de-France;75;Paris;2;1;2;7;1;1;1;2;7;NA;NA;2;9;2016;2;2;1;2;2;2;2;;2;NA;;3;NA;;2;4;;3;NA;;3;NA;;2;2;2;2;2;NA;NA;NA;NA;NA;NA;NA;NA;NA;NA;NA;NA;;1;1;;NA;NA;NA;NA;NA;NA;NA;NA;1;NA;;1;2;2;2;2;2;2;2;2;;3;3;3;NA;2;NA;1;8;;1;1;2;NA;2;1;1;2;NA;NA;NA;NA;NA;;;1;NA;NA;NA;NA;2;2;1;0;1;1;2;1;NA;NA;NA;2;1;0;1;NA;NA;NA;NA;NA;NA;NA;NA;NA;NA;NA;NA;;2;2;NA;NA;NA;NA;NA;;1;2;1;2;2;2;2;2;2;2;;1;1;0;1;0;0;0;1;0;0;0;Sans Objet;2;3;20;1;Sans Objet;Sans Objet;1;Sans Objet;2;Sans Objet;2;Sans Objet;Sans Objet;STUD;Sans Objet;Sans Objet;Sans Objet;Sans Objet;Sans Objet;Sans Objet;Sans Objet;STUD;1;1;1;1;2;2;Sans Objet;12,5;250;12,5;250;3;1;4;1;3;1;3;1;3;3;3;4;3;3;3;4;4
LOG011;9247,816775;14;11;0;2021-janvier;2021-janvier;11;Île-de-France;75;Paris;1;4;5;2;0;3;2;1;1;NA;NA;2;2;2004;2;2;2;2;1;2;2;;2;NA;;2;1;;3;NA;;1;1;;1;1;;4;NA;NA;NA;2;NA;NA;NA;NA;NA;NA;NA;NA;NA;NA;NA;NA;;1;3;;NA;NA;NA;NA;NA;NA;NA;NA;1;NA;;1;2;2;2;2;2;2;2;2;;3;3;3;NA;2;NA;2;NA;;1;3;2;NA;1;1;1;2;NA;NA;NA;NA;NA;;;1;NA;NA;NA;NA;2;2;3;0;3;1;2;2;2;0;0;2;2;0;1;NA;NA;NA;NA;NA;NA;NA;NA;NA;NA;NA;NA;;2;2;NA;NA;NA;NA;NA;;2;NA;NA;NA;NA;NA;NA;NA;NA;NA;;2;Sans Objet;1;1;3;0;2;2;1;0;0;Sans Objet;1;2;100;6;Sans Objet;1;3;Sans Objet;1;1;2;Sans Objet;Sans Objet;SEJ1;2;2;2;1;2;2;Sans Objet;CHB1;2;1;2;2;2;2;Sans Objet;10;282;21;295;3;3;Sans Objet;Sans Objet;3;3;3;3;3;3;3;3;3;3;3;4;4
LOG012;31243,36507;120;44;0;2021-février;2021-février;11;Île-de-France;75;Paris;2;2;2;6;3;1;1;2;5;NA;NA;2;11;2018;2;2;2;2;1;2;2;;2;NA;;3;NA;;3;NA;;2;1;;2;1;;5;NA;NA;NA;3;NA;NA;NA;NA;NA;NA;NA;NA;NA;NA;NA;NA;;3;3;;NA;NA;NA;NA;NA;NA;NA;NA;1;NA;;1;2;2;2;2;2;2;2;2;;3;3;3;NA;1;NA;1;3;;1;3;2;NA;2;1;1;2;NA;NA;NA;NA;NA;;;1;NA;NA;NA;NA;2;2;2;0;2;1;2;2;2;0;0;2;2;0;1;NA;NA;NA;NA;NA;NA;NA;NA;NA;NA;NA;NA;;1;2;NA;NA;NA;NA;NA;;2;NA;NA;NA;NA;NA;NA;NA;NA;NA;;2;Sans Objet;0;1;1;0;1;0;0;0;0;Sans Objet;2;1;44;1;Sans Objet;Sans Objet;1;Sans Objet;2;Sans Objet;2;Sans Objet;Sans Objet;CUS1;2;2;2;1;2;2;Sans Objet;CHB1;2;1;2;2;2;2;Sans Objet;10;272;12;272;3;1;4;1;3;3;1;1;3;3;3;3;3;1;3;4;4
LOG013;141798,5203;14;11;0;2021-mars;2021-mars;11;Île-de-France;75;Paris;2;2;2;6;6;2;1;2;8;NA;NA;2;6;2002;2;2;1;2;2;2;2;;2;NA;;3;NA;;3;NA;;3;NA;;2;1;;4;NA;NA;NA;2;NA;NA;NA;NA;NA;NA;NA;NA;NA;NA;NA;NA;;3;6;;NA;NA;NA;NA;NA;NA;NA;NA;1;NA;;2;1;2;2;2;2;2;2;2;;3;3;3;NA;2;NA;2;NA;;1;3;1;3;2;1;1;2;NA;NA;NA;NA;NA;;;1;NA;NA;NA;NA;2;2;1;0;1;1;2;2;2;0;0;2;1;0;1;NA;NA;NA;NA;NA;NA;NA;NA;2;2;2;2;;2;2;NA;NA;NA;NA;NA;;1;2;2;2;2;2;2;1;2;2;;2;Sans Objet;0;1;1;0;1;1;0;0;0;Sans Objet;2;1;35;1;Sans Objet;Sans Objet;1;Sans Objet;1;2;2;Sans Objet;Sans Objet;CUS1;1;2;1;2;2;2;Sans Objet;CHB1;2;1;2;2;2;2;Sans Objet;12;250;18;250;3;1;2;1;3;3;1;3;3;3;3;3;3;1;3;4;4
LOG014;25505,41082;20;11;0;2021-juin;2021-juin;11;Île-de-France;75;Paris;2;3;2;6;5;1;1;2;3;NA;NA;2;1;2015;2;2;1;2;2;2;2;;2;NA;;1;1;;2;1;;2;1;;2;1;;4;NA;NA;NA;2;NA;NA;NA;NA;NA;NA;NA;NA;NA;NA;NA;NA;;1;3;;NA;NA;NA;NA;NA;NA;NA;NA;1;NA;;1;2;2;2;2;2;2;2;2;;3;3;3;NA;2;NA;2;NA;;1;3;2;NA;2;1;3;1;2;1;2;2;2;;;1;NA;NA;NA;NA;2;2;2;0;4;1;2;2;2;0;0;2;1;0;2;NA;NA;NA;NA;NA;NA;NA;NA;NA;NA;NA;NA;;2;2;NA;NA;NA;NA;NA;;2;NA;NA;NA;NA;NA;NA;NA;NA;NA;;2;Sans Objet;1;1;2;0;1;0;0;0;0;Sans Objet;4;Sans Objet;54;1;Sans Objet;Sans Objet;1;Sans Objet;2;Sans Objet;2;Sans Objet;Sans Objet;SEJ1;2;2;1;2;2;2;Sans Objet;CHB1;2;1;2;2;2;2;Sans Objet;19;250;20;250;3;1;4;1;3;3;1;1;3;3;3;3;1;1;3;3;3
LOG015;18554,97265;14;11;0;2021-juin;2021-juillet;11;Île-de-France;75;Paris;2;3;2;6;5;1;1;2;2;NA;NA;2;12;2017;2;2;2;2;1;2;2;;2;NA;;3;NA;;3;NA;;2;1;;2;1;;4;NA;NA;NA;2;NA;NA;NA;NA;NA;NA;NA;NA;NA;NA;NA;NA;;1;7;;NA;NA;NA;NA;NA;NA;NA;NA;NA;1;;1;2;2;2;2;2;2;2;2;;1;3;3;NA;1;NA;1;6;;1;3;1;1;1;2;1;2;NA;NA;NA;NA;NA;;;1;NA;NA;NA;NA;2;2;4;2;3;1;2;2;2;0;0;2;2;0;2;NA;NA;NA;NA;NA;NA;NA;NA;NA;NA;NA;NA;;2;2;NA;NA;NA;NA;NA;;2;NA;NA;NA;NA;NA;NA;NA;NA;NA;;2;Sans Objet;1;1;2;1;1;1;0;0;0;Sans Objet;1;3;62;1;Sans Objet;Sans Objet;1;Sans Objet;1;2;2;Sans Objet;Sans Objet;SEJ1;2;2;1;2;2;2;Sans Objet;CHB1;2;1;2;2;2;2;Sans Objet;12;250;15,74;281;3;3;Sans Objet;Sans Objet;3;3;3;3;3;3;3;4;3;3;4;4;4
LOG016;20573,51847;10;11;0;2021-mai;2021-mai;11;Île-de-France;75;Paris;2;1;3;6;6;2;1;2;1;NA;NA;2;7;2010;2;2;2;2;1;2;2;;1;1;;3;NA;;3;NA;;1;1;;1;1;;3;1;1;1;2;NA;NA;NA;NA;NA;NA;NA;NA;NA;NA;NA;NA;;3;3;;NA;NA;NA;NA;NA;NA;NA;NA;1;NA;;1;2;2;2;2;2;2;2;2;;3;3;3;NA;1;NA;1;3;;1;3;2;NA;1;1;1;2;NA;NA;NA;NA;NA;;;1;NA;NA;NA;NA;2;2;3;0;5;2;1;2;2;0;1;2;2;0;2;NA;NA;NA;NA;NA;NA;NA;NA;NA;NA;NA;NA;;2;2;NA;NA;NA;NA;NA;;2;NA;NA;NA;NA;NA;NA;NA;NA;NA;;2;Sans Objet;0;1;2;0;1;1;0;0;0;Sans Objet;2;3;46;1;Sans Objet;Sans Objet;5;Sans Objet;2;Sans Objet;2;Sans Objet;Sans Objet;CUS1;2;2;2;1;2;2;Sans Objet;CHB1;2;1;2;2;2;2;Sans Objet;20;250;20;250;3;1;4;1;3;3;3;1;3;3;1;3;3;1;3;3;3
LOG017;91799,33491;4;11;0;2021-août;2021-août;11;Île-de-France;75;Paris;2;1;2;7;7;1;1;2;8;NA;NA;2;6;2021;2;2;1;2;2;2;2;;1;6;Avocats, médecin;3;NA;;3;NA;;2;1;;3;NA;;5;NA;NA;NA;3;NA;NA;NA;NA;NA;NA;NA;NA;NA;NA;NA;NA;;2;6;;NA;NA;NA;NA;NA;NA;NA;NA;1;NA;;2;1;2;2;2;2;2;2;2;;3;3;3;NA;2;NA;1;6;;2;NA;1;3;2;1;2;2;NA;NA;NA;NA;NA;;;1;NA;NA;NA;NA;2;2;1;0;1;1;2;2;2;1;0;2;0;1;1;NA;NA;NA;NA;NA;NA;NA;NA;NA;NA;NA;NA;;1;1;2;2;2;2;1;Circulation sur le boulevard;2;NA;NA;NA;NA;NA;NA;NA;NA;NA;;1;1;0;1;1;0;1;0;0;0;0;Sans Objet;2;3;28;1;Sans Objet;Sans Objet;1;Sans Objet;2;Sans Objet;2;Sans Objet;Sans Objet;STUD;Sans Objet;Sans Objet;Sans Objet;Sans Objet;Sans Objet;Sans Objet;Sans Objet;STUD;2;1;1;2;2;2;Sans Objet;17;240;17;240;3;1;3;1;3;3;3;3;3;3;3;3;4;4;4;3;4
LOG018;61177,1146;20;11;0;2021-mars;2021-mars;11;Île-de-France;75;Paris;2;2;5;8;3;1;1;1;3;NA;NA;2;5;1985;2;1;2;2;2;2;2;;1;2;;1;1;;1;1;;1;1;;1;1;;2;1;2;2;2;NA;NA;NA;NA;NA;NA;NA;NA;NA;NA;NA;NA;;1;2;;NA;NA;NA;NA;NA;NA;NA;NA;1;NA;;1;2;2;2;2;2;2;2;2;;3;3;3;NA;2;NA;1;3;;1;3;1;1;1;3;1;2;NA;NA;NA;NA;NA;;;1;NA;NA;NA;NA;2;2;3;1;5;2;1;2;2;1;0;2;2;0;1;NA;NA;NA;NA;NA;NA;NA;NA;NA;NA;NA;NA;;1;2;NA;NA;NA;NA;NA;;2;NA;NA;NA;NA;NA;NA;NA;NA;NA;;2;Sans Objet;1;1;1;0;1;1;0;0;0;Sans Objet;2;3;60;1;Sans Objet;Sans Objet;1;Sans Objet;1;2;2;Sans Objet;Sans Objet;SEJ1;2;2;2;1;2;2;Sans Objet;CHB1;2;1;2;2;2;2;Sans Objet;15;250;15;250;1;3;Sans Objet;Sans Objet;3;3;3;3;3;3;3;3;3;3;4;4;4
LOG019;20271,70326;5;11;0;2021-juin;2021-juillet;11;Île-de-France;75;Paris;2;2;4;5;2;2;1;2;2;NA;NA;1;NA;NA;2;2;2;2;1;2;2;;2;NA;;3;NA;;3;NA;;3;NA;;3;NA;;5;NA;NA;NA;3;NA;NA;NA;NA;NA;NA;NA;NA;NA;NA;NA;NA;;1;7;;NA;NA;NA;NA;NA;NA;NA;NA;NA;1;;1;2;2;2;2;2;2;2;2;;3;3;3;NA;1;NA;1;3;;1;3;3;NA;1;1;1;1;2;1;2;2;2;;;1;NA;NA;NA;NA;2;2;4;0;4;1;2;2;2;0;0;2;1;0;2;NA;NA;NA;NA;NA;NA;NA;NA;NA;NA;NA;NA;;2;2;NA;NA;NA;NA;NA;;2;NA;NA;NA;NA;NA;NA;NA;NA;NA;;2;Sans Objet;0;1;3;0;1;1;0;0;0;Sans Objet;2;1;75;1;Sans Objet;Sans Objet;1;Sans Objet;2;Sans Objet;2;Sans Objet;Sans Objet;CUS1;1;1;1;2;2;2;Sans Objet;CHB1;2;1;1;2;2;2;Sans Objet;12;250;25;250;3;3;Sans Objet;Sans Objet;3;3;3;1;3;3;3;3;3;3;4;3;4
LOG020;33159,02371;18;11;0;2021-juin;2021-juin;11;Île-de-France;75;Paris;2;3;2;5;2;1;2;2;3;NA;NA;2;7;2016;2;2;2;2;1;2;2;;1;1;;1;1;;1;1;;1;1;;1;1;;4;NA;NA;NA;2;NA;NA;NA;NA;NA;NA;NA;NA;NA;NA;NA;NA;;2;3;;NA;NA;NA;NA;NA;NA;NA;NA;1;NA;;1;2;2;2;2;2;2;2;2;;3;3;3;NA;1;NA;2;NA;;1;1;2;NA;2;1;1;2;NA;NA;NA;NA;NA;;;1;NA;NA;NA;NA;2;2;3;1;3;1;2;2;2;0;0;2;2;0;2;NA;NA;NA;NA;NA;NA;NA;NA;NA;NA;NA;NA;;1;1;1;2;2;2;2;;2;NA;NA;NA;NA;NA;NA;NA;NA;NA;;2;Sans Objet;1;1;1;0;1;0;0;0;0;Sans Objet;1;3;60;1;Sans Objet;Sans Objet;1;Sans Objet;2;Sans Objet;2;Sans Objet;Sans Objet;SEJ1;2;2;2;1;2;2;Sans Objet;CHB1;2;1;2;2;2;2;Sans Objet;21;250;25;250;3;3;Sans Objet;Sans Objet;3;1;3;3;3;3;3;3;3;1;4;4;4
LOG021;147779,6773;14;11;1;2021-avril;2021-mai;11;Île-de-France;75;Paris;2;1;3;7;4;1;1;2;3;NA;NA;2;5;2012;2;1;2;2;2;2;2;;2;NA;;3;NA;;2;1;;1;1;;1;2;;5;NA;NA;NA;3;NA;NA;NA;NA;NA;NA;NA;NA;NA;NA;NA;NA;;3;3;;NA;NA;NA;NA;NA;NA;NA;NA;1;NA;;1;2;2;2;2;2;2;2;2;;3;3;3;NA;1;NA;2;NA;;1;3;1;2;1;1;1;2;NA;NA;NA;NA;NA;;;1;NA;NA;NA;NA;2;2;1;0;1;2;2;2;2;0;0;2;1;0;2;NA;NA;NA;NA;NA;NA;NA;NA;NA;NA;NA;NA;;2;2;NA;NA;NA;NA;NA;;2;NA;NA;NA;NA;NA;NA;NA;NA;NA;;2;Sans Objet;1;1;1;0;1;0;0;0;0;Sans Objet;1;1;32;1;Sans Objet;Sans Objet;1;Sans Objet;2;Sans Objet;2;Sans Objet;Sans Objet;SEJ1;2;1;1;2;2;2;Sans Objet;CHB1;2;1;2;2;2;2;Sans Objet;12;250;32;250;3;3;Sans Objet;Sans Objet;1;3;3;3;3;3;3;3;3;1;4;4;4
LOG022;46293,40783;9;11;0;2021-avril;2021-avril;11;Île-de-France;75;Paris;2;1;2;5;5;1;1;2;1;NA;NA;2;12;1999;NA;NA;NA;NA;NA;NA;1;;1;6;Matériel informatique;3;NA;;3;NA;;1;1;;3;NA;;3;1;2;4;1;2;2;2;2;2;2;2;2;2;1;2;2;;3;6;;NA;NA;NA;NA;NA;NA;NA;NA;1;NA;;2;1;2;2;2;2;2;2;2;;3;3;3;NA;2;NA;2;NA;;1;3;2;NA;1;1;1;2;NA;NA;NA;NA;NA;;;1;NA;NA;NA;NA;2;2;1;0;1;1;2;2;2;0;0;2;1;0;1;NA;NA;NA;NA;NA;NA;NA;NA;NA;NA;NA;NA;;2;2;NA;NA;NA;NA;NA;;2;NA;NA;NA;NA;NA;NA;NA;NA;NA;;2;Sans Objet;1;1;1;0;1;1;0;0;0;Sans Objet;1;3;37;1;Sans Objet;Sans Objet;1;Sans Objet;2;Sans Objet;2;Sans Objet;Sans Objet;SEJ1;2;2;1;2;2;2;Sans Objet;CHB1;2;1;2;2;2;2;Sans Objet;14;250;34;250;3;3;Sans Objet;Sans Objet;3;1;3;3;1;3;3;3;3;1;4;4;4
LOG023;13120,94011;17;11;0;2021-mars;2021-mars;11;Île-de-France;75;Paris;2;4;2;6;5;2;1;1;2;NA;NA;2;3;2014;1;2;2;2;2;2;2;;1;1;;1;1;;2;1;;1;1;;1;1;;4;NA;NA;NA;2;NA;NA;NA;NA;NA;NA;NA;NA;NA;NA;NA;NA;;3;6;;2;2;1;2;2;2;2;2;2;2;;2;1;2;2;2;2;2;2;2;;3;3;2;1;2;NA;2;NA;;1;3;2;NA;1;1;1;2;NA;NA;NA;NA;NA;;;1;NA;NA;NA;NA;2;2;4;2;3;1;2;2;2;0;0;2;2;0;1;NA;NA;NA;NA;NA;NA;NA;NA;NA;NA;NA;NA;;2;2;NA;NA;NA;NA;NA;;2;NA;NA;NA;NA;NA;NA;NA;NA;NA;;2;Sans Objet;0;1;3;0;2;1;0;0;0;Sans Objet;2;1;78;1;Sans Objet;Sans Objet;5;Sans Objet;1;2;2;Sans Objet;Sans Objet;CUS1;1;2;2;2;2;2;Sans Objet;CHB1;2;1;2;2;2;2;Sans Objet;20;190;30;200;3;1;4;1;3;3;3;3;3;3;3;3;3;3;4;3;4
LOG024;2269,429448;20;11;1;2021-mars;2021-mars;11;Île-de-France;75;Paris;1;8;2;1;0;2;2;1;1;NA;NA;2;7;1980;2;1;2;2;2;2;2;;2;NA;;1;3;;1;1;;1;1;;2;1;;2;1;2;2;2;NA;NA;NA;NA;NA;NA;NA;NA;NA;NA;NA;NA;;3;1;;NA;NA;NA;NA;NA;NA;NA;NA;1;NA;;1;2;2;2;2;2;2;2;2;;1;3;3;NA;1;NA;2;NA;;1;3;1;4;1;3;1;1;2;1;2;2;2;;;1;NA;NA;NA;NA;2;2;2;0;2;1;2;2;2;0;0;2;2;0;1;NA;NA;NA;NA;NA;NA;NA;NA;NA;NA;NA;NA;;2;2;NA;NA;NA;NA;NA;;2;NA;NA;NA;NA;NA;NA;NA;NA;NA;;2;Sans Objet;0;1;2;1;2;2;0;0;0;Sans Objet;2;3;195;5;Sans Objet;Sans Objet;5;Sans Objet;1;1;2;Sans Objet;Sans Objet;SEJ1;2;2;2;1;2;2;Sans Objet;CHB1;2;1;2;2;2;2;Sans Objet;16;245;35;360;3;1;4;2;3;3;3;1;3;3;3;4;1;3;4;3;4
LOG025;8149,625566;11;11;0;2021-avril;2021-avril;11;Île-de-France;75;Paris;2;2;2;6;2;2;1;2;2;NA;NA;2;9;2016;2;2;2;2;1;2;2;;1;6;Psychologue;3;NA;;3;NA;;3;NA;;3;NA;;4;NA;NA;NA;2;NA;NA;NA;NA;NA;NA;NA;NA;NA;NA;NA;NA;;3;3;;NA;NA;NA;NA;NA;NA;NA;NA;1;NA;;1;2;2;2;2;2;2;2;2;;3;3;3;NA;1;NA;2;NA;;1;3;1;1;1;1;1;2;NA;NA;NA;NA;NA;;;1;NA;NA;NA;NA;2;2;2;0;2;1;2;2;2;0;0;2;2;2;1;NA;NA;NA;NA;NA;NA;NA;NA;NA;NA;NA;NA;;2;2;NA;NA;NA;NA;NA;;2;NA;NA;NA;NA;NA;NA;NA;NA;NA;;2;Sans Objet;0;1;1;0;1;0;0;0;0;Sans Objet;2;1;50;1;Sans Objet;Sans Objet;1;Sans Objet;1;2;2;Sans Objet;Sans Objet;CUS1;1;2;2;1;2;2;Sans Objet;CHB1;2;1;2;2;2;2;Sans Objet;15;275;35;275;3;1;2;1;3;3;1;3;3;3;3;3;3;3;3;4;4
LOG026;7703,70054;20;11;1;2021-décembre;2021-décembre;11;Île-de-France;75;Paris;2;5;3;5;1;1;1;2;10;1;2002;2;10;2021;2;2;1;2;2;2;2;;2;NA;;1;1;;3;NA;;3;NA;;3;NA;;5;NA;NA;NA;1;2;1;2;2;1;2;2;1;2;2;2;2;;1;9;;NA;NA;NA;NA;NA;NA;NA;NA;NA;NA;;1;2;2;2;2;2;2;2;2;;3;3;3;NA;2;NA;1;8;;1;2;2;NA;1;1;1;2;NA;NA;NA;NA;NA;;;1;NA;NA;NA;NA;2;2;3;0;3;4;1;2;2;0;0;2;2;0;1;NA;NA;NA;NA;NA;NA;NA;NA;NA;NA;NA;NA;;1;2;NA;NA;NA;NA;NA;;1;2;2;2;2;2;2;1;2;2;;2;Sans Objet;1;1;2;0;1;1;0;0;2;entrée et autre;1;1;70;1;Sans Objet;Sans Objet;1;Sans Objet;2;Sans Objet;2;Sans Objet;Sans Objet;SEJ1;2;2;2;1;2;2;Sans Objet;CHB1;2;1;2;2;2;2;Sans Objet;10,8;250,1;30;237,6;3;3;Sans Objet;Sans Objet;3;3;3;3;3;3;3;4;4;4;4;4;4
LOG027;70390,32688;15;11;0;2021-janvier;2021-février;11;Île-de-France;75;Paris;2;1;3;11;6;2;1;1;5;NA;NA;2;5;1967;2;2;1;2;2;2;2;;2;NA;;1;1;;3;NA;;3;NA;;3;NA;;4;NA;NA;NA;2;NA;NA;NA;NA;NA;NA;NA;NA;NA;NA;NA;NA;;1;7;;NA;NA;NA;NA;NA;NA;NA;NA;1;NA;;2;2;1;2;2;2;2;2;2;;3;3;2;2;2;NA;2;NA;;1;3;2;NA;1;1;1;2;NA;NA;NA;NA;NA;;;1;NA;NA;NA;NA;2;2;1;0;1;1;2;2;2;0;0;2;1;0;1;NA;NA;NA;NA;NA;NA;NA;NA;NA;NA;NA;NA;;1;2;NA;NA;NA;NA;NA;;2;NA;NA;NA;NA;NA;NA;NA;NA;NA;;2;Sans Objet;0;1;1;0;1;0;0;0;0;Sans Objet;2;1;29;1;Sans Objet;Sans Objet;1;Sans Objet;2;Sans Objet;2;Sans Objet;Sans Objet;CUS1;2;2;1;2;2;2;Sans Objet;CHB1;2;1;2;2;2;2;Sans Objet;7;250;15;250;3;3;Sans Objet;Sans Objet;3;3;1;1;3;3;3;3;3;3;4;4;4
LOG028;5060,450179;9;11;0;2023-janvier;2023-janvier;11;Île-de-France;75;Paris;2;6;5;6;4;1;1;2;2;NA;NA;2;1;2015;2;2;2;2;1;2;2;;1;6;Agence de communication;3;NA;;3;NA;;2;5;;2;5;;4;NA;NA;NA;2;NA;NA;NA;NA;NA;NA;NA;NA;NA;NA;NA;NA;;1;3;;NA;NA;NA;NA;NA;NA;NA;NA;1;NA;;1;2;2;2;2;2;2;2;2;;3;3;3;NA;1;NA;1;6;;1;3;1;1;1;1;1;1;2;1;2;2;2;;;1;NA;NA;NA;NA;2;2;3;0;3;1;2;2;2;1;0;2;2;0;1;NA;NA;NA;NA;NA;NA;NA;NA;NA;NA;NA;NA;;1;2;NA;NA;NA;NA;NA;;2;NA;NA;NA;NA;NA;NA;NA;NA;NA;;2;Sans Objet;1;2;3;1;2;1;0;0;2;"entree;couloir";1;1;109;1;Sans Objet;Sans Objet;1;Sans Objet;1;2;2;Sans Objet;Sans Objet;SEJ1;2;1;2;2;2;2;Sans Objet;CHB1;2;1;2;2;2;2;Sans Objet;14;282;21,5;282;3;1;3;2;1;4;1;1;4;4;4;5;1;1;5;5;5
LOG029;8322,487556;3;11;0;2021-janvier;2021-février;11;Île-de-France;75;Paris;2;3;3;6;5;1;1;1;2;NA;NA;2;12;2012;2;2;2;2;1;2;2;;1;6;Tabac et parfumerie;2;1;;2;1;;2;1;;2;1;;4;NA;NA;NA;2;NA;NA;NA;NA;NA;NA;NA;NA;NA;NA;NA;NA;;3;3;;NA;NA;NA;NA;NA;NA;NA;NA;1;NA;;1;2;2;2;2;2;2;2;2;;3;3;3;NA;2;NA;2;NA;;1;3;1;5;1;1;1;2;NA;NA;NA;NA;NA;;;1;NA;NA;NA;NA;2;2;3;1;3;1;2;2;2;0;0;2;2;0;1;NA;NA;NA;NA;NA;NA;NA;NA;NA;NA;NA;NA;;2;2;NA;NA;NA;NA;NA;;2;NA;NA;NA;NA;NA;NA;NA;NA;NA;;2;Sans Objet;1;1;2;0;1;1;0;0;0;Sans Objet;1;1;59;1;Sans Objet;Sans Objet;1;Sans Objet;2;Sans Objet;2;Sans Objet;Sans Objet;SEJ1;2;2;1;2;2;2;Sans Objet;CHB1;2;1;2;2;2;2;Sans Objet;15;250;25;250;3;3;Sans Objet;Sans Objet;3;3;1;1;3;3;3;3;3;1;3;3;4
LOG030;9415,31298;11;11;0;2021-avril;2021-mai;11;Île-de-France;75;Paris;2;1;2;6;4;2;2;2;2;NA;NA;2;10;2015;2;2;2;2;1;2;2;;2;NA;;3;NA;;3;NA;;3;NA;;2;1;;4;NA;NA;NA;3;NA;NA;NA;NA;NA;NA;NA;NA;NA;NA;NA;NA;;3;6;;NA;NA;NA;NA;NA;NA;NA;NA;1;NA;;2;1;2;2;2;2;2;2;2;;2;3;3;NA;2;NA;2;NA;;1;3;1;2;2;1;1;2;NA;NA;NA;NA;NA;;;1;NA;NA;NA;NA;2;2;2;0;2;1;2;2;2;0;0;2;2;0;2;NA;NA;NA;NA;NA;NA;NA;NA;NA;NA;NA;NA;;1;2;NA;NA;NA;NA;NA;;1;2;2;2;2;2;2;1;2;2;;2;Sans Objet;0;1;1;0;1;0;0;0;0;Sans Objet;2;1;45;1;Sans Objet;Sans Objet;1;Sans Objet;2;Sans Objet;1;1;2;CUS1;2;2;1;2;2;2;Sans Objet;CHB1;2;1;2;2;2;2;Sans Objet;24;250;24;250;3;1;3;1;3;3;3;1;3;3;3;3;3;3;4;4;4
LOG031;33494,44644;14;11;0;2021-février;2021-février;11;Île-de-France;75;Paris;2;3;1;7;0;2;1;1;8;NA;NA;2;7;2014;2;2;1;2;2;2;2;;2;NA;;3;NA;;2;4;;2;1;;3;NA;;3;2;2;2;2;NA;NA;NA;NA;NA;NA;NA;NA;NA;NA;NA;NA;;1;7;;NA;NA;NA;NA;NA;NA;NA;NA;NA;1;;1;2;2;2;2;2;2;2;2;;3;3;3;NA;2;NA;1;9;;1;3;2;NA;1;1;1;2;NA;NA;NA;NA;NA;;;1;NA;NA;NA;NA;2;2;2;0;2;1;2;2;2;0;0;2;2;0;1;NA;NA;NA;NA;NA;NA;NA;NA;NA;NA;NA;NA;;1;1;1;2;2;2;2;;2;2;2;2;2;2;2;2;2;2;;2;Sans Objet;0;1;2;0;1;1;0;0;0;Sans Objet;2;2;52;4;Sans Objet;Sans Objet;1;Sans Objet;1;2;2;Sans Objet;Sans Objet;CUS1;1;2;2;1;2;2;Sans Objet;CHB1;2;1;2;2;2;2;Sans Objet;10;250;27,5;250;3;3;Sans Objet;Sans Objet;3;3;3;3;3;3;3;4;3;1;3;4;4
LOG032;30564,14201;14;11;0;2021-décembre;2021-décembre;11;Île-de-France;75;Paris;2;6;2;8;5;2;1;2;3;NA;NA;2;5;1994;NA;NA;NA;NA;NA;NA;1;;1;6;Boucherie et café tabac;3;NA;;3;NA;;2;1;;3;NA;;3;1;2;3;2;NA;NA;NA;NA;NA;NA;NA;NA;NA;NA;NA;NA;;1;7;;NA;NA;NA;NA;NA;NA;NA;NA;1;NA;;1;2;2;2;2;2;2;2;2;;3;3;3;NA;1;NA;1;9;;1;3;1;1;2;3;3;2;NA;NA;NA;NA;NA;;;1;NA;NA;NA;NA;2;2;2;0;2;2;2;2;2;0;0;2;2;0;1;NA;NA;NA;NA;NA;NA;NA;NA;NA;NA;NA;NA;;1;2;NA;NA;NA;NA;NA;;1;2;2;2;2;2;2;1;2;2;;2;Sans Objet;1;1;1;1;1;1;0;0;2;couloir, placard;1;2;90;1;Sans Objet;Sans Objet;1;Sans Objet;1;2;2;Sans Objet;Sans Objet;SEJ1;2;2;2;1;2;2;Sans Objet;CHB1;2;1;1;2;2;2;Sans Objet;15,1;266,9;31;265;3;3;Sans Objet;Sans Objet;3;3;3;3;3;3;3;3;3;3;3;3;3
LOG033;38073,12882;110;32;0;2021-octobre;2021-octobre;32;Hauts-de-France;60;Oise;1;4;6;1;0;2;3;1;10;1;2001;2;12;2001;1;2;2;2;2;2;2;;2;NA;;3;NA;;3;NA;;3;NA;;2;5;;1;2;2;2;2;NA;NA;NA;NA;NA;NA;NA;NA;NA;NA;NA;NA;;2;3;;2;2;2;2;1;2;2;2;2;2;;2;2;1;2;2;2;2;2;2;;3;1;3;NA;3;NA;1;7;Panneau solaire;1;3;1;2;2;1;1;2;NA;NA;NA;NA;NA;;;2;2;2;1;2;2;2;2;0;2;1;2;2;2;0;0;2;2;0;1;NA;NA;NA;NA;NA;NA;NA;NA;NA;NA;NA;NA;;2;1;1;2;1;2;2;;1;1;2;2;2;2;2;2;2;2;;2;Sans Objet;0;1;3;1;2;1;0;0;2;garage et entrée;2;1;110;5;Sans Objet;Sans Objet;3;Sans Objet;2;Sans Objet;1;1;3;CUS1;1;2;2;1;2;2;Sans Objet;CHB1;2;1;2;2;2;2;Sans Objet;14,16;301;75,05;243;3;3;Sans Objet;Sans Objet;3;3;3;3;3;3;3;4;3;1;4;4;4
LOG034;22547,98631;110;32;0;2021-juin;2021-juillet;32;Hauts-de-France;60;Oise;1;10;9;3;0;2;2;1;2;NA;NA;2;4;2007;2;1;2;2;1;2;2;;2;NA;;1;1;;1;1;;1;1;;3;NA;;3;2;2;1;1;1;1;1;2;2;2;2;2;2;2;2;2;;2;3;;2;2;2;2;1;2;2;2;2;2;;1;2;2;2;2;2;1;2;2;;2;3;3;NA;2;NA;1;3;;1;3;1;2;1;1;1;2;NA;NA;NA;NA;NA;;;1;NA;NA;NA;NA;2;2;6;2;3;1;2;2;2;0;0;2;2;0;2;NA;NA;NA;NA;NA;NA;NA;NA;NA;NA;NA;NA;;1;2;NA;NA;NA;NA;NA;;2;NA;NA;NA;NA;NA;NA;NA;NA;NA;;2;Sans Objet;1;2;6;2;3;2;0;0;1;cave;1;2;600;6;Sans Objet;2;3;Sans Objet;1;1;1;2;2;SEJ1;2;2;2;1;2;2;Sans Objet;CHB1;2;1;2;2;2;2;Sans Objet;22,7;307;40,5;347;3;1;3;1;3;3;3;3;3;3;3;4;3;1;4;4;4
LOG035;59167,67196;108;32;0;2021-août;2021-août;32;Hauts-de-France;60;Oise;1;6;4;2;0;2;2;1;3;NA;NA;2;2;2015;2;2;2;1;2;2;2;;2;NA;;3;NA;;3;NA;;3;NA;;3;NA;;1;2;2;1;2;NA;NA;NA;NA;NA;NA;NA;NA;NA;NA;NA;NA;;2;7;;2;2;2;2;2;2;1;2;2;2;;2;2;2;2;2;2;2;2;1;Pompe à chaleur;3;3;3;NA;2;NA;1;6;;1;3;1;1;2;1;3;1;2;1;2;2;2;;;1;NA;NA;NA;NA;2;2;4;2;3;1;2;2;2;0;0;2;0;0;2;NA;NA;NA;NA;NA;NA;NA;NA;NA;NA;NA;NA;;1;1;2;2;1;2;2;;1;1;2;2;2;2;2;2;2;2;;2;Sans Objet;1;1;3;1;1;1;1;0;1;escalier palier;1;1;220;5;Sans Objet;Sans Objet;3;Sans Objet;2;Sans Objet;2;Sans Objet;Sans Objet;SEJ1;2;2;2;1;2;2;Sans Objet;CHB1;2;1;2;2;2;2;Sans Objet;13,8;292;34,3;256;3;1;4;1;1;3;3;1;1;3;3;4;3;3;3;3;3
LOG036;16103,68352;116;32;0;2020-novembre;2020-décembre;32;Hauts-de-France;62;Pas-de-Calais;1;6;5;1;0;2;3;1;12;1;2018;2;4;2018;2;2;2;1;2;2;2;;2;NA;;2;5;Activité agricole;1;3;;3;NA;;3;NA;;4;NA;NA;NA;2;NA;NA;NA;NA;NA;NA;NA;NA;NA;NA;NA;NA;;3;10;;NA;NA;NA;NA;NA;NA;NA;NA;1;NA;;2;1;2;2;1;2;2;2;2;;3;3;3;NA;2;NA;1;7;Pompe à chaleur;1;3;1;2;3;1;1;1;1;2;2;1;2;;;1;NA;NA;NA;NA;2;2;4;2;3;1;2;2;2;0;0;2;2;0;1;NA;NA;NA;NA;NA;NA;NA;NA;NA;NA;NA;NA;;2;1;2;2;1;2;2;;1;1;2;2;1;2;2;2;2;2;;2;Sans Objet;0;1;4;1;2;2;1;0;1;garage;2;1;165;5;Sans Objet;Sans Objet;5;Sans Objet;2;Sans Objet;1;1;1;CUS1;1;2;2;1;2;2;Sans Objet;CHB1;2;1;2;2;2;2;Sans Objet;15;244;40;242;3;3;Sans Objet;Sans Objet;3;3;3;3;3;3;1;3;3;3;4;3;4
LOG037;152546,6886;115;32;0;2021-avril;2021-mai;32;Hauts-de-France;62;Pas-de-Calais;2;3;3;3;1;2;2;2;6;NA;NA;2;5;2019;2;2;1;2;2;2;2;;1;6;Banque;2;5;Pollution;3;NA;;1;7;Oiseaux;3;NA;;1;1;1;1;2;NA;NA;NA;NA;NA;NA;NA;NA;NA;NA;NA;NA;;3;6;;2;2;2;2;1;2;2;2;2;2;;2;2;1;2;2;2;2;2;2;;3;2;2;2;3;NA;1;6;;1;3;2;NA;2;3;1;1;2;1;2;2;2;;;1;NA;NA;NA;NA;2;2;1;0;1;1;2;2;2;0;0;2;1;0;1;NA;NA;NA;NA;NA;NA;NA;NA;NA;NA;NA;NA;;1;2;NA;NA;NA;NA;NA;;1;2;2;2;2;2;2;1;2;2;;2;Sans Objet;0;1;1;1;1;1;0;0;2;cellier et couloir;2;1;137;3;Sans Objet;Sans Objet;4;Sans Objet;2;Sans Objet;2;Sans Objet;Sans Objet;CUS1;1;2;2;1;2;2;Sans Objet;CHB1;2;1;2;2;2;2;Sans Objet;13;265;60;265;3;3;Sans Objet;Sans Objet;3;3;3;3;3;3;3;3;3;3;3;3;3
LOG038;15333,49551;118;32;0;2021-juin;2021-juin;32;Hauts-de-France;80;Somme;1;11;12;4;0;2;2;1;1;NA;NA;2;3;1999;2;1;2;2;1;2;2;;2;NA;;3;NA;;3;NA;;3;NA;;3;NA;;3;2;2;2;2;NA;NA;NA;NA;NA;NA;NA;NA;NA;NA;NA;NA;;2;3;;NA;NA;NA;NA;NA;NA;NA;NA;1;NA;;1;2;2;2;2;2;2;2;2;;2;3;3;NA;2;NA;1;6;;1;3;1;1;2;1;1;2;NA;NA;NA;NA;NA;;;2;2;2;1;2;2;2;2;0;5;2;2;2;2;0;0;2;2;0;2;NA;NA;NA;NA;NA;NA;NA;NA;NA;NA;NA;NA;;2;2;NA;NA;NA;NA;NA;;2;NA;NA;NA;NA;NA;NA;NA;NA;NA;;2;Sans Objet;1;2;6;2;3;2;1;0;2;entrée et cave;1;2;245;6;Sans Objet;2;3;Sans Objet;1;1;2;Sans Objet;Sans Objet;SEJ1;2;2;2;1;2;2;Sans Objet;CHB1;2;1;2;2;2;2;Sans Objet;17,17;328;23,17;335;3;1;4;1;1;3;1;1;3;3;3;4;3;1;4;3;4
LOG039;82057,85813;111;32;0;2021-août;2021-août;32;Hauts-de-France;60;Oise;1;2;8;1;0;2;2;1;10;1;2002;2;8;2018;2;2;2;1;2;2;2;;2;NA;;3;NA;;3;NA;;3;NA;;3;NA;;1;1;2;2;1;2;1;2;2;2;2;2;2;2;2;2;2;;2;3;;2;2;2;2;1;2;2;2;2;2;;1;2;2;2;2;2;2;2;2;;1;3;3;NA;1;NA;1;3;;1;3;2;NA;2;1;3;1;2;1;2;2;2;;;2;2;2;1;2;2;2;4;1;3;1;1;2;2;0;0;2;0;2;2;NA;NA;NA;NA;NA;NA;NA;NA;NA;NA;NA;NA;;2;2;NA;NA;NA;NA;NA;;1;2;2;2;2;2;2;2;1;2;Forêt;2;Sans Objet;0;1;4;0;2;1;0;0;3;entree,escalier,sous-sol;2;3;120;7;Sans Objet;1;3;Sans Objet;2;Sans Objet;1;1;1;CUS1;1;2;2;1;2;2;Sans Objet;CHB1;2;1;2;2;2;2;Sans Objet;11,17;247;38,8;248;NA;NA;Sans Objet;Sans Objet;NA;NA;NA;NA;NA;NA;NA;NA;NA;NA;NA;NA;NA
LOG040;66177,9313;106;32;0;2021-septembre;2021-septembre;32;Hauts-de-France;59;Nord;1;4;6;2;0;2;2;1;2;NA;NA;2;NA;1972;2;1;2;2;2;2;2;;2;NA;;3;NA;;3;NA;;1;1;;3;NA;;3;2;2;1;1;2;2;2;1;2;2;2;2;2;2;2;2;;2;10;;2;2;1;2;2;2;2;2;2;2;;2;2;2;2;2;2;2;2;1;Splits;3;3;3;NA;2;NA;1;6;;1;3;1;1;1;1;1;2;NA;NA;NA;NA;NA;;;1;NA;NA;NA;NA;2;2;1;0;1;2;2;2;2;0;0;2;0;0;2;NA;NA;NA;NA;NA;NA;NA;NA;NA;NA;NA;NA;;2;2;NA;NA;NA;NA;NA;;2;NA;NA;NA;NA;NA;NA;NA;NA;NA;;2;Sans Objet;0;1;3;0;1;1;0;0;1;cave;2;2;100;8;Sans Objet;Sans Objet;5;Sans Objet;1;1;2;Sans Objet;Sans Objet;SEJ1;2;2;1;1;2;2;Sans Objet;CHB1;2;1;2;2;2;2;Sans Objet;10,39;245;30,62;252;3;3;Sans Objet;Sans Objet;3;3;3;3;3;3;3;3;3;3;4;4;4
LOG041;105199,3386;105;32;0;2021-février;2021-février;32;Hauts-de-France;59;Nord;1;6;6;3;0;2;2;1;7;NA;NA;2;7;1983;2;1;2;1;2;2;2;;2;NA;;3;NA;;3;NA;;3;NA;;3;NA;;3;1;2;1;2;NA;NA;NA;NA;NA;NA;NA;NA;NA;NA;NA;NA;;2;3;;2;2;2;2;2;1;2;2;2;2;;1;2;2;2;2;2;2;2;2;;3;3;3;NA;1;NA;1;3;;1;3;1;4;2;1;1;1;1;2;2;2;2;;;2;2;2;1;2;2;2;2;0;2;2;1;2;2;0;3;2;0;0;1;NA;NA;NA;NA;NA;NA;NA;NA;NA;NA;NA;NA;;1;2;NA;NA;NA;NA;NA;;1;2;2;2;1;2;2;2;1;2;Champignonnière;2;Sans Objet;1;1;4;0;1;2;0;1;1;garage;1;2;100;8;Sans Objet;Sans Objet;3;Sans Objet;2;Sans Objet;1;1;3;SEJ1;2;2;2;1;2;2;Sans Objet;CHB1;2;1;2;2;2;2;Sans Objet;15;239;24;250;3;3;Sans Objet;Sans Objet;3;3;1;3;3;3;3;4;3;1;4;3;4
LOG042;20403,08418;98;32;0;2020-décembre;2020-décembre;84;Auvergne-Rhône-Alpes;26;Drôme;1;5;5;2;0;2;3;1;3;NA;NA;2;9;2011;2;1;2;2;2;2;2;;2;NA;;3;NA;;1;1;;1;1;;1;1;;3;1;1;1;1;2;2;2;2;2;1;2;2;2;2;2;2;;2;3;;NA;NA;NA;NA;NA;NA;NA;NA;1;NA;;1;2;2;2;2;2;2;2;2;;2;3;2;1;2;NA;1;3;;1;3;1;1;1;1;1;2;NA;NA;NA;NA;NA;;;1;NA;NA;NA;NA;2;2;4;2;3;1;2;2;2;0;0;2;2;0;1;NA;NA;NA;NA;NA;NA;NA;NA;NA;NA;NA;NA;;2;2;NA;NA;NA;NA;NA;;1;2;2;2;2;2;2;1;2;2;;2;Sans Objet;0;1;4;0;2;1;0;0;4;cave, escalier x2, entrée;2;2;150;6;Sans Objet;1;5;Sans Objet;1;1;2;Sans Objet;Sans Objet;CUS1;1;2;2;1;2;2;Sans Objet;CHB1;2;1;2;2;2;2;Sans Objet;13;305;40;320;3;1;4;1;3;1;1;3;3;3;3;3;1;1;4;4;4
LOG043;32311,22033;105;32;0;2021-février;2021-février;32;Hauts-de-France;59;Nord;1;5;6;2;0;2;3;1;6;NA;NA;2;12;2007;2;1;2;2;2;2;2;;2;NA;;3;NA;;2;4;;3;NA;;3;NA;;1;1;2;2;1;2;1;2;2;1;2;2;2;2;2;2;2;;2;3;;NA;NA;NA;NA;NA;NA;NA;NA;1;NA;;1;2;2;2;2;2;2;2;2;;3;3;3;NA;3;NA;1;3;;1;3;1;2;2;1;3;2;NA;NA;NA;NA;NA;;;1;NA;NA;NA;NA;2;2;4;0;3;1;2;2;2;0;0;2;2;0;1;NA;NA;NA;NA;NA;NA;NA;NA;NA;NA;NA;NA;;1;1;2;2;1;2;2;;1;1;2;2;2;2;2;1;2;2;;2;Sans Objet;0;1;4;0;1;1;0;1;1;garage;2;1;120;8;Sans Objet;Sans Objet;3;Sans Objet;2;Sans Objet;1;1;3;CUS1;1;2;2;1;2;2;Sans Objet;CHB1;2;1;2;2;2;2;Sans Objet;11,61;250;31;250;3;1;4;1;3;3;3;1;3;3;3;3;4;1;4;4;3
LOG044;34989,35864;97;32;0;2021-septembre;2021-octobre;75;Nouvelle-Aquitaine;23;Creuse;1;7;7;2;0;2;2;1;3;NA;NA;2;8;1999;2;1;2;2;2;2;2;;2;NA;;2;5;Activité agricole;2;3;;3;NA;;3;NA;;1;1;1;1;2;NA;NA;NA;NA;NA;NA;NA;NA;NA;NA;NA;NA;;2;6;;2;2;2;2;1;2;2;2;2;2;;1;2;2;2;2;2;1;2;2;;1;3;3;NA;2;NA;1;6;;1;3;1;1;2;1;1;2;NA;NA;NA;NA;NA;;;2;2;2;1;2;2;2;2;0;2;2;2;2;2;0;0;2;0;0;2;NA;NA;NA;NA;NA;NA;NA;NA;NA;NA;NA;NA;;2;1;2;2;1;2;2;;1;1;2;2;2;2;2;2;2;2;;2;Sans Objet;1;1;4;1;2;1;0;1;4;garage/cave/escalier/grenier;1;2;160;8;Sans Objet;Sans Objet;3;Sans Objet;1;1;1;1;1;SEJ1;2;2;2;1;2;2;Sans Objet;CHB1;2;1;2;2;2;2;Sans Objet;16,5;258;44,83;260;3;3;Sans Objet;Sans Objet;3;3;3;3;3;3;3;4;3;3;3;4;4
LOG045;26514,25652;107;32;1;2021-février;2021-février;32;Hauts-de-France;59;Nord;2;4;3;2;1;2;2;2;5;NA;NA;2;10;2019;2;1;2;2;2;2;2;;2;NA;;2;3;;3;NA;;3;NA;;3;NA;;2;1;2;2;2;NA;NA;NA;NA;NA;NA;NA;NA;NA;NA;NA;NA;;1;3;;NA;NA;NA;NA;NA;NA;NA;NA;1;NA;;1;2;2;2;2;2;2;2;2;;3;3;3;NA;3;NA;1;3;;1;3;1;3;1;1;1;2;NA;NA;NA;NA;NA;;;1;NA;NA;NA;NA;2;2;2;1;2;1;1;2;2;1;1;2;1;0;1;NA;NA;NA;NA;NA;NA;NA;NA;NA;NA;NA;NA;;1;2;NA;NA;NA;NA;NA;;2;NA;NA;NA;NA;NA;NA;NA;NA;NA;;2;Sans Objet;1;1;2;0;1;1;0;0;0;Sans Objet;1;1;65;1;Sans Objet;Sans Objet;1;Sans Objet;1;2;2;Sans Objet;Sans Objet;SEJ1;2;1;2;1;2;1;SALLE DE JEUX ENFANT;CHB1;2;1;2;2;2;2;Sans Objet;14;249;30,86;249;3;1;4;1;3;1;3;1;3;3;1;3;3;1;4;4;4
LOG046;113616,9177;105;32;0;2021-mars;2021-avril;32;Hauts-de-France;62;Pas-de-Calais;1;4;5;1;0;2;3;1;12;1;2019;2;10;2019;2;1;2;2;2;2;2;;2;NA;;2;3;;1;2;;3;NA;;3;NA;;4;NA;NA;NA;1;2;1;2;2;1;2;2;1;1;2;2;2;;3;5;;2;2;2;2;2;1;2;2;2;2;;2;1;2;2;2;2;2;1;2;;3;1;3;NA;2;NA;1;6;;1;3;1;2;3;2;2;2;NA;NA;NA;NA;NA;;;1;NA;NA;NA;NA;2;2;2;0;2;1;1;2;2;0;0;2;2;0;1;NA;NA;NA;NA;NA;NA;NA;NA;NA;NA;NA;NA;;1;2;NA;NA;NA;NA;NA;;1;2;2;2;2;2;2;2;1;2;Bois/Zone protégée;2;Sans Objet;0;1;3;0;1;1;0;0;1;garage;2;1;92;5;Sans Objet;Sans Objet;3;Sans Objet;2;Sans Objet;1;1;3;CUS1;1;2;1;1;2;2;Sans Objet;CHB1;2;1;2;2;2;2;Sans Objet;14,85;240;30;239;1;1;4;1;1;3;1;1;1;1;3;1;3;1;3;4;4
LOG047;206922,6731;108;32;0;2021-mai;2021-juin;32;Hauts-de-France;80;Somme;1;3;3;2;0;2;3;1;11;NA;NA;2;8;2020;2;1;2;1;2;2;2;;2;NA;;3;NA;;3;NA;;3;NA;;3;NA;;4;NA;NA;NA;2;NA;NA;NA;NA;NA;NA;NA;NA;NA;NA;NA;NA;;3;5;;2;2;2;2;2;1;2;2;2;2;;2;1;2;2;2;2;2;1;2;;3;1;3;NA;2;NA;1;6;;1;3;1;4;1;3;1;1;2;1;2;2;2;;;1;NA;NA;NA;NA;2;2;2;0;2;1;2;2;2;0;0;2;2;0;2;NA;NA;NA;NA;NA;NA;NA;NA;NA;NA;NA;NA;;2;1;1;2;2;2;2;;1;2;2;2;2;2;2;1;2;2;;2;Sans Objet;0;1;2;0;1;0;0;0;1;garage;2;3;75;6;Sans Objet;1;3;Sans Objet;1;2;1;1;3;CUS1;1;2;1;1;2;2;Sans Objet;CHB1;2;1;2;2;2;2;Sans Objet;17,31;255;27,78;235;3;1;4;1;2;1;1;1;3;3;3;3;3;1;3;4;4
LOG048;75794,70317;104;32;0;2021-janvier;2021-janvier;32;Hauts-de-France;59;Nord;2;2;4;2;1;2;2;2;4;NA;NA;2;1;2015;2;1;2;2;2;2;2;;2;NA;;3;NA;;3;NA;;1;1;;2;5;;4;NA;NA;NA;2;NA;NA;NA;NA;NA;NA;NA;NA;NA;NA;NA;NA;;3;6;;NA;NA;NA;NA;NA;NA;NA;NA;1;NA;;1;2;2;2;2;2;2;2;2;;3;3;3;NA;2;NA;1;6;;1;3;1;2;2;1;1;1;1;2;2;2;2;;;1;NA;NA;NA;NA;2;2;1;0;1;1;1;2;2;0;0;2;1;0;1;0;0;1;0;0;2;2;2;2;2;2;1;;2;1;2;2;2;2;1;circulation, immeuble se trouve à un carrefour;2;NA;NA;NA;NA;NA;NA;NA;NA;NA;;2;Sans Objet;0;1;1;1;1;0;0;0;1;entrée;2;1;49;1;Sans Objet;Sans Objet;3;Sans Objet;2;Sans Objet;2;Sans Objet;Sans Objet;CUS1;1;2;2;1;2;2;Sans Objet;CHB1;2;1;2;2;2;2;Sans Objet;10,85;244;24,34;248;3;3;Sans Objet;Sans Objet;3;3;1;3;3;3;3;3;3;1;4;3;4
LOG049;126293,3534;114;32;1;2021-mars;2021-mars;32;Hauts-de-France;62;Pas-de-Calais;1;4;4;0;0;1;3;1;8;NA;NA;2;10;2011;2;1;2;2;2;2;2;;2;NA;;1;1;;3;NA;;1;1;;1;1;;1;1;2;1;2;NA;NA;NA;NA;NA;NA;NA;NA;NA;NA;NA;NA;;2;3;;NA;NA;NA;NA;NA;NA;NA;NA;1;NA;;1;2;2;2;2;2;2;2;2;;3;3;3;NA;3;NA;1;3;;1;3;1;3;2;1;1;1;2;2;2;2;1;Poissons;;1;NA;NA;NA;NA;2;2;2;0;2;2;2;2;2;0;0;2;2;0;1;NA;NA;NA;NA;NA;NA;NA;NA;NA;NA;NA;NA;;2;2;NA;NA;NA;NA;NA;;2;NA;NA;NA;NA;NA;NA;NA;NA;NA;;2;Sans Objet;1;1;2;0;1;1;0;0;1;garage;1;1;86;5;Sans Objet;Sans Objet;3;Sans Objet;2;Sans Objet;1;1;3;SEJ1;2;2;2;1;2;2;Sans Objet;CHB1;2;1;2;2;2;2;Sans Objet;10;250;21,7;248;NA;NA;Sans Objet;Sans Objet;NA;NA;NA;NA;NA;NA;NA;NA;NA;NA;NA;NA;NA
LOG050;136111,0786;115;32;1;2021-avril;2021-avril;32;Hauts-de-France;62;Pas-de-Calais;2;3;3;14;7;1;1;2;6;NA;NA;2;1;2018;NA;NA;NA;NA;NA;NA;1;;2;NA;;3;NA;;3;NA;;2;1;;2;1;;4;NA;NA;NA;2;NA;NA;NA;NA;NA;NA;NA;NA;NA;NA;NA;NA;;1;3;;NA;NA;NA;NA;NA;NA;NA;NA;1;NA;;1;2;2;2;2;2;2;2;2;;3;3;3;NA;1;NA;1;3;;1;3;2;NA;1;1;1;2;NA;NA;NA;NA;NA;;;1;NA;NA;NA;NA;2;2;1;0;1;2;2;2;2;0;0;2;1;0;2;NA;NA;NA;NA;NA;NA;NA;NA;NA;NA;NA;NA;;2;2;NA;NA;NA;NA;NA;;2;NA;NA;NA;NA;NA;NA;NA;NA;NA;;2;Sans Objet;1;0;1;1;1;1;0;0;1;entrée;1;3;56;1;Sans Objet;Sans Objet;1;Sans Objet;1;2;2;Sans Objet;Sans Objet;SEJ1;2;2;2;1;2;2;Sans Objet;CHB1;2;1;2;2;2;2;Sans Objet;14,3;250;22,1;250;3;1;4;4;3;3;3;3;3;3;3;3;3;3;3;3;4
LOG051;34031,97752;109;32;0;2021-juillet;2021-juillet;32;Hauts-de-France;60;Oise;1;4;6;2;0;2;2;1;9;2;NA;2;6;2015;2;2;2;1;2;2;2;;2;NA;;3;NA;;2;3;;3;NA;;3;NA;;4;NA;NA;NA;2;NA;NA;NA;NA;NA;NA;NA;NA;NA;NA;NA;NA;;2;5;;2;2;2;2;2;1;2;2;2;2;;2;2;2;2;2;2;1;2;2;;1;3;3;NA;2;NA;1;6;;1;2;1;4;2;1;1;1;2;1;2;2;1;Poules;;1;NA;NA;NA;NA;2;2;4;2;3;1;2;2;2;0;0;2;2;0;2;NA;NA;NA;NA;NA;NA;NA;NA;NA;NA;NA;NA;;1;1;2;2;1;2;2;;1;1;2;2;2;2;2;2;2;2;;2;Sans Objet;0;1;2;1;2;1;0;0;1;sous sol;2;3;150;7;Sans Objet;1;3;Sans Objet;1;1;2;Sans Objet;Sans Objet;SEJ1;1;2;2;2;2;2;Sans Objet;CHB1;2;1;2;2;2;2;Sans Objet;15,1;251;60,09;245;3;3;Sans Objet;Sans Objet;2;3;3;3;1;3;3;3;1;1;4;3;4
LOG052;727708,4799;115;32;0;2021-mai;2021-mai;32;Hauts-de-France;62;Pas-de-Calais;2;2;1;1;1;1;2;2;2;NA;NA;2;8;2018;2;2;2;2;1;2;2;;2;NA;;1;1;;1;1;;1;1;;1;1;;4;NA;NA;NA;2;NA;NA;NA;NA;NA;NA;NA;NA;NA;NA;NA;NA;;3;6;;NA;NA;NA;NA;NA;NA;NA;NA;1;NA;;2;1;2;2;2;2;2;2;2;;3;3;3;NA;2;NA;1;6;;1;2;2;NA;2;5;5;1;1;2;2;2;1;Poissons, lapin;;1;NA;NA;NA;NA;2;2;2;0;2;1;2;2;2;0;0;2;2;0;1;NA;NA;NA;NA;NA;NA;NA;NA;NA;NA;NA;NA;;2;2;NA;NA;NA;NA;NA;;2;NA;NA;NA;NA;NA;NA;NA;NA;NA;;2;Sans Objet;0;1;1;0;1;0;0;0;0;Sans Objet;2;3;33;1;Sans Objet;Sans Objet;1;Sans Objet;2;Sans Objet;2;Sans Objet;Sans Objet;CUS1;1;2;1;1;2;2;Sans Objet;CHB1;2;1;2;2;2;1;CAGES AVEC CHIENS ;12;280;13,3;280;NA;NA;Sans Objet;Sans Objet;NA;NA;NA;NA;NA;NA;NA;NA;NA;NA;NA;NA;NA
LOG053;68009,1483;102;32;0;2021-septembre;2021-septembre;32;Hauts-de-France;59;Nord;1;5;4;1;0;1;2;1;11;NA;NA;2;7;2020;NA;NA;NA;NA;NA;NA;1;;2;NA;;3;NA;;3;NA;;2;1;;3;NA;;1;1;2;2;2;NA;NA;NA;NA;NA;NA;NA;NA;NA;NA;NA;NA;;2;3;;NA;NA;NA;NA;NA;NA;NA;NA;1;NA;;1;2;2;2;2;2;2;2;2;;3;3;3;NA;2;NA;1;6;;1;3;1;1;3;2;1;1;1;1;2;2;2;;;2;2;2;1;2;2;2;5;2;3;1;1;2;2;0;0;2;1;0;2;NA;NA;NA;NA;NA;NA;NA;NA;NA;NA;NA;NA;;2;2;NA;NA;NA;NA;NA;;1;1;2;2;1;2;2;2;2;2;;2;Sans Objet;1;2;4;0;1;0;0;0;0;Sans Objet;1;1;135;6;Sans Objet;2;3;Sans Objet;1;2;2;Sans Objet;Sans Objet;SEJ1;2;2;2;1;2;2;Sans Objet;CHB1;2;1;2;2;2;2;Sans Objet;10,7;279;13,55;281;3;1;3;2;3;3;3;1;3;3;3;3;1;3;4;3;4
LOG054;29297,10777;107;32;0;2021-janvier;2021-janvier;32;Hauts-de-France;59;Nord;1;4;5;2;0;2;3;1;3;NA;NA;1;NA;NA;2;1;2;2;2;2;2;;2;NA;;3;NA;;3;NA;;2;5;;3;NA;;5;NA;NA;NA;2;NA;NA;NA;NA;NA;NA;NA;NA;NA;NA;NA;NA;;2;3;;NA;NA;NA;NA;NA;NA;NA;NA;1;NA;;1;2;2;2;2;2;2;2;2;;3;3;3;NA;2;NA;1;3;;1;2;1;4;2;1;1;1;2;1;2;2;2;;;1;NA;NA;NA;NA;2;2;2;0;2;1;2;2;2;0;0;2;2;0;1;NA;NA;NA;NA;NA;NA;NA;NA;NA;NA;NA;NA;;2;2;NA;NA;NA;NA;NA;;2;NA;NA;NA;NA;NA;NA;NA;NA;NA;;2;Sans Objet;0;1;2;1;1;1;0;0;3;cave, 2 escaliers;2;3;63;6;Sans Objet;2;3;Sans Objet;1;1;2;Sans Objet;Sans Objet;CUS1;1;2;2;1;2;2;Sans Objet;CHB1;2;1;2;2;2;2;Sans Objet;9;265;25,8;303;3;1;4;1;2;3;1;1;3;3;3;4;3;3;3;4;4
LOG055;34440,19938;104;32;0;2021-janvier;2021-février;32;Hauts-de-France;59;Nord;1;7;5;2;0;2;3;1;6;NA;NA;2;7;2013;1;2;1;2;2;2;2;;2;NA;;3;NA;;3;NA;;3;NA;;3;NA;;1;2;2;1;1;2;1;2;2;1;2;2;1;2;2;2;2;;2;3;;2;2;2;2;1;2;2;2;2;2;;1;2;2;2;2;2;2;2;2;;3;1;3;NA;1;NA;1;3;;1;3;1;4;2;1;1;1;2;1;2;1;1;Poissons, poules;;1;NA;NA;NA;NA;2;2;5;1;3;1;1;2;1;NA;NA;1;NA;NA;1;NA;NA;NA;NA;NA;NA;NA;NA;NA;NA;NA;NA;;1;1;2;2;1;2;2;;1;1;2;2;2;2;2;2;2;2;;2;Sans Objet;0;1;5;1;3;1;1;0;1;escalier/palier;2;2;175;5;Sans Objet;Sans Objet;3;Sans Objet;2;Sans Objet;1;2;2;CUS1;1;2;2;1;2;2;Sans Objet;CHB1;2;1;2;2;2;2;Sans Objet;19,07;248;50,08;250;3;1;4;2;1;3;3;1;3;3;3;1;3;3;3;4;4
LOG056;100367,4469;107;32;0;2021-septembre;2021-septembre;32;Hauts-de-France;59;Nord;2;3;3;4;4;2;1;2;11;1;2010;2;1;2010;2;2;1;2;2;2;2;;2;NA;;3;NA;;2;1;;1;3;;3;NA;;4;NA;NA;NA;2;NA;NA;NA;NA;NA;NA;NA;NA;NA;NA;NA;NA;;3;6;;NA;NA;NA;NA;NA;NA;NA;NA;1;NA;;2;1;2;2;2;2;2;2;2;;3;3;3;NA;2;NA;1;6;;1;3;1;1;2;1;1;2;NA;NA;NA;NA;NA;;;1;NA;NA;NA;NA;2;2;2;0;2;2;2;2;2;0;0;2;0;0;2;NA;NA;NA;NA;NA;NA;NA;NA;NA;NA;NA;NA;;1;2;NA;NA;NA;NA;NA;;1;2;2;2;2;2;2;1;2;2;;2;Sans Objet;0;1;2;0;1;1;0;0;1;entree;2;1;73;1;Sans Objet;Sans Objet;4;Sans Objet;2;Sans Objet;2;Sans Objet;Sans Objet;CUS1;1;2;2;1;2;2;Sans Objet;CHB1;2;1;2;2;2;2;Sans Objet;9,87;248;32,48;248;3;3;Sans Objet;Sans Objet;3;3;3;3;3;3;3;4;3;3;4;4;4
LOG057;34442,17106;105;32;1;2021-septembre;2021-septembre;32;Hauts-de-France;59;Nord;1;6;5;1;0;1;2;1;5;NA;NA;2;NA;1965;NA;NA;NA;NA;NA;NA;1;;2;NA;;3;NA;;2;1;;1;1;;1;1;;4;NA;NA;NA;1;2;2;2;1;2;2;2;2;2;2;2;2;;2;3;;2;2;2;1;2;2;2;2;2;2;;1;2;2;2;2;2;2;2;2;;3;3;3;NA;1;NA;1;3;;1;3;2;NA;3;1;1;1;2;1;2;2;2;;;1;NA;NA;NA;NA;2;2;2;0;5;2;2;2;2;0;0;2;0;0;2;NA;NA;NA;NA;NA;NA;NA;NA;NA;NA;NA;NA;;2;2;NA;NA;NA;NA;NA;;2;NA;NA;NA;NA;NA;NA;NA;NA;NA;;2;Sans Objet;1;1;4;0;1;1;0;0;1;cellier;1;1;90;11;Sans Objet;Sans Objet;3;Sans Objet;2;Sans Objet;2;Sans Objet;Sans Objet;SEJ1;2;2;2;1;2;2;Sans Objet;CHB1;2;1;2;2;2;2;Sans Objet;12;249;25,7;249;3;3;Sans Objet;Sans Objet;3;3;1;3;3;3;3;3;3;1;3;3;3
LOG058;9530,5886;112;32;0;2021-mars;2021-mars;32;Hauts-de-France;62;Pas-de-Calais;1;3;4;0;0;2;3;1;11;1;2008;2;7;2008;1;2;2;2;2;2;2;;2;NA;;3;NA;;2;4;;3;NA;;3;NA;;4;NA;NA;NA;2;NA;NA;NA;NA;NA;NA;NA;NA;NA;NA;NA;NA;;2;3;;NA;NA;NA;NA;NA;NA;NA;NA;1;NA;;2;2;1;2;2;2;2;2;2;;3;3;3;NA;2;NA;1;3;;1;3;1;2;1;2;1;2;NA;NA;NA;NA;NA;;;2;2;2;1;2;2;2;2;0;2;1;2;2;2;0;0;2;1;0;2;NA;NA;NA;NA;NA;NA;NA;NA;NA;NA;NA;NA;;2;2;NA;NA;NA;NA;NA;;2;NA;NA;NA;NA;NA;NA;NA;NA;NA;;2;Sans Objet;0;1;2;1;1;1;1;0;0;Sans Objet;2;2;112;5;Sans Objet;Sans Objet;4;Sans Objet;2;Sans Objet;2;Sans Objet;Sans Objet;CUS1;1;2;2;1;2;2;Sans Objet;CHB1;2;1;2;2;2;2;Sans Objet;13;250;50;250;3;3;Sans Objet;Sans Objet;3;3;3;3;1;3;3;4;2;1;4;4;4
LOG059;4614,460204;112;32;0;2021-avril;2021-avril;32;Hauts-de-France;62;Pas-de-Calais;1;10;8;3;0;2;2;1;1;NA;NA;2;9;1992;2;1;2;2;1;2;2;;2;NA;;3;NA;;3;NA;;3;NA;;3;NA;;3;1;2;1;2;NA;NA;NA;NA;NA;NA;NA;NA;NA;NA;NA;NA;;2;3;;NA;NA;NA;NA;NA;NA;NA;NA;1;NA;;1;2;2;2;2;2;2;2;2;;3;3;3;NA;3;NA;1;3;;1;3;1;2;3;1;1;1;1;2;2;2;2;;;1;NA;NA;NA;NA;2;2;2;0;2;2;1;2;1;NA;NA;1;NA;NA;1;NA;NA;NA;NA;NA;NA;NA;NA;NA;NA;NA;NA;;2;1;2;2;2;2;1;parking sous terrain d'une résidence voisine;2;NA;NA;NA;NA;NA;NA;NA;NA;NA;;2;Sans Objet;1;3;4;4;2;1;1;0;3;grenier, entrée, garage;1;2;230;8;Sans Objet;Sans Objet;3;Sans Objet;1;2;1;1;1;SEJ1;2;2;2;1;2;2;Sans Objet;CHB1;2;1;2;2;2;2;Sans Objet;18;270;25;340;3;3;Sans Objet;Sans Objet;3;3;3;3;3;3;3;3;3;1;3;4;4
LOG060;17317,74785;112;32;0;2021-avril;2021-avril;32;Hauts-de-France;62;Pas-de-Calais;2;5;3;0;2;2;1;2;9;2;NA;2;2;2012;2;2;1;2;2;2;2;;2;NA;;3;NA;;3;NA;;2;1;;3;NA;;4;NA;NA;NA;2;NA;NA;NA;NA;NA;NA;NA;NA;NA;NA;NA;NA;;3;6;;NA;NA;NA;NA;NA;NA;NA;NA;1;NA;;2;1;2;2;2;2;2;2;2;;3;3;3;NA;2;NA;1;6;;1;3;1;3;1;1;1;2;NA;NA;NA;NA;NA;;;1;NA;NA;NA;NA;2;2;2;0;5;2;2;2;2;0;0;2;0;0;1;NA;NA;NA;NA;NA;NA;NA;NA;NA;NA;NA;NA;;2;2;NA;NA;NA;NA;NA;;2;NA;NA;NA;NA;NA;NA;NA;NA;NA;;2;Sans Objet;1;1;2;1;1;1;0;0;1;entrée;1;1;104;1;Sans Objet;Sans Objet;1;Sans Objet;1;2;2;Sans Objet;Sans Objet;SEJ1;2;2;2;1;2;2;Sans Objet;CHB1;2;1;2;2;2;2;Sans Objet;14;246;31,4;249;3;1;4;4;3;3;3;3;3;3;3;3;3;1;4;4;4
LOG061;14943,27749;133;44;0;2021-juillet;2021-juillet;44;Grand Est;67;Bas-Rhin;1;6;3;1;0;2;2;1;9;1;1991;2;8;1991;2;1;2;2;2;2;2;;2;NA;;2;1;;1;1;;1;1;;3;NA;;2;1;2;2;1;2;1;2;2;2;2;2;2;2;2;2;2;;2;1;;2;2;2;2;1;2;2;2;2;2;;1;2;1;2;2;2;2;2;2;;1;3;3;NA;2;NA;1;6;;1;3;2;NA;3;1;1;2;NA;NA;NA;NA;NA;;;1;NA;NA;NA;NA;2;2;2;0;2;1;1;2;2;0;0;2;2;0;2;NA;NA;NA;NA;NA;NA;NA;NA;NA;NA;NA;NA;;1;1;2;2;1;2;2;;1;1;2;2;2;2;2;2;2;2;;2;Sans Objet;0;1;3;1;2;2;1;0;0;Sans Objet;2;2;145;7;Sans Objet;1;3;Sans Objet;1;1;1;1;3;CUS1;1;2;2;1;1;2;Sans Objet;CHB1;2;1;2;2;2;2;Sans Objet;15;250;47;236;3;1;4;4;3;3;3;3;3;3;3;4;3;1;3;3;4
LOG062;598918,8292;131;44;0;2020-décembre;2020-décembre;44;Grand Est;57;Moselle;2;2;3;4;1;1;1;2;9;2;NA;2;10;2016;2;2;1;2;2;2;2;;2;NA;;3;NA;;3;NA;;3;NA;;3;NA;;4;NA;NA;NA;1;1;1;2;2;2;2;2;2;2;2;2;2;;3;6;;NA;NA;NA;NA;NA;NA;NA;NA;1;NA;;2;1;2;2;2;2;2;2;2;;3;3;3;NA;2;NA;1;6;;1;3;2;NA;1;2;1;2;NA;NA;NA;NA;NA;;;1;NA;NA;NA;NA;2;2;1;0;1;1;2;2;2;0;0;2;1;1;2;NA;NA;NA;NA;NA;NA;NA;NA;NA;NA;NA;NA;;2;2;NA;NA;NA;NA;NA;;2;NA;NA;NA;NA;NA;NA;NA;NA;NA;;2;Sans Objet;1;1;1;0;1;1;0;0;0;Sans Objet;1;3;45;6;Sans Objet;1;1;Sans Objet;2;Sans Objet;1;2;2;SEJ1;2;2;1;2;2;2;Sans Objet;CHB1;2;1;2;2;2;2;Sans Objet;10;240;17;240;3;1;2;1;3;3;3;1;3;3;3;4;3;3;4;4;4
LOG063;31103,46288;129;44;0;2021-avril;2021-avril;44;Grand Est;57;Moselle;1;6;4;0;0;2;2;1;9;1;1997;2;3;2011;2;2;1;2;2;2;2;;2;NA;;3;NA;;2;3;;1;1;;1;1;;4;NA;NA;NA;1;2;1;2;2;2;2;2;2;2;1;2;2;;2;1;;NA;NA;NA;NA;NA;NA;NA;NA;1;NA;;2;2;1;2;2;2;2;2;2;;1;3;2;1;2;NA;1;6;;1;3;1;2;1;1;1;1;1;2;2;2;2;;;2;2;2;1;2;2;2;4;2;3;1;2;2;2;0;0;2;2;0;1;NA;NA;NA;NA;NA;NA;NA;NA;NA;NA;NA;NA;;1;1;2;2;1;2;2;;1;1;2;2;2;2;2;2;2;2;;2;Sans Objet;0;1;3;0;1;1;1;1;0;Sans Objet;2;2;140;7;Sans Objet;1;3;Sans Objet;1;1;1;1;1;CUS1;1;2;2;1;2;2;Sans Objet;CHB1;2;1;2;2;2;2;Sans Objet;12;270;77;270;NA;NA;Sans Objet;Sans Objet;NA;NA;NA;NA;NA;NA;NA;NA;NA;NA;NA;NA;NA
LOG064;9667,94577;23;11;0;2021-janvier;2021-février;44;Grand Est;67;Bas-Rhin;1;8;3;1;0;2;2;1;11;1;2009;2;8;2018;2;2;2;1;2;2;2;;2;NA;;3;NA;;2;2;;2;2;;3;NA;;1;2;2;2;1;2;1;2;2;1;2;2;1;2;2;2;2;;3;10;;NA;NA;NA;NA;NA;NA;NA;NA;1;NA;;2;2;1;2;2;2;2;2;2;;3;3;3;NA;2;NA;1;7;Pompe à chaleur;1;3;2;NA;3;1;1;2;NA;NA;NA;NA;NA;;;1;NA;NA;NA;NA;2;3;4;0;3;1;2;2;2;0;0;2;2;0;2;NA;NA;NA;NA;NA;NA;NA;NA;NA;NA;NA;NA;;1;2;NA;NA;NA;NA;NA;;1;1;2;2;2;2;2;2;2;2;;2;Sans Objet;0;3;3;1;2;0;1;0;0;Sans Objet;2;1;200;6;Sans Objet;1;4;Sans Objet;1;1;1;1;1;CUS1;1;2;2;2;2;2;Sans Objet;CHB1;2;1;2;2;2;2;Sans Objet;14;250;51;250;1;1;4;2;3;1;3;1;1;1;1;4;3;1;4;3;4
LOG065;28283,73733;138;44;1;2021-juillet;2021-juillet;44;Grand Est;67;Bas-Rhin;2;2;3;3;3;2;2;2;8;NA;NA;2;11;2012;2;2;1;2;2;2;2;;2;NA;;3;NA;;2;4;;1;4;;1;4;;4;NA;NA;NA;1;2;1;2;2;2;2;2;2;2;2;2;2;;2;6;;NA;NA;NA;NA;NA;NA;NA;NA;1;NA;;2;1;2;2;2;2;2;2;2;;3;3;3;NA;1;NA;1;6;;2;NA;2;NA;1;1;1;2;NA;NA;NA;NA;NA;;;1;NA;NA;NA;NA;2;2;1;0;1;4;2;2;2;1;0;2;1;0;2;NA;NA;NA;NA;NA;NA;NA;NA;NA;NA;NA;NA;;1;2;NA;NA;NA;NA;NA;;2;NA;NA;NA;NA;NA;NA;NA;NA;NA;;2;Sans Objet;1;1;1;0;1;1;0;0;0;Sans Objet;1;3;54;1;Sans Objet;Sans Objet;1;Sans Objet;1;2;2;Sans Objet;Sans Objet;SEJ1;2;2;2;1;2;2;Sans Objet;CHB1;2;1;2;2;2;2;Sans Objet;14;250;19;250;3;1;4;4;3;3;3;3;3;3;3;3;4;4;4;4;4
LOG066;35186,54487;128;44;0;2021-janvier;2021-janvier;44;Grand Est;57;Moselle;1;7;4;2;0;2;2;1;7;NA;NA;2;6;1990;2;2;2;1;2;2;2;;2;NA;;3;NA;;2;4;;1;1;;3;NA;;2;1;2;1;1;2;1;2;2;1;2;2;2;2;2;2;2;;2;3;;2;2;2;2;2;1;2;2;2;2;;1;2;2;2;2;2;2;2;2;;3;3;2;1;2;NA;1;3;;1;2;1;2;1;1;1;1;1;2;2;2;1;Poissons;;2;2;2;1;2;2;2;3;0;3;2;2;2;2;0;0;2;2;0;1;NA;NA;NA;NA;NA;NA;NA;NA;NA;NA;NA;NA;;2;1;2;2;1;2;2;;1;1;2;2;2;2;2;2;2;2;;2;Sans Objet;0;2;4;0;1;1;1;1;0;Sans Objet;2;2;120;8;Sans Objet;Sans Objet;3;Sans Objet;2;Sans Objet;1;1;3;SEJ1;2;2;2;1;2;2;Sans Objet;CHB1;2;1;2;2;2;2;Sans Objet;14;235;30;260;3;3;Sans Objet;Sans Objet;3;1;3;3;3;3;3;4;3;3;4;4;4
LOG067;11186,9281;132;44;0;2021-janvier;2021-février;44;Grand Est;67;Bas-Rhin;1;9;3;1;0;2;2;1;9;1;1996;2;5;2000;2;1;2;2;2;2;2;;2;NA;;3;NA;;2;3;;3;NA;;3;NA;;4;NA;NA;NA;2;NA;NA;NA;NA;NA;NA;NA;NA;NA;NA;NA;NA;;2;10;;2;2;2;2;1;2;2;2;2;2;;1;2;1;2;2;2;2;2;2;;3;3;3;NA;2;NA;1;7;Pompe à chaleur;1;3;1;2;1;1;1;2;NA;NA;NA;NA;NA;;;2;2;2;1;2;2;2;4;0;3;1;1;2;2;0;0;2;2;0;1;NA;NA;NA;NA;NA;NA;NA;NA;NA;NA;NA;NA;;2;2;NA;NA;NA;NA;NA;;1;1;2;2;2;2;2;2;2;2;;2;Sans Objet;0;1;4;2;2;1;0;1;0;Sans Objet;2;2;200;6;Sans Objet;1;5;Sans Objet;1;1;1;1;1;CUS1;1;2;2;1;1;2;Sans Objet;CHB1;2;1;2;2;2;2;Sans Objet;15;250;46;250;1;1;4;1;3;3;3;1;3;3;3;3;3;3;4;3;4
LOG068;6121,82181;138;44;0;2022-avril;2022-mai;44;Grand Est;67;Bas-Rhin;2;5;2;2;0;1;2;2;2;NA;NA;2;7;2008;NA;NA;NA;NA;NA;NA;1;;2;NA;;1;4;;2;2;;3;NA;;3;NA;;4;NA;NA;NA;2;NA;NA;NA;NA;NA;NA;NA;NA;NA;NA;NA;NA;;2;3;;NA;NA;NA;NA;NA;NA;NA;NA;1;NA;;1;2;2;2;2;2;2;2;2;;3;3;3;NA;2;NA;1;3;;1;3;2;NA;2;1;1;2;NA;NA;NA;NA;NA;;Anti moisissures;2;2;1;2;2;2;2;4;2;3;1;2;2;2;0;0;2;2;0;1;NA;NA;NA;NA;NA;NA;NA;NA;NA;NA;NA;NA;;2;2;NA;NA;NA;NA;NA;;1;2;2;2;2;2;2;1;2;2;;2;Sans Objet;1;1;3;0;1;0;1;0;0;Sans Objet;1;3;115;6;Sans Objet;1;1;Sans Objet;1;2;2;Sans Objet;Sans Objet;SEJ1;2;2;1;1;2;2;Sans Objet;CHB1;2;1;2;2;2;2;Sans Objet;9;311;40;339;3;1;3;1;3;3;3;3;3;3;1;4;3;3;4;3;4
LOG069;4535,383883;131;44;0;2021-février;2021-mars;44;Grand Est;57;Moselle;1;5;4;2;0;2;2;1;3;NA;NA;2;4;2014;2;2;2;2;1;2;2;;2;NA;;3;NA;;2;1;;3;NA;;3;NA;;1;1;2;2;1;2;1;2;2;2;2;2;2;2;2;2;2;;2;3;;NA;NA;NA;NA;NA;NA;NA;NA;1;NA;;1;2;2;2;2;2;2;2;2;;3;1;3;NA;2;NA;1;6;;1;1;2;NA;1;1;1;1;2;1;2;2;2;;;2;2;2;1;2;2;2;4;1;3;1;1;2;2;0;0;2;2;0;1;NA;NA;NA;NA;NA;NA;NA;NA;NA;NA;NA;NA;;1;2;NA;NA;NA;NA;NA;;2;NA;NA;NA;NA;NA;NA;NA;NA;NA;;2;Sans Objet;0;1;4;0;2;1;0;0;1;dressing;2;2;115;6;Sans Objet;1;5;Sans Objet;1;1;2;Sans Objet;Sans Objet;CUS1;1;2;2;1;2;2;Sans Objet;CHB1;2;1;2;2;2;2;Sans Objet;12;316;46;283;3;1;3;1;1;3;3;1;3;3;3;1;1;3;4;4;4
LOG070;4803,592792;137;44;0;2021-octobre;2021-octobre;44;Grand Est;67;Bas-Rhin;1;6;5;1;0;2;2;1;9;1;1998;2;6;1999;2;1;2;2;2;2;2;;2;NA;;2;5;Activité agricole;3;NA;;1;7;Oiseaux et église;3;NA;;1;2;2;1;2;NA;NA;NA;NA;NA;NA;NA;NA;NA;NA;NA;NA;;2;10;;1;2;2;2;2;2;2;2;2;2;;1;2;1;2;2;2;2;2;2;;3;3;3;NA;2;NA;1;1;;1;2;2;NA;1;1;1;2;NA;NA;NA;NA;NA;;;2;2;2;1;2;2;2;2;0;2;1;2;2;2;0;0;2;2;0;1;NA;NA;NA;NA;NA;NA;NA;NA;NA;NA;NA;NA;;2;1;2;2;1;2;2;;1;1;2;2;2;2;2;2;2;2;;2;Sans Objet;1;1;3;1;1;2;1;0;1;dressing;1;2;190;6;Sans Objet;1;5;Sans Objet;1;1;1;1;1;SEJ1;2;2;2;1;2;2;Sans Objet;CHB1;2;1;2;2;2;2;Sans Objet;18;225;46;265;3;3;Sans Objet;Sans Objet;3;3;3;3;3;3;3;4;3;1;3;3;4
LOG071;20706,62529;131;44;0;2020-décembre;2020-décembre;44;Grand Est;57;Moselle;1;7;8;2;0;2;2;1;3;NA;NA;2;9;2005;2;2;2;2;1;2;2;;2;NA;;3;NA;;2;1;;4;NA;;3;NA;;4;NA;NA;NA;1;2;1;2;2;2;2;2;1;2;2;2;2;;2;3;;2;2;2;2;1;2;2;2;2;2;;1;2;2;2;2;2;2;2;2;;3;1;3;NA;2;NA;1;3;;1;3;2;NA;1;1;1;1;2;1;2;2;2;;;2;2;2;1;2;2;2;3;0;3;1;2;2;2;0;0;2;2;0;2;NA;NA;NA;NA;NA;NA;NA;NA;NA;NA;NA;NA;;2;2;NA;NA;NA;NA;NA;;2;NA;NA;NA;NA;NA;NA;NA;NA;NA;;2;Sans Objet;1;1;3;2;2;3;1;0;1;dressing;1;2;180;7;Sans Objet;1;5;Sans Objet;1;1;2;Sans Objet;Sans Objet;SEJ1;1;2;2;2;2;2;Sans Objet;CHB1;2;1;2;2;2;2;Sans Objet;13;245;30;300;3;1;3;1;3;3;3;3;1;3;3;3;3;3;4;3;4
LOG072;31832,3571;139;44;0;2021-mai;2021-mai;44;Grand Est;68;Haut-Rhin;1;5;4;1;0;2;2;1;7;NA;NA;2;3;1977;2;2;1;2;2;2;2;;2;NA;;3;NA;;3;NA;;3;NA;;3;NA;;1;2;2;2;1;2;1;2;2;2;2;2;2;2;2;2;2;;2;1;;2;2;2;2;1;2;2;2;2;2;;1;2;2;2;2;2;2;2;2;;1;1;3;NA;2;NA;1;1;;1;2;1;4;1;1;1;2;NA;NA;NA;NA;NA;;;2;2;2;1;2;2;2;3;0;5;2;2;2;2;0;0;2;1;0;1;NA;NA;NA;NA;NA;NA;NA;NA;NA;NA;NA;NA;;2;2;NA;NA;NA;NA;NA;;2;NA;NA;NA;NA;NA;NA;NA;NA;NA;;2;Sans Objet;1;1;3;0;1;1;1;1;0;Sans Objet;1;2;130;6;Sans Objet;1;5;Sans Objet;1;1;2;Sans Objet;Sans Objet;VER1;2;2;2;1;2;2;Sans Objet;CHB1;2;1;2;2;2;2;Sans Objet;16;270;20;251;3;3;Sans Objet;Sans Objet;3;1;3;1;3;1;3;3;3;1;3;4;4
LOG073;3368,204483;140;44;1;2021-mars;2021-mars;44;Grand Est;68;Haut-Rhin;2;4;2;3;1;2;2;1;2;NA;NA;2;9;2011;2;2;2;2;1;2;2;;2;NA;;3;NA;;3;NA;;3;NA;;3;NA;;1;2;2;1;1;2;1;2;2;2;2;2;2;2;2;2;2;;2;3;;NA;NA;NA;NA;NA;NA;NA;NA;1;NA;;1;2;2;2;2;2;2;2;2;;3;3;3;NA;2;NA;1;3;;1;3;1;3;1;1;1;2;NA;NA;NA;NA;NA;;;2;2;2;1;2;2;3;3;1;3;1;2;2;2;0;0;2;2;1;1;NA;NA;NA;NA;NA;NA;NA;NA;NA;NA;NA;NA;;2;2;NA;NA;NA;NA;NA;;2;NA;NA;NA;NA;NA;NA;NA;NA;NA;;2;Sans Objet;1;1;2;0;1;0;0;0;0;Sans Objet;1;3;93;1;Sans Objet;Sans Objet;1;Sans Objet;1;2;2;Sans Objet;Sans Objet;SEJ1;2;2;1;1;2;2;Sans Objet;CHB1;2;1;2;2;2;2;Sans Objet;15;310;38;310;3;1;4;1;3;3;1;3;3;3;1;4;3;3;4;4;4
LOG074;10502,52828;131;44;0;2021-mai;2021-mai;44;Grand Est;57;Moselle;1;8;4;2;0;2;2;1;3;NA;NA;2;NA;1980;2;2;2;2;1;2;2;;2;NA;;2;1;;3;NA;;1;1;;2;1;;4;NA;NA;NA;2;NA;NA;NA;NA;NA;NA;NA;NA;NA;NA;NA;NA;;2;3;;NA;NA;NA;NA;NA;NA;NA;NA;1;NA;;1;2;2;2;2;2;2;2;2;;3;3;3;NA;1;NA;1;3;;1;2;2;NA;2;1;1;1;1;2;2;2;2;;;2;2;2;1;2;2;2;2;0;4;2;2;2;2;1;0;2;1;0;1;NA;NA;NA;NA;NA;NA;NA;NA;NA;NA;NA;NA;;1;1;2;2;1;2;2;;1;2;2;2;1;2;2;2;2;2;;2;Sans Objet;1;1;4;1;1;2;0;0;0;Sans Objet;1;3;130;6;Sans Objet;2;5;Sans Objet;1;1;1;2;3;SEJ1;2;1;2;1;2;2;Sans Objet;CHB1;2;1;2;1;2;2;Sans Objet;31;275;13;277;1;3;Sans Objet;Sans Objet;1;1;1;3;3;3;3;3;1;1;1;3;4
LOG075;25216,17833;127;44;0;2021-mai;2021-mai;44;Grand Est;57;Moselle;1;5;4;1;0;2;2;1;5;NA;NA;2;12;2014;2;2;2;2;1;2;2;;2;NA;;3;NA;;2;2;;3;NA;;3;NA;;1;1;1;2;1;2;1;2;1;1;1;1;1;2;1;2;2;;2;3;;2;2;2;2;2;1;2;2;2;2;;1;2;2;2;2;2;2;2;2;;3;3;3;NA;2;NA;1;3;;1;2;2;NA;1;1;1;1;1;1;2;2;2;;;2;2;2;1;2;2;2;4;2;3;1;2;2;2;0;0;2;0;1;1;NA;NA;NA;NA;NA;NA;NA;NA;NA;NA;NA;NA;;2;1;2;2;2;2;1;Autoroute;2;NA;NA;NA;NA;NA;NA;NA;NA;NA;;2;Sans Objet;0;1;3;1;1;1;1;1;0;Sans Objet;2;1;110;8;Sans Objet;Sans Objet;3;Sans Objet;1;1;1;1;3;CUS1;1;2;2;1;2;2;Sans Objet;CHB1;2;1;2;2;2;2;Sans Objet;12;270;28;230;3;1;4;1;1;1;1;1;3;1;1;4;4;4;4;3;4
LOG076;2599,399906;138;44;0;2021-juin;2021-juin;44;Grand Est;67;Bas-Rhin;2;7;3;3;3;2;2;2;2;NA;NA;2;5;2005;1;2;2;2;1;2;2;;2;NA;;3;NA;;3;NA;;2;1;;2;1;;4;NA;NA;NA;2;NA;NA;NA;NA;NA;NA;NA;NA;NA;NA;NA;NA;;1;3;;NA;NA;NA;NA;NA;NA;NA;NA;1;NA;;1;2;2;2;2;2;2;2;2;;3;3;3;NA;2;NA;1;6;;1;2;2;NA;1;4;1;1;2;1;2;2;2;;;1;NA;NA;NA;NA;2;2;3;0;3;1;1;2;2;0;0;2;2;0;1;NA;NA;NA;NA;NA;NA;NA;NA;NA;NA;NA;NA;;1;2;NA;NA;NA;NA;NA;;2;NA;NA;NA;NA;NA;NA;NA;NA;NA;;2;Sans Objet;1;0;4;1;2;1;0;0;0;Sans Objet;1;2;190;1;Sans Objet;Sans Objet;3;Sans Objet;1;2;2;Sans Objet;Sans Objet;SEJ1;2;2;2;1;2;2;Sans Objet;CHB1;2;1;2;2;2;2;Sans Objet;23;270;40;270;3;1;4;4;1;1;1;1;3;1;3;4;4;4;4;4;3
LOG077;94374,58176;138;44;0;2021-octobre;2021-octobre;44;Grand Est;67;Bas-Rhin;2;3;2;3;2;1;2;2;3;NA;NA;2;6;2021;2;2;2;2;1;2;2;;2;NA;;3;NA;;2;4;;3;NA;;3;NA;;5;NA;NA;NA;1;2;1;2;2;2;2;2;2;2;2;2;2;;1;3;;NA;NA;NA;NA;NA;NA;NA;NA;1;NA;;1;2;2;2;2;2;2;2;2;;3;3;3;NA;2;NA;1;6;;1;1;2;NA;1;1;1;2;NA;NA;NA;NA;NA;;;1;NA;NA;NA;NA;2;2;1;0;1;1;1;2;2;0;0;2;1;0;2;NA;NA;NA;NA;NA;NA;NA;NA;NA;NA;NA;NA;;1;2;NA;NA;NA;NA;NA;;2;NA;NA;NA;NA;NA;NA;NA;NA;NA;;2;Sans Objet;0;1;2;0;1;1;0;0;0;Sans Objet;2;1;92;1;Sans Objet;Sans Objet;1;Sans Objet;2;Sans Objet;2;Sans Objet;Sans Objet;CUS1;1;2;2;2;2;2;Sans Objet;CHB1;2;1;2;2;2;2;Sans Objet;14;315;14;315;3;3;Sans Objet;Sans Objet;3;3;3;3;3;3;2;4;3;3;3;3;3
LOG078;17418,06716;137;44;0;2021-février;2021-février;44;Grand Est;67;Bas-Rhin;1;6;5;1;0;2;2;1;1;NA;NA;2;8;2006;2;2;2;2;1;2;2;;2;NA;;3;NA;;3;NA;;3;NA;;3;NA;;2;1;1;1;1;2;1;2;2;2;2;2;2;2;2;2;2;;2;10;;NA;NA;NA;NA;NA;NA;NA;NA;1;NA;;2;2;1;2;2;2;2;2;2;;3;1;1;1;2;NA;1;6;;1;3;2;NA;1;4;3;1;1;2;2;2;2;;;1;NA;NA;NA;NA;2;2;4;1;3;1;2;2;2;0;0;2;2;0;1;NA;NA;NA;NA;NA;NA;NA;NA;NA;NA;NA;NA;;1;1;2;2;1;2;2;;1;2;1;2;2;2;2;2;2;2;;2;Sans Objet;0;1;4;0;1;2;1;1;0;Sans Objet;2;1;177;8;Sans Objet;Sans Objet;3;Sans Objet;2;Sans Objet;2;Sans Objet;Sans Objet;CUS1;1;2;2;1;2;2;Sans Objet;CHB1;2;1;2;2;2;2;Sans Objet;22;208;19;241;3;1;4;1;3;3;3;1;3;1;1;3;3;3;3;4;3
LOG079;9284,967662;133;44;0;2021-avril;2021-avril;44;Grand Est;67;Bas-Rhin;1;7;4;1;0;2;2;1;7;NA;NA;2;5;2000;2;1;2;2;2;2;2;;2;NA;;3;NA;;1;3;;3;NA;;3;NA;;1;1;2;1;1;1;1;2;2;2;2;2;2;2;2;2;2;;2;3;;NA;NA;NA;NA;NA;NA;NA;NA;1;NA;;1;2;2;2;2;2;2;2;2;;3;3;3;NA;2;NA;1;3;;1;3;2;NA;1;1;1;2;NA;NA;NA;NA;NA;;;2;2;2;1;2;2;2;2;0;2;1;2;2;2;0;0;2;2;0;1;NA;NA;NA;NA;NA;NA;NA;NA;NA;NA;NA;NA;;1;1;2;2;1;2;2;;1;NA;NA;NA;NA;NA;NA;NA;NA;1;;2;Sans Objet;1;1;3;1;2;1;0;0;0;Sans Objet;1;2;158;6;Sans Objet;1;3;Sans Objet;1;1;1;1;1;SEJ1;2;2;2;1;2;2;Sans Objet;CHB1;2;1;2;2;2;2;Sans Objet;21;250;34;260;3;3;Sans Objet;Sans Objet;3;3;3;3;3;3;3;3;3;3;4;4;4
LOG080;65885,79613;137;44;0;2021-mars;2021-mars;44;Grand Est;67;Bas-Rhin;1;5;3;0;0;2;2;1;7;NA;NA;2;NA;1980;2;1;2;2;2;2;2;;2;NA;;3;NA;;3;NA;;2;1;;2;1;;1;2;2;1;2;NA;NA;NA;NA;NA;NA;NA;NA;NA;NA;NA;NA;;2;1;;NA;NA;NA;NA;NA;NA;NA;NA;1;NA;;1;2;2;2;2;2;2;2;2;;3;3;3;NA;2;NA;1;6;;1;3;1;2;3;1;1;2;NA;NA;NA;NA;NA;;;2;2;2;1;2;2;1;2;0;2;2;2;2;2;0;0;2;2;0;1;NA;NA;NA;NA;NA;NA;NA;NA;NA;NA;NA;NA;;2;1;2;2;1;2;2;;1;2;1;1;2;2;2;2;2;2;;2;Sans Objet;0;1;2;1;1;1;0;0;0;Sans Objet;2;2;120;7;Sans Objet;1;3;Sans Objet;1;1;1;1;1;CUS1;1;2;2;1;2;2;Sans Objet;CHB1;2;1;2;2;2;2;Sans Objet;16;256;52;260;3;3;Sans Objet;Sans Objet;1;3;3;1;3;3;3;3;3;3;4;4;4
LOG081;18589,15283;137;44;0;2021-février;2021-février;44;Grand Est;67;Bas-Rhin;1;7;4;1;0;2;2;1;9;1;1998;2;6;1999;2;1;2;2;2;2;2;;2;NA;;2;5;Voisinage;3;NA;;3;NA;;3;NA;;4;NA;NA;NA;1;1;1;2;2;2;2;2;2;2;2;2;1;Pose d'un nouveau parquet dans les chambres;2;1;;2;2;2;2;1;2;2;2;2;2;;1;2;2;2;2;2;2;2;2;;3;1;3;NA;2;NA;1;1;;1;3;2;NA;1;2;1;1;2;2;2;1;2;;;2;2;2;1;2;2;3;4;1;3;1;2;2;2;0;0;2;2;0;1;NA;NA;NA;NA;NA;NA;NA;NA;NA;NA;NA;NA;;2;1;2;2;1;2;2;;1;1;1;1;2;2;2;2;2;2;;2;Sans Objet;1;1;4;1;1;2;1;0;0;Sans Objet;1;2;130;7;Sans Objet;1;5;Sans Objet;1;1;2;Sans Objet;Sans Objet;SEJ1;2;2;2;1;2;2;Sans Objet;CHB1;2;1;2;2;2;2;Sans Objet;25;250;33;265;3;1;4;1;3;3;1;3;3;3;3;3;3;1;4;4;4
LOG082;280807,7968;140;44;0;2021-mars;2021-mars;44;Grand Est;68;Haut-Rhin;2;2;2;2;2;1;2;2;1;NA;NA;2;11;2020;2;2;2;2;1;2;2;;2;NA;;3;NA;;1;2;;3;NA;;3;NA;;5;NA;NA;NA;1;2;1;2;2;2;2;2;1;2;2;2;2;;2;3;;2;2;2;2;2;1;2;2;2;2;;2;1;2;2;2;2;2;2;1;Radiateur à gaz;3;3;2;2;1;NA;1;6;;1;3;1;4;2;1;1;2;NA;NA;NA;NA;NA;;;1;NA;NA;NA;NA;2;2;1;0;1;1;1;2;2;0;0;2;2;0;1;NA;NA;NA;NA;NA;NA;NA;NA;NA;NA;NA;NA;;1;1;1;1;2;2;2;;2;NA;NA;NA;NA;NA;NA;NA;NA;NA;;2;Sans Objet;1;1;1;0;1;0;0;0;0;Sans Objet;1;3;55;1;Sans Objet;Sans Objet;3;Sans Objet;1;2;2;Sans Objet;Sans Objet;SEJ1;2;2;2;1;2;2;Sans Objet;CHB1;2;1;1;2;2;2;Sans Objet;15;240;17;240;3;3;Sans Objet;Sans Objet;1;3;1;3;3;3;3;3;3;1;3;4;4
LOG083;15540,41812;130;44;0;2021-janvier;2021-janvier;44;Grand Est;57;Moselle;1;4;3;0;0;2;2;1;11;1;2007;2;6;2008;2;2;2;1;2;2;2;;2;NA;;3;NA;;3;NA;;3;NA;;3;NA;;4;NA;NA;NA;1;2;1;2;2;2;2;2;2;2;2;2;2;;2;3;;NA;NA;NA;NA;NA;NA;NA;NA;1;NA;;2;2;1;2;2;2;2;2;2;;3;3;3;NA;2;NA;1;3;;1;3;1;2;2;1;1;2;NA;NA;NA;NA;NA;;;2;2;2;1;2;2;3;1;0;1;2;2;2;2;0;0;2;1;0;1;NA;NA;NA;NA;NA;NA;NA;NA;NA;NA;NA;NA;;2;2;NA;NA;NA;NA;NA;;2;NA;NA;NA;NA;NA;NA;NA;NA;NA;;2;Sans Objet;0;1;1;2;1;1;1;0;0;Sans Objet;2;2;100;5;Sans Objet;Sans Objet;3;Sans Objet;2;Sans Objet;1;2;1;CUS1;1;2;2;1;2;2;Sans Objet;CHB1;2;1;2;2;2;2;Sans Objet;12;260;55;260;3;3;Sans Objet;Sans Objet;3;3;3;3;3;3;3;4;4;4;3;4;4
LOG084;8859,799041;131;44;0;2021-janvier;2021-janvier;44;Grand Est;57;Moselle;2;5;2;6;5;2;2;2;1;NA;NA;2;6;2015;2;2;2;2;1;2;2;;1;6;Tabac;3;NA;;3;NA;;1;6;;3;NA;;1;2;2;2;1;1;1;2;2;2;2;2;1;2;1;1;2;;2;6;;NA;NA;NA;NA;NA;NA;NA;NA;1;NA;;2;1;2;2;2;2;2;2;2;;3;3;3;NA;2;NA;1;6;;1;3;2;NA;1;1;3;2;NA;NA;NA;NA;NA;;;2;2;1;2;2;2;3;3;1;3;1;1;2;2;0;0;2;2;0;1;NA;NA;NA;NA;NA;NA;NA;NA;NA;NA;NA;NA;;1;2;NA;NA;NA;NA;NA;;2;NA;NA;NA;NA;NA;NA;NA;NA;NA;;2;Sans Objet;1;1;3;0;2;0;0;0;0;Sans Objet;1;1;140;1;Sans Objet;Sans Objet;5;Sans Objet;1;2;2;Sans Objet;Sans Objet;SEJ1;2;2;1;1;2;2;Sans Objet;CHB1;2;1;2;2;2;2;Sans Objet;9;358;35;230;3;1;3;2;3;1;3;1;1;3;3;3;3;1;4;4;3
LOG085;65588,88153;133;44;0;2021-avril;2021-avril;44;Grand Est;67;Bas-Rhin;2;4;2;2;1;1;2;2;2;NA;NA;2;6;2017;2;2;2;2;1;2;2;;2;NA;;3;NA;;2;3;;2;5;;2;5;;3;1;1;4;2;NA;NA;NA;NA;NA;NA;NA;NA;NA;NA;NA;NA;;1;3;;NA;NA;NA;NA;NA;NA;NA;NA;1;NA;;1;2;2;2;2;2;2;2;2;;3;3;3;NA;2;NA;1;3;;1;3;2;NA;1;1;1;2;NA;NA;NA;NA;NA;;;1;NA;NA;NA;NA;2;2;2;0;4;1;2;2;2;0;0;2;1;0;1;NA;NA;NA;NA;NA;NA;NA;NA;NA;NA;NA;NA;;1;1;2;2;1;2;1;Autoroute;1;1;2;2;2;2;2;2;2;2;;2;Sans Objet;1;1;2;0;1;1;0;0;0;Sans Objet;1;3;75;1;Sans Objet;Sans Objet;1;Sans Objet;1;2;2;Sans Objet;Sans Objet;SEJ1;2;2;1;1;2;2;Sans Objet;CHB1;2;1;2;2;2;2;Sans Objet;12;250;35;250;3;1;4;1;3;3;1;3;3;3;3;4;3;1;3;4;4
LOG086;10198,35283;130;44;0;2021-janvier;2021-janvier;44;Grand Est;57;Moselle;1;13;9;2;0;2;2;1;3;NA;NA;2;1;1993;2;1;1;2;1;2;2;;2;NA;;3;NA;;3;NA;;3;NA;;3;NA;;3;1;2;1;1;2;1;2;2;2;2;2;2;2;2;2;2;;2;3;;NA;NA;NA;NA;NA;NA;NA;NA;1;NA;;1;2;2;2;2;2;2;2;2;;3;3;2;1;2;NA;1;6;;1;3;1;4;2;1;1;2;NA;NA;NA;NA;NA;;;2;2;2;1;2;2;2;2;0;2;2;2;2;2;0;0;2;2;0;1;NA;NA;NA;NA;NA;NA;NA;NA;NA;NA;NA;NA;;2;1;1;2;2;2;2;;2;NA;NA;NA;NA;NA;NA;NA;NA;NA;;2;Sans Objet;1;3;8;1;2;3;0;1;0;Sans Objet;1;2;330;6;Sans Objet;1;3;Sans Objet;1;1;1;2;2;SEJ1;2;2;2;1;2;2;Sans Objet;CHB1;2;1;2;2;2;2;Sans Objet;25;285;27;300;3;3;Sans Objet;Sans Objet;3;3;3;3;3;3;3;3;3;1;4;4;4
LOG087;6210,55368;132;44;0;2021-octobre;2021-octobre;44;Grand Est;67;Bas-Rhin;1;7;5;2;2;2;2;1;10;1;2001;2;5;2001;2;1;2;2;2;2;2;;2;NA;;3;NA;;3;NA;;3;NA;;3;NA;;4;NA;NA;NA;2;NA;NA;NA;NA;NA;NA;NA;NA;NA;NA;NA;NA;;2;3;;2;2;2;2;1;2;2;2;2;2;;1;2;1;2;2;2;2;2;2;;1;3;3;NA;1;NA;1;3;;1;2;2;NA;1;1;1;1;1;2;2;2;2;;;2;2;2;1;2;2;2;4;0;3;1;2;2;2;0;0;2;0;0;2;NA;NA;NA;NA;NA;NA;NA;NA;NA;NA;NA;NA;;1;2;NA;NA;NA;NA;NA;;2;NA;NA;NA;NA;NA;NA;NA;NA;NA;;2;Sans Objet;1;1;5;1;2;2;1;0;0;Sans Objet;1;2;240;6;Sans Objet;1;5;Sans Objet;1;1;1;1;3;SEJ1;2;2;2;1;2;2;Sans Objet;CHB1;2;1;2;2;2;2;Sans Objet;12;250;45;245;3;3;Sans Objet;Sans Objet;3;3;3;3;3;3;3;4;4;4;4;4;4
LOG088;11268,79042;128;44;0;2021-septembre;2021-septembre;44;Grand Est;57;Moselle;1;7;5;2;0;2;2;1;11;1;2012;2;2;2006;2;2;2;1;2;2;2;;2;NA;;3;NA;;2;4;;3;NA;;3;NA;;2;2;2;2;2;NA;NA;NA;NA;NA;NA;NA;NA;NA;NA;NA;NA;;2;3;;2;2;2;2;2;1;2;2;2;2;;1;2;2;2;2;2;2;2;2;;1;3;2;2;1;NA;1;3;;1;2;1;2;1;1;1;2;NA;NA;NA;NA;NA;;;1;NA;NA;NA;NA;2;2;3;1;3;1;1;2;2;0;0;2;2;0;2;NA;NA;NA;NA;NA;NA;NA;NA;NA;NA;NA;NA;;1;1;2;2;1;2;2;;1;1;2;2;2;2;2;2;2;2;;2;Sans Objet;0;1;4;2;2;1;1;1;0;Sans Objet;2;1;245;7;Sans Objet;1;3;Sans Objet;1;1;1;1;2;CUS1;1;2;2;2;2;2;Sans Objet;CHB1;2;1;2;2;2;1;Dressing;30;220;50;255;3;1;4;1;3;3;3;1;3;3;3;3;3;1;3;3;4
LOG089;3894,624397;128;44;0;2021-février;2021-février;44;Grand Est;57;Moselle;1;6;2;1;0;2;2;1;10;1;2001;2;8;2008;2;2;2;1;2;2;2;;2;NA;;2;1;;2;1;;2;1;;2;1;;4;NA;NA;NA;1;2;2;2;2;1;2;2;2;2;2;2;2;;2;3;;2;2;2;2;1;2;2;2;2;2;;1;2;1;2;2;2;2;2;2;;1;3;3;NA;2;NA;1;3;;1;3;1;2;1;1;1;2;NA;NA;NA;NA;NA;;;2;2;2;1;2;2;2;4;0;3;1;2;2;2;0;0;2;2;0;1;NA;NA;NA;NA;NA;NA;NA;NA;NA;NA;NA;NA;;2;2;NA;NA;NA;NA;NA;;2;NA;NA;NA;NA;NA;NA;NA;NA;NA;;2;Sans Objet;0;1;3;0;1;1;0;1;0;Sans Objet;2;1;140;8;Sans Objet;Sans Objet;5;Sans Objet;1;1;1;1;1;CUS1;1;2;2;2;2;2;Sans Objet;CHB1;2;1;2;2;2;2;Sans Objet;12;256;41;291;1;1;4;1;1;3;1;3;3;1;1;3;3;3;3;4;4
LOG090;6872,01081;133;44;0;2021-avril;2021-avril;44;Grand Est;67;Bas-Rhin;1;6;4;1;0;2;2;1;9;1;2000;1;NA;NA;1;2;2;2;2;2;2;;2;NA;;3;NA;;2;3;;3;NA;;3;NA;;4;NA;NA;NA;1;2;1;2;2;2;2;2;2;2;2;2;2;;2;3;;NA;NA;NA;NA;NA;NA;NA;NA;1;NA;;1;2;2;2;1;2;2;2;2;;3;3;3;NA;2;NA;1;6;;1;3;1;2;2;1;1;2;NA;NA;NA;NA;NA;;;2;2;2;1;2;2;2;3;0;3;1;2;2;2;0;0;2;1;0;1;NA;NA;NA;NA;NA;NA;NA;NA;NA;NA;NA;NA;;2;2;NA;NA;NA;NA;NA;;1;1;2;2;2;2;2;2;2;2;;2;Sans Objet;0;1;4;0;2;0;0;0;1;célier;2;1;150;6;Sans Objet;1;5;Sans Objet;1;1;2;Sans Objet;Sans Objet;CUS1;1;2;2;2;2;2;Sans Objet;CHB1;2;1;2;2;2;2;Sans Objet;19;350;54;250;1;1;3;1;1;3;1;1;3;3;3;4;3;3;3;4;4
LOG091;14253,24608;118;32;0;2022-janvier;2022-janvier;44;Grand Est;67;Bas-Rhin;2;4;3;4;2;1;1;2;12;1;2016;2;9;2021;2;2;1;2;2;2;2;;2;NA;;3;NA;;2;5;;1;6;;3;NA;;5;NA;NA;NA;1;2;1;2;2;2;2;2;2;2;2;2;2;;1;3;;NA;NA;NA;NA;NA;NA;NA;NA;1;NA;;2;2;1;2;2;2;2;2;2;;3;3;2;2;2;NA;1;8;;1;3;1;1;1;1;1;2;NA;NA;NA;NA;NA;;;1;NA;NA;NA;NA;2;2;4;2;3;1;2;2;2;0;0;2;2;2;1;NA;NA;NA;NA;NA;NA;NA;NA;NA;NA;NA;NA;;1;1;2;1;2;2;2;;2;NA;NA;NA;NA;NA;NA;NA;NA;NA;;2;Sans Objet;0;1;3;0;1;1;1;0;0;Sans Objet;2;1;80;1;Sans Objet;Sans Objet;1;Sans Objet;2;Sans Objet;2;Sans Objet;Sans Objet;CUS1;1;2;2;1;2;2;Sans Objet;CHB1;2;1;2;2;2;2;Sans Objet;14;250;29;250;3;1;4;2;3;3;3;1;3;3;1;4;1;1;3;4;4
LOG092;8457,594041;137;44;0;2021-mars;2021-mars;44;Grand Est;67;Bas-Rhin;1;6;2;1;0;2;2;1;12;1;2016;2;6;2016;2;1;2;2;2;2;2;;2;NA;;3;NA;;3;NA;;3;NA;;3;NA;;4;NA;NA;NA;2;NA;NA;NA;NA;NA;NA;NA;NA;NA;NA;NA;NA;;2;10;;2;2;2;2;1;2;2;2;2;2;;2;2;1;2;2;2;2;2;2;;3;1;3;NA;2;NA;1;7;Pompe à chaleur;1;2;2;NA;1;1;1;1;2;1;2;2;2;;;2;2;2;1;2;2;2;4;2;3;1;2;2;2;0;0;2;2;0;1;NA;NA;NA;NA;NA;NA;NA;NA;NA;NA;NA;NA;;2;2;NA;NA;NA;NA;NA;;1;1;2;2;1;2;2;2;2;2;;2;Sans Objet;0;1;2;0;1;1;1;0;2;garage et sous-sol;2;1;120;7;Sans Objet;1;3;Sans Objet;1;1;1;1;1;CUS1;1;2;2;1;2;2;Sans Objet;CHB1;2;1;2;2;2;2;Sans Objet;17;239;69;249;3;3;Sans Objet;Sans Objet;3;3;1;3;3;3;3;3;3;3;3;3;3
LOG093;27551,60614;143;52;0;2021-février;2021-février;52;Pays de la Loire;44;Loire-Atlantique;1;7;4;2;0;2;3;1;12;1;2016;2;NA;2016;2;2;2;1;2;2;2;;2;NA;;3;NA;;2;6;Terminaux pétroliers à proximité;3;NA;;3;NA;;1;2;1;1;1;2;1;2;2;1;1;2;2;2;2;2;1;Aménagement du garage;2;10;;NA;NA;NA;NA;NA;NA;NA;NA;NA;1;;1;2;1;2;2;2;2;2;2;;3;3;3;NA;2;NA;1;7;Pompe à chaleur;1;3;2;NA;2;1;1;1;1;2;2;2;2;;;2;2;2;1;2;2;2;4;2;3;1;2;2;2;0;0;2;2;0;1;NA;NA;NA;NA;NA;NA;NA;NA;NA;NA;NA;NA;;1;1;2;2;1;2;1;Oléoduc enterré passant à moins de 100m de l'habitation;1;1;2;2;2;2;2;2;1;2;Fourrage;2;Sans Objet;0;1;4;2;2;2;1;0;0;Sans Objet;2;3;147;5;Sans Objet;Sans Objet;3;Sans Objet;2;Sans Objet;1;1;1;CUS1;1;2;2;1;2;2;Sans Objet;CHB1;2;1;2;2;2;2;Sans Objet;13;253;56;253;3;3;Sans Objet;Sans Objet;3;3;1;3;3;3;3;4;3;4;4;3;4
LOG094;168398,4847;144;52;0;2022-septembre;2022-septembre;52;Pays de la Loire;44;Loire-Atlantique;2;4;5;1;1;1;2;2;9;NA;NA;2;5;2010;2;2;2;1;2;2;2;;2;NA;;3;NA;;3;NA;;2;1;;3;NA;;1;1;2;2;1;2;1;2;2;2;1;2;2;2;2;2;2;;2;3;;NA;NA;NA;NA;NA;NA;NA;NA;1;NA;;1;2;2;2;2;2;2;2;2;;3;3;3;NA;3;NA;1;3;;1;3;1;3;1;1;1;2;NA;NA;NA;NA;NA;;;1;NA;NA;NA;NA;2;2;1;0;1;5;1;2;2;2;0;2;1;0;2;NA;NA;NA;NA;NA;NA;NA;NA;NA;NA;NA;NA;;2;2;NA;NA;NA;NA;NA;;2;NA;NA;NA;NA;NA;NA;NA;NA;NA;;2;Sans Objet;1;1;2;0;1;1;0;0;3;cellier, palier, entrée ;1;3;80;1;Sans Objet;Sans Objet;4;Sans Objet;2;Sans Objet;2;Sans Objet;Sans Objet;SEJ1;2;2;1;1;2;2;Sans Objet;CHB1;2;1;2;2;2;2;Sans Objet;9;250;20;250;3;3;Sans Objet;Sans Objet;3;3;3;3;3;3;3;5;4;4;4;5;5
LOG095;11806,80444;152;52;0;2022-octobre;2022-octobre;52;Pays de la Loire;49;Maine-et-Loire;1;4;3;1;0;2;3;1;6;NA;NA;2;6;2011;2;2;2;1;2;2;2;;2;NA;;3;NA;;3;NA;;3;NA;;3;NA;;1;2;1;1;2;NA;NA;NA;NA;NA;NA;NA;NA;NA;NA;NA;NA;;2;3;;2;2;2;2;1;2;2;2;2;2;;1;2;2;2;2;2;2;2;2;;2;3;3;NA;2;NA;1;3;;1;3;1;4;1;1;1;2;NA;NA;NA;NA;NA;;;2;2;2;1;2;2;2;4;0;5;2;2;2;2;0;0;2;2;0;2;NA;NA;NA;NA;NA;NA;NA;NA;NA;NA;NA;NA;;2;2;NA;NA;NA;NA;NA;;2;NA;NA;NA;NA;NA;NA;NA;NA;NA;;2;Sans Objet;1;1;2;1;2;2;1;0;2;garage, dressing;1;1;210;5;Sans Objet;Sans Objet;3;Sans Objet;2;Sans Objet;1;1;3;SEJ1;2;2;2;1;2;2;Sans Objet;CHB1;2;1;2;2;2;2;Sans Objet;25;250;60;250;3;3;Sans Objet;Sans Objet;3;1;3;3;3;3;3;4;4;4;4;4;4
LOG096;11061,0519;155;52;0;2021-avril;2021-avril;52;Pays de la Loire;85;Vendée;1;6;0;0;0;2;3;1;10;1;2003;2;NA;2003;2;2;2;1;2;2;2;;2;NA;;3;NA;;2;3;;3;NA;;3;NA;;1;2;1;2;2;NA;NA;NA;NA;NA;NA;NA;NA;NA;NA;NA;NA;;2;1;;2;2;2;2;1;2;2;2;2;2;;1;2;2;2;2;2;2;2;2;;1;1;3;NA;1;NA;1;1;;1;3;2;NA;2;1;1;2;NA;NA;NA;NA;NA;;;1;NA;NA;NA;NA;2;2;3;1;3;1;2;2;2;0;0;2;2;0;1;NA;NA;NA;NA;NA;NA;NA;NA;2;2;2;2;;2;1;2;1;2;2;2;;2;NA;NA;NA;NA;NA;NA;NA;NA;NA;;2;Sans Objet;0;1;2;1;1;1;1;0;1;1 garage attenant;2;2;110;8;Sans Objet;Sans Objet;5;Sans Objet;2;Sans Objet;1;1;3;CUS1;1;2;1;1;2;2;Sans Objet;CHB1;2;1;2;2;2;2;Sans Objet;10;250;45;250;3;1;2;1;1;3;3;1;3;3;3;1;3;3;3;3;4
LOG097;83421,91075;142;52;0;2022-juillet;2022-juillet;52;Pays de la Loire;44;Loire-Atlantique;1;6;3;2;0;2;3;1;4;NA;NA;1;NA;NA;2;1;2;1;2;2;2;;2;NA;;3;NA;;3;NA;;3;NA;;3;NA;;2;1;1;1;2;NA;NA;NA;NA;NA;NA;NA;NA;NA;NA;NA;NA;;3;6;;2;2;2;2;1;2;2;2;2;2;;1;2;2;2;2;2;2;2;2;;3;1;3;NA;2;NA;1;6;;1;3;2;NA;3;1;1;1;2;1;2;2;2;;;1;NA;NA;NA;NA;2;2;6;1;3;1;2;2;2;0;0;2;2;0;2;NA;NA;NA;NA;NA;NA;NA;NA;NA;NA;NA;NA;;2;2;NA;NA;NA;NA;NA;;2;NA;NA;NA;NA;NA;NA;NA;NA;NA;;2;Sans Objet;0;1;5;0;1;1;0;0;2;pallier, cellier;2;1;150;5;Sans Objet;Sans Objet;5;Sans Objet;2;Sans Objet;2;Sans Objet;Sans Objet;CUS1;1;2;2;1;1;2;Sans Objet;CHB1;2;1;2;2;1;2;Sans Objet;50;250;40;250;3;3;Sans Objet;Sans Objet;3;3;3;3;3;3;3;4;4;4;4;4;4
LOG098;12228,1814;147;52;1;2021-avril;2021-avril;52;Pays de la Loire;44;Loire-Atlantique;2;5;3;5;1;1;2;2;5;NA;NA;2;6;1999;2;2;1;2;2;2;2;;2;NA;;3;NA;;3;NA;;2;1;;3;NA;;4;NA;NA;NA;1;2;1;2;2;2;2;2;2;2;2;2;2;;1;3;;NA;NA;NA;NA;NA;NA;NA;NA;1;NA;;2;2;1;2;2;2;2;2;2;;3;3;3;NA;1;NA;1;3;;1;3;1;3;1;1;1;2;NA;NA;NA;NA;NA;;;1;NA;NA;NA;NA;2;2;4;0;5;1;2;2;2;0;0;2;1;0;1;NA;NA;NA;NA;NA;NA;NA;NA;NA;NA;NA;NA;;1;1;1;2;2;2;1;Périphériques Nord de Nantes à moins de 200m (zone du périphérique en chantier pour élargissement pendant la semaine de prélèvement);2;NA;NA;NA;NA;NA;NA;NA;NA;NA;;2;Sans Objet;1;1;3;0;1;1;0;0;0;Sans Objet;1;1;71;1;Sans Objet;Sans Objet;1;Sans Objet;1;2;2;Sans Objet;Sans Objet;SEJ1;2;2;1;1;2;2;Sans Objet;CHB1;2;1;2;2;2;2;Sans Objet;12;250;18;250;3;1;4;2;1;3;3;3;3;3;3;3;4;1;3;4;4
LOG099;12665,2829;123;44;0;2022-juin;2022-juillet;52;Pays de la Loire;44;Loire-Atlantique;1;6;3;1;0;2;3;1;7;NA;NA;2;6;2021;2;2;2;1;2;2;2;;2;NA;;3;NA;;1;2;;2;2;;2;2;;3;1;1;2;1;2;1;2;2;2;2;2;2;2;2;2;2;;2;3;;NA;NA;NA;NA;NA;NA;NA;NA;1;NA;;1;2;2;2;2;2;2;2;2;;1;1;3;NA;3;NA;1;3;;2;NA;1;3;2;1;1;2;NA;NA;NA;NA;NA;;;2;2;2;1;2;2;2;3;1;3;1;2;2;2;2;1;2;0;1;2;NA;NA;NA;NA;NA;NA;NA;NA;NA;NA;NA;NA;;2;1;1;2;2;2;2;;2;NA;NA;NA;NA;NA;NA;NA;NA;NA;;2;Sans Objet;0;1;3;1;1;1;1;0;2;mezzanine, cellier;2;2;150;11;Sans Objet;Sans Objet;3;Sans Objet;2;Sans Objet;2;Sans Objet;Sans Objet;CUS1;2;2;2;1;2;2;Sans Objet;CHB1;2;1;2;2;2;2;Sans Objet;11;200;40;200;1;1;4;1;1;3;1;3;1;1;1;4;1;1;3;3;4
LOG100;7395,47692;155;52;0;2021-juin;2021-juin;52;Pays de la Loire;85;Vendée;1;8;4;0;0;2;3;1;10;1;2005;2;NA;2005;2;2;2;1;2;2;2;;2;NA;;3;NA;;3;NA;;3;NA;;3;NA;;1;2;2;1;1;2;1;2;2;2;2;2;2;2;2;2;2;;3;6;;2;2;2;2;1;2;2;2;2;2;;2;2;2;2;1;2;2;2;2;;3;1;3;NA;1;NA;1;6;;1;3;1;2;2;1;1;1;2;1;2;2;2;;Peinture biocide;2;2;2;1;2;2;2;5;2;3;1;2;2;2;0;0;2;2;0;2;NA;NA;NA;NA;NA;NA;NA;NA;NA;NA;NA;NA;;2;1;2;2;1;2;1;Ancienne carrière à l'arrêt depuis 2017 à environ 180m;1;2;2;2;2;2;2;2;1;2;Fourrage;2;Sans Objet;0;1;4;1;1;2;1;0;2;1 débarras et 1 garage attenant;2;2;150;8;Sans Objet;Sans Objet;5;Sans Objet;2;Sans Objet;1;1;1;CUS1;1;2;2;1;2;2;Sans Objet;CHB1;2;1;2;2;2;2;Sans Objet;11;250;50;250;3;1;3;1;3;1;1;1;3;3;3;1;1;1;4;3;4
LOG101;128913,6498;142;52;0;2023-janvier;2023-janvier;52;Pays de la Loire;44;Loire-Atlantique;1;6;6;1;0;2;3;1;6;NA;NA;2;1;2015;2;2;2;1;2;2;2;;2;NA;;3;NA;;3;NA;;3;NA;;3;NA;;3;1;2;2;2;NA;NA;NA;NA;NA;NA;NA;NA;NA;NA;NA;NA;;2;3;;2;2;2;2;1;2;2;2;2;2;;1;2;2;2;2;2;2;2;2;;2;3;3;NA;1;NA;1;3;;1;3;1;2;1;1;1;2;NA;NA;NA;NA;NA;;;1;NA;NA;NA;NA;2;2;2;0;2;1;2;2;2;0;0;2;2;0;1;NA;NA;NA;NA;NA;NA;NA;NA;NA;NA;NA;NA;;2;2;NA;NA;NA;NA;NA;;2;NA;NA;NA;NA;NA;NA;NA;NA;NA;;2;Sans Objet;1;1;4;1;2;1;1;0;3;Garage, couloir, mezzanine;1;1;200;5;Sans Objet;Sans Objet;3;Sans Objet;2;Sans Objet;1;1;1;SEJ1;2;2;2;1;2;2;Sans Objet;CHB1;2;1;2;2;2;2;Sans Objet;10;250;32;250;3;3;Sans Objet;Sans Objet;3;3;3;3;3;3;3;3;3;3;3;3;4
LOG102;7668,330957;147;52;0;2022-juin;2022-juin;52;Pays de la Loire;44;Loire-Atlantique;2;4;6;0;0;2;2;2;6;NA;NA;2;5;2013;2;1;1;2;2;2;2;;2;NA;;1;5;Poussière;3;NA;;3;NA;;3;NA;;5;NA;NA;NA;1;2;1;2;2;2;2;2;2;2;2;2;2;;2;3;;NA;NA;NA;NA;NA;NA;NA;NA;1;NA;;1;2;2;2;2;2;2;2;2;;3;3;3;NA;2;NA;1;3;;1;3;1;3;2;4;1;2;NA;NA;NA;NA;NA;;;2;1;2;2;2;2;2;4;2;3;1;2;2;2;0;0;2;2;0;2;NA;NA;NA;NA;NA;NA;NA;NA;NA;NA;NA;NA;;1;2;NA;NA;NA;NA;NA;;2;NA;NA;NA;NA;NA;NA;NA;NA;NA;;2;Sans Objet;1;1;3;0;1;1;1;0;3;dressing, couloir et entrée;1;2;72;4;Sans Objet;Sans Objet;1;Sans Objet;1;2;2;Sans Objet;Sans Objet;SEJ1;2;2;1;1;2;2;Sans Objet;CHB1;2;1;1;2;2;2;Sans Objet;11;240;15;250;3;3;Sans Objet;Sans Objet;3;3;3;3;3;3;3;3;3;3;3;3;3
LOG103;102201,8935;145;52;0;2021-septembre;2021-octobre;52;Pays de la Loire;44;Loire-Atlantique;1;6;4;1;0;2;3;1;11;1;2010;2;9;2010;2;2;2;1;2;2;2;;2;NA;;1;5;Poussière, pollen;3;NA;;3;NA;;3;NA;;4;NA;NA;NA;1;1;1;2;2;2;2;2;2;2;2;2;2;;3;10;;2;2;2;2;1;2;2;2;2;2;;1;2;2;2;2;2;2;1;2;;3;1;3;NA;2;NA;1;6;;1;2;1;4;2;3;1;1;2;1;2;2;1;Poules, poissons;;1;NA;NA;NA;NA;2;2;4;1;3;1;2;2;2;0;0;2;2;0;1;NA;NA;NA;NA;NA;NA;NA;NA;NA;NA;NA;NA;;2;2;NA;NA;NA;NA;NA;;1;NA;NA;NA;NA;NA;NA;NA;NA;1;;2;Sans Objet;1;1;3;2;1;1;1;0;0;Sans Objet;1;1;109;8;Sans Objet;Sans Objet;5;Sans Objet;2;Sans Objet;2;Sans Objet;Sans Objet;SEJ1;2;2;2;1;2;2;Sans Objet;CHB1;2;1;2;2;2;2;Sans Objet;12;220;34;220;3;3;Sans Objet;Sans Objet;3;3;3;3;3;3;3;3;3;3;3;3;3
LOG104;44771,89192;145;52;0;2021-juillet;2021-juillet;52;Pays de la Loire;44;Loire-Atlantique;1;5;3;1;0;2;3;1;1;NA;NA;2;6;2014;2;2;2;1;1;2;2;;2;NA;;3;NA;;2;3;;1;1;;2;1;;3;1;1;1;2;NA;NA;NA;NA;NA;NA;NA;NA;NA;NA;NA;NA;;3;6;;NA;NA;NA;NA;NA;NA;NA;NA;1;NA;;2;1;2;2;2;2;2;2;2;;3;3;3;NA;1;NA;1;3;;1;3;2;NA;3;1;1;1;1;2;2;2;2;;;1;NA;NA;NA;NA;2;2;1;0;1;1;2;2;2;0;0;2;1;0;2;NA;NA;NA;NA;NA;NA;NA;NA;NA;NA;NA;NA;;2;2;NA;NA;NA;NA;NA;;2;NA;NA;NA;NA;NA;NA;NA;NA;NA;;2;Sans Objet;0;1;2;1;1;2;1;0;0;Sans Objet;2;2;84;8;Sans Objet;Sans Objet;5;Sans Objet;2;Sans Objet;1;2;1;CUS1;1;2;2;1;2;2;Sans Objet;CHB1;2;1;2;2;2;2;Sans Objet;13,85;240;36,27;250;3;3;Sans Objet;Sans Objet;3;3;3;1;3;3;3;3;3;1;3;3;4
LOG105;4948,269187;146;52;0;2021-juin;2021-juin;52;Pays de la Loire;44;Loire-Atlantique;1;8;5;2;0;2;3;1;9;1;1991;2;11;1991;2;2;2;1;2;2;2;;2;NA;;3;NA;;3;NA;;2;1;;3;NA;;4;NA;NA;NA;2;NA;NA;NA;NA;NA;NA;NA;NA;NA;NA;NA;NA;;2;3;;2;2;2;2;1;2;2;2;2;2;;1;2;2;2;2;2;2;2;2;;1;1;3;NA;2;NA;1;3;;1;3;1;4;3;1;1;2;NA;NA;NA;NA;NA;;;2;2;2;1;2;2;2;3;0;3;1;1;2;2;0;0;2;2;0;2;NA;NA;NA;NA;NA;NA;NA;NA;NA;NA;NA;NA;;1;2;NA;NA;NA;NA;NA;;2;NA;NA;NA;NA;NA;NA;NA;NA;NA;;2;Sans Objet;0;1;4;1;2;2;1;0;2;1 dressing et 1 garage attenant;2;2;140;8;Sans Objet;Sans Objet;3;Sans Objet;1;2;1;1;3;CUS1;1;2;2;1;2;2;Sans Objet;CHB1;2;1;2;2;2;2;Sans Objet;16;250;40;250;3;3;Sans Objet;Sans Objet;3;3;3;3;3;3;3;3;3;1;4;3;4
LOG106;25252,87512;149;52;0;2021-mars;2021-mars;52;Pays de la Loire;49;Maine-et-Loire;1;8;3;1;0;2;3;1;12;1;2013;2;8;2013;1;2;2;2;2;2;2;;2;NA;;3;NA;;3;NA;;3;NA;;3;NA;;4;NA;NA;NA;2;NA;NA;NA;NA;NA;NA;NA;NA;NA;NA;NA;NA;;3;5;;NA;NA;NA;NA;NA;NA;NA;NA;1;NA;;2;2;2;2;2;2;2;1;2;;3;1;3;NA;2;NA;1;6;;1;3;1;4;1;1;1;1;2;1;2;2;2;;;2;2;2;1;2;2;2;4;2;3;1;2;2;2;0;0;2;2;0;1;NA;NA;NA;NA;NA;NA;NA;NA;NA;NA;NA;NA;;2;1;2;2;1;2;2;;1;2;1;2;2;2;2;2;2;2;;2;Sans Objet;0;1;3;1;2;1;1;0;2;1 garage attenant + 1 mezzanine;2;2;130;5;Sans Objet;Sans Objet;5;Sans Objet;2;Sans Objet;1;1;3;CUS1;1;2;2;1;2;2;Sans Objet;CHB1;2;1;2;2;2;2;Sans Objet;18;250;58;250;3;3;Sans Objet;Sans Objet;3;3;1;3;3;3;3;3;3;1;4;3;4
LOG107;15700,55186;148;52;0;2021-janvier;2021-janvier;52;Pays de la Loire;49;Maine-et-Loire;1;10;4;1;0;2;3;1;7;NA;NA;2;8;2014;2;1;2;2;2;2;2;;1;6;Cabinet de Sophrologie;3;NA;;3;NA;;3;NA;;3;NA;;1;2;2;1;2;NA;NA;NA;NA;NA;NA;NA;NA;NA;NA;NA;NA;;2;10;;2;2;2;2;1;2;2;2;2;2;;1;2;2;2;2;2;2;2;2;;1;3;3;NA;1;NA;1;6;;1;3;1;4;1;1;1;1;1;2;2;2;2;;;2;2;2;1;2;2;2;5;2;3;1;2;2;2;0;0;2;2;0;1;NA;NA;NA;NA;NA;NA;NA;NA;NA;NA;NA;NA;;1;2;NA;NA;NA;NA;NA;;1;NA;NA;NA;NA;NA;NA;NA;NA;1;;2;Sans Objet;1;1;4;2;2;1;1;0;1;sous-sol aménagé;2;1;180;4;Sans Objet;Sans Objet;5;Sans Objet;1;2;1;1;2;SEJ1;1;2;2;1;2;2;Sans Objet;CHB1;2;1;2;2;2;2;Sans Objet;20;250;40;250;3;3;Sans Objet;Sans Objet;3;3;3;3;1;3;3;3;3;3;1;4;3
LOG108;9326,80209;149;52;0;2021-juin;2021-juin;52;Pays de la Loire;49;Maine-et-Loire;1;3;2;0;0;2;3;1;2;NA;NA;1;NA;NA;2;2;2;1;2;2;2;;2;NA;;3;NA;;3;NA;;3;NA;;3;NA;;2;1;1;1;2;NA;NA;NA;NA;NA;NA;NA;NA;NA;NA;NA;NA;;2;7;;NA;NA;NA;NA;NA;NA;NA;NA;1;NA;;1;2;2;2;2;2;2;2;2;;3;3;3;NA;2;NA;1;7;Pompe à chaleur;1;3;1;1;2;1;1;2;NA;NA;NA;NA;NA;;;2;2;2;1;2;2;2;2;0;5;2;2;2;2;1;0;2;1;0;2;NA;NA;NA;NA;NA;NA;NA;NA;NA;NA;NA;NA;;2;1;2;2;2;2;1;Très forte circulation routière à quelques mètre de l'habitation;2;NA;NA;NA;NA;NA;NA;NA;NA;NA;;2;Sans Objet;1;1;1;0;1;1;0;0;0;Sans Objet;1;1;120;8;Sans Objet;Sans Objet;3;Sans Objet;2;Sans Objet;1;1;2;SEJ1;2;2;2;1;2;2;Sans Objet;CHB1;2;1;2;2;2;2;Sans Objet;12;270;26;270;3;3;Sans Objet;Sans Objet;3;2;3;3;3;3;3;3;3;3;4;4;4
LOG109;23088,33087;148;52;0;2021-février;2021-mars;52;Pays de la Loire;49;Maine-et-Loire;1;6;2;1;0;2;3;1;12;1;2019;2;1;2019;2;1;2;1;2;2;2;;2;NA;;3;NA;;3;NA;;3;NA;;3;NA;;4;NA;NA;NA;1;2;1;2;2;1;2;2;2;2;2;2;1;Travaux suite à dégât des eaux (salle de bain);2;3;;2;2;2;2;2;2;2;1;2;2;chauffage solaire;1;2;2;2;2;2;2;2;2;;3;3;3;NA;2;NA;1;3;;1;3;1;1;1;1;1;1;2;1;2;2;2;;;1;NA;NA;NA;NA;2;2;5;1;3;1;2;2;2;0;0;2;2;0;1;NA;NA;NA;NA;NA;NA;NA;NA;NA;NA;NA;NA;;1;2;NA;NA;NA;NA;NA;;2;NA;NA;NA;NA;NA;NA;NA;NA;NA;;2;Sans Objet;0;1;4;0;2;0;0;0;1;1 garage attenant;2;1;107;5;Sans Objet;Sans Objet;5;Sans Objet;2;Sans Objet;1;1;3;CUS1;1;2;2;1;2;2;Sans Objet;CHB1;2;1;2;2;2;2;Sans Objet;14;260;43;260;3;3;Sans Objet;Sans Objet;3;3;3;1;3;3;3;3;3;1;4;4;4
LOG110;8908,814686;155;52;0;2021-juin;2021-juin;52;Pays de la Loire;85;Vendée;1;7;4;0;0;2;3;1;12;1;2017;2;8;2017;2;2;2;1;2;2;2;;2;NA;;3;NA;;3;NA;;3;NA;;3;NA;;1;1;1;1;2;NA;NA;NA;NA;NA;NA;NA;NA;NA;NA;NA;NA;;2;6;;NA;NA;NA;NA;NA;NA;NA;NA;1;NA;;2;2;1;2;2;2;2;2;2;;3;3;3;NA;2;NA;1;6;;1;3;1;2;2;1;1;2;NA;NA;NA;NA;NA;;;1;NA;NA;NA;NA;2;2;4;2;3;1;2;2;2;0;0;2;2;0;2;NA;NA;NA;NA;NA;NA;NA;NA;NA;NA;NA;NA;;1;2;NA;NA;NA;NA;NA;;1;1;2;2;2;2;2;2;2;2;;2;Sans Objet;0;1;3;1;2;2;1;0;1;garage attenant;2;1;140;8;Sans Objet;Sans Objet;3;Sans Objet;2;Sans Objet;1;1;3;CUS1;1;2;2;1;2;2;Sans Objet;CHB1;2;1;2;2;2;2;Sans Objet;10,5;250;53;310;3;1;2;1;3;3;3;1;1;3;3;4;3;1;3;3;4
LOG111;7574,758446;155;52;0;2023-février;2023-février;52;Pays de la Loire;85;Vendée;1;5;8;0;0;2;3;1;6;NA;NA;2;12;1993;2;1;2;1;2;2;2;;2;NA;;2;1;;3;NA;;1;1;;1;1;;2;2;1;1;2;NA;NA;NA;NA;NA;NA;NA;NA;NA;NA;NA;NA;;2;10;;2;2;2;2;1;2;2;2;2;2;;1;2;2;2;2;2;2;2;2;;3;1;3;NA;2;NA;1;6;;1;1;1;2;1;1;1;1;1;2;1;2;2;;;2;2;2;1;2;2;2;2;0;2;1;1;2;2;0;0;2;2;0;1;NA;NA;NA;NA;NA;NA;NA;NA;NA;NA;NA;NA;;2;2;NA;NA;NA;NA;NA;;2;NA;NA;NA;NA;NA;NA;NA;NA;NA;;2;Sans Objet;0;1;4;0;2;2;1;0;2;2 garages;2;1;100;4;Sans Objet;Sans Objet;3;Sans Objet;2;Sans Objet;1;1;1;CUS1;1;2;2;1;2;2;Sans Objet;CHB1;2;1;2;2;2;2;Sans Objet;12;250;45;250;3;3;Sans Objet;Sans Objet;3;3;3;3;3;3;3;4;3;3;3;3;4
LOG112;46679,87008;153;52;0;2021-février;2021-février;52;Pays de la Loire;53;Mayenne;2;4;2;13;2;2;1;2;6;NA;NA;2;11;2016;2;2;1;2;2;2;2;;2;NA;;3;NA;;3;NA;;2;1;;2;1;;1;1;2;2;2;NA;NA;NA;NA;NA;NA;NA;NA;NA;NA;NA;NA;;1;3;;NA;NA;NA;NA;NA;NA;NA;NA;1;NA;;2;2;1;2;2;2;2;2;2;;3;3;3;NA;2;NA;1;3;;1;3;1;3;1;1;1;2;NA;NA;NA;NA;NA;;;1;NA;NA;NA;NA;2;2;1;0;1;2;1;2;2;0;0;2;1;0;1;NA;NA;NA;NA;NA;NA;NA;NA;NA;NA;NA;NA;;2;2;NA;NA;NA;NA;NA;;2;NA;NA;NA;NA;NA;NA;NA;NA;NA;;2;Sans Objet;1;1;2;0;1;1;0;0;0;Sans Objet;1;1;75;1;Sans Objet;Sans Objet;1;Sans Objet;1;2;2;Sans Objet;Sans Objet;SEJ1;2;2;1;1;2;2;Sans Objet;CHB1;2;1;2;2;2;2;Sans Objet;10;250;25;250;3;3;Sans Objet;Sans Objet;3;3;3;3;3;3;3;3;3;1;4;4;4
LOG113;7176,52571;144;52;0;2021-janvier;2021-janvier;52;Pays de la Loire;44;Loire-Atlantique;1;7;4;1;0;2;3;1;10;1;2003;2;9;2010;2;1;2;2;2;2;2;;2;NA;;3;NA;;3;NA;;3;NA;;3;NA;;4;NA;NA;NA;2;NA;NA;NA;NA;NA;NA;NA;NA;NA;NA;NA;NA;;2;3;;2;2;2;2;2;1;2;2;2;2;;1;2;1;2;2;2;2;2;2;;3;3;3;NA;2;NA;1;3;;1;3;1;2;1;1;3;1;2;1;2;2;2;;;2;2;2;1;2;2;2;4;2;3;1;2;2;2;0;0;2;2;0;1;NA;NA;NA;NA;NA;NA;NA;NA;NA;NA;NA;NA;;2;1;2;2;2;1;2;;1;2;2;2;2;2;1;2;2;2;;2;Sans Objet;0;1;3;1;2;2;1;0;1;garage;2;2;110;8;Sans Objet;Sans Objet;4;Sans Objet;2;Sans Objet;1;1;3;CUS1;1;2;2;1;2;2;Sans Objet;CHB1;2;1;2;2;2;2;Sans Objet;14;250;41;250;3;3;Sans Objet;Sans Objet;3;3;3;1;1;3;3;3;3;3;3;4;3
LOG114;9844,31058;167;53;0;2021-février;2021-mars;52;Pays de la Loire;49;Maine-et-Loire;1;7;5;2;0;2;3;1;1;NA;NA;2;1;2018;1;2;1;2;1;2;2;;2;NA;;3;NA;;3;NA;;3;NA;;3;NA;;1;2;1;1;1;2;2;2;2;2;2;2;2;2;2;2;1;Pose de parquet en bois;2;6;;2;1;2;2;2;2;2;2;2;2;;1;2;2;2;2;2;2;2;2;;1;1;3;NA;1;NA;1;6;;1;2;1;2;1;3;1;1;1;1;2;2;2;;;2;2;2;1;2;2;2;2;0;2;1;1;2;2;0;0;2;2;0;1;NA;NA;NA;NA;NA;NA;NA;NA;NA;NA;NA;NA;;2;1;2;2;1;2;2;;2;NA;NA;NA;NA;NA;NA;NA;NA;NA;;2;Sans Objet;1;2;4;0;1;3;1;0;0;Sans Objet;1;1;300;2;Sans Objet;Sans Objet;5;Sans Objet;1;2;1;2;3;SEJ1;2;2;1;1;2;2;Sans Objet;CHB1;2;1;2;2;1;2;Sans Objet;42,13;252;46,3;254;3;3;Sans Objet;Sans Objet;3;2;3;3;3;3;3;3;1;3;4;3;3
LOG115;11098,23564;145;52;0;2021-mars;2021-mars;52;Pays de la Loire;44;Loire-Atlantique;1;6;2;1;0;2;3;1;10;1;2003;2;3;2003;2;2;1;2;2;2;2;;2;NA;;3;NA;;3;NA;;3;NA;;3;NA;;1;2;2;1;2;NA;NA;NA;NA;NA;NA;NA;NA;NA;NA;NA;NA;;2;10;;NA;NA;NA;NA;NA;NA;NA;NA;1;NA;;1;2;2;2;2;2;2;2;2;;3;3;1;1;3;NA;1;6;;1;1;1;4;3;1;1;1;2;1;2;2;2;;;2;2;2;1;2;2;2;4;0;3;1;2;2;2;0;0;2;2;0;2;NA;NA;NA;NA;NA;NA;NA;NA;NA;NA;NA;NA;;2;1;2;2;1;2;2;;1;2;2;2;1;2;1;2;2;2;;2;Sans Objet;0;1;4;0;1;1;0;0;1;1 garage attenant;2;1;107;8;Sans Objet;Sans Objet;5;Sans Objet;2;Sans Objet;1;1;3;CUS1;1;2;2;1;2;2;Sans Objet;CHB1;2;1;2;2;2;2;Sans Objet;13;250;50;250;3;3;Sans Objet;Sans Objet;3;3;3;3;3;3;3;3;3;4;3;3;4
LOG116;137033,7137;149;52;0;2021-juin;2021-juin;52;Pays de la Loire;49;Maine-et-Loire;1;5;2;0;0;1;3;1;1;NA;NA;2;NA;1988;2;2;2;2;1;2;2;;2;NA;;3;NA;;3;NA;;3;NA;;3;NA;;4;NA;NA;NA;1;1;2;2;2;2;2;2;2;2;2;2;2;;3;6;;2;1;2;2;1;2;2;2;2;2;;2;2;2;2;2;2;2;2;1;Pas de système de chauffage central;1;1;3;NA;1;NA;1;6;;1;3;2;NA;1;4;1;1;2;1;2;2;2;;;2;2;2;1;2;2;2;2;0;2;1;2;2;2;0;0;2;2;0;2;NA;NA;NA;NA;NA;NA;NA;NA;NA;NA;NA;NA;;2;1;2;2;1;2;2;;1;2;1;2;2;2;2;2;2;2;;2;Sans Objet;1;1;1;1;1;1;1;0;0;Sans Objet;1;2;80;8;Sans Objet;Sans Objet;3;Sans Objet;2;Sans Objet;1;2;3;SEJ1;2;2;1;1;2;2;Sans Objet;CHB1;2;1;2;2;2;1;Espace de relaxation-méditation;12;220;30;260;3;3;Sans Objet;Sans Objet;3;3;3;3;3;1;3;3;3;1;4;3;3
LOG117;11825,90514;156;52;0;2021-avril;2021-avril;52;Pays de la Loire;85;Vendée;1;9;4;0;0;2;2;1;11;1;2012;2;2;2012;2;2;2;1;2;2;2;;2;NA;;1;3;;3;NA;;3;NA;;3;NA;;4;NA;NA;NA;1;2;1;2;2;2;2;2;2;2;2;2;2;;2;6;;NA;NA;NA;NA;NA;NA;NA;NA;1;NA;;2;2;1;2;2;2;2;2;2;;3;3;3;NA;2;NA;1;6;;1;3;1;2;1;1;1;1;1;2;2;2;2;;;2;2;2;1;2;2;2;5;3;3;1;2;2;2;0;0;2;2;0;1;NA;NA;NA;NA;NA;NA;NA;NA;NA;NA;NA;NA;;1;2;NA;NA;NA;NA;NA;;1;1;2;2;2;2;2;2;2;2;;2;Sans Objet;0;1;6;1;2;2;1;0;0;Sans Objet;2;2;190;8;Sans Objet;Sans Objet;3;Sans Objet;2;Sans Objet;2;Sans Objet;Sans Objet;CUS1;1;2;2;1;2;2;Sans Objet;CHB1;2;1;2;2;2;2;Sans Objet;11;250;60;250;3;1;2;1;1;3;3;1;3;3;3;4;3;1;4;3;4
LOG118;78424,76363;152;52;0;2021-février;2021-février;52;Pays de la Loire;49;Maine-et-Loire;2;4;2;12;8;2;1;2;5;NA;NA;2;NA;1991;2;2;2;1;2;2;2;;2;NA;;3;NA;;3;NA;;2;4;;3;NA;;1;1;1;2;2;NA;NA;NA;NA;NA;NA;NA;NA;NA;NA;NA;NA;;1;6;;NA;NA;NA;NA;NA;NA;NA;NA;1;NA;;2;2;1;2;2;2;2;2;2;;3;3;3;NA;2;NA;1;6;;1;3;1;3;3;1;1;2;NA;NA;NA;NA;NA;;;2;2;2;1;2;2;2;1;0;1;2;2;2;2;0;0;2;1;0;1;0;0;0;0;2;1;2;2;2;2;2;2;;1;1;2;1;2;2;2;;1;2;2;1;2;2;1;1;2;2;;2;Sans Objet;1;1;2;0;1;1;0;0;0;Sans Objet;1;1;80;1;Sans Objet;Sans Objet;1;Sans Objet;2;Sans Objet;2;Sans Objet;Sans Objet;SEJ1;2;2;1;1;2;2;Sans Objet;CHB1;2;1;2;2;2;2;Sans Objet;9,22;250;44,1;250;3;3;Sans Objet;Sans Objet;3;3;1;3;3;3;3;3;1;1;3;3;4
LOG119;4167,598145;142;52;0;2022-septembre;2022-septembre;52;Pays de la Loire;44;Loire-Atlantique;1;6;5;1;0;2;3;1;9;1;2000;2;4;2002;2;2;2;1;2;2;2;;2;NA;;3;NA;;3;NA;;3;NA;;3;NA;;4;NA;NA;NA;2;NA;NA;NA;NA;NA;NA;NA;NA;NA;NA;NA;NA;;2;3;;NA;NA;NA;NA;NA;NA;NA;NA;1;NA;;1;2;2;2;2;2;2;2;2;;3;3;3;NA;1;NA;1;3;;1;3;1;2;2;1;1;1;2;1;2;2;2;;;2;2;2;1;2;2;2;2;0;2;1;2;2;2;0;0;2;2;0;2;NA;NA;NA;NA;NA;NA;NA;NA;NA;NA;NA;NA;;2;2;NA;NA;NA;NA;NA;;2;NA;NA;NA;NA;NA;NA;NA;NA;NA;;2;Sans Objet;0;1;4;1;2;2;1;0;1;débarras;2;1;130;5;Sans Objet;Sans Objet;3;Sans Objet;2;Sans Objet;1;1;3;CUS1;1;2;2;1;1;2;Sans Objet;CHB1;2;1;2;2;2;2;Sans Objet;13;245;45;245;3;3;Sans Objet;Sans Objet;3;3;1;3;3;3;3;4;3;3;4;4;4
LOG120;30756,60385;147;52;0;2022-octobre;2022-novembre;52;Pays de la Loire;44;Loire-Atlantique;1;8;2;1;0;2;2;1;7;NA;NA;2;11;2021;2;2;1;2;2;2;2;;2;NA;;3;NA;;3;NA;;2;2;;2;2;;1;2;2;1;1;1;1;2;1;1;1;1;1;1;2;2;2;;1;3;;2;2;2;2;1;1;2;2;2;2;;1;2;2;2;2;2;2;2;2;;3;1;3;NA;1;NA;1;3;;1;3;1;4;1;1;1;2;NA;NA;NA;NA;NA;;;2;2;2;1;2;2;2;4;2;3;1;1;2;2;0;0;2;2;0;2;NA;NA;NA;NA;NA;NA;NA;NA;NA;NA;NA;NA;;2;2;NA;NA;NA;NA;NA;;2;NA;NA;NA;NA;NA;NA;NA;NA;NA;;2;Sans Objet;1;1;3;0;1;1;0;0;3;garage / entrée / escalier;1;2;110;8;Sans Objet;Sans Objet;5;Sans Objet;2;Sans Objet;1;1;3;SEJ1;2;2;2;1;2;2;Sans Objet;CHB1;2;1;2;2;2;2;Sans Objet;12;250;31;250;3;3;Sans Objet;Sans Objet;3;3;3;3;3;3;3;3;3;4;4;4;4
LOG121;11888,16649;153;52;0;2021-mars;2021-mars;52;Pays de la Loire;53;Mayenne;1;6;4;0;0;2;3;1;12;1;2015;2;8;2015;1;2;2;2;2;2;2;;2;NA;;3;NA;;3;NA;;3;NA;;3;NA;;4;NA;NA;NA;2;NA;NA;NA;NA;NA;NA;NA;NA;NA;NA;NA;NA;;3;5;;2;2;2;2;2;1;2;2;2;2;;2;1;2;2;2;2;2;2;2;;3;1;3;NA;2;NA;1;7;Pompe à chaleur;1;3;1;4;1;1;1;1;2;1;2;2;2;;;2;2;2;1;2;2;2;3;0;3;1;1;2;2;0;0;2;2;0;1;0;0;0;0;0;0;2;2;2;2;2;1;Canapé en cuir et bois;2;2;NA;NA;NA;NA;NA;;2;NA;NA;NA;NA;NA;NA;NA;NA;NA;;2;Sans Objet;0;1;2;1;2;2;1;0;1;1 très grand dressing;2;1;240;8;Sans Objet;Sans Objet;3;Sans Objet;2;Sans Objet;1;2;3;CUS1;1;2;2;1;2;2;Sans Objet;CHB1;2;1;2;2;2;2;Sans Objet;18;250;52;250;1;1;3;2;1;3;3;1;3;3;3;4;3;3;1;4;4
LOG122;45674,8242;153;52;0;2021-septembre;2021-octobre;52;Pays de la Loire;53;Mayenne;1;7;3;2;0;2;2;1;5;NA;NA;2;NA;2019;2;1;2;1;2;2;2;;2;NA;;2;3;;3;NA;;3;NA;;3;NA;;4;NA;NA;NA;1;1;2;2;2;2;2;2;2;2;2;2;2;;2;1;;2;2;2;2;2;1;2;2;2;2;;1;2;2;2;2;2;2;2;1;Souffleur électrique utilisé qu'en cas de grands froid en appoint.;3;3;2;2;2;NA;1;6;;1;3;1;2;3;3;3;1;1;1;2;2;2;;;1;NA;NA;NA;NA;2;2;3;0;3;1;2;2;2;0;0;2;2;0;2;NA;NA;NA;NA;NA;NA;NA;NA;NA;NA;NA;NA;;1;2;NA;NA;NA;NA;NA;;2;NA;NA;NA;NA;NA;NA;NA;NA;NA;;2;Sans Objet;1;1;3;2;2;1;0;0;0;Sans Objet;1;2;135;7;Sans Objet;2;5;Sans Objet;1;1;1;1;3;SEJ1;2;2;2;1;2;2;Sans Objet;CHB1;2;1;2;2;2;2;Sans Objet;10,92;269;15,03;263;3;3;Sans Objet;Sans Objet;3;3;3;3;3;3;3;4;4;4;4;4;4
LOG123;10183,06696;147;52;0;2021-mai;2021-mai;52;Pays de la Loire;44;Loire-Atlantique;1;4;2;0;0;2;3;1;3;NA;NA;2;11;2003;2;2;2;2;1;2;2;;2;NA;;1;5;Pollen;3;NA;;2;4;;2;4;;3;1;1;1;1;2;1;2;2;2;2;2;2;2;2;2;1;Ajout de mastic;2;3;;2;2;2;2;2;1;2;2;2;2;;1;2;2;2;2;2;2;2;2;;3;3;3;NA;2;NA;1;3;;1;3;1;1;2;1;1;1;2;1;2;2;2;;;2;2;2;1;2;2;2;3;0;3;1;2;2;2;0;0;2;2;0;1;0;0;0;0;1;0;2;2;2;2;2;2;;1;1;2;2;2;2;1;Route à très fort trafic (tram, commissariat central de Nantes, avenue traversante de Nantes);2;NA;NA;NA;NA;NA;NA;NA;NA;NA;;2;Sans Objet;0;1;2;1;1;1;0;0;0;Sans Objet;2;3;72;8;Sans Objet;Sans Objet;4;Sans Objet;2;Sans Objet;2;Sans Objet;Sans Objet;CUS1;1;2;2;1;2;2;Sans Objet;CHB1;2;1;2;2;2;2;Sans Objet;9,1;285;30,5;285;3;1;3;1;3;2;1;1;3;3;3;3;3;3;3;3;4
LOG124;25706,84595;146;52;0;2023-janvier;2023-janvier;52;Pays de la Loire;44;Loire-Atlantique;1;4;3;1;0;2;3;1;12;1;2022;2;10;2022;1;2;2;2;2;2;2;;2;NA;;3;NA;;3;NA;;3;NA;;3;NA;;1;1;1;1;1;2;1;2;2;1;1;2;1;2;2;2;1;Plomberie et électricité;3;5;;NA;NA;NA;NA;NA;NA;NA;NA;1;NA;;2;2;2;2;2;2;2;1;2;;3;2;3;NA;2;NA;1;6;;1;3;1;1;1;1;1;1;2;1;2;2;2;;;2;2;2;1;2;2;2;4;2;3;1;2;2;2;0;0;2;2;0;1;NA;NA;NA;NA;NA;NA;NA;NA;NA;NA;NA;NA;;1;2;NA;NA;NA;NA;NA;;2;NA;NA;NA;NA;NA;NA;NA;NA;NA;;2;Sans Objet;0;1;3;0;1;1;0;0;1;pallier;2;1;82;8;Sans Objet;Sans Objet;3;Sans Objet;2;Sans Objet;2;Sans Objet;Sans Objet;CUS1;1;2;2;1;2;2;Sans Objet;CHB1;2;1;2;2;2;2;Sans Objet;13;250;35;250;1;1;3;2;3;3;3;3;3;3;3;3;3;3;3;3;4
LOG125;93836,30665;155;52;0;2021-juin;2021-juin;52;Pays de la Loire;85;Vendée;1;7;2;0;0;2;2;1;7;NA;NA;1;NA;NA;2;2;2;1;2;2;2;;2;NA;;1;5;Pollen;2;3;;3;NA;;3;NA;;2;2;1;1;2;NA;NA;NA;NA;NA;NA;NA;NA;NA;NA;NA;NA;;2;5;;NA;NA;NA;NA;NA;NA;NA;NA;1;NA;;2;2;2;2;2;2;2;1;2;;3;1;3;NA;1;NA;1;6;;1;3;1;2;3;1;1;1;1;1;1;2;2;;;2;2;2;1;2;2;2;2;0;2;2;2;2;2;0;0;2;2;0;1;NA;NA;NA;NA;NA;NA;NA;NA;NA;NA;NA;NA;;2;1;2;2;2;1;2;;1;1;2;2;2;2;2;2;2;2;;2;Sans Objet;1;1;3;0;1;1;1;1;0;Sans Objet;1;2;100;7;Sans Objet;1;5;Sans Objet;1;2;2;Sans Objet;Sans Objet;SEJ1;2;2;2;1;2;2;Sans Objet;CHB1;2;1;2;2;2;2;Sans Objet;12;270;33;270;3;1;4;2;3;3;3;3;3;3;3;3;3;3;4;3;4
LOG126;11835,54692;147;52;0;2021-janvier;2021-janvier;52;Pays de la Loire;44;Loire-Atlantique;1;4;4;1;0;2;3;1;3;NA;NA;2;3;2019;2;1;2;1;1;2;2;;2;NA;;3;NA;;3;NA;;1;2;;1;2;;4;NA;NA;NA;1;2;1;2;2;2;2;2;2;2;2;2;2;;2;3;;NA;NA;NA;NA;NA;NA;NA;NA;1;NA;;1;2;2;2;2;2;2;2;2;;3;3;3;NA;1;NA;1;3;;1;3;1;1;1;1;4;1;2;1;2;2;2;;;2;2;2;1;2;2;2;2;0;2;1;2;2;2;0;0;2;2;0;1;NA;NA;NA;NA;NA;NA;NA;NA;NA;NA;NA;NA;;2;2;NA;NA;NA;NA;NA;;2;NA;NA;NA;NA;NA;NA;NA;NA;NA;;2;Sans Objet;0;1;2;0;1;1;0;1;1;1 garage attenant;2;1;80;8;Sans Objet;Sans Objet;3;Sans Objet;2;Sans Objet;1;2;3;CUS1;1;2;2;2;2;2;Sans Objet;CHB1;2;1;2;2;2;2;Sans Objet;11,56;210;50,8;273;3;3;Sans Objet;Sans Objet;3;3;3;3;3;3;1;3;3;3;3;3;3
LOG127;20395,6786;160;53;0;2021-août;2021-août;53;Bretagne;29;Finistère;1;7;4;1;0;3;3;1;2;NA;NA;2;7;1994;2;2;2;2;1;2;2;;2;NA;;3;NA;;3;NA;;2;3;;3;NA;;3;1;2;1;1;2;1;2;2;2;2;2;2;2;2;2;2;;3;5;;2;2;2;2;2;1;2;2;2;2;;2;1;2;2;2;2;2;2;2;;3;1;3;NA;2;NA;2;NA;;1;3;2;NA;2;5;1;1;1;2;2;2;2;;;2;2;2;1;2;2;1;1;0;1;1;1;2;2;0;0;2;2;1;2;NA;NA;NA;NA;NA;NA;NA;NA;NA;NA;NA;NA;;2;1;2;2;1;2;2;;1;1;2;2;2;2;2;2;2;2;;2;Sans Objet;0;1;5;1;1;2;1;0;0;Sans Objet;2;3;220;8;Sans Objet;Sans Objet;3;Sans Objet;2;Sans Objet;2;Sans Objet;Sans Objet;CUS1;1;2;1;1;1;2;Sans Objet;CHB1;2;1;2;2;2;2;Sans Objet;28;150;57;257;1;3;Sans Objet;Sans Objet;3;3;3;3;3;3;3;3;3;4;4;4;3
LOG128;172919,417;165;53;0;2021-mars;2021-mars;53;Bretagne;35;Ille-et-Vilaine;1;7;5;2;0;2;3;1;7;NA;NA;2;3;1976;2;1;2;2;2;2;2;;2;NA;;2;5;"Poussière de jardin ""pollen""";2;6;Jardin;2;4;;3;NA;;2;1;1;1;1;2;1;2;2;2;1;2;2;2;2;2;2;;3;6;;NA;NA;NA;NA;NA;NA;NA;NA;1;NA;;2;1;2;2;2;2;2;2;2;;2;3;3;NA;2;NA;2;NA;;1;3;1;4;1;1;1;1;2;1;2;2;2;;;1;NA;NA;NA;NA;2;2;1;0;1;2;2;2;2;0;0;2;1;0;1;NA;NA;NA;NA;NA;NA;NA;NA;NA;NA;NA;NA;;2;2;NA;NA;NA;NA;NA;;2;NA;NA;NA;NA;NA;NA;NA;NA;NA;;2;Sans Objet;1;1;5;1;2;2;0;0;1;cave;1;1;130;7;Sans Objet;1;3;Sans Objet;1;1;2;Sans Objet;Sans Objet;CHB2;2;1;2;2;2;2;Sans Objet;CHB1;2;1;2;2;2;2;Sans Objet;11;252;11,5;252;3;3;Sans Objet;Sans Objet;1;3;1;3;3;3;3;3;4;3;4;4;4
LOG129;5853,92856;163;53;0;2021-août;2021-septembre;53;Bretagne;29;Finistère;1;6;5;1;0;2;2;1;8;NA;NA;2;2;2008;2;2;2;1;2;2;2;;2;NA;;3;NA;;2;3;;1;1;;2;1;;3;1;1;2;2;NA;NA;NA;NA;NA;NA;NA;NA;NA;NA;NA;NA;;3;6;;2;2;2;2;1;2;2;2;2;2;;2;1;2;2;2;2;2;2;2;;1;3;3;NA;2;NA;2;NA;;1;3;1;4;1;1;1;1;2;1;2;2;2;;;2;2;2;1;2;2;2;4;1;3;1;2;2;2;0;0;2;2;0;2;NA;NA;NA;NA;NA;NA;NA;NA;NA;NA;NA;NA;;2;2;NA;NA;NA;NA;NA;;1;1;2;2;2;2;2;2;2;2;;2;Sans Objet;1;1;3;1;1;1;1;0;2;1 garage 1 atelier;1;2;135;7;Sans Objet;1;3;Sans Objet;1;1;1;1;1;SEJ1;2;2;2;1;2;2;Sans Objet;CHB1;2;1;2;2;2;2;Sans Objet;13;239;33;239;3;1;3;1;3;3;1;1;1;3;3;3;3;3;3;4;4
LOG130;8824,723956;165;53;0;2021-février;2021-février;53;Bretagne;35;Ille-et-Vilaine;1;6;5;1;0;2;2;1;6;NA;NA;2;NA;2004;2;2;1;1;2;2;2;;2;NA;;3;NA;;3;NA;;3;NA;;3;NA;;1;1;2;1;1;1;1;2;2;1;2;2;1;2;2;2;2;;2;3;;NA;NA;NA;NA;NA;NA;NA;NA;1;NA;;1;2;2;2;2;2;2;2;2;;2;3;3;NA;2;NA;2;NA;;1;3;1;4;3;1;1;1;1;2;2;2;2;;;2;2;2;1;2;2;2;3;0;3;2;1;2;2;0;0;2;2;0;1;NA;NA;NA;NA;NA;NA;NA;NA;NA;NA;NA;NA;;1;2;NA;NA;NA;NA;NA;;2;NA;NA;NA;NA;NA;NA;NA;NA;NA;;2;Sans Objet;1;1;2;2;2;1;1;0;1;atelier;1;1;150;7;Sans Objet;1;3;Sans Objet;2;Sans Objet;2;Sans Objet;Sans Objet;SEJ1;2;2;2;1;2;2;Sans Objet;CHB1;2;1;2;2;2;2;Sans Objet;10;260;55;250;3;1;4;4;3;3;1;3;3;3;3;3;3;1;3;3;4
LOG131;13229,31364;163;53;0;2022-novembre;2022-novembre;53;Bretagne;29;Finistère;1;5;3;1;0;2;2;1;12;1;2017;2;6;2017;1;2;2;2;2;2;2;;2;NA;;3;NA;;1;4;;3;NA;;3;NA;;4;NA;NA;NA;1;2;2;2;2;2;2;2;1;2;2;2;2;;3;6;;NA;NA;NA;NA;NA;NA;NA;NA;1;NA;;2;2;2;2;2;2;2;1;2;;3;2;3;NA;2;NA;1;6;;1;3;1;2;1;1;1;1;1;2;2;2;2;;;2;2;2;1;2;2;2;4;2;3;1;1;2;2;1;0;2;2;0;1;NA;NA;NA;NA;NA;NA;NA;NA;NA;NA;NA;NA;;2;2;NA;NA;NA;NA;NA;;1;1;2;2;2;2;2;2;2;2;;2;Sans Objet;0;1;4;0;1;1;0;0;2;garage attenant / palier ;2;1;120;5;Sans Objet;Sans Objet;5;Sans Objet;2;Sans Objet;1;1;3;CUS1;1;2;2;1;1;2;Sans Objet;CHB1;2;1;2;2;2;2;Sans Objet;12;250;49;250;3;3;Sans Objet;Sans Objet;3;3;3;3;3;3;3;3;3;1;3;3;4
LOG132;4846,567824;157;53;0;2022-novembre;2022-novembre;53;Bretagne;22;Côtes-d'Armor;1;5;7;1;0;2;3;1;9;1;1998;2;7;1998;2;2;2;1;2;2;2;;2;NA;;3;NA;;3;NA;;3;NA;;3;NA;;4;NA;NA;NA;2;NA;NA;NA;NA;NA;NA;NA;NA;NA;NA;NA;NA;;2;7;;NA;NA;NA;NA;NA;NA;NA;NA;1;NA;;2;1;2;2;2;2;2;2;2;;3;1;3;NA;2;NA;1;7;Pompe à chaleur;1;3;1;2;1;1;1;1;2;1;2;2;2;;;2;2;2;1;2;2;2;2;0;2;1;2;2;2;0;0;2;2;0;1;NA;NA;NA;NA;NA;NA;NA;NA;NA;NA;NA;NA;;1;1;2;2;1;2;2;;1;2;2;1;2;2;2;2;2;2;;2;Sans Objet;0;1;4;0;2;2;1;0;2;pallier, garage;2;2;130;5;Sans Objet;Sans Objet;3;Sans Objet;2;Sans Objet;1;1;2;CUS1;1;2;2;1;2;2;Sans Objet;CHB1;2;1;2;2;2;2;Sans Objet;12;250;74;250;3;3;Sans Objet;Sans Objet;3;3;3;3;3;3;3;3;3;3;3;3;3
LOG133;117622,7304;162;53;0;2021-septembre;2021-octobre;53;Bretagne;29;Finistère;1;9;3;1;0;2;3;1;6;NA;NA;2;8;1973;2;1;2;2;1;2;2;;2;NA;;3;NA;;3;NA;;3;NA;;3;NA;;1;2;1;2;2;NA;NA;NA;NA;NA;NA;NA;NA;NA;NA;NA;NA;;2;1;;2;2;2;2;2;1;2;2;2;2;;1;2;2;2;2;2;2;2;2;;3;3;3;NA;1;NA;2;NA;;1;3;1;2;1;1;1;2;NA;NA;NA;NA;NA;;;1;NA;NA;NA;NA;2;2;1;0;1;2;2;2;2;0;0;2;1;0;2;NA;NA;NA;NA;NA;NA;NA;NA;NA;NA;NA;NA;;2;2;NA;NA;NA;NA;NA;;2;NA;NA;NA;NA;NA;NA;NA;NA;NA;;2;Sans Objet;1;1;5;0;1;1;0;0;2;garage et bebaras;1;2;93;7;Sans Objet;1;3;Sans Objet;1;1;1;1;1;SEJ1;2;2;2;1;2;2;Sans Objet;CHB1;2;1;2;2;2;2;Sans Objet;12;251;28;251;3;3;Sans Objet;Sans Objet;3;3;3;3;3;3;3;3;3;3;3;3;3
LOG134;11048,58855;163;53;0;2021-février;2021-mars;53;Bretagne;29;Finistère;1;9;4;3;0;2;2;1;7;NA;NA;2;11;1979;2;2;2;1;2;2;2;;2;NA;;3;NA;;2;3;;3;NA;;3;NA;;3;1;2;1;2;NA;NA;NA;NA;NA;NA;NA;NA;NA;NA;NA;NA;;2;7;;NA;NA;NA;NA;NA;NA;NA;NA;1;NA;;1;2;2;2;2;2;2;2;2;;2;3;3;NA;2;NA;2;NA;;1;3;1;4;1;1;1;2;NA;NA;NA;NA;NA;;;2;2;2;1;2;2;2;2;0;2;2;1;2;2;0;0;2;2;0;1;NA;NA;NA;NA;NA;NA;NA;NA;NA;NA;NA;NA;;2;2;NA;NA;NA;NA;NA;;2;NA;NA;NA;NA;NA;NA;NA;NA;NA;;2;Sans Objet;1;1;4;1;2;1;0;1;2;1 chaufferie et 1 garage;1;3;180;7;Sans Objet;1;3;Sans Objet;1;1;1;2;1;SEJ1;2;2;2;1;2;2;Sans Objet;CHB1;2;1;2;2;2;2;Sans Objet;11;187;45;256;3;1;4;4;1;1;3;1;3;3;3;3;3;3;4;4;4
LOG135;12526,94684;163;53;0;2021-février;2021-février;53;Bretagne;29;Finistère;1;7;4;1;0;2;2;1;8;NA;NA;2;7;1982;2;2;2;1;2;2;2;;2;NA;;2;5;Activité agricole;3;NA;;2;1;;3;NA;;1;1;2;1;1;2;1;2;2;2;2;2;2;2;2;2;1;Pose de parquet flottant;2;6;;NA;NA;NA;NA;NA;NA;NA;NA;1;NA;;2;1;2;2;2;2;2;2;2;;3;3;3;NA;3;NA;2;NA;;1;3;1;2;2;1;1;2;NA;NA;NA;NA;NA;;;2;2;2;1;2;2;2;2;0;2;2;1;2;2;0;0;2;2;0;1;NA;NA;NA;NA;NA;NA;NA;NA;NA;NA;NA;NA;;2;1;2;2;1;2;2;;1;1;2;2;1;2;2;2;2;2;;2;Sans Objet;1;1;3;2;1;1;1;0;2;entrée 1 ;2;2;190;7;Sans Objet;1;3;Sans Objet;2;Sans Objet;1;1;1;CUS1;1;2;2;1;1;2;Sans Objet;CHB1;2;1;2;2;2;2;Sans Objet;9;250;45;257;3;3;Sans Objet;Sans Objet;3;3;3;3;3;3;3;3;3;1;4;4;4
LOG136;28806,58269;166;53;0;2021-mars;2021-avril;53;Bretagne;35;Ille-et-Vilaine;1;7;5;1;0;2;2;1;8;NA;NA;1;NA;NA;2;2;2;1;2;2;2;;2;NA;;3;NA;;2;3;;3;NA;;3;NA;;2;1;2;2;2;NA;NA;NA;NA;NA;NA;NA;NA;NA;NA;NA;NA;;2;3;;2;2;2;2;1;2;2;2;2;2;;1;2;2;2;2;2;2;2;2;;2;3;3;NA;2;NA;2;NA;;1;3;1;4;1;3;1;2;NA;NA;NA;NA;NA;;;2;2;2;1;2;2;2;2;0;2;2;2;2;2;0;0;2;2;0;1;NA;NA;NA;NA;NA;NA;NA;NA;NA;NA;NA;NA;;2;2;NA;NA;NA;NA;NA;;2;NA;NA;NA;NA;NA;NA;NA;NA;NA;;2;Sans Objet;1;1;4;1;2;2;0;0;1;1 sous-sol;1;2;170;7;Sans Objet;1;3;Sans Objet;1;2;2;Sans Objet;Sans Objet;SEJ1;2;2;2;1;2;2;Sans Objet;CHB1;2;1;2;2;2;2;Sans Objet;20;251;41;252;3;1;4;4;1;3;3;3;3;3;3;4;3;3;4;4;3
LOG137;13831,36166;157;53;0;2021-janvier;2021-février;53;Bretagne;22;Côtes-d'Armor;1;9;3;1;0;2;3;1;9;1;1998;1;NA;NA;2;1;2;2;2;2;2;;2;NA;;3;NA;;3;NA;;3;NA;;3;NA;;2;2;2;2;1;2;2;2;2;1;2;2;2;2;2;2;2;;3;6;;2;2;2;2;1;2;2;2;2;2;;2;2;2;2;2;2;1;2;2;;1;3;3;NA;2;NA;2;NA;;1;3;1;1;3;1;1;2;NA;NA;NA;NA;NA;;;2;2;2;1;2;2;2;2;0;2;2;2;2;2;0;0;2;2;0;1;NA;NA;NA;NA;NA;NA;NA;NA;NA;NA;NA;NA;;2;2;NA;NA;NA;NA;NA;;1;1;2;2;2;2;2;2;2;2;;2;Sans Objet;0;1;3;1;2;2;1;1;1;cellier 1;2;3;130;8;Sans Objet;Sans Objet;5;Sans Objet;2;Sans Objet;2;Sans Objet;Sans Objet;CUS1;1;2;2;1;1;2;Sans Objet;CHB1;2;1;2;2;2;2;Sans Objet;11;251;40;251;3;3;Sans Objet;Sans Objet;3;3;3;3;3;3;3;3;3;1;3;3;4
LOG138;14304,91016;158;53;0;2023-février;2023-mars;53;Bretagne;29;Finistère;1;4;2;2;0;2;3;1;2;NA;NA;2;7;2005;2;2;2;2;1;2;2;;2;NA;;3;NA;;3;NA;;3;NA;;3;NA;;2;1;2;2;1;2;2;2;2;2;2;2;2;2;2;2;1;Pose de parquet;1;6;;NA;NA;NA;NA;NA;NA;NA;NA;1;NA;;2;1;2;2;2;2;2;2;2;;3;3;3;NA;2;NA;1;6;;1;3;1;1;1;1;5;1;1;2;2;2;2;;;2;2;2;1;2;2;2;4;0;3;1;1;2;2;0;0;2;2;0;1;NA;NA;NA;NA;NA;NA;NA;NA;NA;NA;NA;NA;;2;2;NA;NA;NA;NA;NA;;2;NA;NA;NA;NA;NA;NA;NA;NA;NA;;2;Sans Objet;0;1;3;0;1;0;0;0;0;Sans Objet;2;3;110;8;Sans Objet;Sans Objet;5;Sans Objet;2;Sans Objet;2;Sans Objet;Sans Objet;CUS1;1;2;2;1;2;2;Sans Objet;CHB1;2;1;2;2;2;2;Sans Objet;10;250;30;250;3;3;Sans Objet;Sans Objet;2;4;4;4;4;4;4;3;3;3;3;3;3
LOG139;26924,43108;163;53;0;2022-novembre;2022-décembre;53;Bretagne;29;Finistère;1;6;6;2;0;2;3;1;4;NA;NA;1;NA;NA;2;2;2;2;1;2;2;;2;NA;;3;NA;;3;NA;;3;NA;;3;NA;;1;1;2;1;1;2;1;2;2;1;1;1;1;2;2;2;2;;3;1;;NA;NA;NA;NA;NA;NA;NA;NA;1;NA;;1;2;2;2;2;2;2;2;2;;3;3;3;NA;2;NA;1;1;;1;3;1;1;1;1;1;1;2;1;2;2;2;;;2;2;2;1;2;2;2;4;2;3;1;2;2;2;0;0;2;2;0;1;NA;NA;NA;NA;NA;NA;NA;NA;NA;NA;NA;NA;;2;1;1;2;2;2;2;;2;NA;NA;NA;NA;NA;NA;NA;NA;NA;;2;Sans Objet;0;1;3;2;1;1;1;0;3;débarras, couloir, pallier;2;2;138;8;Sans Objet;Sans Objet;3;Sans Objet;2;Sans Objet;1;2;3;CUS1;1;2;2;1;1;2;Sans Objet;CHB1;2;1;2;2;2;2;Sans Objet;14;250;32;250;1;3;Sans Objet;Sans Objet;3;3;1;3;3;3;3;4;3;3;4;4;4
LOG140;12888,26137;162;53;0;2022-décembre;2022-décembre;53;Bretagne;29;Finistère;1;4;9;1;0;2;3;1;8;NA;NA;2;6;2016;2;1;2;2;1;2;2;;2;NA;;1;2;;3;NA;;2;2;;2;2;;1;1;2;2;2;NA;NA;NA;NA;NA;NA;NA;NA;NA;NA;NA;NA;;2;1;;NA;NA;NA;NA;NA;NA;NA;NA;1;NA;;1;2;2;2;2;2;2;2;2;;1;1;3;NA;1;NA;1;1;;1;3;1;4;3;3;3;1;1;2;2;2;2;;;2;2;2;1;2;2;2;2;0;2;1;2;2;2;0;0;2;1;0;1;NA;NA;NA;NA;NA;NA;NA;NA;NA;NA;NA;NA;;2;1;2;2;1;2;2;;2;NA;NA;NA;NA;NA;NA;NA;NA;NA;;2;Sans Objet;0;1;3;0;2;3;1;1;2;pallier, garage;2;2;144;8;Sans Objet;Sans Objet;3;Sans Objet;2;Sans Objet;1;1;3;CUS1;1;2;2;1;2;2;Sans Objet;CHB1;2;1;2;2;2;2;Sans Objet;12;200;60;200;3;3;Sans Objet;Sans Objet;3;3;3;3;3;3;3;4;3;3;3;3;3
LOG141;91251,12967;170;53;0;2021-mai;2021-mai;53;Bretagne;56;Morbihan;1;5;4;1;0;2;2;1;12;1;2018;2;8;2018;2;2;2;1;2;2;2;;2;NA;;3;NA;;3;NA;;2;1;;3;NA;;4;NA;NA;NA;2;NA;NA;NA;NA;NA;NA;NA;NA;NA;NA;NA;NA;;2;7;;NA;NA;NA;NA;NA;NA;NA;NA;1;NA;;2;2;1;2;2;2;2;2;2;;3;3;3;NA;2;NA;2;NA;;1;3;1;4;1;1;1;1;1;2;2;2;2;;;1;NA;NA;NA;NA;2;2;4;2;3;1;2;2;2;0;0;2;2;0;1;NA;NA;NA;NA;NA;NA;NA;NA;NA;NA;NA;NA;;1;1;1;2;1;2;2;;1;1;2;2;2;2;2;2;2;2;;2;Sans Objet;0;1;3;1;2;1;0;0;1;1 garage;2;1;127;5;Sans Objet;Sans Objet;3;Sans Objet;2;Sans Objet;1;1;3;CUS1;1;2;2;1;1;2;Sans Objet;CHB1;2;1;2;2;2;2;Sans Objet;15;252;48;252;3;1;4;3;3;1;1;1;3;3;3;3;3;3;3;4;4
LOG142;58923,07289;158;53;0;2021-mai;2021-mai;53;Bretagne;29;Finistère;1;5;4;2;0;2;2;1;3;NA;NA;2;12;2000;2;2;2;2;1;2;2;;2;NA;;1;2;;3;NA;;1;7;Goélands;2;3;;2;2;2;1;1;2;1;2;2;2;2;2;2;2;2;2;2;;2;3;;NA;NA;NA;NA;NA;NA;NA;NA;1;NA;;1;2;2;2;2;2;2;2;2;;3;3;3;NA;3;NA;2;NA;;1;3;1;2;1;2;2;1;2;1;2;2;2;;;1;NA;NA;NA;NA;4;2;2;0;2;1;2;2;2;0;0;2;2;0;1;NA;NA;NA;NA;NA;NA;NA;NA;NA;NA;NA;NA;;1;2;NA;NA;NA;NA;NA;;1;2;2;2;1;2;2;2;2;2;;2;Sans Objet;1;1;3;0;1;1;1;0;1;1 garage;1;2;180;8;Sans Objet;Sans Objet;3;Sans Objet;2;Sans Objet;1;1;3;SEJ1;2;2;1;1;2;2;Sans Objet;CHB1;2;1;2;2;2;2;Sans Objet;16;239;60;237;3;3;Sans Objet;Sans Objet;3;3;3;3;3;1;1;3;3;1;4;3;4
LOG143;39716,93279;157;53;0;2021-février;2021-février;53;Bretagne;22;Côtes-d'Armor;1;4;4;1;0;2;2;1;1;NA;NA;2;6;1994;2;2;2;2;1;2;2;;2;NA;;3;NA;;3;NA;;3;NA;;3;NA;;3;1;1;1;2;NA;NA;NA;NA;NA;NA;NA;NA;NA;NA;NA;NA;;3;5;;2;2;2;2;2;1;2;2;2;2;;2;1;2;2;2;2;1;2;2;;1;3;3;NA;1;NA;2;NA;;1;3;2;NA;3;3;1;2;NA;NA;NA;NA;NA;;;1;NA;NA;NA;NA;2;2;1;0;1;2;2;2;2;0;0;2;1;0;1;NA;NA;NA;NA;NA;NA;NA;NA;NA;NA;NA;NA;;2;2;NA;NA;NA;NA;NA;;2;NA;NA;NA;NA;NA;NA;NA;NA;NA;;2;Sans Objet;0;1;2;1;1;0;1;0;1;autre pièce : mezzanine;2;3;80;8;Sans Objet;Sans Objet;5;Sans Objet;2;Sans Objet;2;Sans Objet;Sans Objet;CUS1;1;2;2;1;1;2;Sans Objet;CHB1;2;1;2;2;2;2;Sans Objet;8;250;40;253;3;3;Sans Objet;Sans Objet;3;3;3;3;3;3;3;3;3;4;4;4;3
LOG144;14682,45789;162;53;0;2021-mars;2021-mars;53;Bretagne;29;Finistère;1;6;7;2;0;2;2;1;11;1;2006;2;2;2006;1;2;2;2;2;2;2;;2;NA;;3;NA;;2;3;;3;NA;;3;NA;;4;NA;NA;NA;2;NA;NA;NA;NA;NA;NA;NA;NA;NA;NA;NA;NA;;3;6;;2;2;2;2;1;2;2;2;2;2;;2;1;2;2;2;2;2;1;2;;3;1;3;NA;2;NA;2;NA;;1;3;1;2;2;1;1;1;1;2;2;2;2;;;2;2;2;1;2;2;2;4;2;3;1;2;2;2;0;0;2;2;0;1;NA;NA;NA;NA;NA;NA;NA;NA;NA;NA;NA;NA;;1;1;2;2;1;2;2;;1;1;2;2;2;2;2;2;2;2;;2;Sans Objet;0;1;4;1;3;1;0;0;3;1 cellier - 1 salle de jeu - 1 dressing;2;2;120;8;Sans Objet;Sans Objet;3;Sans Objet;2;Sans Objet;1;2;3;CUS1;1;2;2;1;1;2;Sans Objet;CHB1;2;1;2;2;2;2;Sans Objet;11;241;47;264;3;3;Sans Objet;Sans Objet;1;1;1;1;3;3;3;1;3;1;4;4;4
LOG145;238099,8412;50;11;0;2021-mai;2021-juin;53;Bretagne;56;Morbihan;2;2;4;4;-1;1;2;1;2;NA;NA;1;NA;NA;NA;NA;NA;NA;NA;NA;1;;1;6;Epicerie fine;3;NA;;3;NA;;2;2;;2;2;;5;NA;NA;NA;1;2;1;2;2;2;2;2;2;2;2;2;2;;2;3;;NA;NA;NA;NA;NA;NA;NA;NA;1;NA;;1;2;2;2;2;2;2;2;2;;3;3;3;NA;2;NA;2;NA;;1;3;1;3;2;3;1;2;NA;NA;NA;NA;NA;;;1;NA;NA;NA;NA;2;4;2;0;1;1;2;2;2;0;0;2;2;0;2;NA;NA;NA;NA;NA;NA;NA;NA;NA;NA;NA;NA;;2;2;NA;NA;NA;NA;NA;;2;NA;NA;NA;NA;NA;NA;NA;NA;NA;;2;Sans Objet;1;1;1;0;1;1;0;0;1;1 couloir;1;1;44;8;Sans Objet;Sans Objet;2;Sans Objet;2;Sans Objet;2;Sans Objet;Sans Objet;SEJ1;2;2;2;1;2;2;Sans Objet;CHB1;2;1;2;2;2;2;Sans Objet;9;272;16;271;3;3;Sans Objet;Sans Objet;3;3;3;3;3;3;3;3;4;4;3;4;3
LOG146;20344,53678;165;53;0;2021-juin;2021-juin;53;Bretagne;35;Ille-et-Vilaine;1;9;3;1;0;2;2;1;6;NA;NA;2;12;2001;2;1;2;1;2;2;2;;2;NA;;3;NA;;3;NA;;2;1;;3;NA;;1;1;2;1;1;2;2;1;1;2;2;2;2;2;2;2;2;;3;5;;2;2;1;2;2;1;2;2;2;2;;1;2;2;2;2;2;2;2;2;;3;1;3;NA;1;NA;2;NA;;1;3;1;1;1;1;1;2;NA;NA;NA;NA;NA;;;2;2;2;1;2;2;2;3;0;3;1;1;2;2;1;0;2;2;0;2;NA;NA;NA;NA;NA;NA;NA;NA;NA;NA;NA;NA;;2;2;NA;NA;NA;NA;NA;;2;NA;NA;NA;NA;NA;NA;NA;NA;NA;;2;Sans Objet;1;1;5;2;2;0;0;0;1;1 cave;1;2;160;6;Sans Objet;1;3;Sans Objet;1;1;1;2;1;SEJ1;2;2;1;1;2;2;Sans Objet;CHB1;2;1;2;2;2;2;Sans Objet;12;253;62;254;3;1;4;2;3;3;1;1;3;3;3;1;3;3;4;4;4
LOG147;6600,609265;161;53;0;2021-juin;2021-juin;53;Bretagne;29;Finistère;1;7;4;1;0;3;2;1;1;NA;NA;2;8;2010;2;2;2;2;1;2;2;;2;NA;;3;NA;;3;NA;;3;NA;;3;NA;;3;1;1;1;2;NA;NA;NA;NA;NA;NA;NA;NA;NA;NA;NA;NA;;2;5;;NA;NA;NA;NA;NA;NA;NA;NA;1;NA;;1;2;2;2;2;2;2;2;2;;3;3;3;NA;2;NA;2;NA;;1;3;1;1;1;1;1;1;2;1;2;2;1;Poissons;;2;2;2;1;2;2;2;4;1;3;1;1;2;2;0;0;2;2;0;2;NA;NA;NA;NA;NA;NA;NA;NA;NA;NA;NA;NA;;2;2;NA;NA;NA;NA;NA;;2;NA;NA;NA;NA;NA;NA;NA;NA;NA;;2;Sans Objet;1;1;4;1;2;0;1;0;1;1 chaufferie;1;1;160;8;Sans Objet;Sans Objet;3;Sans Objet;2;Sans Objet;2;Sans Objet;Sans Objet;SEJ1;2;2;2;1;2;2;Sans Objet;CHB1;2;1;2;2;2;2;Sans Objet;17;277;33;277;1;3;Sans Objet;Sans Objet;3;3;3;3;3;3;3;3;3;3;4;4;4
LOG148;33514,22587;162;53;0;2021-septembre;2021-octobre;53;Bretagne;29;Finistère;1;5;9;1;0;2;2;1;7;NA;NA;2;6;1979;2;2;2;1;2;2;2;;2;NA;;3;NA;;3;NA;;1;1;;3;NA;;1;2;1;1;1;2;2;1;2;2;2;2;2;2;2;2;2;;2;5;;1;2;2;2;2;2;2;2;2;2;;1;2;2;2;2;2;1;2;2;;3;1;3;NA;1;NA;2;NA;;1;3;1;2;1;1;1;2;NA;NA;NA;NA;NA;;;2;2;2;1;2;2;2;2;0;2;2;2;2;2;0;0;2;2;0;2;NA;NA;NA;NA;NA;NA;NA;NA;NA;NA;NA;NA;;2;2;NA;NA;NA;NA;NA;;1;1;2;2;2;2;2;2;2;2;;2;Sans Objet;1;1;3;2;2;2;0;0;3;1 cave, 1 garage, 1 dressing;1;2;160;8;Sans Objet;Sans Objet;3;Sans Objet;1;1;1;1;3;SEJ1;2;2;2;1;2;2;Sans Objet;CHB1;2;1;2;2;2;2;Sans Objet;11;235;34;249;3;3;Sans Objet;Sans Objet;3;3;3;3;3;3;3;3;3;3;3;3;3
LOG149;705601,3352;160;53;0;2021-octobre;2021-octobre;53;Bretagne;29;Finistère;1;2;3;0;0;1;2;2;5;NA;NA;2;NA;2016;2;2;2;1;2;2;2;;2;NA;;3;NA;;3;NA;;2;3;;3;NA;;4;NA;NA;NA;2;NA;NA;NA;NA;NA;NA;NA;NA;NA;NA;NA;NA;;3;6;;NA;NA;NA;NA;NA;NA;NA;NA;1;NA;;2;1;2;2;2;2;2;2;2;;3;3;2;1;2;NA;2;NA;;1;3;1;2;2;1;1;1;2;1;2;2;2;;;1;NA;NA;NA;NA;4;4;1;0;1;2;2;2;2;0;0;2;1;0;1;NA;NA;NA;NA;NA;NA;NA;NA;NA;NA;NA;NA;;2;2;NA;NA;NA;NA;NA;;2;NA;NA;NA;NA;NA;NA;NA;NA;NA;;2;Sans Objet;0;1;1;0;1;0;0;0;2;hall et garage;2;2;49;8;Sans Objet;Sans Objet;3;Sans Objet;2;Sans Objet;1;1;3;CUS1;1;2;2;1;2;2;Sans Objet;CHB1;2;1;2;2;2;2;Sans Objet;12;234;27;234;3;3;Sans Objet;Sans Objet;3;3;1;2;3;3;3;4;1;3;3;3;4
LOG150;20300,49097;163;53;0;2021-août;2021-septembre;53;Bretagne;29;Finistère;1;5;2;1;0;2;3;1;3;NA;NA;2;2;2009;2;2;2;2;1;2;2;;2;NA;;3;NA;;3;NA;;3;NA;;3;NA;;3;3;2;1;1;2;1;2;1;2;2;2;2;2;2;2;2;;3;6;;NA;NA;NA;NA;NA;NA;NA;NA;1;NA;;2;1;2;2;2;2;2;2;2;;3;3;3;NA;2;NA;2;NA;;1;3;1;1;1;1;2;2;NA;NA;NA;NA;NA;;;2;2;2;1;2;2;2;2;0;2;1;1;2;2;0;0;2;2;0;2;NA;NA;NA;NA;NA;NA;NA;NA;NA;NA;NA;NA;;2;2;NA;NA;NA;NA;NA;;1;NA;NA;NA;NA;NA;NA;NA;NA;1;;2;Sans Objet;1;1;3;0;1;1;0;0;0;Sans Objet;1;1;65;8;Sans Objet;Sans Objet;5;Sans Objet;2;Sans Objet;1;2;3;SEJ1;2;2;2;1;2;2;Sans Objet;CHB1;2;1;2;2;2;2;Sans Objet;12;233;11;212;3;3;Sans Objet;Sans Objet;3;3;3;1;3;3;3;3;3;1;4;4;3
LOG151;4483,023427;169;53;0;2021-janvier;2021-janvier;53;Bretagne;56;Morbihan;1;5;4;1;0;2;3;1;11;1;2010;2;8;2018;2;2;2;1;2;2;2;;2;NA;;3;NA;;3;NA;;3;NA;;3;NA;;4;NA;NA;NA;1;1;2;2;2;2;2;2;2;2;2;2;2;;2;7;;2;2;2;2;2;1;2;2;2;2;;2;2;1;2;2;2;2;2;2;;3;3;3;NA;2;NA;2;NA;;1;3;1;2;2;1;1;1;2;1;2;2;2;;;2;2;2;1;2;2;2;4;2;3;4;2;2;2;0;0;2;2;0;1;NA;NA;NA;NA;NA;NA;NA;NA;NA;NA;NA;NA;;1;1;1;2;2;2;2;;2;NA;NA;NA;NA;NA;NA;NA;NA;NA;;2;Sans Objet;0;1;4;0;2;1;0;0;0;Sans Objet;2;2;107;5;Sans Objet;Sans Objet;3;Sans Objet;2;Sans Objet;1;1;3;CUS1;2;2;2;1;2;2;Sans Objet;CHB1;2;1;2;2;2;2;Sans Objet;11;249;41;249;3;1;4;2;3;3;3;3;3;3;3;3;3;1;4;4;4
LOG152;8355,083947;163;53;0;2021-février;2021-mars;53;Bretagne;29;Finistère;1;6;4;2;0;2;3;2;10;1;2003;2;12;2003;2;1;2;2;2;2;2;;2;NA;;3;NA;;3;NA;;3;NA;;3;NA;;4;NA;NA;NA;2;NA;NA;NA;NA;NA;NA;NA;NA;NA;NA;NA;NA;;2;3;;NA;NA;NA;NA;NA;NA;NA;NA;1;NA;;1;2;2;2;2;2;2;2;2;;3;3;3;NA;3;NA;2;NA;;1;3;2;NA;3;1;1;2;NA;NA;NA;NA;NA;;;2;2;2;1;2;2;2;5;1;3;1;2;2;2;0;0;2;2;0;2;NA;NA;NA;NA;NA;NA;NA;NA;NA;NA;NA;NA;;2;2;NA;NA;NA;NA;NA;;2;NA;NA;NA;NA;NA;NA;NA;NA;NA;;2;Sans Objet;0;1;4;1;1;2;0;0;1;débaras;2;2;120;8;Sans Objet;Sans Objet;3;Sans Objet;2;Sans Objet;1;1;3;CUS1;1;2;2;1;1;2;Sans Objet;CHB1;2;1;2;2;2;2;Sans Objet;14;249;47;250;3;3;Sans Objet;Sans Objet;3;3;3;3;3;3;3;4;3;3;4;4;4
LOG153;9455,938374;168;53;0;2021-avril;2021-mai;53;Bretagne;56;Morbihan;1;4;4;1;0;2;2;1;1;NA;NA;2;9;2009;2;2;2;2;1;2;2;;2;NA;;2;1;;2;3;;3;NA;;3;NA;;3;1;1;1;2;NA;NA;NA;NA;NA;NA;NA;NA;NA;NA;NA;NA;;2;7;;2;2;2;2;2;1;2;2;2;2;;1;2;1;2;2;2;2;2;2;;3;3;3;NA;2;NA;2;NA;;1;3;1;4;2;1;1;2;NA;NA;NA;NA;NA;;;2;2;2;1;2;2;2;4;2;3;1;2;2;2;0;0;2;2;0;1;NA;NA;NA;NA;NA;NA;NA;NA;NA;NA;NA;NA;;2;1;2;2;1;2;2;;1;1;2;2;2;2;2;2;2;2;;2;Sans Objet;0;1;3;0;1;2;1;0;0;Sans Objet;2;2;114;8;Sans Objet;Sans Objet;3;Sans Objet;2;Sans Objet;2;Sans Objet;Sans Objet;CUS1;1;2;2;1;1;2;Sans Objet;CHB1;2;1;2;2;2;2;Sans Objet;11;239;57;245;3;3;Sans Objet;Sans Objet;3;3;3;3;3;3;3;3;3;3;3;3;3
LOG154;129006,1604;166;53;0;2021-mars;2021-avril;53;Bretagne;35;Ille-et-Vilaine;1;8;5;3;0;2;2;1;4;NA;NA;1;NA;NA;2;1;2;2;1;2;2;;2;NA;;3;NA;;3;NA;;1;3;;3;NA;;1;1;2;1;2;NA;NA;NA;NA;NA;NA;NA;NA;NA;NA;NA;NA;;2;10;;NA;NA;NA;NA;NA;NA;NA;NA;1;NA;;1;2;2;2;2;2;2;2;2;;3;1;3;NA;3;NA;2;NA;;1;3;1;4;3;1;1;1;1;1;2;2;2;;;2;2;2;1;2;2;2;4;1;4;1;1;2;2;0;0;2;1;0;1;NA;NA;NA;NA;NA;NA;NA;NA;NA;NA;NA;NA;;2;2;NA;NA;NA;NA;NA;;2;NA;NA;NA;NA;NA;NA;NA;NA;NA;;2;Sans Objet;1;1;5;1;1;2;0;0;2;1 cave et 1 grenier ;2;2;210;6;Sans Objet;2;3;Sans Objet;2;Sans Objet;1;2;3;CUS1;1;2;2;1;1;2;Sans Objet;CHB1;2;1;2;2;2;2;Sans Objet;15;274;43;250;3;1;4;1;3;3;1;3;3;3;3;3;3;3;3;3;4
LOG155;6262,646457;170;53;0;2021-avril;2021-avril;53;Bretagne;56;Morbihan;1;5;5;1;0;2;2;1;11;1;2012;2;10;2012;2;1;2;2;2;2;2;;2;NA;;3;NA;;2;3;;3;NA;;3;NA;;4;NA;NA;NA;1;2;1;2;2;2;2;2;2;2;2;2;2;;2;6;;NA;NA;NA;NA;NA;NA;NA;NA;1;NA;;2;2;1;2;2;2;2;2;2;;3;1;3;NA;2;NA;2;NA;;1;3;1;2;1;1;1;1;1;2;2;2;1;Cochons d'Inde;;2;2;2;1;2;2;2;4;2;3;1;2;2;2;0;0;2;2;0;1;NA;NA;NA;NA;NA;NA;NA;NA;NA;NA;NA;NA;;1;1;2;2;1;2;1;Trafic Aérien;1;1;2;2;2;2;2;2;2;2;;2;Sans Objet;0;1;4;0;2;1;1;0;2;1 garage et 1 salle de jeux;2;2;154;5;Sans Objet;Sans Objet;3;Sans Objet;2;Sans Objet;1;1;3;CUS1;1;2;1;1;1;2;Sans Objet;CHB1;2;1;2;2;2;2;Sans Objet;14;247;70;247;3;1;4;1;3;1;3;1;3;3;3;4;1;1;4;3;4
LOG156;38255,92775;162;53;0;2021-mars;2021-mars;53;Bretagne;29;Finistère;1;6;4;2;0;2;2;1;11;1;2009;2;3;2009;2;1;2;2;2;2;2;;2;NA;;3;NA;;3;NA;;3;NA;;3;NA;;4;NA;NA;NA;1;2;1;2;2;2;2;2;2;2;2;2;2;;2;7;;NA;NA;NA;NA;NA;NA;NA;NA;1;NA;;2;1;1;2;2;2;2;2;2;;3;3;3;NA;1;NA;2;NA;;1;3;1;2;2;2;1;1;1;1;2;2;2;;;2;2;2;1;2;2;2;4;2;3;1;2;2;2;0;0;2;2;0;1;NA;NA;NA;NA;NA;NA;NA;NA;NA;NA;NA;NA;;1;1;2;2;1;2;2;;1;1;2;2;2;2;2;2;2;2;;2;Sans Objet;0;1;3;0;1;2;0;0;2;1 cellier, 1 salle de jeu;2;2;110;5;Sans Objet;Sans Objet;3;Sans Objet;2;Sans Objet;1;2;1;CUS1;1;2;2;1;1;2;Sans Objet;CHB1;2;1;2;2;2;2;Sans Objet;11;243;60;243;3;1;4;1;1;1;3;1;3;3;3;3;4;4;3;3;1
LOG157;42289,99153;159;53;0;2021-octobre;2021-octobre;53;Bretagne;29;Finistère;1;6;7;1;0;2;3;1;11;1;2007;2;4;2007;1;1;2;2;2;2;2;;2;NA;;3;NA;;3;NA;;3;NA;;3;NA;;4;NA;NA;NA;1;1;1;2;2;2;2;2;2;2;2;2;1;Installation d'une demi-cloison dans le séjour;2;7;;NA;NA;NA;NA;NA;NA;NA;NA;1;NA;;2;2;1;2;2;2;2;2;2;;3;3;3;NA;2;NA;2;NA;;1;3;1;4;1;1;1;1;1;1;2;2;2;;;1;NA;NA;NA;NA;2;4;3;0;3;1;2;2;2;0;0;2;2;0;1;NA;NA;NA;NA;NA;NA;NA;NA;NA;NA;NA;NA;;2;2;NA;NA;NA;NA;NA;;2;NA;NA;NA;NA;NA;NA;NA;NA;NA;;2;Sans Objet;0;1;4;1;2;2;1;0;2;chaufferie er grenier;2;2;200;5;Sans Objet;Sans Objet;5;Sans Objet;2;Sans Objet;2;Sans Objet;Sans Objet;CUS1;1;2;2;1;2;2;Sans Objet;CHB1;2;1;2;2;2;2;Sans Objet;14;268;70;250;3;3;Sans Objet;Sans Objet;3;3;3;3;3;3;3;4;4;1;3;4;4
LOG158;76644,08389;168;53;0;2021-avril;2021-mai;53;Bretagne;56;Morbihan;1;5;6;1;0;2;2;1;11;1;2006;2;1;2007;2;1;2;2;2;2;2;;2;NA;;3;NA;;3;NA;;2;1;;3;NA;;1;2;2;1;1;2;1;2;2;2;2;2;2;2;2;2;2;;3;5;;2;2;2;2;2;1;2;2;2;2;;2;1;2;2;1;2;2;1;2;;3;1;3;NA;3;NA;2;NA;;1;3;1;2;2;1;1;1;2;1;2;2;2;;Anti mousse sur la toiture;2;2;2;1;2;2;2;5;3;3;1;2;2;2;0;0;2;2;0;2;NA;NA;NA;NA;NA;NA;NA;NA;NA;NA;NA;NA;;2;1;2;2;1;2;2;;1;1;2;2;2;2;2;2;2;2;;2;Sans Objet;0;1;4;0;2;2;1;0;1;1 garage;2;2;130;5;Sans Objet;Sans Objet;3;Sans Objet;2;Sans Objet;1;1;1;CUS1;1;2;1;1;1;2;Sans Objet;CHB1;2;1;2;2;2;2;Sans Objet;11;251;53;250;3;1;4;1;3;3;1;1;3;3;3;3;3;3;4;4;4
LOG159;9140,142017;169;53;0;2021-janvier;2021-janvier;53;Bretagne;56;Morbihan;1;5;7;1;0;2;2;1;12;1;2018;2;2;2018;2;2;2;1;2;2;2;;2;NA;;3;NA;;3;NA;;3;NA;;3;NA;;4;NA;NA;NA;2;NA;NA;NA;NA;NA;NA;NA;NA;NA;NA;NA;NA;;1;3;;NA;NA;NA;NA;NA;NA;NA;NA;1;NA;;1;2;2;2;2;2;2;2;2;;1;3;3;NA;2;NA;2;NA;;1;3;2;NA;2;1;2;1;1;1;2;2;2;;;1;NA;NA;NA;NA;2;1;5;1;3;1;2;2;2;0;0;2;2;0;1;NA;NA;NA;NA;NA;NA;NA;NA;NA;NA;NA;NA;;1;2;NA;NA;NA;NA;NA;;2;NA;NA;NA;NA;NA;NA;NA;NA;NA;;2;Sans Objet;0;1;4;0;3;0;1;0;1;1 entrée;2;2;190;5;Sans Objet;Sans Objet;3;Sans Objet;2;Sans Objet;2;Sans Objet;Sans Objet;CUS1;1;2;2;1;1;2;Sans Objet;CHB1;2;1;2;2;2;2;Sans Objet;18;243;60;244;3;1;4;1;1;3;3;1;3;3;3;3;3;1;4;4;4
LOG160;13814,11583;163;53;0;2021-février;2021-février;53;Bretagne;29;Finistère;1;6;2;2;0;2;2;1;7;NA;NA;1;NA;NA;2;1;1;2;2;2;2;;2;NA;;3;NA;;2;3;;1;1;;2;1;;3;1;2;1;2;NA;NA;NA;NA;NA;NA;NA;NA;NA;NA;NA;NA;;3;6;;2;1;2;2;2;1;2;2;2;2;;2;1;2;2;2;2;2;2;2;;3;3;3;NA;1;NA;2;NA;;1;3;1;2;1;1;1;2;NA;NA;NA;NA;NA;;;1;NA;NA;NA;NA;2;2;2;1;5;2;2;2;2;0;0;2;1;0;1;NA;NA;NA;NA;NA;NA;NA;NA;NA;NA;NA;NA;;2;2;NA;NA;NA;NA;NA;;1;1;2;2;2;2;2;2;2;2;;2;Sans Objet;1;1;3;1;1;2;0;0;0;Sans Objet;1;2;94;8;Sans Objet;Sans Objet;3;Sans Objet;2;Sans Objet;1;1;1;SEJ1;2;2;2;1;2;2;Sans Objet;CHB1;2;1;2;2;2;2;Sans Objet;12;250;30;250;3;1;4;4;3;1;1;3;3;3;3;4;3;1;3;4;4
LOG161;10927,80023;169;53;0;2021-mai;2021-juin;53;Bretagne;56;Morbihan;1;7;6;1;0;2;2;1;3;NA;NA;2;NA;1977;2;2;2;2;1;2;2;;2;NA;;1;2;;1;2;;1;3;;1;3;;3;1;2;1;2;NA;NA;NA;NA;NA;NA;NA;NA;NA;NA;NA;NA;;2;3;;NA;NA;NA;NA;NA;NA;NA;NA;1;NA;;1;2;2;2;2;2;2;2;2;;2;3;3;NA;3;NA;2;NA;;1;3;1;4;2;1;1;1;1;2;2;2;2;;;2;2;2;1;2;2;2;1;0;1;2;2;2;2;0;0;2;1;0;2;NA;NA;NA;NA;NA;NA;NA;NA;NA;NA;NA;NA;;1;2;NA;NA;NA;NA;NA;;2;NA;NA;NA;NA;NA;NA;NA;NA;NA;;2;Sans Objet;1;1;5;0;1;2;0;0;3;1 garage 1 débarras 1 couloir;1;2;200;8;Sans Objet;Sans Objet;3;Sans Objet;2;Sans Objet;1;1;3;SEJ1;2;2;2;1;2;2;Sans Objet;CHB1;2;1;2;2;2;2;Sans Objet;15;242;70;261;3;3;Sans Objet;Sans Objet;3;3;1;3;3;3;3;3;3;3;3;4;4
LOG162;24706,8444;157;53;0;2021-janvier;2021-février;53;Bretagne;22;Côtes-d'Armor;1;9;4;2;0;2;3;1;7;NA;NA;2;2;1975;2;2;2;1;2;2;2;;2;NA;;3;NA;;3;NA;;3;NA;;3;NA;;3;1;1;1;2;NA;NA;NA;NA;NA;NA;NA;NA;NA;NA;NA;NA;;2;3;;2;2;2;2;1;2;2;2;2;2;;2;2;2;2;2;2;1;2;2;;1;1;3;NA;1;NA;2;NA;;1;3;1;4;2;1;1;1;1;2;2;2;2;;;2;2;2;1;2;2;2;2;0;2;2;1;2;2;0;2;2;2;0;1;NA;NA;NA;NA;NA;NA;NA;NA;NA;NA;NA;NA;;2;2;NA;NA;NA;NA;NA;;1;1;2;2;2;2;2;2;2;2;;2;Sans Objet;1;0;4;1;2;2;1;0;0;Sans Objet;1;2;130;7;Sans Objet;1;5;Sans Objet;2;Sans Objet;1;1;1;SEJ1;2;2;2;1;2;2;Sans Objet;CHB1;2;1;2;2;2;2;Sans Objet;14;254;32;255;3;3;Sans Objet;Sans Objet;3;3;3;3;3;3;3;3;3;1;4;3;4
LOG163;90975,37014;160;53;0;2021-mai;2021-mai;53;Bretagne;29;Finistère;1;5;3;2;0;2;2;1;7;NA;NA;2;2;2011;2;2;2;1;1;2;2;;2;NA;;3;NA;;2;3;;2;1;;2;1;;2;2;2;2;1;2;1;2;2;2;2;2;2;2;2;2;2;;2;3;;2;2;2;2;2;1;2;2;2;2;;1;1;2;2;2;2;2;2;2;;1;3;2;2;1;NA;2;NA;;1;3;1;4;1;3;1;1;2;1;2;2;2;;;1;NA;NA;NA;NA;2;2;4;2;3;1;2;2;2;0;0;2;2;0;1;NA;NA;NA;NA;NA;NA;NA;NA;NA;NA;NA;NA;;1;2;NA;NA;NA;NA;NA;;2;NA;NA;NA;NA;NA;NA;NA;NA;NA;;2;Sans Objet;1;1;3;0;2;0;1;0;0;Sans Objet;1;1;164;11;Sans Objet;Sans Objet;5;Sans Objet;2;Sans Objet;2;Sans Objet;Sans Objet;SEJ1;2;2;1;1;2;2;Sans Objet;CHB1;2;1;2;2;2;2;Sans Objet;19;243;40;226;3;3;Sans Objet;Sans Objet;3;3;1;3;3;1;1;3;3;1;3;4;3
LOG164;8385,945411;165;53;0;2022-septembre;2022-octobre;53;Bretagne;35;Ille-et-Vilaine;1;6;4;1;0;2;3;1;11;1;2010;2;12;2011;2;1;2;2;2;2;2;;2;NA;;3;NA;;2;3;;2;1;;3;NA;;4;NA;NA;NA;1;2;1;2;2;2;2;2;2;2;2;2;2;;2;3;;NA;NA;NA;NA;NA;NA;NA;NA;1;NA;;1;2;1;2;2;2;2;2;2;;3;3;3;NA;1;NA;1;3;;1;3;2;NA;1;1;1;1;2;1;2;2;2;;;1;NA;NA;NA;NA;2;2;3;0;3;1;2;2;2;0;0;2;2;0;1;0;0;0;0;2;0;2;2;2;2;2;2;;2;2;NA;NA;NA;NA;NA;;2;NA;NA;NA;NA;NA;NA;NA;NA;NA;;2;Sans Objet;0;1;4;1;2;2;1;0;3;pallier, chaufferie, garage;2;2;175;5;Sans Objet;Sans Objet;3;Sans Objet;2;Sans Objet;1;1;3;CUS1;1;2;1;1;2;2;Sans Objet;CHB1;2;1;2;2;2;2;Sans Objet;20;250;45;250;3;3;Sans Objet;Sans Objet;3;3;3;3;3;3;3;3;3;1;3;3;4
LOG165;5282,660138;169;53;0;2021-mars;2021-mars;53;Bretagne;56;Morbihan;2;6;3;0;0;2;1;1;7;NA;NA;1;NA;NA;2;2;1;1;2;2;2;;2;NA;;3;NA;;3;NA;;3;NA;;3;NA;;2;1;1;3;2;NA;NA;NA;NA;NA;NA;NA;NA;NA;NA;NA;NA;;3;6;;NA;NA;NA;NA;NA;NA;NA;NA;1;NA;;2;2;1;2;2;2;2;2;2;;3;3;3;NA;2;NA;2;NA;;1;3;1;3;1;1;1;2;NA;NA;NA;NA;NA;;;1;NA;NA;NA;NA;2;2;2;0;2;2;2;2;2;0;0;2;2;0;1;NA;NA;NA;NA;NA;NA;NA;NA;NA;NA;NA;NA;;1;1;2;2;2;2;1;Travaux publique - Assainissement;2;NA;NA;NA;NA;NA;NA;NA;NA;NA;;2;Sans Objet;1;1;3;2;1;1;0;0;1;dressing;1;1;89;6;Sans Objet;1;1;Sans Objet;1;2;2;Sans Objet;Sans Objet;SEJ1;2;2;2;1;2;2;Sans Objet;CHB1;2;1;2;2;2;2;Sans Objet;11;248;30;252;3;3;Sans Objet;Sans Objet;1;3;3;1;3;3;3;3;3;1;3;3;4
LOG166;40718,83089;158;53;0;2021-mai;2021-mai;53;Bretagne;29;Finistère;1;5;4;1;0;2;2;1;4;NA;NA;2;5;1996;2;2;2;1;1;2;2;;2;NA;;3;NA;;2;3;;2;1;;3;NA;;1;2;1;1;1;2;1;2;2;2;1;2;2;2;2;2;2;;2;3;;NA;NA;NA;NA;NA;NA;NA;NA;1;NA;;1;2;2;2;2;2;2;2;2;;3;3;3;NA;1;NA;2;NA;;1;3;2;NA;1;1;1;1;2;1;2;2;2;;;2;2;2;1;2;2;4;1;0;1;2;2;2;2;0;0;2;0;0;2;NA;NA;NA;NA;NA;NA;NA;NA;NA;NA;NA;NA;;2;1;2;2;1;2;2;;1;1;2;2;2;2;2;2;2;2;;2;Sans Objet;1;1;2;1;1;2;1;0;0;Sans Objet;1;1;80;5;Sans Objet;Sans Objet;3;Sans Objet;2;Sans Objet;2;Sans Objet;Sans Objet;SEJ1;2;2;2;1;2;2;Sans Objet;CHB1;2;1;2;2;2;2;Sans Objet;11;249;28;244;3;3;Sans Objet;Sans Objet;3;3;3;3;3;3;3;3;3;3;4;3;4
LOG167;14172,10203;170;53;0;2021-avril;2021-avril;53;Bretagne;56;Morbihan;1;5;5;0;0;3;2;1;12;1;2014;2;12;2014;2;1;2;2;2;2;2;;2;NA;;3;NA;;3;NA;;3;NA;;3;NA;;4;NA;NA;NA;2;NA;NA;NA;NA;NA;NA;NA;NA;NA;NA;NA;NA;;2;7;;NA;NA;NA;NA;NA;NA;NA;NA;1;NA;;2;2;1;2;2;2;2;2;2;;3;3;3;NA;2;NA;2;NA;;1;3;1;4;1;1;1;1;1;2;2;2;2;;;1;NA;NA;NA;NA;2;2;2;0;2;2;2;2;2;0;0;2;2;0;1;NA;NA;NA;NA;NA;NA;NA;NA;NA;NA;NA;NA;;2;2;NA;NA;NA;NA;NA;;2;NA;NA;NA;NA;NA;NA;NA;NA;NA;;2;Sans Objet;0;1;4;0;2;2;0;0;1;1 cellier;2;2;170;5;Sans Objet;Sans Objet;3;Sans Objet;2;Sans Objet;1;1;3;CUS1;1;2;1;1;1;2;Sans Objet;CHB1;2;1;2;2;2;2;Sans Objet;13;253;59;313;3;1;4;4;1;3;3;3;3;3;3;3;3;1;4;4;4
LOG168;26541,2626;243;84;0;2021-avril;2021-mai;84;Auvergne-Rhône-Alpes;69;Rhône;2;4;3;2;1;2;2;1;8;NA;NA;2;12;2015;NA;NA;NA;NA;NA;NA;1;;2;NA;;3;NA;;3;NA;;3;NA;;3;NA;;1;1;2;2;1;2;1;2;2;2;2;2;2;2;2;2;2;;2;3;;NA;NA;NA;NA;NA;NA;NA;NA;1;NA;;1;2;2;2;2;2;2;2;2;;3;3;3;NA;1;NA;1;3;;1;3;1;3;1;1;1;1;1;1;2;2;2;;;1;NA;NA;NA;NA;2;2;4;2;3;1;2;2;2;0;0;2;2;0;1;NA;NA;NA;NA;NA;NA;NA;NA;NA;NA;NA;NA;;2;2;NA;NA;NA;NA;NA;;2;NA;NA;NA;NA;NA;NA;NA;NA;NA;;2;Sans Objet;0;1;3;0;1;1;0;0;1;couloir;2;1;85;1;Sans Objet;Sans Objet;3;Sans Objet;2;Sans Objet;2;Sans Objet;Sans Objet;CUS1;1;2;1;1;2;2;Sans Objet;CHB1;2;1;2;2;2;2;Sans Objet;9;250;42;250;3;1;4;1;1;1;1;1;1;1;1;3;3;3;3;3;4
LOG169;31845,55001;226;84;0;2021-mars;2021-avril;84;Auvergne-Rhône-Alpes;26;Drôme;1;5;3;0;0;2;3;1;11;1;2009;2;10;2009;2;2;2;1;2;2;2;;2;NA;;2;5;Végétation;3;NA;;3;NA;;3;NA;;4;NA;NA;NA;2;NA;NA;NA;NA;NA;NA;NA;NA;NA;NA;NA;NA;;2;10;;NA;NA;NA;NA;NA;NA;NA;NA;1;NA;;2;2;1;2;2;2;2;2;2;;3;3;3;NA;2;NA;1;6;;1;3;2;NA;2;1;1;1;2;1;2;2;2;;;1;NA;NA;NA;NA;2;2;4;0;3;1;2;2;2;0;0;2;2;0;2;NA;NA;NA;NA;NA;NA;NA;NA;NA;NA;NA;NA;;1;2;NA;NA;NA;NA;NA;;2;NA;NA;NA;NA;NA;NA;NA;NA;NA;;2;Sans Objet;0;1;3;1;1;1;0;0;1;garage;2;1;106;8;Sans Objet;Sans Objet;5;Sans Objet;2;Sans Objet;1;1;2;CUS1;1;2;2;1;2;2;Sans Objet;CHB1;2;2;2;1;2;2;Sans Objet;11;250;40;250;3;3;Sans Objet;Sans Objet;1;3;3;1;3;3;1;3;3;1;4;4;4
LOG170;94354,76436;231;84;0;2022-janvier;2022-janvier;84;Auvergne-Rhône-Alpes;42;Loire;1;5;6;0;0;2;3;1;8;NA;NA;2;7;1995;2;2;2;1;2;2;2;;2;NA;;3;NA;;2;4;;3;NA;;3;NA;;1;1;2;2;2;NA;NA;NA;NA;NA;NA;NA;NA;NA;NA;NA;NA;;1;5;;1;2;2;2;2;2;2;2;2;2;;1;2;2;2;2;2;2;2;2;;1;3;3;NA;3;NA;1;1;;1;3;1;4;1;1;1;2;NA;NA;NA;NA;NA;;;2;2;2;1;2;2;2;2;0;2;2;2;2;2;0;0;2;2;0;1;NA;NA;NA;NA;NA;NA;NA;NA;NA;NA;NA;NA;;1;2;NA;NA;NA;NA;NA;;2;NA;NA;NA;NA;NA;NA;NA;NA;NA;;2;Sans Objet;1;1;3;1;2;2;0;0;0;Sans Objet;1;2;120;8;Sans Objet;Sans Objet;3;Sans Objet;2;Sans Objet;1;1;1;SEJ1;2;2;2;1;2;2;Sans Objet;CHB1;2;1;2;2;2;2;Sans Objet;12;250;35;250;3;3;Sans Objet;Sans Objet;3;1;3;3;3;3;3;4;3;1;3;3;4
LOG171;7174,901229;237;84;0;2021-mars;2021-avril;84;Auvergne-Rhône-Alpes;43;Haute-Loire;1;5;4;1;0;2;3;1;4;NA;NA;2;4;2012;2;2;2;2;1;2;2;;2;NA;;3;NA;;3;NA;;3;NA;;3;NA;;2;1;1;1;2;NA;NA;NA;NA;NA;NA;NA;NA;NA;NA;NA;NA;;2;3;;NA;NA;NA;NA;NA;NA;NA;NA;1;NA;;1;2;2;2;2;2;2;2;2;;3;3;3;NA;2;NA;1;3;;1;3;1;2;3;1;1;2;NA;NA;NA;NA;NA;;;1;NA;NA;NA;NA;2;2;2;0;2;2;2;2;2;0;0;2;1;0;1;NA;NA;NA;NA;NA;NA;NA;NA;NA;NA;NA;NA;;2;2;NA;NA;NA;NA;NA;;2;NA;NA;NA;NA;NA;NA;NA;NA;NA;;2;Sans Objet;1;0;3;1;2;1;1;0;0;Sans Objet;1;2;120;8;Sans Objet;Sans Objet;3;Sans Objet;2;Sans Objet;2;Sans Objet;Sans Objet;SEJ1;2;2;2;1;2;2;Sans Objet;CHB1;2;1;2;2;2;2;Sans Objet;15;280;32;280;3;3;Sans Objet;Sans Objet;3;3;3;3;3;3;3;3;3;1;3;4;4
LOG172;12759,89458;232;84;0;2022-février;2022-février;84;Auvergne-Rhône-Alpes;42;Loire;1;7;4;2;1;2;3;1;8;NA;NA;2;9;1982;2;2;1;1;2;2;2;;2;NA;;3;NA;;2;3;;2;5;;3;NA;;2;1;2;2;1;2;1;2;2;2;2;2;2;2;2;2;2;;2;1;;2;2;2;2;1;2;2;2;2;2;;1;2;2;2;2;2;2;2;2;;3;3;3;NA;2;NA;1;1;;1;3;1;4;1;1;1;2;NA;NA;NA;NA;NA;;;1;NA;NA;NA;NA;2;2;2;0;2;2;2;2;2;0;0;2;2;0;1;NA;NA;NA;NA;NA;NA;NA;NA;NA;NA;NA;NA;;2;1;2;2;1;2;2;;1;1;2;2;2;2;2;2;2;2;;2;Sans Objet;0;1;3;2;1;2;1;1;2;entrée / garage;2;1;150;7;Sans Objet;1;3;Sans Objet;1;1;1;1;2;CUS1;1;2;2;1;2;2;Sans Objet;CHB1;2;1;2;2;2;2;Sans Objet;10;250;37;250;3;3;Sans Objet;Sans Objet;3;3;3;3;3;3;3;4;3;1;3;3;4
LOG173;3910,775465;241;84;0;2021-juin;2021-juin;84;Auvergne-Rhône-Alpes;69;Rhône;1;7;8;2;0;2;3;1;1;NA;NA;2;7;2012;2;2;2;2;2;1;2;Pisé.;2;NA;;3;NA;;3;NA;;1;1;;3;NA;;2;1;2;2;1;2;1;2;2;2;2;2;2;2;2;2;2;;2;3;;NA;NA;NA;NA;NA;NA;NA;NA;1;NA;;1;2;2;2;2;2;2;2;2;;3;3;2;1;2;NA;1;3;;1;3;1;2;3;1;1;1;2;1;2;2;2;;;2;2;2;1;2;2;2;4;1;3;1;2;2;2;0;0;2;2;0;2;NA;NA;NA;NA;NA;NA;NA;NA;NA;NA;NA;NA;;2;1;1;2;2;2;1;Circulation;1;2;2;2;2;2;2;1;2;2;;2;Sans Objet;1;0;3;3;3;3;1;0;1;cellier. ;1;3;200;8;Sans Objet;Sans Objet;5;Sans Objet;2;Sans Objet;2;Sans Objet;Sans Objet;SEJ1;2;2;2;1;2;2;Sans Objet;CHB1;2;1;2;2;2;2;Sans Objet;14;263;70;245;3;1;4;1;3;1;3;1;3;3;3;3;1;1;1;3;4
LOG174;24061,18938;226;84;0;2021-octobre;2021-octobre;84;Auvergne-Rhône-Alpes;26;Drôme;1;6;6;0;0;2;3;1;6;NA;NA;2;NA;2010;2;1;2;2;2;2;2;;2;NA;;3;NA;;3;NA;;3;NA;;3;NA;;1;2;2;1;2;NA;NA;NA;NA;NA;NA;NA;NA;NA;NA;NA;NA;;2;6;;2;2;2;2;1;2;2;2;2;2;;1;2;2;2;2;2;2;2;2;;1;3;3;NA;1;NA;1;6;;1;3;1;2;2;1;1;1;2;1;2;2;2;;;1;NA;NA;NA;NA;2;2;3;1;3;1;1;2;2;0;0;2;2;0;1;NA;NA;NA;NA;NA;NA;NA;NA;NA;NA;NA;NA;;1;1;2;1;1;2;2;;1;2;2;1;2;2;2;2;2;2;;2;Sans Objet;0;1;4;1;2;1;0;0;4;cave / garage / couloir / entrée. ;2;3;150;8;Sans Objet;Sans Objet;3;Sans Objet;1;1;1;1;3;CUS1;1;2;2;1;2;2;Sans Objet;CHB1;2;1;2;2;2;2;Sans Objet;13;250;45;250;3;3;Sans Objet;Sans Objet;3;3;1;3;3;3;3;4;3;3;3;3;4
LOG175;55870,40232;249;84;0;2021-février;2021-février;84;Auvergne-Rhône-Alpes;69;Rhône;2;3;3;5;2;2;2;2;5;NA;NA;2;NA;1996;NA;NA;NA;NA;NA;NA;1;;2;NA;;3;NA;;3;NA;;3;NA;;3;NA;;3;1;2;2;2;NA;NA;NA;NA;NA;NA;NA;NA;NA;NA;NA;NA;;2;3;;NA;NA;NA;NA;NA;NA;NA;NA;1;NA;;1;2;2;2;2;2;2;2;2;;3;3;3;NA;1;NA;1;3;;1;3;1;3;3;1;1;2;NA;NA;NA;NA;NA;;;1;NA;NA;NA;NA;2;2;1;0;1;2;2;2;2;0;0;2;1;0;1;NA;NA;NA;NA;NA;NA;NA;NA;NA;NA;NA;NA;;2;1;2;2;2;2;1;Bouche d'égouts en sortie de résidence;2;NA;NA;NA;NA;NA;NA;NA;NA;NA;;2;Sans Objet;1;0;2;1;1;1;0;0;0;Sans Objet;1;1;58;1;Sans Objet;Sans Objet;1;Sans Objet;1;2;2;Sans Objet;Sans Objet;SEJ1;2;2;1;1;2;2;Sans Objet;CHB1;2;1;2;2;2;2;Sans Objet;10;250;22;250;3;3;Sans Objet;Sans Objet;3;3;1;3;3;3;3;3;3;3;3;3;4
LOG176;11364,54913;244;84;0;2021-juin;2021-juin;84;Auvergne-Rhône-Alpes;69;Rhône;2;3;4;4;4;2;1;2;12;1;2019;2;2;2020;2;2;1;2;2;2;2;;2;NA;;3;NA;;3;NA;;3;NA;;3;NA;;4;NA;NA;NA;1;2;1;2;2;2;2;2;1;2;2;2;2;;1;5;;2;2;1;2;2;2;2;2;2;2;;1;2;2;2;2;2;2;2;2;;3;3;3;NA;2;NA;1;3;;1;3;1;4;2;1;1;1;1;1;2;2;2;;;1;NA;NA;NA;NA;4;2;2;0;2;2;2;2;2;0;0;2;2;0;2;NA;NA;NA;NA;NA;NA;NA;NA;NA;NA;NA;NA;;1;2;NA;NA;NA;NA;NA;;1;2;2;2;2;2;2;1;1;2;Potager;2;Sans Objet;0;1;1;1;2;1;1;0;0;Sans Objet;2;3;86;1;Sans Objet;Sans Objet;4;Sans Objet;2;Sans Objet;2;Sans Objet;Sans Objet;CUS1;1;2;2;1;2;2;Sans Objet;CHB1;2;1;2;2;2;2;Sans Objet;13;270;46;270;3;3;Sans Objet;Sans Objet;2;3;3;3;3;3;3;3;3;1;4;4;4
LOG177;6125,119614;247;84;0;2021-mai;2021-juin;84;Auvergne-Rhône-Alpes;69;Rhône;2;3;2;5;2;2;1;2;10;1;2003;2;NA;2013;2;2;2;1;2;2;2;;2;NA;;3;NA;;3;NA;;2;5;;2;5;;4;NA;NA;NA;1;2;1;2;2;2;2;2;2;2;2;2;2;;2;3;;NA;NA;NA;NA;NA;NA;NA;NA;1;NA;;1;2;2;2;2;2;2;2;2;;3;3;3;NA;2;NA;1;3;;1;3;1;1;1;1;1;1;2;2;2;2;1;Lapin;;2;2;1;2;2;2;2;4;2;3;1;2;2;2;0;0;2;2;1;2;NA;NA;NA;NA;NA;NA;NA;NA;NA;NA;NA;NA;;1;2;NA;NA;NA;NA;NA;;2;NA;NA;NA;NA;NA;NA;NA;NA;NA;;2;Sans Objet;0;1;2;0;1;1;0;0;0;Sans Objet;2;3;64;1;Sans Objet;Sans Objet;1;Sans Objet;1;2;2;Sans Objet;Sans Objet;CUS1;1;2;2;1;2;2;Sans Objet;CHB1;2;1;2;2;2;2;Sans Objet;11;250;30;250;3;1;4;1;3;3;3;1;3;1;3;3;3;1;3;4;4
LOG178;18395,19036;245;84;0;2021-juin;2021-juin;84;Auvergne-Rhône-Alpes;69;Rhône;2;4;3;5;3;2;2;2;1;NA;NA;2;NA;1992;2;2;2;2;1;2;2;;2;NA;;3;NA;;3;NA;;3;NA;;3;NA;;1;1;2;4;2;NA;NA;NA;NA;NA;NA;NA;NA;NA;NA;NA;NA;;2;3;;NA;NA;NA;NA;NA;NA;NA;NA;1;NA;;1;2;2;2;2;2;2;2;2;;3;3;3;NA;2;NA;1;3;;1;3;1;2;1;1;1;2;NA;NA;NA;NA;NA;;;1;NA;NA;NA;NA;2;2;1;0;1;1;2;2;2;0;0;2;0;0;2;NA;NA;NA;NA;NA;NA;NA;NA;NA;NA;NA;NA;;2;2;NA;NA;NA;NA;NA;;1;2;2;2;2;2;2;1;2;2;;2;Sans Objet;0;1;2;0;1;2;0;0;0;Sans Objet;2;2;116;1;Sans Objet;Sans Objet;1;Sans Objet;1;2;2;Sans Objet;Sans Objet;CUS1;1;2;1;1;2;2;Sans Objet;CHB1;2;1;2;2;2;2;Sans Objet;12;390;30;380;3;3;Sans Objet;Sans Objet;3;3;3;3;3;3;3;3;3;4;4;4;4
LOG179;7020,814385;232;84;0;2021-février;2021-février;84;Auvergne-Rhône-Alpes;42;Loire;1;4;4;0;0;2;3;1;11;1;2006;2;2;2020;1;2;2;2;2;2;2;;2;NA;;3;NA;;3;NA;;3;NA;;3;NA;;3;1;1;1;1;2;1;2;1;1;2;2;1;2;1;2;2;;3;6;;2;2;2;2;1;2;2;2;2;2;;2;2;1;2;2;2;2;1;2;;1;1;3;NA;1;NA;1;6;;1;3;2;NA;2;1;1;1;2;1;2;2;2;;;2;2;2;1;2;2;2;5;3;3;1;2;2;2;0;0;2;2;0;1;NA;NA;NA;NA;NA;NA;NA;NA;NA;NA;NA;NA;;2;1;2;2;1;2;2;;1;1;2;2;2;2;2;2;2;2;;2;Sans Objet;0;1;3;0;2;1;1;0;0;Sans Objet;2;2;170;8;Sans Objet;Sans Objet;3;Sans Objet;2;Sans Objet;2;Sans Objet;Sans Objet;CUS1;1;2;1;1;2;2;Sans Objet;CHB1;2;1;2;2;2;2;Sans Objet;30;420;70;645;3;1;3;2;1;3;1;1;1;3;3;1;4;1;4;3;4
LOG180;7894,98189;235;84;0;2021-septembre;2021-septembre;84;Auvergne-Rhône-Alpes;42;Loire;1;6;7;2;1;2;3;1;10;1;2005;2;NA;2010;2;1;1;2;2;2;2;;2;NA;;3;NA;;2;3;;2;1;;3;NA;;4;NA;NA;NA;2;NA;NA;NA;NA;NA;NA;NA;NA;NA;NA;NA;NA;;2;6;;2;2;2;2;1;2;2;2;2;2;;2;2;1;2;2;2;2;2;2;;3;1;3;NA;3;NA;1;6;;1;3;1;2;1;1;1;1;2;1;2;2;2;;;2;2;2;1;2;2;2;2;0;2;1;2;2;2;0;0;2;2;0;2;NA;NA;NA;NA;NA;NA;NA;NA;NA;NA;NA;NA;;2;1;2;2;1;2;2;;1;1;2;2;2;2;2;2;2;2;;2;Sans Objet;1;0;4;1;2;2;1;0;2;cellier et cave;1;2;160;4;Sans Objet;Sans Objet;3;Sans Objet;1;2;2;Sans Objet;Sans Objet;SEJ1;2;2;2;1;2;2;Sans Objet;CHB1;2;1;2;2;2;2;Sans Objet;14;250;54;450;3;3;Sans Objet;Sans Objet;3;3;3;3;3;1;3;4;3;1;3;3;4
LOG181;4204,422016;226;84;1;2021-février;2021-mars;84;Auvergne-Rhône-Alpes;26;Drôme;1;4;2;1;0;2;3;1;1;NA;NA;2;4;2012;2;2;2;2;1;2;2;;2;NA;;3;NA;;3;NA;;3;NA;;3;NA;;1;1;1;1;1;2;1;2;2;2;1;2;1;1;2;2;2;;3;6;;2;2;2;2;1;2;2;2;2;2;;2;1;2;2;2;2;2;1;2;;3;1;3;NA;2;NA;1;6;;1;3;2;NA;2;2;3;2;NA;NA;NA;NA;NA;;;2;2;2;1;2;2;2;3;1;3;1;2;2;2;0;0;2;2;0;1;NA;NA;NA;NA;NA;NA;NA;NA;NA;NA;NA;NA;;1;2;NA;NA;NA;NA;NA;;2;NA;NA;NA;NA;NA;NA;NA;NA;NA;;2;Sans Objet;0;1;2;1;1;1;0;0;0;Sans Objet;2;2;100;8;Sans Objet;Sans Objet;5;Sans Objet;2;Sans Objet;1;2;3;CUS1;1;2;2;1;2;2;Sans Objet;CHB1;2;1;2;2;2;2;Sans Objet;14;320;40;250;3;3;Sans Objet;Sans Objet;3;3;3;3;3;3;3;4;3;3;3;4;3
LOG182;2616,954261;238;84;0;2022-avril;2022-avril;84;Auvergne-Rhône-Alpes;63;Puy-de-Dôme;1;9;3;1;0;2;3;1;10;1;2001;2;2;2001;1;2;2;2;2;2;2;;2;NA;;3;NA;;3;NA;;3;NA;;3;NA;;3;2;2;2;2;NA;NA;NA;NA;NA;NA;NA;NA;NA;NA;NA;NA;;3;4;;2;2;2;2;1;2;2;2;2;2;;2;2;2;2;2;2;2;1;2;;1;1;3;NA;2;NA;1;6;;1;3;1;4;2;1;1;2;NA;NA;NA;NA;NA;;;2;2;2;1;2;2;2;2;0;2;1;1;2;2;0;0;2;2;0;1;NA;NA;NA;NA;NA;NA;NA;NA;NA;NA;NA;NA;;2;2;NA;NA;NA;NA;NA;;2;NA;NA;NA;NA;NA;NA;NA;NA;NA;;2;Sans Objet;0;1;6;1;1;2;0;0;1;garage;2;2;280;8;Sans Objet;Sans Objet;5;Sans Objet;2;Sans Objet;1;2;3;CUS1;1;2;1;1;2;2;Sans Objet;CHB1;2;1;2;2;1;2;Sans Objet;18;290;60;259;3;2;1;1;3;3;3;3;3;3;3;3;3;3;3;3;4
LOG183;15556,79929;241;84;0;2021-janvier;2021-janvier;84;Auvergne-Rhône-Alpes;69;Rhône;2;5;5;5;3;2;1;2;9;1;2000;2;5;2000;2;2;1;2;2;2;2;;2;NA;;1;1;;3;NA;;2;1;;2;1;;4;NA;NA;NA;2;NA;NA;NA;NA;NA;NA;NA;NA;NA;NA;NA;NA;;2;3;;NA;NA;NA;NA;NA;NA;NA;NA;1;NA;;1;2;2;2;2;2;2;2;2;;3;3;3;NA;2;NA;1;3;;1;3;1;2;2;1;1;2;NA;NA;NA;NA;NA;;;1;NA;NA;NA;NA;2;2;1;0;1;1;2;2;1;NA;NA;1;NA;NA;1;NA;NA;NA;NA;NA;NA;NA;NA;NA;NA;NA;NA;;2;2;NA;NA;NA;NA;NA;;1;2;2;2;2;2;2;1;2;2;;2;Sans Objet;1;1;2;1;2;2;0;0;0;Sans Objet;1;3;110;1;Sans Objet;Sans Objet;1;Sans Objet;1;2;2;Sans Objet;Sans Objet;SEJ1;2;2;2;1;2;2;Sans Objet;CHB1;2;1;2;2;2;2;Sans Objet;15;250;40;250;3;1;4;1;3;1;1;1;3;3;3;3;1;1;4;4;4
LOG184;20851,28702;236;84;0;2021-octobre;2021-octobre;84;Auvergne-Rhône-Alpes;42;Loire;1;6;4;2;0;2;3;1;3;NA;NA;2;12;2009;2;2;2;2;2;1;2;Mâchefer;2;NA;;3;NA;;3;NA;;1;1;;3;NA;;1;2;2;1;2;NA;NA;NA;NA;NA;NA;NA;NA;NA;NA;NA;NA;;2;3;;NA;NA;NA;NA;NA;NA;NA;NA;1;NA;;1;2;2;2;2;2;2;2;2;;3;3;3;NA;3;NA;1;3;;1;3;2;NA;1;2;3;2;NA;NA;NA;NA;NA;;;1;NA;NA;NA;NA;2;2;5;3;3;1;2;2;2;0;0;2;2;0;1;NA;NA;NA;NA;NA;NA;NA;NA;NA;NA;NA;NA;;2;1;2;2;2;2;1;traffic routier;1;2;2;2;2;2;2;1;2;2;;2;Sans Objet;0;1;4;1;1;2;1;0;2;salle de jeux, atelier;2;2;120;8;Sans Objet;Sans Objet;5;Sans Objet;2;Sans Objet;2;Sans Objet;Sans Objet;CUS1;1;2;2;1;2;2;Sans Objet;CHB1;2;1;2;2;2;2;Sans Objet;11;265;50;265;3;3;Sans Objet;Sans Objet;3;3;1;3;3;1;1;4;3;1;1;3;4
LOG185;59493,10322;235;84;0;2021-octobre;2021-octobre;84;Auvergne-Rhône-Alpes;42;Loire;1;5;5;1;1;2;3;1;6;NA;NA;2;8;2003;2;2;2;1;2;2;2;;2;NA;;3;NA;;3;NA;;3;NA;;3;NA;;3;1;2;1;2;NA;NA;NA;NA;NA;NA;NA;NA;NA;NA;NA;NA;;2;6;;2;2;2;2;1;2;2;2;2;2;;2;2;2;2;2;2;2;2;1;Soufflant;1;3;1;1;2;NA;1;6;;1;3;1;4;1;1;1;2;NA;NA;NA;NA;NA;;;2;2;2;1;2;4;2;2;0;2;2;2;2;2;0;0;2;2;0;1;NA;NA;NA;NA;NA;NA;NA;NA;NA;NA;NA;NA;;1;2;NA;NA;NA;NA;NA;;2;NA;NA;NA;NA;NA;NA;NA;NA;NA;;2;Sans Objet;0;1;3;0;1;1;1;0;5;garage, cave, débarras, entrée, couloir;2;2;220;8;Sans Objet;Sans Objet;3;Sans Objet;1;1;1;1;1;CUS1;1;2;2;1;2;2;Sans Objet;CHB1;2;1;2;2;2;2;Sans Objet;12;250;51;250;3;3;Sans Objet;Sans Objet;3;3;3;3;3;3;3;3;1;3;3;3;4
LOG186;10810,55019;238;84;0;2021-février;2021-mars;84;Auvergne-Rhône-Alpes;63;Puy-de-Dôme;1;6;7;1;1;2;3;1;11;1;2007;2;NA;2007;2;2;1;2;2;2;2;;2;NA;;1;1;;2;3;;3;NA;;3;NA;;4;NA;NA;NA;2;NA;NA;NA;NA;NA;NA;NA;NA;NA;NA;NA;NA;;2;3;;2;2;2;2;2;1;2;2;2;2;;1;2;1;2;2;2;2;2;2;;1;3;3;NA;2;NA;1;3;;1;3;1;2;1;1;1;2;NA;NA;NA;NA;NA;;;2;2;2;1;2;2;2;2;0;2;2;1;2;2;0;0;2;2;0;1;NA;NA;NA;NA;NA;NA;NA;NA;NA;NA;NA;NA;;1;2;NA;NA;NA;NA;NA;;1;2;1;2;2;2;2;2;2;2;;2;Sans Objet;0;1;3;2;3;2;1;0;0;Sans Objet;1;2;280;8;Sans Objet;Sans Objet;5;Sans Objet;1;2;2;Sans Objet;Sans Objet;CUS1;1;2;2;1;2;2;Sans Objet;CHB1;2;1;2;2;2;2;Sans Objet;13;320;50;330;3;3;Sans Objet;Sans Objet;3;3;3;3;3;3;3;3;3;1;3;3;4
LOG187;3775,135086;224;84;0;2021-avril;2021-avril;76;Occitanie;30;Gard;1;7;5;1;0;2;2;1;2;NA;NA;2;1;1999;2;2;2;2;1;2;2;;2;NA;;3;NA;;2;3;;3;NA;;3;NA;;1;1;2;1;1;2;1;2;2;2;2;2;1;2;2;2;2;;2;6;;2;2;2;2;1;2;2;2;2;2;;2;2;2;2;2;2;2;2;1;Aérothermie;3;1;1;1;2;NA;1;6;;1;3;1;1;1;1;1;1;1;1;2;2;2;;;2;2;2;1;2;2;2;4;0;3;1;2;2;2;0;0;2;2;0;1;NA;NA;NA;NA;NA;NA;NA;NA;NA;NA;NA;NA;;2;2;NA;NA;NA;NA;NA;;2;NA;NA;NA;NA;NA;NA;NA;NA;NA;;2;Sans Objet;1;0;4;2;1;2;1;0;1;entrée.;1;3;200;6;Sans Objet;Sans Objet;3;Sans Objet;1;2;2;Sans Objet;Sans Objet;SEJ1;2;2;2;1;2;2;Sans Objet;CHB1;2;1;2;2;2;2;Sans Objet;9;283;28;250;3;1;4;2;3;3;3;3;3;3;3;3;3;3;3;3;4
LOG188;25993,1236;232;84;0;2021-mars;2021-mars;84;Auvergne-Rhône-Alpes;42;Loire;1;5;3;1;0;2;3;1;7;NA;NA;2;9;2014;NA;NA;NA;NA;NA;NA;1;;2;NA;;3;NA;;3;NA;;3;NA;;3;NA;;4;NA;NA;NA;1;2;1;2;2;2;2;2;2;2;2;2;2;;2;3;;NA;NA;NA;NA;NA;NA;NA;NA;1;NA;;1;2;2;2;2;2;2;2;2;;1;3;3;NA;2;NA;1;3;;1;3;1;4;1;1;1;2;NA;NA;NA;NA;NA;;;2;2;2;1;2;2;2;5;3;3;1;2;2;2;0;0;2;2;0;1;NA;NA;NA;NA;NA;NA;NA;NA;NA;NA;NA;NA;;2;2;NA;NA;NA;NA;NA;;1;NA;NA;NA;NA;NA;NA;NA;NA;1;;2;Sans Objet;0;1;5;1;1;1;1;0;0;Sans Objet;2;1;170;4;Sans Objet;Sans Objet;5;Sans Objet;2;Sans Objet;2;Sans Objet;Sans Objet;CUS1;1;2;2;1;2;2;Sans Objet;CHB1;2;1;2;2;2;2;Sans Objet;14;250;66;280;3;1;2;1;3;3;3;1;3;1;1;3;3;3;4;4;4
LOG189;17299,12794;231;84;0;2021-avril;2021-avril;84;Auvergne-Rhône-Alpes;42;Loire;1;7;5;2;0;2;3;1;3;NA;NA;2;NA;1994;1;2;2;2;1;2;2;;2;NA;;3;NA;;3;NA;;3;NA;;3;NA;;1;2;2;1;2;NA;NA;NA;NA;NA;NA;NA;NA;NA;NA;NA;NA;;2;5;;NA;NA;NA;NA;NA;NA;NA;NA;1;NA;;1;2;1;2;2;2;2;2;2;;3;1;3;NA;1;NA;1;6;;1;3;2;NA;1;1;1;2;NA;NA;NA;NA;NA;;;2;2;2;1;2;2;2;2;0;2;1;2;2;2;0;0;2;2;0;1;NA;NA;NA;NA;NA;NA;NA;NA;NA;NA;NA;NA;;2;1;2;2;1;2;2;;2;NA;NA;NA;NA;NA;NA;NA;NA;NA;;2;Sans Objet;0;1;5;1;1;2;0;0;2;une chaufferie et une pièce de stockage;2;1;180;8;Sans Objet;Sans Objet;5;Sans Objet;2;Sans Objet;2;Sans Objet;Sans Objet;CUS1;1;2;2;1;2;2;Sans Objet;CHB1;2;1;2;2;2;2;Sans Objet;12;250;50;320;3;3;Sans Objet;Sans Objet;3;3;3;3;3;1;3;3;3;3;4;3;4
LOG190;167137,2743;226;84;1;2021-septembre;2021-septembre;84;Auvergne-Rhône-Alpes;26;Drôme;2;3;3;2;1;1;2;2;9;2;NA;2;NA;2014;2;2;1;2;2;2;2;;2;NA;;3;NA;;3;NA;;1;1;;1;1;;4;NA;NA;NA;2;NA;NA;NA;NA;NA;NA;NA;NA;NA;NA;NA;NA;;2;3;;NA;NA;NA;NA;NA;NA;NA;NA;1;NA;;1;2;2;2;2;2;2;2;2;;3;3;3;NA;1;NA;1;3;;2;NA;1;3;1;3;1;1;2;1;2;2;2;;;1;NA;NA;NA;NA;2;2;1;0;1;4;2;2;2;0;0;2;1;0;2;NA;NA;NA;NA;NA;NA;NA;NA;NA;NA;NA;NA;;2;2;NA;NA;NA;NA;NA;;1;2;2;2;2;2;2;1;2;2;;2;Sans Objet;1;0;1;1;1;1;1;0;0;Sans Objet;1;3;88;2;Sans Objet;Sans Objet;1;Sans Objet;2;Sans Objet;2;Sans Objet;Sans Objet;SEJ1;2;2;1;1;2;2;Sans Objet;CHB1;2;1;2;2;2;2;Sans Objet;10;250;20;250;3;3;Sans Objet;Sans Objet;3;3;3;3;3;3;3;4;3;3;3;3;3
LOG191;50160,44829;252;84;0;2021-juin;2021-juin;84;Auvergne-Rhône-Alpes;69;Rhône;2;2;4;3;1;1;2;2;3;NA;NA;2;5;2017;NA;NA;NA;NA;NA;NA;1;;1;6;Production audiovisuelle;3;NA;;2;1;;3;NA;;3;NA;;1;2;2;3;1;2;1;2;2;2;2;2;2;2;2;2;2;;3;3;;NA;NA;NA;NA;NA;NA;NA;NA;1;NA;;2;2;2;2;2;2;2;2;1;Radiateur Gaz;3;3;3;NA;1;NA;1;6;;1;3;1;1;1;1;3;1;2;1;2;2;2;;;1;NA;NA;NA;NA;2;2;2;0;2;1;2;2;2;0;0;2;2;0;2;NA;NA;NA;NA;NA;NA;NA;NA;NA;NA;NA;NA;;2;1;2;2;2;2;1;Circulation;1;2;2;2;2;2;2;1;2;2;;2;Sans Objet;1;0;1;1;1;1;0;0;1;couloir - entrée;1;2;58;1;Sans Objet;Sans Objet;1;Sans Objet;1;2;2;Sans Objet;Sans Objet;SEJ1;2;2;1;1;2;2;Sans Objet;CHB1;2;1;2;2;2;2;Sans Objet;14;257;25;255;3;1;4;4;3;1;3;3;3;3;3;3;3;3;3;3;4
LOG192;16552,98792;241;84;0;2021-juillet;2021-août;84;Auvergne-Rhône-Alpes;69;Rhône;2;4;5;7;4;2;1;2;7;NA;NA;2;NA;2019;2;2;1;2;2;2;2;;1;6;Dentiste;3;NA;;3;NA;;3;NA;;3;NA;;2;1;1;2;1;2;1;2;2;2;2;2;2;2;2;2;2;;1;3;;NA;NA;NA;NA;NA;NA;NA;NA;1;NA;;1;2;2;2;2;2;2;2;2;;3;3;3;NA;1;NA;1;3;;1;3;1;3;2;3;1;1;2;1;2;2;2;;;1;NA;NA;NA;NA;2;2;4;2;3;1;2;2;2;0;0;2;2;0;2;NA;NA;NA;NA;NA;NA;NA;NA;NA;NA;NA;NA;;2;2;NA;NA;NA;NA;NA;;1;2;2;2;2;2;2;1;2;2;;2;Sans Objet;1;0;3;1;1;1;1;0;1;dressing;1;1;90;1;Sans Objet;Sans Objet;1;Sans Objet;1;2;2;Sans Objet;Sans Objet;SEJ1;2;2;1;1;2;2;Sans Objet;CHB1;2;1;2;2;2;2;Sans Objet;12;250;30;250;3;1;3;2;3;3;3;1;3;3;3;3;3;1;4;3;4
LOG193;44710,26652;233;84;0;2022-mars;2022-mars;84;Auvergne-Rhône-Alpes;42;Loire;1;4;5;1;0;2;3;1;8;NA;NA;2;8;1985;2;2;1;1;2;2;2;;2;NA;;3;NA;;3;NA;;2;1;;3;NA;;1;1;2;1;2;NA;NA;NA;NA;NA;NA;NA;NA;NA;NA;NA;NA;;3;5;;2;2;2;2;2;1;2;2;2;2;;2;1;2;2;2;2;2;2;2;;1;3;3;NA;1;NA;1;6;;1;3;1;4;1;1;1;2;NA;NA;NA;NA;NA;;;2;2;2;1;2;2;2;2;0;2;2;2;2;2;0;0;2;2;0;1;NA;NA;NA;NA;NA;NA;NA;NA;NA;NA;NA;NA;;1;2;NA;NA;NA;NA;NA;;2;NA;NA;NA;NA;NA;NA;NA;NA;NA;;2;Sans Objet;0;1;3;0;1;1;0;0;3;cave / atelier / garage;2;2;80;7;Sans Objet;1;3;Sans Objet;1;1;1;1;1;CUS1;1;2;2;1;2;2;Sans Objet;CHB1;2;1;2;2;2;2;Sans Objet;10;250;40;250;3;3;Sans Objet;Sans Objet;3;4;1;4;4;4;4;4;3;1;3;3;4
LOG194;14527,75639;247;84;0;2021-mai;2021-mai;84;Auvergne-Rhône-Alpes;69;Rhône;2;3;5;4;4;2;1;2;7;NA;NA;2;NA;2001;2;1;1;2;2;2;2;;2;NA;;3;NA;;3;NA;;3;NA;;3;NA;;3;1;2;2;2;NA;NA;NA;NA;NA;NA;NA;NA;NA;NA;NA;NA;;2;3;;NA;NA;NA;NA;NA;NA;NA;NA;1;NA;;1;2;2;2;2;2;2;2;2;;3;3;1;1;1;NA;1;3;;1;3;1;4;3;1;1;1;2;1;2;2;2;;;1;NA;NA;NA;NA;2;2;1;0;1;2;2;2;2;0;0;2;1;0;2;NA;NA;NA;NA;NA;NA;NA;NA;NA;NA;NA;NA;;1;2;NA;NA;NA;NA;NA;;2;NA;NA;NA;NA;NA;NA;NA;NA;NA;;2;Sans Objet;1;0;2;1;2;1;1;0;0;Sans Objet;1;3;96;1;Sans Objet;Sans Objet;4;Sans Objet;1;2;2;Sans Objet;Sans Objet;SEJ1;2;2;1;1;2;2;Sans Objet;CHB1;2;1;2;2;2;2;Sans Objet;22;250;24;250;3;1;4;4;1;3;3;3;3;3;3;3;3;1;4;4;4
LOG195;7813,567209;231;84;0;2023-janvier;2023-janvier;84;Auvergne-Rhône-Alpes;42;Loire;1;7;3;1;0;2;3;1;1;NA;NA;2;7;2011;2;2;2;2;1;2;2;;2;NA;;3;NA;;3;NA;;3;NA;;3;NA;;1;2;2;2;2;NA;NA;NA;NA;NA;NA;NA;NA;NA;NA;NA;NA;;2;5;;1;2;2;2;2;2;2;2;2;2;;1;2;2;2;2;2;1;2;2;;1;3;3;NA;2;NA;1;6;;1;3;1;1;1;2;1;1;1;2;2;2;2;;;2;1;2;1;2;2;2;5;2;3;1;2;2;2;0;0;2;1;0;1;NA;NA;NA;NA;NA;NA;NA;NA;NA;NA;NA;NA;;2;1;2;2;1;2;2;;1;1;2;2;1;2;2;2;2;2;;2;Sans Objet;0;1;5;1;1;1;0;0;0;Sans Objet;2;1;120;8;Sans Objet;Sans Objet;5;Sans Objet;1;2;2;Sans Objet;Sans Objet;CUS1;1;2;1;1;2;2;Sans Objet;CHB1;2;1;1;2;2;2;Sans Objet;10;290;30;240;3;3;Sans Objet;Sans Objet;3;3;3;3;3;3;3;3;3;1;3;5;3
LOG196;226991,4067;239;84;0;2021-février;2021-février;84;Auvergne-Rhône-Alpes;63;Puy-de-Dôme;2;3;2;5;4;2;1;2;12;1;2015;2;1;2020;2;2;1;2;2;2;2;;1;6;Pôle santé;3;NA;;3;NA;;3;NA;;3;NA;;4;NA;NA;NA;2;NA;NA;NA;NA;NA;NA;NA;NA;NA;NA;NA;NA;;2;3;;NA;NA;NA;NA;NA;NA;NA;NA;1;NA;;1;2;2;2;2;2;2;2;2;;3;3;3;NA;2;NA;1;3;;1;3;1;2;1;1;1;2;NA;NA;NA;NA;NA;;;1;NA;NA;NA;NA;2;2;1;0;1;1;2;2;2;0;0;2;1;0;1;NA;NA;NA;NA;NA;NA;NA;NA;NA;NA;NA;NA;;1;2;NA;NA;NA;NA;NA;;1;2;2;2;2;2;2;1;2;2;;2;Sans Objet;0;1;1;1;1;1;0;0;0;Sans Objet;2;1;62;1;Sans Objet;Sans Objet;1;Sans Objet;2;Sans Objet;2;Sans Objet;Sans Objet;CUS1;1;2;2;1;2;2;Sans Objet;CHB1;2;1;2;2;2;2;Sans Objet;12;250;30;250;3;3;Sans Objet;Sans Objet;3;3;3;3;3;3;3;4;3;1;3;4;4
LOG197;9079,666068;237;84;0;2021-janvier;2021-janvier;84;Auvergne-Rhône-Alpes;43;Haute-Loire;1;4;4;0;0;2;3;1;11;1;2009;2;10;2016;2;2;2;1;2;2;2;;2;NA;;3;NA;;3;NA;;3;NA;;3;NA;;4;NA;NA;NA;2;NA;NA;NA;NA;NA;NA;NA;NA;NA;NA;NA;NA;;3;5;;NA;NA;NA;NA;NA;NA;NA;NA;1;NA;;2;2;2;2;2;2;2;1;2;;1;3;3;NA;3;NA;1;6;;1;3;1;2;2;1;1;2;NA;NA;NA;NA;NA;;;2;2;2;1;2;2;2;2;0;2;2;2;2;1;NA;NA;1;NA;NA;1;NA;NA;NA;NA;NA;NA;NA;NA;NA;NA;NA;NA;;2;2;NA;NA;NA;NA;NA;;2;NA;NA;NA;NA;NA;NA;NA;NA;NA;;2;Sans Objet;1;0;3;1;2;1;0;0;0;Sans Objet;1;2;117;8;Sans Objet;Sans Objet;3;Sans Objet;2;Sans Objet;1;1;3;SEJ1;2;2;2;1;2;2;Sans Objet;CHB1;2;1;2;2;2;2;Sans Objet;15;250;43;250;3;3;Sans Objet;Sans Objet;3;3;1;3;3;3;3;3;3;1;4;4;4
LOG198;5210,269721;225;84;0;2021-mai;2021-mai;84;Auvergne-Rhône-Alpes;73;Savoie;1;4;4;0;0;2;3;1;8;NA;NA;2;12;1986;2;1;2;1;2;2;2;;2;NA;;3;NA;;2;4;;3;NA;;3;NA;;1;1;2;2;2;NA;NA;NA;NA;NA;NA;NA;NA;NA;NA;NA;NA;;2;6;;NA;NA;NA;NA;NA;NA;NA;NA;1;NA;;2;1;2;2;2;1;2;2;2;;3;3;1;1;2;NA;1;6;;1;3;1;4;3;1;1;1;2;1;2;2;2;;;1;NA;NA;NA;NA;2;2;2;0;2;2;2;2;2;0;0;2;2;0;2;NA;NA;NA;NA;NA;NA;NA;NA;NA;NA;NA;NA;;2;2;NA;NA;NA;NA;NA;;2;NA;NA;NA;NA;NA;NA;NA;NA;NA;;2;Sans Objet;1;0;3;1;1;1;1;0;1;garage attenant;1;2;100;5;Sans Objet;Sans Objet;3;Sans Objet;1;2;1;1;3;SEJ1;2;2;1;1;2;2;Sans Objet;CHB1;2;1;2;2;2;2;Sans Objet;11;250;31;250;3;3;Sans Objet;Sans Objet;3;3;3;3;3;1;3;3;3;1;3;3;4
LOG199;77829,25357;231;84;0;2022-février;2022-février;84;Auvergne-Rhône-Alpes;42;Loire;1;5;3;1;0;2;3;1;6;NA;NA;2;11;2004;2;2;2;1;2;1;2;Pisé;2;NA;;3;NA;;3;NA;;3;NA;;3;NA;;3;1;2;1;2;NA;NA;NA;NA;NA;NA;NA;NA;NA;NA;NA;NA;;2;6;;1;2;2;2;1;2;2;2;2;2;;1;2;2;2;2;2;2;2;2;;3;1;2;2;1;NA;1;6;;1;3;1;1;2;1;1;2;NA;NA;NA;NA;NA;;;2;2;2;1;2;4;2;4;1;3;1;2;2;2;0;0;2;2;0;1;NA;NA;NA;NA;NA;NA;NA;NA;NA;NA;NA;NA;;2;1;2;2;1;2;2;;1;1;1;2;2;2;2;2;2;2;;2;Sans Objet;0;1;3;1;2;1;0;0;3;atelier / garage 1 / garage 2;2;3;138;4;Sans Objet;Sans Objet;5;Sans Objet;1;2;1;2;1;CUS1;1;2;2;1;2;2;Sans Objet;CHB1;2;1;2;2;2;2;Sans Objet;14;248;45;248;3;3;Sans Objet;Sans Objet;3;3;3;3;3;3;3;4;3;1;3;3;4
LOG200;7140,901404;233;84;0;2021-mars;2021-mars;84;Auvergne-Rhône-Alpes;42;Loire;1;5;4;1;0;2;3;1;9;1;1998;2;NA;2005;2;2;2;1;2;2;2;;2;NA;;3;NA;;3;NA;;1;1;;1;1;;4;NA;NA;NA;2;NA;NA;NA;NA;NA;NA;NA;NA;NA;NA;NA;NA;;2;3;;NA;NA;NA;NA;NA;NA;NA;NA;1;NA;;1;2;2;2;2;2;2;2;2;;3;3;3;NA;2;NA;1;3;;1;3;2;NA;2;1;2;1;2;1;2;2;2;;;1;NA;NA;NA;NA;2;2;3;0;3;1;2;2;2;0;0;2;2;0;1;NA;NA;NA;NA;NA;NA;NA;NA;NA;NA;NA;NA;;1;1;2;2;2;2;1;Autoroute;2;NA;NA;NA;NA;NA;NA;NA;NA;NA;;2;Sans Objet;0;1;3;1;1;2;1;0;0;Sans Objet;2;1;110;5;Sans Objet;Sans Objet;5;Sans Objet;2;Sans Objet;1;1;3;CUS1;1;2;2;1;2;2;Sans Objet;CHB1;2;1;2;2;2;2;Sans Objet;11;250;40;250;3;3;Sans Objet;Sans Objet;1;3;3;1;3;3;3;3;3;1;3;4;3
LOG201;23830,32088;238;84;0;2021-mai;2021-juin;84;Auvergne-Rhône-Alpes;63;Puy-de-Dôme;1;7;6;1;0;2;3;1;7;NA;NA;2;9;2003;2;2;2;1;2;2;2;;2;NA;;3;NA;;3;NA;;3;NA;;3;NA;;3;1;2;1;2;NA;NA;NA;NA;NA;NA;NA;NA;NA;NA;NA;NA;;3;5;;2;2;2;2;2;1;2;2;2;2;;2;2;2;2;2;2;2;1;2;;3;1;3;NA;1;NA;1;6;;1;3;1;2;1;1;1;2;NA;NA;NA;NA;NA;;;2;2;2;1;2;2;2;3;0;3;1;2;2;2;0;0;2;1;0;2;NA;NA;NA;NA;NA;NA;NA;NA;NA;NA;NA;NA;;2;2;NA;NA;NA;NA;NA;;2;NA;NA;NA;NA;NA;NA;NA;NA;NA;;2;Sans Objet;1;1;5;0;2;2;1;0;1;cave;1;1;130;4;Sans Objet;Sans Objet;3;Sans Objet;1;1;2;Sans Objet;Sans Objet;SEJ1;2;2;1;1;2;2;Sans Objet;CHB1;2;1;2;2;2;2;Sans Objet;14;250;39;240;3;1;4;1;3;3;3;1;3;3;3;3;3;3;3;4;4
LOG202;17231,63743;232;84;0;2021-juillet;2021-juillet;84;Auvergne-Rhône-Alpes;42;Loire;1;8;5;1;0;2;3;1;8;NA;NA;2;7;1984;2;2;2;1;2;2;2;;2;NA;;3;NA;;3;NA;;3;NA;;3;NA;;1;1;2;2;1;1;2;2;2;2;1;2;2;2;2;2;2;;2;3;;2;2;2;2;1;2;2;2;2;2;;1;1;2;2;2;2;2;2;2;;1;3;3;NA;3;NA;1;3;;1;3;1;4;3;1;1;2;NA;NA;NA;NA;NA;;;1;NA;NA;NA;NA;2;2;2;0;2;2;1;2;2;0;0;2;2;0;2;NA;NA;NA;NA;NA;NA;NA;NA;NA;NA;NA;NA;;1;2;NA;NA;NA;NA;NA;;2;NA;NA;NA;NA;NA;NA;NA;NA;NA;;2;Sans Objet;0;1;3;2;2;2;0;0;0;Sans Objet;2;2;180;6;Sans Objet;1;3;Sans Objet;1;1;1;1;1;CUS1;1;2;1;1;2;2;Sans Objet;CHB1;1;2;1;2;2;2;Sans Objet;14;260;60;250;1;3;Sans Objet;Sans Objet;3;3;3;3;3;3;3;3;3;1;4;3;4
LOG203;5114,486724;232;84;0;2021-juillet;2021-juillet;84;Auvergne-Rhône-Alpes;42;Loire;1;5;6;1;0;2;3;1;9;1;1996;2;9;1996;2;2;2;1;2;2;2;;2;NA;;2;1;;2;3;;2;1;;3;NA;;4;NA;NA;NA;1;2;1;2;2;1;2;2;1;2;2;2;2;;2;3;;2;2;2;2;1;2;2;2;2;2;;2;2;1;2;2;2;2;2;2;;2;3;3;NA;2;NA;1;3;;1;3;1;3;2;1;3;1;1;1;2;2;1;Poules;;2;2;2;1;2;4;2;3;0;3;1;2;2;2;0;0;2;2;0;1;NA;NA;NA;NA;NA;NA;NA;NA;NA;NA;NA;NA;;1;2;NA;NA;NA;NA;NA;;1;1;2;2;2;2;2;2;2;2;;2;Sans Objet;0;1;4;0;2;2;1;0;2;cellier et garage attenant;2;2;140;5;Sans Objet;Sans Objet;3;Sans Objet;1;2;1;1;2;CUS1;1;2;1;1;2;2;Sans Objet;CHB1;2;1;2;2;1;2;Sans Objet;12;250;60;250;3;1;2;1;3;3;3;3;3;3;3;3;3;1;4;3;3
LOG204;5893,43875;249;84;0;2022-mai;2022-juin;84;Auvergne-Rhône-Alpes;69;Rhône;2;6;6;5;4;2;1;2;9;1;1991;2;7;2010;2;2;1;2;2;2;2;;2;NA;;3;NA;;3;NA;;1;1;;3;NA;;4;NA;NA;NA;2;NA;NA;NA;NA;NA;NA;NA;NA;NA;NA;NA;NA;;3;6;;NA;NA;NA;NA;NA;NA;NA;NA;1;NA;;2;1;2;2;2;2;2;2;2;;3;3;1;1;2;NA;1;6;;1;3;1;1;1;1;1;2;NA;NA;NA;NA;NA;;;1;NA;NA;NA;NA;4;2;2;0;2;2;2;2;2;0;0;2;2;0;2;NA;NA;NA;NA;NA;NA;NA;NA;NA;NA;NA;NA;;2;2;NA;NA;NA;NA;NA;;2;NA;NA;NA;NA;NA;NA;NA;NA;NA;;2;Sans Objet;1;0;2;2;2;2;1;0;2;atelier peinture / débarras;1;2;144;1;Sans Objet;Sans Objet;3;Sans Objet;1;2;2;Sans Objet;Sans Objet;SEJ1;2;2;2;1;2;2;Sans Objet;CHB1;2;1;2;2;2;2;Sans Objet;12;250;30;250;3;3;Sans Objet;Sans Objet;3;3;3;3;3;3;3;4;3;3;3;3;4
LOG205;183468,665;243;84;0;2021-avril;2021-avril;84;Auvergne-Rhône-Alpes;69;Rhône;1;5;3;0;0;2;3;1;8;NA;NA;2;NA;1988;2;1;1;1;2;2;2;;2;NA;;3;NA;;3;NA;;3;NA;;3;NA;;4;NA;NA;NA;2;NA;NA;NA;NA;NA;NA;NA;NA;NA;NA;NA;NA;;2;3;;NA;NA;NA;NA;NA;NA;NA;NA;1;NA;;2;2;1;2;2;2;2;2;2;;3;2;3;NA;1;NA;1;3;;1;3;1;4;2;1;1;2;NA;NA;NA;NA;NA;;;2;2;2;1;2;2;2;2;0;2;1;2;2;2;0;0;2;1;0;1;NA;NA;NA;NA;NA;NA;NA;NA;NA;NA;NA;NA;;1;1;2;2;1;2;2;;2;NA;NA;NA;NA;NA;NA;NA;NA;NA;;2;Sans Objet;0;1;4;0;1;1;1;0;0;Sans Objet;2;2;106;8;Sans Objet;Sans Objet;3;Sans Objet;1;2;2;Sans Objet;Sans Objet;CUS1;1;2;2;1;2;2;Sans Objet;CHB1;2;1;2;2;2;2;Sans Objet;12;250;55;330;3;3;Sans Objet;Sans Objet;1;3;3;3;3;3;3;3;3;1;3;4;4
LOG206;12867,13793;234;84;0;2021-septembre;2021-octobre;84;Auvergne-Rhône-Alpes;42;Loire;1;4;9;1;0;2;3;1;3;NA;NA;2;NA;2006;2;2;2;2;1;2;2;;2;NA;;3;NA;;3;NA;;3;NA;;3;NA;;2;1;1;1;2;NA;NA;NA;NA;NA;NA;NA;NA;NA;NA;NA;NA;;1;5;;2;2;2;2;2;1;2;2;2;2;;1;2;1;2;2;2;2;2;2;;3;3;3;NA;2;NA;1;5;;1;3;1;4;1;1;1;2;NA;NA;NA;NA;NA;;;2;2;2;1;2;2;2;4;2;3;1;2;2;2;0;0;2;2;0;2;NA;NA;NA;NA;NA;NA;NA;NA;NA;NA;NA;NA;;2;1;2;2;1;2;2;;2;NA;NA;NA;NA;NA;NA;NA;NA;NA;;2;Sans Objet;0;1;3;1;2;2;0;0;0;Sans Objet;2;2;180;6;Sans Objet;2;5;Sans Objet;1;2;2;Sans Objet;Sans Objet;CUS1;1;2;1;1;2;2;Sans Objet;CHB1;2;1;2;2;2;2;Sans Objet;14;212;70;550;3;3;Sans Objet;Sans Objet;3;3;3;3;3;1;3;3;4;1;4;4;4
LOG207;33786,06083;244;84;0;2022-mars;2022-mars;84;Auvergne-Rhône-Alpes;69;Rhône;2;4;5;8;2;2;1;2;7;NA;NA;2;10;2017;2;2;1;2;2;2;2;;2;NA;;3;NA;;3;NA;;2;1;;3;NA;;5;NA;NA;NA;2;NA;NA;NA;NA;NA;NA;NA;NA;NA;NA;NA;NA;;2;3;;NA;NA;NA;NA;NA;NA;NA;NA;1;NA;;1;2;2;2;2;2;2;2;2;;3;3;3;NA;1;NA;1;3;;1;3;1;3;1;2;1;2;NA;NA;NA;NA;NA;;;2;2;1;2;2;2;2;4;2;3;1;2;2;2;0;0;2;2;0;1;NA;NA;NA;NA;NA;NA;NA;NA;NA;NA;NA;NA;;1;1;2;2;2;2;1;Circulation;2;NA;NA;NA;NA;NA;NA;NA;NA;NA;;2;Sans Objet;1;0;3;1;2;1;0;0;0;Sans Objet;1;3;90;1;Sans Objet;Sans Objet;1;Sans Objet;1;2;2;Sans Objet;Sans Objet;SEJ1;2;2;2;1;2;2;Sans Objet;CHB1;2;1;2;2;2;2;Sans Objet;9;250;20;250;3;1;2;1;3;3;3;3;3;3;3;4;3;3;3;4;3
LOG208;8517,251042;247;84;0;2021-avril;2021-avril;84;Auvergne-Rhône-Alpes;69;Rhône;2;2;2;6;3;2;1;2;1;NA;NA;1;NA;NA;2;2;2;2;1;2;2;;1;6;Opticien;3;NA;;3;NA;;2;3;;3;NA;;4;NA;NA;NA;2;NA;NA;NA;NA;NA;NA;NA;NA;NA;NA;NA;NA;;3;6;;NA;NA;NA;NA;NA;NA;NA;NA;1;NA;;2;1;2;2;2;2;2;2;2;;3;3;3;NA;2;NA;1;6;;2;NA;1;1;2;1;1;1;2;1;2;2;2;;;1;NA;NA;NA;NA;2;2;1;0;1;1;2;2;2;0;0;2;1;0;1;NA;NA;NA;NA;NA;NA;NA;NA;NA;NA;NA;NA;;1;2;NA;NA;NA;NA;NA;;1;2;2;2;2;2;2;1;2;2;;2;Sans Objet;0;1;1;0;1;1;0;0;0;Sans Objet;2;1;60;1;Sans Objet;Sans Objet;1;Sans Objet;2;Sans Objet;2;Sans Objet;Sans Objet;CUS1;1;2;1;1;2;2;Sans Objet;CHB1;2;1;2;2;2;2;Sans Objet;15;330;30;340;3;1;3;1;3;3;1;1;3;3;3;4;3;1;4;3;4
LOG209;22472,55753;245;84;0;2021-mai;2021-mai;84;Auvergne-Rhône-Alpes;69;Rhône;2;3;1;6;1;1;2;2;1;NA;NA;2;8;2013;NA;NA;NA;NA;NA;NA;1;;1;6;Galerie d'art;3;NA;;3;NA;;1;1;;1;5;;2;2;2;3;2;NA;NA;NA;NA;NA;NA;NA;NA;NA;NA;NA;NA;;3;6;;NA;NA;NA;NA;NA;NA;NA;NA;1;NA;;1;1;2;2;2;2;2;2;2;;3;3;3;NA;1;NA;1;6;;1;3;2;NA;3;3;3;2;NA;NA;NA;NA;NA;;;1;NA;NA;NA;NA;2;2;1;0;1;1;2;2;2;0;0;2;1;0;2;NA;NA;NA;NA;NA;NA;NA;NA;NA;NA;NA;NA;;1;2;NA;NA;NA;NA;NA;;1;2;2;2;2;2;2;1;2;2;;2;Sans Objet;1;0;1;1;1;0;0;0;0;Sans Objet;1;3;55;3;Sans Objet;Sans Objet;1;Sans Objet;2;Sans Objet;2;Sans Objet;Sans Objet;SEJ1;2;1;1;1;2;2;Sans Objet;CHB1;2;1;2;2;2;2;Sans Objet;12;330;25;330;3;3;Sans Objet;Sans Objet;3;3;3;3;3;3;3;3;4;3;4;4;3
LOG210;21608,95113;242;84;0;2021-septembre;2021-septembre;84;Auvergne-Rhône-Alpes;69;Rhône;1;4;4;1;0;2;3;1;8;NA;NA;2;4;2013;2;2;2;1;2;2;2;;2;NA;;3;NA;;2;3;;3;NA;;3;NA;;4;NA;NA;NA;2;NA;NA;NA;NA;NA;NA;NA;NA;NA;NA;NA;NA;;3;6;;2;2;2;2;1;2;2;2;2;2;;1;2;2;1;2;2;2;2;2;;1;3;3;NA;3;NA;1;6;;1;3;1;3;3;1;3;1;2;1;2;2;2;;;2;2;2;1;2;2;2;2;0;2;1;2;2;2;0;0;2;1;0;2;0;0;0;3;1;2;2;2;2;2;2;2;;1;2;NA;NA;NA;NA;NA;;1;2;2;2;1;2;2;2;2;2;;2;Sans Objet;0;1;3;1;1;1;1;0;0;Sans Objet;2;2;90;8;Sans Objet;Sans Objet;3;Sans Objet;2;Sans Objet;2;Sans Objet;Sans Objet;CUS1;1;2;2;1;2;2;Sans Objet;CHB1;2;1;2;2;2;2;Sans Objet;10;239;36;239;3;1;3;1;3;3;3;1;3;3;3;3;3;1;3;3;4
LOG211;14496,38522;83;28;0;2022-février;2022-février;84;Auvergne-Rhône-Alpes;42;Loire;1;6;6;1;0;1;3;1;8;NA;NA;2;8;2021;2;1;2;2;2;2;2;;2;NA;;3;NA;;3;NA;;3;NA;;3;NA;;1;1;2;1;1;1;1;2;2;2;2;2;2;2;2;2;2;;2;7;;NA;NA;NA;NA;NA;NA;NA;NA;1;NA;;1;2;2;2;2;2;2;2;2;;3;3;3;NA;2;NA;1;7;Pompe à chaleur;1;3;1;4;1;1;1;1;2;1;2;2;2;;;2;2;2;1;2;2;2;5;2;3;1;2;2;2;0;0;2;2;0;1;NA;NA;NA;NA;NA;NA;NA;NA;NA;NA;NA;NA;;2;2;NA;NA;NA;NA;NA;;2;NA;NA;NA;NA;NA;NA;NA;NA;NA;;2;Sans Objet;1;0;5;1;2;2;1;0;2;entrée / garage;1;1;125;8;Sans Objet;Sans Objet;3;Sans Objet;2;Sans Objet;1;1;3;CUI1;2;2;2;1;2;2;Sans Objet;CHB1;2;1;2;2;2;2;Sans Objet;12;250;27;250;3;1;4;4;3;3;3;3;3;3;1;4;3;1;3;3;4
LOG212;76104,80282;226;84;0;2021-juillet;2021-juillet;84;Auvergne-Rhône-Alpes;26;Drôme;1;8;3;1;0;2;3;1;1;NA;NA;2;8;1978;NA;NA;NA;NA;NA;NA;1;;2;NA;;3;NA;;1;3;;3;NA;;3;NA;;1;1;2;2;2;NA;NA;NA;NA;NA;NA;NA;NA;NA;NA;NA;NA;;2;1;;2;2;2;2;1;2;2;2;2;2;;1;2;2;2;2;2;1;2;2;;1;3;3;NA;3;NA;1;1;;1;3;1;4;3;1;1;1;2;1;2;2;2;;;1;NA;NA;NA;NA;2;2;2;0;2;2;2;2;2;0;0;2;2;0;2;NA;NA;NA;NA;NA;NA;NA;NA;NA;NA;NA;NA;;2;2;NA;NA;NA;NA;NA;;1;1;2;2;2;2;2;2;2;2;;2;Sans Objet;1;0;5;2;1;1;1;0;0;Sans Objet;1;2;250;5;Sans Objet;Sans Objet;3;Sans Objet;1;1;2;Sans Objet;Sans Objet;SEJ1;2;2;2;1;2;2;Sans Objet;CHB1;2;1;2;2;2;2;Sans Objet;27;325;35;350;3;3;Sans Objet;Sans Objet;3;3;3;3;3;3;3;3;3;1;4;3;4
LOG213;9322,787596;238;84;0;2021-février;2021-février;84;Auvergne-Rhône-Alpes;63;Puy-de-Dôme;1;10;5;3;0;2;3;1;7;NA;NA;2;8;1995;2;2;2;1;2;2;2;;2;NA;;3;NA;;3;NA;;3;NA;;3;NA;;1;1;2;1;2;NA;NA;NA;NA;NA;NA;NA;NA;NA;NA;NA;NA;;2;3;;2;2;2;2;1;2;2;2;2;2;;1;2;2;2;2;2;2;2;2;;2;3;3;NA;1;NA;1;3;;1;3;1;4;1;1;1;2;NA;NA;NA;NA;NA;;;2;2;2;1;2;2;2;3;0;3;1;2;2;2;0;0;2;2;0;1;NA;NA;NA;NA;NA;NA;NA;NA;NA;NA;NA;NA;;1;2;NA;NA;NA;NA;NA;;1;1;2;2;2;2;2;2;2;2;;2;Sans Objet;1;0;4;3;3;2;1;0;3;garage attenant / bibliothèque / salle de couture.;1;2;250;8;Sans Objet;Sans Objet;5;Sans Objet;2;Sans Objet;1;1;3;SEJ1;2;2;1;1;2;2;Sans Objet;CHB1;2;1;2;2;2;2;Sans Objet;17;400;20;240;3;3;Sans Objet;Sans Objet;3;3;1;1;3;3;3;1;3;1;4;3;4
LOG214;19624,59859;238;84;0;2022-mars;2022-avril;84;Auvergne-Rhône-Alpes;63;Puy-de-Dôme;1;6;3;0;0;2;3;1;9;2;NA;2;NA;2008;2;2;2;1;2;2;2;;2;NA;;3;NA;;3;NA;;2;1;;3;NA;;1;1;2;2;1;2;1;2;2;2;1;2;2;2;2;2;2;;2;3;;NA;NA;NA;NA;NA;NA;NA;NA;1;NA;;1;2;2;2;2;2;2;2;2;;3;1;2;1;2;NA;1;3;;1;3;1;1;2;1;1;1;1;2;1;2;1;Poissons, escargot d'eau;;2;2;2;1;2;2;2;4;1;3;1;2;2;2;0;0;2;2;0;1;NA;NA;NA;NA;NA;NA;NA;NA;NA;NA;NA;NA;;1;1;2;2;1;2;2;;1;1;2;2;2;2;2;2;2;2;;2;Sans Objet;0;1;4;0;2;1;0;1;1;garage;2;2;150;8;Sans Objet;Sans Objet;3;Sans Objet;2;Sans Objet;1;1;3;CUS1;1;2;2;1;2;2;Sans Objet;CHB1;2;1;2;2;2;2;Sans Objet;12;250;50;250;3;3;Sans Objet;Sans Objet;3;3;3;3;3;3;3;4;3;3;3;3;4
LOG215;125181,8332;234;84;0;2021-mai;2021-mai;84;Auvergne-Rhône-Alpes;42;Loire;1;5;3;0;0;1;3;1;10;1;2002;2;8;2016;2;2;2;1;2;2;2;;2;NA;;1;5;Pollen;3;NA;;3;NA;;3;NA;;1;2;1;2;2;NA;NA;NA;NA;NA;NA;NA;NA;NA;NA;NA;NA;;3;6;;NA;NA;NA;NA;NA;NA;NA;NA;1;NA;;1;2;2;2;1;2;2;2;2;;3;3;3;NA;1;NA;1;6;;1;3;1;2;3;2;1;1;2;1;2;2;2;;;2;2;2;1;2;2;2;1;0;1;2;1;2;2;0;0;2;1;0;1;NA;NA;NA;NA;NA;NA;NA;NA;NA;NA;NA;NA;;2;2;NA;NA;NA;NA;NA;;2;NA;NA;NA;NA;NA;NA;NA;NA;NA;;2;Sans Objet;1;0;2;2;1;1;0;0;0;Sans Objet;1;1;92;8;Sans Objet;Sans Objet;5;Sans Objet;2;Sans Objet;1;1;3;SEJ1;2;2;2;1;2;2;Sans Objet;CHB1;2;1;2;2;2;2;Sans Objet;12;250;31;250;3;3;Sans Objet;Sans Objet;3;3;3;3;3;3;3;3;3;3;4;4;4
LOG216;82846,90333;225;84;0;2021-juillet;2021-juillet;84;Auvergne-Rhône-Alpes;73;Savoie;1;5;2;1;0;2;3;1;7;NA;NA;2;NA;1975;2;1;2;2;2;2;2;;2;NA;;3;NA;;3;NA;;3;NA;;3;NA;;2;1;2;1;1;2;1;2;2;2;2;2;2;2;2;2;2;;2;1;;NA;NA;NA;NA;NA;NA;NA;NA;1;NA;;1;2;2;2;2;2;2;2;2;;1;3;3;NA;1;NA;1;1;;1;3;1;4;3;1;1;2;NA;NA;NA;NA;NA;;;2;2;2;1;2;2;2;2;0;2;2;1;2;2;0;0;2;2;0;2;NA;NA;NA;NA;NA;NA;NA;NA;NA;NA;NA;NA;;1;2;NA;NA;NA;NA;NA;;2;NA;NA;NA;NA;NA;NA;NA;NA;NA;;2;Sans Objet;1;0;2;2;1;1;1;1;0;Sans Objet;1;2;110;4;Sans Objet;Sans Objet;5;Sans Objet;1;2;2;Sans Objet;Sans Objet;SEJ1;2;2;2;1;2;2;Sans Objet;CHB1;2;1;2;2;2;2;Sans Objet;14;250;25;250;3;3;Sans Objet;Sans Objet;3;3;3;3;3;1;3;3;3;1;4;4;4
LOG217;65710,46699;242;84;1;2021-janvier;2021-janvier;84;Auvergne-Rhône-Alpes;69;Rhône;2;5;3;14;13;2;1;2;6;NA;NA;1;NA;NA;NA;NA;NA;NA;NA;NA;1;;2;NA;;3;NA;;2;2;;2;1;;2;1;;4;NA;NA;NA;2;NA;NA;NA;NA;NA;NA;NA;NA;NA;NA;NA;NA;;1;9;;NA;NA;NA;NA;NA;NA;NA;NA;NA;NA;;2;2;1;2;2;2;2;2;2;;3;3;3;NA;1;NA;1;8;;1;3;1;3;3;3;1;2;NA;NA;NA;NA;NA;;;1;NA;NA;NA;NA;2;3;3;0;4;3;2;2;1;NA;NA;1;NA;NA;1;NA;NA;NA;NA;NA;NA;NA;NA;NA;NA;NA;NA;;2;2;NA;NA;NA;NA;NA;;2;NA;NA;NA;NA;NA;NA;NA;NA;NA;;2;Sans Objet;1;0;3;1;2;1;0;0;1;entrée;1;1;115;1;Sans Objet;Sans Objet;1;Sans Objet;1;2;2;Sans Objet;Sans Objet;SEJ1;2;2;2;1;2;2;Sans Objet;CHB1;2;1;2;2;2;2;Sans Objet;10;250;40;250;3;1;4;1;1;3;1;3;3;3;3;3;3;3;3;4;3
LOG218;167420,9543;233;84;0;2021-janvier;2021-janvier;84;Auvergne-Rhône-Alpes;42;Loire;2;3;2;4;4;1;2;2;3;NA;NA;2;1;2013;2;1;2;2;2;2;2;;2;NA;;1;5;Chauffage au bois;2;3;;1;1;;3;NA;;4;NA;NA;NA;1;2;1;2;2;2;2;2;2;2;2;2;2;;2;3;;NA;NA;NA;NA;NA;NA;NA;NA;1;NA;;1;2;2;2;2;2;2;2;2;;3;3;3;NA;2;NA;1;3;;1;3;1;1;3;1;1;2;NA;NA;NA;NA;NA;;;1;NA;NA;NA;NA;2;2;1;0;1;2;2;2;1;NA;NA;1;NA;NA;1;NA;NA;NA;NA;NA;NA;NA;NA;NA;NA;NA;NA;;2;2;NA;NA;NA;NA;NA;;2;NA;NA;NA;NA;NA;NA;NA;NA;NA;;2;Sans Objet;1;0;1;1;1;0;0;0;1;atelier en rdc (ate1);1;3;70;1;Sans Objet;Sans Objet;3;Sans Objet;1;2;2;Sans Objet;Sans Objet;SEJ1;2;2;1;1;2;2;Sans Objet;CHB1;2;1;2;2;2;2;Sans Objet;20;250;15;250;3;3;Sans Objet;Sans Objet;3;3;3;3;3;3;3;3;3;3;4;4;4
LOG219;42553,34543;224;84;0;2022-janvier;2022-janvier;76;Occitanie;31;Haute-Garonne;1;4;4;0;0;2;3;1;10;1;2001;2;9;2001;2;2;1;1;2;2;2;;2;NA;;3;NA;;2;1;;2;1;;2;1;;4;NA;NA;NA;2;NA;NA;NA;NA;NA;NA;NA;NA;NA;NA;NA;NA;;2;1;;NA;NA;NA;NA;NA;NA;NA;NA;1;NA;;2;2;1;2;2;2;2;2;2;;3;3;3;NA;3;NA;1;1;;2;NA;1;2;1;1;1;1;2;1;2;2;2;;;2;2;2;1;2;2;2;2;0;2;1;1;2;2;0;0;2;2;0;1;NA;NA;NA;NA;NA;NA;NA;NA;NA;NA;NA;NA;;2;2;NA;NA;NA;NA;NA;;2;NA;NA;NA;NA;NA;NA;NA;NA;NA;;2;Sans Objet;1;0;3;1;1;1;0;0;3;couloir / cave / garage;1;1;100;7;Sans Objet;1;3;Sans Objet;1;1;1;1;1;SEJ1;2;2;2;1;2;2;Sans Objet;CHB1;2;1;2;2;2;2;Sans Objet;12;300;32;300;3;3;Sans Objet;Sans Objet;3;3;3;3;3;3;3;4;3;3;3;3;4
LOG220;17348,96011;234;84;0;2022-février;2022-février;84;Auvergne-Rhône-Alpes;42;Loire;1;4;3;1;0;2;3;1;12;1;2016;2;6;2019;2;2;2;2;1;2;2;;2;NA;;2;5;Travaux;3;NA;;3;NA;;3;NA;;1;1;1;1;1;2;1;2;2;2;2;2;2;2;2;2;2;;2;8;Géothermie;NA;NA;NA;NA;NA;NA;NA;NA;1;NA;;2;2;1;2;2;2;2;2;2;;3;3;3;NA;2;NA;1;6;;1;3;1;1;1;1;1;1;2;1;2;2;2;;;1;NA;NA;NA;NA;4;4;4;2;3;1;2;2;2;0;0;2;2;0;1;NA;NA;NA;NA;NA;NA;NA;NA;NA;NA;NA;NA;;1;2;NA;NA;NA;NA;NA;;1;1;2;2;2;2;2;2;2;2;;2;Sans Objet;0;1;3;0;1;2;1;0;3;garage / 2 caves;2;1;130;6;Sans Objet;2;5;Sans Objet;1;2;1;2;1;CUS1;1;2;1;1;2;2;Sans Objet;CHB1;2;1;2;2;1;2;Sans Objet;20;250;45;260;3;1;2;1;1;3;3;3;3;3;3;4;3;1;4;3;4
LOG221;12214,75244;251;84;0;2021-octobre;2021-octobre;84;Auvergne-Rhône-Alpes;69;Rhône;1;5;2;1;0;2;3;1;3;NA;NA;1;NA;NA;2;2;2;2;1;1;2;Mâchefer;2;NA;;3;NA;;1;6;Cave;3;NA;;3;NA;;1;1;2;2;1;2;1;2;1;2;2;2;2;2;2;2;2;;2;1;;2;2;2;2;2;1;2;2;2;2;;1;2;2;2;2;2;2;2;2;;3;3;3;NA;2;NA;1;6;;1;2;2;NA;2;1;1;2;NA;NA;NA;NA;NA;;;1;NA;NA;NA;NA;4;2;3;1;3;1;2;2;2;0;0;2;2;0;1;NA;NA;NA;NA;NA;NA;NA;NA;NA;NA;NA;NA;;2;1;2;2;2;2;1;Circulation routière;1;2;2;2;2;2;2;1;2;2;;2;Sans Objet;1;0;2;2;1;0;0;0;2;cave / garage;1;2;110;6;Sans Objet;2;3;Sans Objet;1;2;1;2;1;SEJ1;2;2;1;1;2;2;Sans Objet;CHB1;2;1;2;2;2;2;Sans Objet;30;290;30;285;3;3;Sans Objet;Sans Objet;1;3;3;3;3;3;3;4;3;1;3;3;4
LOG222;3506,838406;250;84;0;2021-avril;2021-mai;84;Auvergne-Rhône-Alpes;69;Rhône;2;6;7;6;2;2;1;2;11;1;2006;2;12;2006;2;2;1;2;2;2;2;;2;NA;;3;NA;;3;NA;;3;NA;;3;NA;;4;NA;NA;NA;1;2;2;2;2;2;2;2;2;2;2;2;1;Réfection du plafond de la salle de bain suite à un dégât des eaux;1;7;;NA;NA;NA;NA;NA;NA;NA;NA;1;NA;;2;2;1;2;2;2;2;2;2;;3;3;3;NA;2;NA;1;6;;1;3;1;1;2;2;2;2;NA;NA;NA;NA;NA;;;1;NA;NA;NA;NA;2;2;3;0;3;2;2;2;2;0;0;2;2;0;1;NA;NA;NA;NA;NA;NA;NA;NA;NA;NA;NA;NA;;2;2;NA;NA;NA;NA;NA;;2;NA;NA;NA;NA;NA;NA;NA;NA;NA;;2;Sans Objet;1;0;4;2;3;2;1;0;2;couloir et entrée;1;1;206;1;Sans Objet;Sans Objet;1;Sans Objet;1;2;2;Sans Objet;Sans Objet;SEJ1;2;2;1;1;2;2;Sans Objet;CHB1;2;1;2;2;2;2;Sans Objet;23;256;53;256;3;1;4;4;1;3;3;1;3;3;3;3;3;1;4;4;4
LOG223;13571,92386;238;84;0;2021-mars;2021-mars;84;Auvergne-Rhône-Alpes;63;Puy-de-Dôme;1;7;5;1;0;2;3;1;8;NA;NA;2;6;1987;1;2;2;2;2;2;2;;2;NA;;3;NA;;3;NA;;2;1;;3;NA;;1;1;2;2;1;1;2;2;2;2;2;2;2;2;2;2;2;;2;3;;2;2;2;2;1;2;2;2;2;2;;1;2;2;2;2;2;2;2;2;;1;3;3;NA;3;NA;1;3;;1;3;1;4;1;2;1;2;NA;NA;NA;NA;NA;;;2;2;2;1;2;2;2;2;0;2;2;2;2;2;0;0;2;2;0;1;NA;NA;NA;NA;NA;NA;NA;NA;NA;NA;NA;NA;;2;2;NA;NA;NA;NA;NA;;2;NA;NA;NA;NA;NA;NA;NA;NA;NA;;2;Sans Objet;1;0;4;1;2;2;1;0;1;atelier;1;2;110;7;Sans Objet;1;3;Sans Objet;1;1;2;Sans Objet;Sans Objet;SEJ1;2;2;2;1;2;2;Sans Objet;CHB1;2;1;2;2;2;2;Sans Objet;12;250;30;317;3;3;Sans Objet;Sans Objet;3;3;3;1;1;3;3;3;3;1;4;4;4
LOG224;4142,075059;235;84;0;2021-mars;2021-mars;84;Auvergne-Rhône-Alpes;42;Loire;1;6;5;1;0;2;3;1;9;1;1999;2;7;1999;2;2;1;2;2;2;2;;2;NA;;3;NA;;3;NA;;3;NA;;3;NA;;1;1;2;2;2;NA;NA;NA;NA;NA;NA;NA;NA;NA;NA;NA;NA;;2;1;;NA;NA;NA;NA;NA;NA;NA;NA;1;NA;;1;2;1;2;2;2;2;2;2;;3;3;3;NA;1;NA;1;1;;1;3;1;4;1;1;1;2;NA;NA;NA;NA;NA;;;2;2;2;1;2;2;2;2;0;2;2;2;2;2;0;0;2;2;0;1;NA;NA;NA;NA;NA;NA;NA;NA;NA;NA;NA;NA;;2;2;NA;NA;NA;NA;NA;;1;1;2;2;2;2;2;2;2;2;;2;Sans Objet;1;0;4;1;2;2;0;0;1;chaufferie;1;2;125;8;Sans Objet;Sans Objet;3;Sans Objet;1;1;2;Sans Objet;Sans Objet;SEJ1;2;2;2;1;2;2;Sans Objet;CHB1;2;1;2;2;2;2;Sans Objet;14;250;34;250;3;3;Sans Objet;Sans Objet;3;3;3;1;3;3;3;3;3;3;4;4;4
LOG225;15897,7412;180;75;0;2021-mars;2021-mars;75;Nouvelle-Aquitaine;33;Gironde;1;6;3;0;0;2;2;1;5;NA;NA;1;NA;NA;2;1;1;1;2;2;2;;2;NA;;3;NA;;3;NA;;2;1;;3;NA;;3;1;2;1;1;1;1;2;1;1;2;2;1;2;1;1;1;Assainissements;2;3;;2;2;2;2;1;2;2;1;2;2;chauffage solaire;1;2;2;2;2;2;2;2;2;;2;3;3;NA;1;NA;1;7;Solaire;1;3;1;4;1;2;1;2;NA;NA;NA;NA;NA;;;2;2;2;1;2;2;2;2;0;2;2;2;2;2;0;0;2;2;0;1;NA;NA;NA;NA;NA;NA;NA;NA;NA;NA;NA;NA;;2;1;2;2;1;2;2;;1;2;1;2;2;2;2;2;2;2;;2;Sans Objet;2;1;3;1;1;1;1;1;0;Sans Objet;1;2;160;8;Sans Objet;Sans Objet;3;Sans Objet;2;Sans Objet;2;Sans Objet;Sans Objet;SEJ1;2;2;2;1;2;2;Sans Objet;CHB1;2;1;2;2;2;2;Sans Objet;15;240;15;240;3;3;Sans Objet;Sans Objet;3;3;3;3;3;3;3;3;3;3;3;3;3
LOG226;56257,87116;180;75;0;2021-mai;2021-mai;75;Nouvelle-Aquitaine;33;Gironde;1;5;4;0;0;2;2;1;10;1;2003;2;5;2003;2;2;2;2;1;2;2;;2;NA;;3;NA;;3;NA;;3;NA;;3;NA;;1;1;2;1;1;2;1;2;2;2;2;2;2;2;2;2;2;;3;6;;2;2;2;2;1;2;2;2;2;2;;2;1;2;2;2;2;2;2;2;;3;1;1;1;2;NA;1;6;;1;3;2;NA;1;1;3;1;1;2;2;2;2;;;2;2;2;1;2;2;2;3;1;3;1;1;2;2;0;0;2;2;0;1;NA;NA;NA;NA;NA;NA;NA;NA;NA;NA;NA;NA;;2;2;NA;NA;NA;NA;NA;;1;1;2;2;2;2;2;2;2;2;;2;Sans Objet;0;1;4;0;2;2;1;1;0;Sans Objet;2;2;220;8;Sans Objet;Sans Objet;3;Sans Objet;2;Sans Objet;2;Sans Objet;Sans Objet;CUS1;1;2;2;1;2;2;Sans Objet;CHB1;2;1;2;2;2;2;Sans Objet;14;220;56;220;3;3;Sans Objet;Sans Objet;3;3;3;3;3;3;3;3;3;1;3;3;4
LOG227;17202,23588;187;75;0;2021-septembre;2021-septembre;75;Nouvelle-Aquitaine;64;Pyrénées-Atlantiques;2;2;4;2;1;2;1;2;9;1;1998;2;3;1998;1;2;1;2;2;2;2;;2;NA;;3;NA;;3;NA;;3;NA;;3;NA;;4;NA;NA;NA;2;NA;NA;NA;NA;NA;NA;NA;NA;NA;NA;NA;NA;;3;6;;NA;NA;NA;NA;NA;NA;NA;NA;1;NA;;2;2;2;1;2;2;2;2;2;;3;3;3;NA;2;NA;1;6;;1;3;1;1;3;1;1;2;NA;NA;NA;NA;NA;;;1;NA;NA;NA;NA;2;4;2;0;4;2;2;2;2;0;0;2;1;0;2;NA;NA;NA;NA;NA;NA;NA;NA;NA;NA;NA;NA;;2;2;NA;NA;NA;NA;NA;;2;NA;NA;NA;NA;NA;NA;NA;NA;NA;;2;Sans Objet;1;1;1;0;1;1;0;0;0;Sans Objet;1;1;46;1;Sans Objet;Sans Objet;1;Sans Objet;2;Sans Objet;2;Sans Objet;Sans Objet;SEJ1;2;2;2;1;2;2;Sans Objet;CHB1;2;1;2;2;2;2;Sans Objet;10;250;20;250;3;3;Sans Objet;Sans Objet;3;3;3;1;3;3;3;3;3;3;3;4;4
LOG228;75287,32463;185;75;0;2022-avril;2022-avril;75;Nouvelle-Aquitaine;47;Lot-et-Garonne;1;2;2;0;0;3;2;1;9;2;NA;2;5;1992;2;1;2;2;2;2;2;;2;NA;;3;NA;;3;NA;;2;3;;2;3;;4;NA;NA;NA;2;NA;NA;NA;NA;NA;NA;NA;NA;NA;NA;NA;NA;;3;6;;NA;NA;NA;NA;NA;NA;NA;NA;1;NA;;1;2;2;2;2;2;2;2;2;;3;3;3;NA;1;NA;1;3;;2;NA;2;NA;1;1;1;2;NA;NA;NA;NA;NA;;;2;2;2;1;2;2;2;2;0;2;1;2;2;2;0;0;2;2;0;1;NA;NA;NA;NA;NA;NA;NA;NA;NA;NA;NA;NA;;2;1;2;2;1;2;2;;1;1;2;1;1;2;1;2;2;2;;2;Sans Objet;0;1;1;0;1;1;0;0;0;Sans Objet;2;3;50;8;Sans Objet;Sans Objet;5;Sans Objet;2;Sans Objet;2;Sans Objet;Sans Objet;CUS1;1;2;2;1;1;2;Sans Objet;CHB1;2;1;2;2;2;2;Sans Objet;9;243;28;244;3;3;Sans Objet;Sans Objet;3;3;3;3;3;3;3;4;3;3;3;3;4
LOG229;32782,75934;179;75;0;2021-avril;2021-avril;75;Nouvelle-Aquitaine;33;Gironde;2;4;3;5;5;2;1;2;12;1;2014;2;12;2014;2;1;2;2;2;2;2;;2;NA;;2;5;Pollen;3;NA;;2;1;;3;NA;;4;NA;NA;NA;1;2;1;2;2;2;2;2;2;2;2;2;2;;2;3;;NA;NA;NA;NA;NA;NA;NA;NA;1;NA;;1;2;2;2;2;2;2;2;2;;3;3;2;1;2;NA;1;3;;1;3;1;1;1;1;1;2;NA;NA;NA;NA;NA;;;1;NA;NA;NA;NA;2;2;2;0;2;1;2;2;2;0;0;2;2;0;1;NA;NA;NA;NA;NA;NA;NA;NA;NA;NA;NA;NA;;1;2;NA;NA;NA;NA;NA;;1;2;2;2;2;1;2;2;2;2;;2;Sans Objet;0;1;3;0;2;1;0;0;0;Sans Objet;2;1;87;1;Sans Objet;Sans Objet;3;Sans Objet;2;Sans Objet;2;Sans Objet;Sans Objet;CUS1;1;2;2;1;2;2;Sans Objet;CHB1;2;1;2;2;2;2;Sans Objet;11;250;35,5;250;3;3;Sans Objet;Sans Objet;3;1;1;3;3;3;3;3;3;3;4;3;4
LOG230;10355,04181;177;75;0;2021-août;2021-août;75;Nouvelle-Aquitaine;33;Gironde;1;7;3;0;0;2;2;1;7;NA;NA;2;8;2010;2;2;2;1;2;2;2;;2;NA;;3;NA;;2;4;;3;NA;;3;NA;;1;1;2;2;1;2;1;2;2;1;2;2;2;2;2;2;2;;3;6;;NA;NA;NA;NA;NA;NA;NA;NA;1;NA;;2;1;2;2;2;2;2;2;2;;3;3;3;NA;2;NA;1;6;;1;3;1;4;2;1;1;2;NA;NA;NA;NA;NA;;;2;2;2;1;2;2;2;4;2;3;1;2;2;2;0;0;2;1;0;2;NA;NA;NA;NA;NA;NA;NA;NA;NA;NA;NA;NA;;1;1;2;2;2;2;1;travaux voiries;1;2;2;2;1;2;2;2;2;2;;2;Sans Objet;0;1;4;0;2;2;1;0;0;Sans Objet;2;2;120;8;Sans Objet;Sans Objet;3;Sans Objet;2;Sans Objet;1;2;3;CUS1;1;2;2;1;2;2;Sans Objet;CHB1;2;1;2;2;2;2;Sans Objet;15;250;33;250;2;3;Sans Objet;Sans Objet;3;3;1;3;3;3;3;3;3;1;4;3;4
LOG231;16682,42337;181;75;0;2021-juin;2021-juin;75;Nouvelle-Aquitaine;33;Gironde;2;3;3;2;1;2;2;1;1;NA;NA;2;NA;2012;2;2;2;2;1;2;2;;2;NA;;3;NA;;3;NA;;1;1;;3;NA;;2;1;2;2;1;2;2;2;2;2;2;2;2;2;2;1;1;Installation d'une climatisation;3;6;;NA;NA;NA;NA;NA;NA;NA;NA;1;NA;;2;1;2;2;2;2;2;2;2;;3;3;2;1;2;NA;1;6;;1;3;2;NA;3;2;2;1;2;1;2;2;2;;;1;NA;NA;NA;NA;2;2;1;0;1;2;2;2;2;1;0;2;1;0;2;NA;NA;NA;NA;NA;NA;NA;NA;NA;NA;NA;NA;;1;1;2;2;2;2;1;Gare SNCF;2;NA;NA;NA;NA;NA;NA;NA;NA;NA;;2;Sans Objet;0;1;2;0;2;1;0;0;0;Sans Objet;2;2;80;4;Sans Objet;Sans Objet;5;Sans Objet;2;Sans Objet;1;2;1;CUS1;1;2;2;1;2;2;Sans Objet;CHB1;2;1;2;2;2;2;Sans Objet;9;240;45;300;3;3;Sans Objet;Sans Objet;3;3;3;3;3;3;3;3;3;1;4;4;4
LOG232;62206,45074;178;75;0;2021-mars;2021-avril;75;Nouvelle-Aquitaine;33;Gironde;2;3;2;1;0;1;2;1;12;1;2015;2;11;2015;2;2;2;1;2;2;2;;2;NA;;3;NA;;3;NA;;2;1;;3;NA;;4;NA;NA;NA;1;2;1;2;2;2;2;2;2;2;2;2;2;;2;3;;NA;NA;NA;NA;NA;NA;NA;NA;1;NA;;1;2;2;2;2;2;2;2;2;;3;3;3;NA;2;NA;1;3;;1;3;1;1;3;1;1;2;NA;NA;NA;NA;NA;;;2;2;2;1;2;2;2;3;0;4;4;2;2;2;0;0;2;1;0;1;NA;NA;NA;NA;NA;NA;NA;NA;NA;NA;NA;NA;;2;2;NA;NA;NA;NA;NA;;2;NA;NA;NA;NA;NA;NA;NA;NA;NA;;2;Sans Objet;0;1;2;0;1;1;0;0;0;Sans Objet;2;1;66;8;Sans Objet;Sans Objet;1;Sans Objet;2;Sans Objet;2;Sans Objet;Sans Objet;CUS1;1;2;2;1;2;2;Sans Objet;CHB1;2;1;2;2;2;2;Sans Objet;8,7;210;25;210;3;3;Sans Objet;Sans Objet;3;3;1;3;3;3;3;3;3;4;3;4;4
LOG233;8315,582559;181;75;0;2021-mai;2021-mai;75;Nouvelle-Aquitaine;33;Gironde;1;4;3;1;0;2;2;1;2;NA;NA;2;5;2012;2;2;2;2;1;2;2;;2;NA;;3;NA;;3;NA;;3;NA;;3;NA;;3;1;2;2;2;NA;NA;NA;NA;NA;NA;NA;NA;NA;NA;NA;NA;;2;3;;NA;NA;NA;NA;NA;NA;NA;NA;1;NA;;1;2;2;2;2;2;2;2;2;;3;3;1;1;1;NA;1;3;;1;3;1;1;3;1;1;1;2;1;2;2;2;;;2;2;2;1;2;2;2;4;2;3;1;2;2;2;0;0;2;2;0;2;NA;NA;NA;NA;NA;NA;NA;NA;NA;NA;NA;NA;;2;2;NA;NA;NA;NA;NA;;1;2;2;2;2;2;2;1;2;2;;2;Sans Objet;0;1;3;1;2;1;0;0;0;Sans Objet;2;2;120;6;Sans Objet;1;5;Sans Objet;1;1;2;Sans Objet;Sans Objet;CUS1;1;2;2;1;2;2;Sans Objet;CHB1;2;1;2;2;2;2;Sans Objet;20;250;50;350;3;1;2;1;3;3;3;1;3;3;3;3;3;1;4;3;4
LOG234;20764,26211;185;75;0;2021-avril;2021-avril;75;Nouvelle-Aquitaine;47;Lot-et-Garonne;1;5;3;0;0;2;2;1;12;1;2014;2;10;2014;2;2;2;1;2;2;2;;2;NA;;3;NA;;3;NA;;3;NA;;3;NA;;4;NA;NA;NA;2;NA;NA;NA;NA;NA;NA;NA;NA;NA;NA;NA;NA;;2;6;;NA;NA;NA;NA;NA;NA;NA;NA;1;NA;;2;2;2;2;1;2;2;2;2;;3;3;2;1;2;NA;1;6;;1;3;1;2;1;1;1;1;1;1;2;2;2;;;1;NA;NA;NA;NA;2;2;4;2;3;1;2;2;2;0;0;2;2;0;2;NA;NA;NA;NA;NA;NA;NA;NA;NA;NA;NA;NA;;2;1;2;2;1;2;2;;1;1;2;1;1;1;2;2;2;2;;2;Sans Objet;0;1;4;0;2;0;1;0;0;Sans Objet;2;1;123;5;Sans Objet;Sans Objet;3;Sans Objet;2;Sans Objet;2;Sans Objet;Sans Objet;CUS1;1;2;1;1;2;2;Sans Objet;CHB1;2;1;2;2;2;2;Sans Objet;20;248;47;248;3;1;4;1;3;3;3;1;3;1;1;3;3;1;4;4;4
LOG235;8215,283519;183;75;0;2021-octobre;2021-octobre;75;Nouvelle-Aquitaine;64;Pyrénées-Atlantiques;1;5;3;1;0;2;2;1;11;1;2011;2;1;2019;2;2;1;1;2;2;2;;2;NA;;3;NA;;2;6;Compostage (déchetterie à proximité);3;NA;;3;NA;;1;1;2;2;1;2;1;2;2;1;2;1;2;2;1;2;2;;2;3;;NA;NA;NA;NA;NA;NA;NA;NA;1;NA;;1;2;2;2;2;2;2;2;2;;3;3;3;NA;2;NA;1;3;;1;3;1;1;2;1;1;1;1;1;2;2;2;;;1;NA;NA;NA;NA;2;2;3;0;3;1;2;2;2;0;0;2;2;0;2;NA;NA;NA;NA;NA;NA;NA;NA;NA;NA;NA;NA;;2;1;2;2;2;1;2;;2;NA;NA;NA;NA;NA;NA;NA;NA;NA;;2;Sans Objet;0;1;4;0;2;1;0;0;0;Sans Objet;2;1;90;8;Sans Objet;Sans Objet;3;Sans Objet;2;Sans Objet;2;Sans Objet;Sans Objet;CUS1;1;2;2;1;2;2;Sans Objet;CHB1;2;1;2;2;2;2;Sans Objet;10;270;50;270;3;3;Sans Objet;Sans Objet;3;3;3;3;3;3;3;4;3;1;4;4;4
LOG236;10673,49199;184;75;0;2021-septembre;2021-septembre;75;Nouvelle-Aquitaine;47;Lot-et-Garonne;1;3;1;1;0;2;2;1;2;NA;NA;2;5;2012;2;1;2;2;1;2;2;;2;NA;;3;NA;;3;NA;;3;NA;;3;NA;;1;1;1;1;1;2;2;2;2;2;1;2;2;2;2;2;2;;2;3;;NA;NA;NA;NA;NA;NA;NA;NA;1;NA;;2;2;1;2;2;2;2;2;2;;3;3;3;NA;2;NA;1;3;;1;3;2;NA;2;1;1;2;NA;NA;NA;NA;NA;;;1;NA;NA;NA;NA;2;2;2;0;2;1;2;2;2;0;0;2;2;0;2;NA;NA;NA;NA;NA;NA;NA;NA;NA;NA;NA;NA;;2;2;NA;NA;NA;NA;NA;;2;NA;NA;NA;NA;NA;NA;NA;NA;NA;;2;Sans Objet;0;1;2;0;1;0;0;0;0;Sans Objet;2;1;90;8;Sans Objet;Sans Objet;3;Sans Objet;2;Sans Objet;2;Sans Objet;Sans Objet;CUS1;1;2;2;1;2;2;Sans Objet;CHB1;2;1;2;2;2;2;Sans Objet;15;250;50;250;3;3;Sans Objet;Sans Objet;3;3;3;3;3;3;3;4;3;3;3;3;3
LOG237;105826,4103;182;75;1;2021-mars;2021-mars;75;Nouvelle-Aquitaine;40;Landes;2;4;5;3;3;1;2;2;5;NA;NA;2;7;2015;NA;NA;NA;NA;NA;NA;1;;2;NA;;2;5;Pollen;2;6;Poubelles, cigarettes;1;7;Parc fréquenté;1;4;;5;NA;NA;NA;2;NA;NA;NA;NA;NA;NA;NA;NA;NA;NA;NA;NA;;1;3;;2;2;2;2;2;1;2;2;2;2;;1;2;2;2;2;2;2;2;2;;3;3;3;NA;1;NA;1;6;;1;3;1;3;1;1;1;2;NA;NA;NA;NA;NA;;;1;NA;NA;NA;NA;2;2;2;1;4;4;2;2;2;0;0;2;1;0;1;NA;NA;NA;NA;NA;NA;NA;NA;NA;NA;NA;NA;;1;2;NA;NA;NA;NA;NA;;2;NA;NA;NA;NA;NA;NA;NA;NA;NA;;2;Sans Objet;1;1;3;0;1;1;1;0;0;Sans Objet;1;3;72;1;Sans Objet;Sans Objet;4;Sans Objet;2;Sans Objet;2;Sans Objet;Sans Objet;SEJ1;2;2;2;1;2;2;Sans Objet;CHB1;2;1;2;2;2;2;Sans Objet;11;250;17;250;3;1;2;1;1;3;3;3;3;3;3;3;1;1;3;3;4
LOG238;45370,02569;187;75;0;2021-juillet;2021-juillet;75;Nouvelle-Aquitaine;64;Pyrénées-Atlantiques;2;5;5;7;1;2;1;2;6;NA;NA;2;8;2010;2;2;1;2;2;2;2;;2;NA;;3;NA;;2;6;EHPAD;2;1;;3;NA;;1;1;1;3;2;NA;NA;NA;NA;NA;NA;NA;NA;NA;NA;NA;NA;;2;3;;NA;NA;NA;NA;NA;NA;NA;NA;1;NA;;1;2;2;1;2;2;2;2;2;;3;3;3;NA;2;NA;1;3;;1;2;1;3;1;1;1;1;2;1;2;2;2;;;1;NA;NA;NA;NA;2;2;2;0;2;2;2;2;2;0;0;2;2;0;1;NA;NA;NA;NA;NA;NA;NA;NA;NA;NA;NA;NA;;2;2;NA;NA;NA;NA;NA;;1;2;2;2;2;2;2;1;2;2;;2;Sans Objet;1;1;3;1;2;1;1;0;0;Sans Objet;1;1;110;4;Sans Objet;Sans Objet;1;Sans Objet;1;2;2;Sans Objet;Sans Objet;SEJ1;2;2;2;1;2;2;Sans Objet;CHB1;2;1;2;2;2;2;Sans Objet;13,6;250;29;250;3;3;Sans Objet;Sans Objet;3;3;1;3;3;3;3;3;4;1;4;4;4
LOG239;102799,0728;178;75;0;2021-février;2021-février;75;Nouvelle-Aquitaine;33;Gironde;1;4;4;0;0;2;2;1;10;1;2001;2;6;2002;1;2;2;2;2;2;2;;2;NA;;3;NA;;2;2;;3;NA;;3;NA;;1;2;2;1;1;2;1;2;2;2;2;2;2;2;2;2;2;;2;3;;2;2;2;2;2;1;2;2;2;2;;2;2;1;2;2;2;2;2;2;;3;3;3;NA;1;NA;1;3;;1;3;1;4;1;1;1;1;2;2;2;1;2;;;2;2;2;1;2;2;2;3;1;3;1;2;2;2;0;0;2;2;0;1;NA;NA;NA;NA;NA;NA;NA;NA;NA;NA;NA;NA;;2;2;NA;NA;NA;NA;NA;;1;2;1;2;2;2;2;2;2;2;;2;Sans Objet;0;1;2;1;1;1;1;0;1;débarras;2;2;140;8;Sans Objet;Sans Objet;3;Sans Objet;2;Sans Objet;2;Sans Objet;Sans Objet;CUS1;1;2;2;1;2;2;Sans Objet;CHB1;2;1;2;2;2;2;Sans Objet;11,18;250;38;340;3;3;Sans Objet;Sans Objet;3;3;3;1;1;3;3;3;3;1;4;3;4
LOG240;54410,08131;184;75;0;2021-mai;2021-juin;75;Nouvelle-Aquitaine;47;Lot-et-Garonne;1;5;3;0;0;2;2;1;8;NA;NA;2;NA;1990;2;1;2;2;2;2;2;;2;NA;;3;NA;;3;NA;;3;NA;;3;NA;;3;1;2;1;2;NA;NA;NA;NA;NA;NA;NA;NA;NA;NA;NA;NA;;2;3;;2;2;2;2;1;2;2;2;2;2;;1;2;2;2;2;2;2;2;2;;1;2;2;1;2;NA;1;3;;1;3;1;4;1;1;1;1;1;2;2;2;2;;;2;2;2;1;2;2;2;2;0;2;1;1;2;2;0;0;2;2;0;2;NA;NA;NA;NA;NA;NA;NA;NA;NA;NA;NA;NA;;1;2;NA;NA;NA;NA;NA;;1;2;2;2;2;2;2;1;2;2;;2;Sans Objet;1;1;3;0;1;1;0;1;0;Sans Objet;1;2;102;8;Sans Objet;Sans Objet;3;Sans Objet;2;Sans Objet;1;1;1;SEJ1;2;2;2;1;2;2;Sans Objet;CHB1;2;1;2;2;2;2;Sans Objet;18;250;30;250;3;3;Sans Objet;Sans Objet;3;3;3;3;3;3;3;3;3;1;4;3;4
LOG241;27490,26422;185;75;0;2021-mars;2021-mars;75;Nouvelle-Aquitaine;47;Lot-et-Garonne;1;6;3;0;0;2;2;1;8;NA;NA;2;6;2001;2;1;2;2;2;2;2;;2;NA;;3;NA;;3;NA;;3;NA;;3;NA;;4;NA;NA;NA;1;2;1;2;2;2;2;2;2;2;2;2;2;;3;6;;2;2;2;2;1;2;2;2;2;2;;2;1;2;2;2;2;2;2;2;;3;1;1;1;1;NA;1;6;;1;3;1;4;1;1;1;2;NA;NA;NA;NA;NA;;;1;NA;NA;NA;NA;2;2;4;1;3;1;2;2;2;0;0;2;2;0;1;NA;NA;NA;NA;NA;NA;NA;NA;NA;NA;NA;NA;;2;1;2;2;1;2;2;;1;2;2;1;2;2;2;2;2;2;;2;Sans Objet;1;1;4;0;2;1;0;0;0;Sans Objet;2;1;110;8;Sans Objet;Sans Objet;3;Sans Objet;2;Sans Objet;1;2;3;CUS1;1;2;2;1;2;2;Sans Objet;CHB1;2;1;2;2;2;2;Sans Objet;11;266;40;260;3;3;Sans Objet;Sans Objet;3;3;3;1;3;3;3;3;3;3;3;3;4
LOG242;22106,02913;174;75;0;2022-février;2022-mars;75;Nouvelle-Aquitaine;33;Gironde;2;2;3;3;1;2;2;2;1;NA;NA;2;10;2021;2;2;2;2;1;2;2;;2;NA;;3;NA;;3;NA;;2;1;;3;NA;;5;NA;NA;NA;2;NA;NA;NA;NA;NA;NA;NA;NA;NA;NA;NA;NA;;3;6;;NA;NA;NA;NA;NA;NA;NA;NA;1;NA;;1;2;2;2;2;2;2;2;2;;3;3;3;NA;2;NA;1;6;;1;3;1;1;1;1;1;2;NA;NA;NA;NA;NA;;;1;NA;NA;NA;NA;2;2;2;0;2;1;2;2;2;0;0;2;2;0;1;NA;NA;NA;NA;NA;NA;NA;NA;NA;NA;NA;NA;;2;2;NA;NA;NA;NA;NA;;2;NA;NA;NA;NA;NA;NA;NA;NA;NA;;2;Sans Objet;1;1;1;0;1;1;0;0;0;Sans Objet;1;1;54;1;Sans Objet;Sans Objet;1;Sans Objet;1;2;2;Sans Objet;Sans Objet;SEJ1;2;2;2;1;2;2;Sans Objet;CHB1;2;1;2;2;2;2;Sans Objet;10;322;27;317;3;3;Sans Objet;Sans Objet;3;3;3;3;3;3;3;4;3;3;3;4;4
LOG243;12963,1061;184;75;0;2021-juillet;2021-juillet;75;Nouvelle-Aquitaine;64;Pyrénées-Atlantiques;2;4;5;1;0;3;2;1;9;2;NA;2;5;2020;2;2;2;1;2;2;2;;2;NA;;3;NA;;3;NA;;3;NA;;3;NA;;4;NA;NA;NA;1;2;1;2;2;2;2;2;1;2;2;2;2;;2;3;;NA;NA;NA;NA;NA;NA;NA;NA;1;NA;;1;2;2;2;2;2;2;2;2;;3;3;3;NA;3;NA;1;3;;1;3;1;4;2;1;1;2;NA;NA;NA;NA;NA;;;1;NA;NA;NA;NA;2;2;1;0;1;2;2;2;2;0;0;2;1;0;2;NA;NA;NA;NA;NA;NA;NA;NA;NA;NA;NA;NA;;2;2;NA;NA;NA;NA;NA;;2;NA;NA;NA;NA;NA;NA;NA;NA;NA;;2;Sans Objet;1;1;2;1;1;1;1;0;1;cave à l'extérieur du logement;1;1;88;8;Sans Objet;Sans Objet;1;Sans Objet;1;2;2;Sans Objet;Sans Objet;SEJ1;2;2;2;1;2;2;Sans Objet;CHB1;2;1;2;2;2;2;Sans Objet;10,24;249;26,43;250;3;3;Sans Objet;Sans Objet;3;3;3;3;3;3;3;3;3;1;4;4;4
LOG244;17705,23187;179;75;0;2021-janvier;2021-janvier;75;Nouvelle-Aquitaine;33;Gironde;1;3;3;0;0;2;2;1;6;NA;NA;2;4;2018;NA;NA;NA;NA;NA;NA;1;;2;NA;;3;NA;;3;NA;;2;2;;3;NA;;2;1;1;2;2;NA;NA;NA;NA;NA;NA;NA;NA;NA;NA;NA;NA;;2;3;;NA;NA;NA;NA;NA;NA;NA;NA;1;NA;;1;2;2;2;2;2;2;2;2;;3;3;3;NA;2;NA;1;3;;1;3;1;4;2;2;1;2;NA;NA;NA;NA;NA;;;2;2;2;1;2;2;2;2;0;2;1;2;2;2;0;0;2;2;0;1;NA;NA;NA;NA;NA;NA;NA;NA;NA;NA;NA;NA;;2;2;NA;NA;NA;NA;NA;;2;NA;NA;NA;NA;NA;NA;NA;NA;NA;;2;Sans Objet;0;1;2;0;1;1;1;0;0;Sans Objet;2;2;80;8;Sans Objet;Sans Objet;4;Sans Objet;2;Sans Objet;2;Sans Objet;Sans Objet;CUS1;1;2;2;1;2;2;Sans Objet;CHB1;2;1;2;2;2;2;Sans Objet;9,36;240;25;240;3;3;Sans Objet;Sans Objet;3;3;3;3;3;3;3;3;3;3;4;4;4
LOG245;44284,25086;65;24;0;2021-octobre;2021-octobre;75;Nouvelle-Aquitaine;64;Pyrénées-Atlantiques;1;5;5;1;0;2;2;1;5;NA;NA;2;NA;2008;NA;NA;NA;NA;NA;NA;1;;2;NA;;3;NA;;3;NA;;3;NA;;3;NA;;1;2;2;2;2;NA;NA;NA;NA;NA;NA;NA;NA;NA;NA;NA;NA;;3;5;;2;2;2;2;2;1;2;2;2;2;;2;1;2;2;2;2;1;2;2;;1;3;3;NA;2;NA;1;6;;1;3;1;4;3;1;1;1;1;2;2;2;2;;;1;NA;NA;NA;NA;2;2;4;2;3;1;2;2;2;0;0;2;2;0;2;NA;NA;NA;NA;NA;NA;NA;NA;NA;NA;NA;NA;;2;2;NA;NA;NA;NA;NA;;2;NA;NA;NA;NA;NA;NA;NA;NA;NA;;2;Sans Objet;0;1;4;0;2;2;1;0;0;Sans Objet;2;2;140;8;Sans Objet;Sans Objet;3;Sans Objet;2;Sans Objet;2;Sans Objet;Sans Objet;CUS1;1;2;2;1;2;2;Sans Objet;CHB1;2;1;2;2;2;2;Sans Objet;15;270;60;270;3;3;Sans Objet;Sans Objet;3;3;3;3;3;3;3;4;3;3;3;3;3
LOG246;5894,76975;180;75;0;2021-mai;2021-juin;75;Nouvelle-Aquitaine;33;Gironde;1;7;5;1;0;2;2;1;1;NA;NA;2;NA;2008;2;2;2;2;1;2;2;;2;NA;;3;NA;;3;NA;;3;NA;;3;NA;;3;1;2;2;1;2;1;2;2;2;2;2;2;2;2;2;2;;3;5;;2;2;2;2;2;1;2;2;2;2;;2;2;2;2;2;2;1;2;2;;1;3;2;1;1;NA;1;6;;1;3;1;1;3;1;1;1;1;1;2;1;1;Poissons;;2;2;2;1;2;2;2;3;0;3;1;2;2;2;0;0;2;2;0;2;NA;NA;NA;NA;NA;NA;NA;NA;NA;NA;NA;NA;;1;2;NA;NA;NA;NA;NA;;2;NA;NA;NA;NA;NA;NA;NA;NA;NA;;2;Sans Objet;0;1;5;1;2;2;0;1;0;Sans Objet;2;1;250;8;Sans Objet;Sans Objet;3;Sans Objet;2;Sans Objet;1;1;1;CUS1;1;2;2;1;2;2;Sans Objet;CHB1;2;1;2;2;2;2;Sans Objet;16;290;50;362;3;1;3;2;3;3;3;1;1;1;1;1;3;3;4;3;4
LOG247;3418,935279;179;75;0;2021-avril;2021-mai;75;Nouvelle-Aquitaine;33;Gironde;1;3;2;0;0;2;2;1;2;NA;NA;2;6;2015;2;2;2;2;1;2;2;;2;NA;;3;NA;;3;NA;;3;NA;;3;NA;;2;1;1;1;2;NA;NA;NA;NA;NA;NA;NA;NA;NA;NA;NA;NA;;2;3;;2;2;2;2;1;2;2;2;2;2;;1;2;2;2;2;2;2;2;2;;3;1;3;NA;2;NA;1;3;;1;3;1;1;2;1;3;2;NA;NA;NA;NA;NA;;;2;2;2;1;2;2;2;2;0;2;2;2;2;2;0;0;2;2;0;1;NA;NA;NA;NA;NA;NA;NA;NA;NA;NA;NA;NA;;2;2;NA;NA;NA;NA;NA;;2;NA;NA;NA;NA;NA;NA;NA;NA;NA;;2;Sans Objet;0;1;1;1;1;1;0;0;0;Sans Objet;2;2;110;6;Sans Objet;1;3;Sans Objet;1;1;2;Sans Objet;Sans Objet;CUS1;1;2;2;1;2;2;Sans Objet;CHB1;2;1;2;2;2;2;Sans Objet;20;270;40;270;3;3;Sans Objet;Sans Objet;3;3;3;1;3;3;3;3;3;3;3;4;3
LOG248;65408,53966;178;75;0;2021-mars;2021-mars;75;Nouvelle-Aquitaine;33;Gironde;1;9;4;1;0;2;2;1;8;NA;NA;2;8;2005;1;1;2;1;2;2;2;;2;NA;;1;1;;3;NA;;3;NA;;3;NA;;2;1;3;1;1;2;1;2;2;2;2;2;2;2;2;2;2;;3;6;;NA;NA;NA;NA;NA;NA;NA;NA;1;NA;;2;1;2;2;2;2;2;2;2;;3;3;3;NA;1;NA;1;6;;1;3;1;4;2;1;1;1;2;1;2;2;2;;;2;2;2;1;2;2;2;3;0;4;1;2;2;2;0;0;2;1;0;1;NA;NA;NA;NA;NA;NA;NA;NA;NA;NA;NA;NA;;1;1;2;2;1;2;2;;1;2;1;2;2;2;2;2;2;2;;2;Sans Objet;1;1;6;0;2;2;2;0;0;Sans Objet;1;2;180;8;Sans Objet;Sans Objet;3;Sans Objet;2;Sans Objet;2;Sans Objet;Sans Objet;SEJ1;2;2;2;1;2;2;Sans Objet;CHB1;2;1;2;2;2;2;Sans Objet;16;220;22;220;3;1;4;1;3;3;1;3;1;1;1;3;3;1;3;3;4
LOG249;67624,41096;177;75;1;2021-janvier;2021-janvier;75;Nouvelle-Aquitaine;33;Gironde;2;4;3;5;1;1;1;2;7;NA;NA;2;2;2012;2;2;1;2;2;2;2;;2;NA;;2;5;Jardinage, voisinage;2;1;;2;5;;3;NA;;3;1;2;2;2;NA;NA;NA;NA;NA;NA;NA;NA;NA;NA;NA;NA;;2;3;;NA;NA;NA;NA;NA;NA;NA;NA;1;NA;;1;2;2;2;2;2;2;2;2;;3;3;3;NA;1;NA;1;3;;1;3;1;3;3;3;1;2;NA;NA;NA;NA;NA;;;1;NA;NA;NA;NA;2;2;3;0;4;4;2;2;2;0;0;2;1;0;1;NA;NA;NA;NA;NA;NA;NA;NA;NA;NA;NA;NA;;2;2;NA;NA;NA;NA;NA;;2;NA;NA;NA;NA;NA;NA;NA;NA;NA;;2;Sans Objet;1;1;3;0;1;1;0;0;0;Sans Objet;1;3;87;1;Sans Objet;Sans Objet;1;Sans Objet;2;Sans Objet;2;Sans Objet;Sans Objet;SEJ1;2;2;2;1;2;2;Sans Objet;CHB1;2;1;2;2;2;2;Sans Objet;10;240;30;240;3;1;4;4;3;3;3;3;3;3;3;3;3;1;3;4;3
LOG250;66163,44231;249;84;0;2021-avril;2021-avril;75;Nouvelle-Aquitaine;33;Gironde;2;2;2;2;2;1;2;2;2;NA;NA;2;8;2018;2;2;2;2;1;2;2;;2;NA;;3;NA;;3;NA;;3;NA;;3;NA;;3;2;2;2;1;2;1;2;2;2;2;2;2;2;2;2;2;;2;3;;NA;NA;NA;NA;NA;NA;NA;NA;1;NA;;1;2;2;2;2;2;2;2;2;;3;3;3;NA;2;NA;1;3;;1;3;1;1;2;1;1;1;2;1;2;2;2;;;2;1;2;2;2;2;2;2;0;2;4;2;2;2;0;0;2;2;0;2;NA;NA;NA;NA;NA;NA;NA;NA;NA;NA;NA;NA;;1;2;NA;NA;NA;NA;NA;;2;NA;NA;NA;NA;NA;NA;NA;NA;NA;;2;Sans Objet;0;1;1;0;1;1;0;0;0;Sans Objet;2;3;62;1;Sans Objet;Sans Objet;5;Sans Objet;2;Sans Objet;2;Sans Objet;Sans Objet;CUS1;1;2;2;1;2;2;Sans Objet;CHB1;2;1;2;2;2;2;Sans Objet;15;285;38;280;3;1;4;2;1;3;3;1;3;3;3;3;4;3;4;3;4
LOG251;20014,19318;186;75;0;2021-juillet;2021-juillet;75;Nouvelle-Aquitaine;64;Pyrénées-Atlantiques;2;3;4;4;3;2;1;2;5;NA;NA;2;NA;2018;2;2;1;2;2;2;2;;2;NA;;1;1;;3;NA;;1;1;;2;5;;1;1;2;3;1;1;1;2;1;2;2;2;1;2;1;2;2;;2;3;;NA;NA;NA;NA;NA;NA;NA;NA;1;NA;;1;2;2;2;2;2;2;2;2;;3;3;3;NA;2;NA;1;3;;1;3;1;3;1;1;1;1;2;1;2;2;2;;;1;NA;NA;NA;NA;2;2;2;0;2;1;2;2;2;0;0;2;2;0;2;NA;NA;NA;NA;NA;NA;NA;NA;NA;NA;NA;NA;;1;2;NA;NA;NA;NA;NA;;1;2;2;2;2;2;2;1;2;2;;2;Sans Objet;1;1;2;0;1;1;1;0;0;Sans Objet;1;1;100;1;Sans Objet;Sans Objet;1;Sans Objet;1;2;2;Sans Objet;Sans Objet;SEJ1;2;2;2;1;2;2;Sans Objet;CHB1;2;1;2;2;2;2;Sans Objet;12;269;25,8;267;3;3;Sans Objet;Sans Objet;3;3;3;3;3;3;1;3;3;3;4;3;4
LOG252;65164,94538;182;75;1;2021-mars;2021-mars;75;Nouvelle-Aquitaine;40;Landes;1;4;4;1;0;1;2;1;9;2;NA;2;5;2010;NA;NA;NA;NA;NA;NA;1;;2;NA;;1;3;;2;1;;1;2;;2;2;;4;NA;NA;NA;2;NA;NA;NA;NA;NA;NA;NA;NA;NA;NA;NA;NA;;2;3;;NA;NA;NA;NA;NA;NA;NA;NA;1;NA;;1;2;2;2;2;2;2;2;2;;3;3;3;NA;1;NA;1;3;;1;3;1;1;1;1;1;2;NA;NA;NA;NA;NA;;;2;2;2;1;2;2;1;5;1;3;1;1;2;2;0;0;2;2;0;1;NA;NA;NA;NA;NA;NA;NA;NA;NA;NA;NA;NA;;2;2;NA;NA;NA;NA;NA;;1;2;2;2;2;2;2;1;2;2;;2;Sans Objet;1;1;3;0;1;1;1;0;0;Sans Objet;1;3;84,5;8;Sans Objet;Sans Objet;5;Sans Objet;2;Sans Objet;1;1;1;SEJ1;2;2;2;1;2;2;Sans Objet;CHB1;2;1;1;2;2;2;Sans Objet;10;249;20,92;251;3;1;3;1;3;3;1;3;3;3;3;3;3;1;4;4;4
LOG253;12418,88643;178;75;0;2021-février;2021-mars;75;Nouvelle-Aquitaine;33;Gironde;1;5;5;0;0;2;3;1;9;1;1994;2;10;1994;2;1;2;2;2;2;2;;2;NA;;3;NA;;2;5;;3;NA;;3;NA;;1;2;2;2;2;NA;NA;NA;NA;NA;NA;NA;NA;NA;NA;NA;NA;;2;3;;NA;NA;NA;NA;NA;NA;NA;NA;1;NA;;1;2;2;2;2;2;2;2;2;;3;3;3;NA;1;NA;1;3;;1;3;1;4;2;1;1;1;2;1;2;2;2;;;1;NA;NA;NA;NA;2;2;4;2;3;1;2;2;2;0;0;2;2;0;1;NA;NA;NA;NA;NA;NA;NA;NA;NA;NA;NA;NA;;1;2;NA;NA;NA;NA;NA;;2;NA;NA;NA;NA;NA;NA;NA;NA;NA;;2;Sans Objet;1;1;3;1;1;1;2;0;0;Sans Objet;1;1;114;8;Sans Objet;Sans Objet;3;Sans Objet;2;Sans Objet;2;Sans Objet;Sans Objet;SEJ1;2;2;2;1;2;2;Sans Objet;CHB1;2;1;2;2;2;2;Sans Objet;11;240;36;240;3;1;4;2;3;3;1;1;3;3;3;3;3;3;3;3;4
LOG254;49211,10642;187;75;0;2021-septembre;2021-septembre;75;Nouvelle-Aquitaine;64;Pyrénées-Atlantiques;2;3;2;2;0;1;1;1;12;1;2018;2;7;2018;NA;NA;NA;NA;NA;NA;1;;2;NA;;3;NA;;3;NA;;3;NA;;3;NA;;4;NA;NA;NA;2;NA;NA;NA;NA;NA;NA;NA;NA;NA;NA;NA;NA;;2;3;;NA;NA;NA;NA;NA;NA;NA;NA;1;NA;;1;2;2;2;2;2;2;2;2;;3;3;2;2;2;NA;1;3;;1;3;1;1;3;1;1;2;NA;NA;NA;NA;NA;;;1;NA;NA;NA;NA;2;2;1;0;1;3;2;2;2;0;0;2;1;0;2;NA;NA;NA;NA;NA;NA;NA;NA;NA;NA;NA;NA;;1;1;2;1;2;2;2;;2;NA;NA;NA;NA;NA;NA;NA;NA;NA;;2;Sans Objet;0;1;2;0;1;1;0;0;0;Sans Objet;2;1;65;8;Sans Objet;Sans Objet;1;Sans Objet;2;Sans Objet;2;Sans Objet;Sans Objet;CUS1;1;2;2;1;2;2;Sans Objet;CHB1;2;1;2;2;2;2;Sans Objet;12;250;28;250;3;3;Sans Objet;Sans Objet;3;3;3;3;3;3;3;4;3;1;3;3;3
LOG255;147413,041;186;75;0;2021-juillet;2021-juillet;75;Nouvelle-Aquitaine;64;Pyrénées-Atlantiques;2;3;2;2;2;1;2;2;12;1;2013;2;12;2019;2;1;2;2;2;2;2;;1;6;Banque;3;NA;;3;NA;;3;NA;;3;NA;;4;NA;NA;NA;2;NA;NA;NA;NA;NA;NA;NA;NA;NA;NA;NA;NA;;3;6;;NA;NA;NA;NA;NA;NA;NA;NA;1;NA;;2;1;2;2;2;2;2;2;2;;3;3;3;NA;2;NA;1;6;;1;3;1;1;2;1;1;1;2;1;2;2;2;;;1;NA;NA;NA;NA;2;2;2;0;2;1;2;2;2;0;0;2;2;0;2;NA;NA;NA;NA;NA;NA;NA;NA;NA;NA;NA;NA;;2;2;NA;NA;NA;NA;NA;;2;NA;NA;NA;NA;NA;NA;NA;NA;NA;;2;Sans Objet;0;1;2;0;1;1;0;0;0;Sans Objet;2;1;62;1;Sans Objet;Sans Objet;4;Sans Objet;2;Sans Objet;2;Sans Objet;Sans Objet;CUS1;1;2;2;1;2;2;Sans Objet;CHB1;2;1;2;2;2;2;Sans Objet;12;250;25;250;3;3;Sans Objet;Sans Objet;1;3;3;3;3;3;3;3;3;3;3;4;4
LOG256;20226,76532;183;75;0;2021-juin;2021-juin;75;Nouvelle-Aquitaine;40;Landes;1;6;4;1;0;2;2;1;4;NA;NA;2;5;2011;2;1;2;2;2;2;2;;2;NA;;3;NA;;2;3;;2;1;;3;NA;;2;1;1;1;2;NA;NA;NA;NA;NA;NA;NA;NA;NA;NA;NA;NA;;2;6;;NA;NA;NA;NA;NA;NA;NA;NA;1;NA;;2;2;1;2;2;2;2;2;2;;3;3;2;1;2;NA;1;6;;1;3;1;4;2;2;1;1;2;1;2;2;2;;;2;2;2;1;2;2;2;5;3;3;1;2;2;2;0;0;2;2;0;2;NA;NA;NA;NA;NA;NA;NA;NA;NA;NA;NA;NA;;2;1;2;2;1;2;1;stockage de remblai de terre de construction;1;1;2;1;2;1;2;2;1;2;Tournesol;2;Sans Objet;0;1;4;0;3;1;1;0;0;Sans Objet;2;2;160;8;Sans Objet;Sans Objet;3;Sans Objet;2;Sans Objet;2;Sans Objet;Sans Objet;CUS1;1;2;2;1;2;2;Sans Objet;CHB1;2;1;2;2;2;2;Sans Objet;15;250;64;250;3;3;Sans Objet;Sans Objet;3;3;3;3;1;3;3;3;3;3;3;4;4
LOG257;32359,53756;187;75;0;2021-septembre;2021-septembre;75;Nouvelle-Aquitaine;64;Pyrénées-Atlantiques;1;4;1;2;2;1;2;2;3;NA;NA;2;NA;2005;2;2;2;2;2;1;2;Torchis, gravat;2;NA;;3;NA;;3;NA;;2;1;;3;NA;;2;1;2;2;2;NA;NA;NA;NA;NA;NA;NA;NA;NA;NA;NA;NA;;2;3;;NA;NA;NA;NA;NA;NA;NA;NA;1;NA;;1;2;2;2;2;2;2;2;2;;3;3;3;NA;1;NA;1;3;;1;1;2;NA;1;1;1;2;NA;NA;NA;NA;NA;;;1;NA;NA;NA;NA;2;2;2;0;4;1;1;2;2;0;0;2;1;0;2;NA;NA;NA;NA;NA;NA;NA;NA;NA;NA;NA;NA;;1;2;NA;NA;NA;NA;NA;;1;2;2;2;2;2;2;1;2;2;;2;Sans Objet;1;0;2;1;1;0;0;0;0;Sans Objet;1;2;60;1;Sans Objet;Sans Objet;3;Sans Objet;2;Sans Objet;2;Sans Objet;Sans Objet;SEJ1;2;2;2;1;2;2;Sans Objet;CHB1;2;1;2;2;2;2;Sans Objet;10;270;12;270;3;3;Sans Objet;Sans Objet;3;3;1;1;3;3;3;3;3;3;4;4;4
LOG258;13047,97728;178;75;0;2021-mai;2021-mai;75;Nouvelle-Aquitaine;33;Gironde;1;5;2;0;0;2;2;1;7;NA;NA;2;12;2015;2;2;2;1;2;2;2;;2;NA;;3;NA;;3;NA;;3;NA;;3;NA;;3;2;2;2;1;2;2;2;2;2;2;2;2;2;2;2;1;Changement de panneaux électriques avec montage de cloison;2;3;;NA;NA;NA;NA;NA;NA;NA;NA;1;NA;;1;2;2;2;2;2;2;2;2;;2;3;3;NA;1;NA;1;3;;1;3;1;4;1;1;1;1;1;2;2;2;1;Poissons;;2;2;2;1;2;2;2;2;0;2;1;1;2;2;0;0;2;2;0;1;NA;NA;NA;NA;NA;NA;NA;NA;NA;NA;NA;NA;;2;2;NA;NA;NA;NA;NA;;2;NA;NA;NA;NA;NA;NA;NA;NA;NA;;2;Sans Objet;0;1;3;0;1;1;0;1;0;Sans Objet;2;2;132;5;Sans Objet;Sans Objet;3;Sans Objet;2;Sans Objet;1;1;1;CUS1;1;2;2;1;2;2;Sans Objet;CHB1;2;1;2;2;2;2;Sans Objet;10;250;28;250;3;3;Sans Objet;Sans Objet;3;3;3;3;3;3;3;4;3;1;4;4;4
LOG259;198704,8003;211;76;0;2021-mai;2021-mai;76;Occitanie;34;Hérault;1;4;4;2;0;1;3;1;1;NA;NA;2;1;2016;2;2;2;2;1;2;2;;2;NA;;1;4;;3;NA;;3;NA;;3;NA;;3;1;3;4;2;NA;NA;NA;NA;NA;NA;NA;NA;NA;NA;NA;NA;;3;6;;2;2;2;2;1;2;2;2;2;2;;2;1;2;2;2;2;2;2;2;;1;3;2;2;1;NA;1;6;;1;1;2;NA;1;1;1;1;2;1;2;2;2;;;1;NA;NA;NA;NA;2;2;3;1;4;1;2;2;2;0;0;2;1;0;2;NA;NA;NA;NA;NA;NA;NA;NA;NA;NA;NA;NA;;2;2;NA;NA;NA;NA;NA;;2;NA;NA;NA;NA;NA;NA;NA;NA;NA;;2;Sans Objet;0;1;2;0;1;1;1;0;2;grenier / cave ;2;2;75;8;Sans Objet;Sans Objet;5;Sans Objet;2;Sans Objet;2;Sans Objet;Sans Objet;CUS1;1;2;2;1;2;2;Sans Objet;CHB1;2;1;2;2;2;2;Sans Objet;13;250;21;250;3;1;4;1;3;1;3;1;1;3;1;3;3;3;3;3;4
LOG260;15638,86601;202;76;1;2022-septembre;2022-septembre;76;Occitanie;30;Gard;2;4;4;2;2;2;2;2;3;NA;NA;2;NA;2015;2;2;2;2;1;2;2;;1;6;Actualité numérique;3;NA;;3;NA;;1;5;;1;5;;1;1;2;2;1;2;1;2;2;2;2;2;2;2;2;2;2;;2;6;;NA;NA;NA;NA;NA;NA;NA;NA;1;NA;;2;1;2;2;2;2;2;2;2;;1;3;2;1;1;NA;1;6;;1;1;3;NA;2;1;1;2;NA;NA;NA;NA;NA;;;1;NA;NA;NA;NA;2;2;3;1;3;1;2;2;2;0;0;2;2;0;2;NA;NA;NA;NA;NA;NA;NA;NA;NA;NA;NA;NA;;2;2;NA;NA;NA;NA;NA;;2;NA;NA;NA;NA;NA;NA;NA;NA;NA;;2;Sans Objet;0;1;3;0;2;0;0;0;2;débarras, entrée ;2;2;113;1;Sans Objet;Sans Objet;5;Sans Objet;1;2;2;Sans Objet;Sans Objet;CUS1;1;2;2;1;2;2;Sans Objet;CHB1;2;1;2;2;2;2;Sans Objet;14;250;60;220;3;3;Sans Objet;Sans Objet;3;3;3;3;3;3;1;3;3;3;3;3;4
LOG261;217713,5619;211;76;0;2021-janvier;2021-février;76;Occitanie;34;Hérault;1;5;5;1;0;2;2;1;6;NA;NA;2;5;1972;2;2;1;2;2;2;2;;2;NA;;2;4;;3;NA;;3;NA;;3;NA;;1;2;2;1;2;NA;NA;NA;NA;NA;NA;NA;NA;NA;NA;NA;NA;;2;3;;NA;NA;NA;NA;NA;NA;NA;NA;1;NA;;1;2;2;2;2;2;2;2;2;;2;3;3;NA;1;NA;1;6;;2;NA;1;4;3;1;1;1;1;2;2;2;2;;;1;NA;NA;NA;NA;2;2;1;0;1;2;2;2;2;0;0;2;1;0;1;NA;NA;NA;NA;NA;NA;NA;NA;NA;NA;NA;NA;;2;2;NA;NA;NA;NA;NA;;2;NA;NA;NA;NA;NA;NA;NA;NA;NA;;2;Sans Objet;1;1;3;0;1;1;0;0;2;couloir / garage;1;1;100;5;Sans Objet;Sans Objet;3;Sans Objet;2;Sans Objet;1;1;3;SEJ1;2;2;2;1;2;2;Sans Objet;CHB1;2;1;2;2;2;2;Sans Objet;12;250;30;250;3;3;Sans Objet;Sans Objet;3;3;3;3;3;3;3;3;3;3;3;3;4
LOG262;4432,871203;212;76;0;2020-novembre;2020-novembre;76;Occitanie;34;Hérault;1;3;3;2;0;2;2;1;1;NA;NA;2;4;2019;2;2;2;2;1;2;2;;2;NA;;2;5;Travaux;3;NA;;2;7;Eglise;2;7;Eglise;1;1;2;2;2;NA;NA;NA;NA;NA;NA;NA;NA;NA;NA;NA;NA;;3;6;;NA;NA;NA;NA;NA;NA;NA;NA;1;NA;;1;2;2;2;2;2;2;2;2;;3;3;3;NA;1;NA;1;6;;1;3;2;NA;2;1;3;1;2;1;2;2;2;;;2;2;2;1;2;2;3;5;3;3;1;2;2;1;NA;NA;2;2;0;1;NA;NA;NA;NA;NA;NA;NA;NA;NA;NA;NA;NA;;2;2;NA;NA;NA;NA;NA;;1;2;1;2;2;2;2;2;2;2;;2;Sans Objet;0;1;2;0;1;1;0;0;0;Sans Objet;2;3;60;6;Sans Objet;1;3;Sans Objet;1;1;2;Sans Objet;Sans Objet;CUS1;1;2;1;1;2;2;Sans Objet;CHB1;2;1;2;2;2;2;Sans Objet;11,78;220;28;280;3;1;3;2;3;3;1;3;1;3;3;3;4;1;4;4;4
LOG263;464426,9004;202;76;0;2021-mars;2021-mars;76;Occitanie;30;Gard;2;5;3;5;0;1;2;2;4;NA;NA;2;6;2018;2;1;2;2;2;2;2;;2;NA;;3;NA;;3;NA;;3;NA;;3;NA;;5;NA;NA;NA;1;2;2;2;2;2;2;2;2;2;2;2;1;En cours de réhabilitation/travaux;2;3;;NA;NA;NA;NA;NA;NA;NA;NA;1;NA;;1;2;2;2;2;2;2;2;2;;3;3;2;2;1;NA;1;3;;1;3;1;1;2;1;1;1;1;1;2;2;2;;;1;NA;NA;NA;NA;2;2;3;0;5;4;2;2;2;0;0;2;1;0;1;NA;NA;NA;NA;NA;NA;NA;NA;NA;NA;NA;NA;;2;2;NA;NA;NA;NA;NA;;2;NA;NA;NA;NA;NA;NA;NA;NA;NA;;2;Sans Objet;1;1;3;0;1;1;0;0;0;Sans Objet;1;3;65;6;Sans Objet;1;1;Sans Objet;1;2;2;Sans Objet;Sans Objet;SEJ1;2;2;2;1;2;2;Sans Objet;CHB1;2;1;1;2;2;2;Sans Objet;13;250;15;250;3;3;Sans Objet;Sans Objet;3;3;3;3;3;3;3;3;3;1;4;3;4
LOG264;137620,461;198;76;0;2021-octobre;2021-octobre;76;Occitanie;12;Aveyron;1;4;3;1;0;2;2;2;10;2;NA;1;NA;NA;2;2;2;2;1;2;2;;2;NA;;3;NA;;1;3;;3;NA;;3;NA;;1;2;1;1;2;NA;NA;NA;NA;NA;NA;NA;NA;NA;NA;NA;NA;;2;1;;NA;NA;NA;NA;NA;NA;NA;NA;1;NA;;1;2;2;2;2;2;2;2;2;;1;3;3;NA;2;NA;1;1;;1;3;1;1;1;1;1;2;NA;NA;NA;NA;NA;;;1;NA;NA;NA;NA;2;2;1;0;1;1;2;2;2;0;0;2;1;0;1;NA;NA;NA;NA;NA;NA;NA;NA;NA;NA;NA;NA;;2;2;NA;NA;NA;NA;NA;;2;NA;NA;NA;NA;NA;NA;NA;NA;NA;;2;Sans Objet;0;1;2;0;1;1;0;0;0;Sans Objet;2;2;100;8;Sans Objet;Sans Objet;4;Sans Objet;1;2;2;Sans Objet;Sans Objet;CUS1;1;2;1;1;2;2;Sans Objet;CHB1;2;1;2;2;2;2;Sans Objet;20;250;40;250;3;3;Sans Objet;Sans Objet;3;3;3;3;3;3;3;3;3;3;4;4;4
LOG265;26615,53406;198;76;0;2021-avril;2021-avril;76;Occitanie;12;Aveyron;1;5;2;0;0;2;3;1;12;1;2013;2;11;2013;2;1;2;2;2;2;2;;2;NA;;3;NA;;3;NA;;3;NA;;3;NA;;4;NA;NA;NA;2;NA;NA;NA;NA;NA;NA;NA;NA;NA;NA;NA;NA;;2;3;;2;2;2;2;2;1;2;2;2;2;;1;2;2;2;2;2;2;2;2;;3;1;3;NA;2;NA;1;6;;1;3;1;2;1;1;1;2;NA;NA;NA;NA;NA;;;2;2;2;1;2;2;2;4;2;3;1;2;2;2;0;0;2;2;0;1;NA;NA;NA;NA;NA;NA;NA;NA;NA;NA;NA;NA;;1;2;NA;NA;NA;NA;NA;;2;NA;NA;NA;NA;NA;NA;NA;NA;NA;;2;Sans Objet;0;1;3;1;1;1;0;0;1;garage;2;2;135;4;Sans Objet;Sans Objet;3;Sans Objet;2;Sans Objet;1;1;1;CUS1;1;2;2;1;2;2;Sans Objet;CHB1;2;1;2;2;2;2;Sans Objet;13;250;56;250;3;1;4;4;3;3;3;3;3;3;3;3;3;1;3;4;4
LOG266;15148,03226;215;76;0;2021-avril;2021-avril;76;Occitanie;48;Lozère;1;7;3;1;0;2;3;1;7;NA;NA;2;7;2013;2;2;2;1;2;2;2;;2;NA;;4;NA;;4;NA;;3;NA;;3;NA;;1;2;2;2;1;2;2;2;2;1;2;2;2;2;2;2;2;;2;1;;2;2;2;2;1;2;2;2;2;2;;1;2;2;2;2;2;2;2;2;;1;3;3;NA;1;NA;1;6;;1;3;2;NA;2;1;3;1;2;2;2;1;2;;;2;2;2;1;2;2;2;2;0;2;1;2;2;2;0;0;2;2;0;1;NA;NA;NA;NA;NA;NA;NA;NA;NA;NA;NA;NA;;2;2;NA;NA;NA;NA;NA;;2;NA;NA;NA;NA;NA;NA;NA;NA;NA;;2;Sans Objet;0;1;3;3;2;1;0;0;2;couloir / garage ;2;2;180;6;Sans Objet;2;3;Sans Objet;1;1;1;1;3;CUS1;1;2;2;1;2;2;Sans Objet;CHB1;2;1;2;2;2;2;Sans Objet;15;250;30;250;3;3;Sans Objet;Sans Objet;3;3;3;1;3;1;1;3;4;3;4;3;4
LOG267;26032,56793;233;84;0;2021-mars;2021-mars;76;Occitanie;34;Hérault;1;4;1;0;0;2;3;1;5;NA;NA;2;10;2020;2;1;2;2;2;2;2;;2;NA;;3;NA;;3;NA;;3;NA;;3;NA;;5;NA;NA;NA;2;NA;NA;NA;NA;NA;NA;NA;NA;NA;NA;NA;NA;;2;3;;NA;NA;NA;NA;NA;NA;NA;NA;1;NA;;1;2;2;2;2;2;2;2;2;;3;3;2;1;2;NA;1;3;;1;3;1;4;3;1;1;2;NA;NA;NA;NA;NA;;;2;2;2;1;2;2;2;1;0;1;1;2;2;2;0;0;2;1;0;1;NA;NA;NA;NA;NA;NA;NA;NA;NA;NA;NA;NA;;2;2;NA;NA;NA;NA;NA;;2;NA;NA;NA;NA;NA;NA;NA;NA;NA;;2;Sans Objet;1;1;2;0;1;0;0;0;0;Sans Objet;1;2;73;5;Sans Objet;Sans Objet;3;Sans Objet;2;Sans Objet;1;1;1;SEJ1;2;2;2;1;2;2;Sans Objet;CHB1;2;1;2;2;2;2;Sans Objet;11;250;25;250;3;3;Sans Objet;Sans Objet;3;3;3;3;3;3;3;3;3;1;4;4;4
LOG268;16311,74715;209;76;0;2021-février;2021-février;76;Occitanie;34;Hérault;1;4;4;0;0;3;2;1;11;2;NA;2;NA;2012;2;1;2;2;2;2;2;;2;NA;;1;1;;3;NA;;3;NA;;3;NA;;4;NA;NA;NA;2;NA;NA;NA;NA;NA;NA;NA;NA;NA;NA;NA;NA;;3;6;;NA;NA;NA;NA;NA;NA;NA;NA;1;NA;;2;2;2;2;2;2;2;2;1;Clim, radiateur à inertie;3;3;1;1;2;NA;1;6;;1;3;2;NA;1;1;1;1;1;2;2;2;2;;;1;NA;NA;NA;NA;2;2;3;1;3;1;2;2;2;0;0;2;2;0;1;NA;NA;NA;NA;NA;NA;NA;NA;NA;NA;NA;NA;;2;1;2;2;1;2;2;;1;2;1;2;2;2;2;2;2;2;;2;Sans Objet;0;1;3;0;1;1;1;0;0;Sans Objet;2;2;190;8;Sans Objet;Sans Objet;4;Sans Objet;2;Sans Objet;1;1;2;CUS1;1;2;2;1;2;2;Sans Objet;CHB1;2;1;2;2;2;2;Sans Objet;15;250;30;250;3;1;4;1;1;3;3;3;3;3;3;3;3;3;4;3;4
LOG269;49267,19459;212;76;0;2021-mars;2021-avril;76;Occitanie;34;Hérault;1;5;2;1;0;2;3;1;9;1;1995;2;8;2019;2;1;2;2;2;2;2;;2;NA;;3;NA;;2;3;;2;1;;3;NA;;1;2;2;2;2;NA;NA;NA;NA;NA;NA;NA;NA;NA;NA;NA;NA;;2;6;;NA;NA;NA;NA;NA;NA;NA;NA;1;NA;;1;2;1;2;2;2;2;2;2;;2;3;3;NA;2;NA;1;6;;1;3;1;4;2;2;1;2;NA;NA;NA;NA;NA;;;2;2;2;1;2;2;2;3;1;3;1;1;2;2;0;0;2;2;0;1;NA;NA;NA;NA;NA;NA;NA;NA;NA;NA;NA;NA;;2;2;NA;NA;NA;NA;NA;;1;2;1;2;2;2;2;2;2;2;;2;Sans Objet;1;1;2;1;1;1;0;0;0;Sans Objet;1;2;120;5;Sans Objet;Sans Objet;5;Sans Objet;2;Sans Objet;1;1;3;SEJ1;2;2;2;1;2;2;Sans Objet;CHB1;2;1;2;2;2;2;Sans Objet;30;350;20;350;3;3;Sans Objet;Sans Objet;3;1;3;1;1;3;3;3;1;4;4;3;3
LOG270;28242,17148;213;76;0;2022-septembre;2022-septembre;76;Occitanie;34;Hérault;1;6;4;2;0;2;2;1;8;NA;NA;2;NA;1985;2;2;2;1;2;2;2;;2;NA;;3;NA;;3;NA;;3;NA;;3;NA;;2;1;2;1;2;NA;NA;NA;NA;NA;NA;NA;NA;NA;NA;NA;NA;;2;3;;2;2;2;2;1;2;2;2;2;2;;1;2;2;2;2;2;2;2;2;;1;3;3;NA;2;NA;1;3;;1;2;1;4;3;1;1;2;NA;NA;NA;NA;NA;;;1;NA;NA;NA;NA;2;2;2;0;2;2;2;2;2;0;0;2;2;0;2;NA;NA;NA;NA;NA;NA;NA;NA;NA;NA;NA;NA;;2;2;NA;NA;NA;NA;NA;;2;NA;NA;NA;NA;NA;NA;NA;NA;NA;;2;Sans Objet;0;1;5;0;2;1;0;0;1;garage ;2;1;140;5;Sans Objet;Sans Objet;3;Sans Objet;2;Sans Objet;1;1;3;CUS1;1;2;1;1;2;2;Sans Objet;CHB1;2;1;2;2;2;2;Sans Objet;30;250;13;250;3;3;Sans Objet;Sans Objet;3;3;3;3;3;3;3;3;3;1;3;3;4
LOG271;37603,41537;212;76;0;2021-mars;2021-avril;76;Occitanie;34;Hérault;1;6;3;2;1;2;3;1;9;2;NA;2;NA;2002;2;2;2;1;2;2;2;;2;NA;;3;NA;;3;NA;;3;NA;;3;NA;;1;1;2;1;2;NA;NA;NA;NA;NA;NA;NA;NA;NA;NA;NA;NA;;3;6;;NA;NA;NA;NA;NA;NA;NA;NA;1;NA;;2;2;2;2;2;2;2;2;1;Climatisation réversible;1;3;1;1;2;NA;1;6;;1;3;1;2;3;1;1;2;NA;NA;NA;NA;NA;;;1;NA;NA;NA;NA;2;2;2;0;2;2;2;2;2;0;0;2;2;2;1;NA;NA;NA;NA;NA;NA;NA;NA;NA;NA;NA;NA;;2;2;NA;NA;NA;NA;NA;;2;NA;NA;NA;NA;NA;NA;NA;NA;NA;;2;Sans Objet;1;1;3;1;2;1;1;0;1;garage ;1;2;130;5;Sans Objet;Sans Objet;3;Sans Objet;2;Sans Objet;1;1;3;SEJ1;2;2;2;1;2;2;Sans Objet;CHB1;2;1;2;2;2;2;Sans Objet;12;250;40;250;3;3;Sans Objet;Sans Objet;3;3;1;3;3;3;3;3;3;1;4;4;4
LOG272;9759,465065;213;76;0;2021-septembre;2021-septembre;76;Occitanie;34;Hérault;1;4;4;1;1;2;2;1;4;NA;NA;2;NA;1960;2;2;1;1;2;2;2;;2;NA;;3;NA;;3;NA;;3;NA;;3;NA;;3;1;2;1;2;NA;NA;NA;NA;NA;NA;NA;NA;NA;NA;NA;NA;;2;3;;NA;NA;NA;NA;NA;NA;NA;NA;1;NA;;1;2;2;2;2;2;2;2;2;;1;3;1;1;2;NA;1;3;;1;3;1;4;3;1;1;2;NA;NA;NA;NA;NA;;;1;NA;NA;NA;NA;2;2;2;0;2;2;2;2;2;0;0;2;2;0;2;NA;NA;NA;NA;NA;NA;NA;NA;NA;NA;NA;NA;;2;2;NA;NA;NA;NA;NA;;2;NA;NA;NA;NA;NA;NA;NA;NA;NA;;2;Sans Objet;1;1;2;0;2;2;0;0;0;Sans Objet;1;2;120;5;Sans Objet;Sans Objet;5;Sans Objet;2;Sans Objet;2;Sans Objet;Sans Objet;SEJ1;2;2;1;1;2;2;Sans Objet;CHB1;2;1;1;2;2;2;Sans Objet;15;250;48;250;3;3;Sans Objet;Sans Objet;3;3;3;3;3;3;3;4;3;3;3;4;4
LOG273;66621,22164;213;76;0;2021-janvier;2021-janvier;76;Occitanie;34;Hérault;2;4;3;4;3;2;2;2;4;NA;NA;2;4;2011;2;2;1;2;2;2;2;;2;NA;;3;NA;;1;1;;1;1;;1;1;;5;NA;NA;NA;2;NA;NA;NA;NA;NA;NA;NA;NA;NA;NA;NA;NA;;2;3;;NA;NA;NA;NA;NA;NA;NA;NA;1;NA;;1;2;2;2;2;2;2;2;2;;3;3;2;1;1;NA;1;6;;1;3;1;4;1;1;1;2;NA;NA;NA;NA;NA;;;1;NA;NA;NA;NA;2;2;1;0;1;1;2;2;2;0;0;2;0;1;1;NA;NA;NA;NA;NA;NA;NA;NA;NA;NA;NA;NA;;2;2;NA;NA;NA;NA;NA;;2;NA;NA;NA;NA;NA;NA;NA;NA;NA;;2;Sans Objet;1;1;2;0;1;0;0;1;1;couloir ;1;1;68;1;Sans Objet;Sans Objet;1;Sans Objet;2;Sans Objet;2;Sans Objet;Sans Objet;SEJ1;2;2;2;1;2;2;Sans Objet;CHB1;2;1;2;2;2;2;Sans Objet;15;250;15;250;3;1;2;1;3;3;3;1;3;3;3;3;3;3;4;4;4
LOG274;66135,09917;202;76;1;2021-mars;2021-mars;76;Occitanie;30;Gard;2;2;3;5;1;1;1;2;9;2;NA;2;8;2014;2;2;1;2;2;2;2;;2;NA;;3;NA;;3;NA;;3;NA;;3;NA;;4;NA;NA;NA;2;NA;NA;NA;NA;NA;NA;NA;NA;NA;NA;NA;NA;;3;6;;NA;NA;NA;NA;NA;NA;NA;NA;1;NA;;1;2;2;2;2;2;2;2;2;;3;3;3;NA;2;NA;1;6;;1;3;1;4;3;1;1;2;NA;NA;NA;NA;NA;;;1;NA;NA;NA;NA;2;2;1;0;1;2;2;2;2;0;0;2;1;0;2;NA;NA;NA;NA;NA;NA;NA;NA;NA;NA;NA;NA;;2;2;NA;NA;NA;NA;NA;;2;NA;NA;NA;NA;NA;NA;NA;NA;NA;;2;Sans Objet;0;1;1;0;1;0;0;0;1;entrée ;2;1;50;1;Sans Objet;Sans Objet;1;Sans Objet;1;2;2;Sans Objet;Sans Objet;CUS1;1;2;2;1;2;2;Sans Objet;CHB1;2;1;2;2;2;2;Sans Objet;18;250;25;250;3;3;Sans Objet;Sans Objet;1;1;1;3;3;3;3;3;3;3;3;3;4
LOG275;315833,6262;198;76;0;2021-avril;2021-mai;76;Occitanie;12;Aveyron;1;4;3;0;0;1;3;1;7;NA;NA;2;1;2007;2;2;2;1;2;2;2;;2;NA;;3;NA;;3;NA;;3;NA;;3;NA;;1;2;2;1;2;NA;NA;NA;NA;NA;NA;NA;NA;NA;NA;NA;NA;;2;1;;NA;NA;NA;NA;NA;NA;NA;NA;1;NA;;1;2;2;2;2;2;2;2;2;;3;3;3;NA;1;NA;1;6;;2;NA;2;NA;2;1;1;2;NA;NA;NA;NA;NA;;;1;NA;NA;NA;NA;2;2;1;0;1;2;2;2;2;0;0;2;1;0;1;NA;NA;NA;NA;NA;NA;NA;NA;NA;NA;NA;NA;;2;2;NA;NA;NA;NA;NA;;1;1;2;2;2;2;2;2;2;2;;2;Sans Objet;1;1;2;0;1;1;0;0;0;Sans Objet;1;2;60;6;Sans Objet;1;3;Sans Objet;1;2;2;Sans Objet;Sans Objet;SEJ1;2;2;2;1;2;2;Sans Objet;CHB1;2;1;2;2;2;2;Sans Objet;10;250;11;250;3;1;3;2;1;1;3;3;3;3;3;3;3;3;4;4;4
LOG276;54545,88526;213;76;0;2021-janvier;2021-janvier;76;Occitanie;34;Hérault;1;5;3;2;0;2;2;1;6;NA;NA;2;2;2018;2;2;2;1;2;2;2;;2;NA;;3;NA;;3;NA;;3;NA;;3;NA;;2;1;3;1;2;NA;NA;NA;NA;NA;NA;NA;NA;NA;NA;NA;NA;;2;3;;2;2;2;2;1;2;2;2;2;2;;2;2;2;2;2;2;1;2;2;;2;3;3;NA;1;NA;1;3;;1;3;1;4;1;1;1;2;NA;NA;NA;NA;NA;;;2;2;2;1;2;2;2;2;0;2;1;2;2;2;0;0;2;2;0;1;NA;NA;NA;NA;NA;NA;NA;NA;NA;NA;NA;NA;;2;2;NA;NA;NA;NA;NA;;2;NA;NA;NA;NA;NA;NA;NA;NA;NA;;2;Sans Objet;1;1;3;0;1;1;0;0;0;Sans Objet;1;1;110;6;Sans Objet;1;1;Sans Objet;1;2;1;1;3;SEJ1;2;2;2;1;2;2;Sans Objet;CHB1;2;1;2;2;2;2;Sans Objet;12,6;250;37;250;3;1;4;1;1;3;3;1;1;3;3;3;3;1;4;3;4
LOG277;13050,46957;209;76;0;2021-septembre;2021-septembre;76;Occitanie;34;Hérault;1;5;5;1;0;2;2;1;9;1;1995;2;6;1995;2;1;2;2;2;2;2;;2;NA;;3;NA;;3;NA;;2;1;;3;NA;;1;1;1;1;2;NA;NA;NA;NA;NA;NA;NA;NA;NA;NA;NA;NA;;3;6;;NA;NA;NA;NA;NA;NA;NA;NA;1;NA;;1;2;2;2;2;2;2;2;2;;1;3;1;1;2;NA;1;6;;1;3;1;4;3;1;1;2;NA;NA;NA;NA;NA;;;2;2;2;1;2;2;2;2;0;2;1;2;2;2;0;0;2;2;0;2;NA;NA;NA;NA;NA;NA;NA;NA;NA;NA;NA;NA;;2;2;NA;NA;NA;NA;NA;;1;2;1;2;2;2;2;2;2;2;;2;Sans Objet;1;1;3;0;1;2;0;1;1;garage;1;2;120;5;Sans Objet;Sans Objet;3;Sans Objet;2;Sans Objet;1;1;1;SEJ1;2;2;1;1;2;2;Sans Objet;CHB1;2;1;2;2;2;2;Sans Objet;35;250;35;250;3;3;Sans Objet;Sans Objet;3;3;3;3;3;3;3;4;3;3;3;4;4
LOG278;2868,553754;210;76;1;2021-octobre;2021-octobre;76;Occitanie;34;Hérault;1;5;5;1;0;2;2;1;6;NA;NA;2;2;2019;2;1;2;2;2;2;2;;2;NA;;3;NA;;2;3;;3;NA;;3;NA;;1;2;2;2;1;2;1;2;2;2;2;2;2;2;2;2;2;;3;5;;2;2;2;2;2;1;2;2;2;2;;1;2;2;2;2;2;2;2;2;;1;3;3;NA;1;NA;1;7;Solaire;1;3;1;4;3;4;1;2;NA;NA;NA;NA;NA;;;1;NA;NA;NA;NA;2;2;2;0;2;1;2;2;2;0;0;2;2;0;2;NA;NA;NA;NA;NA;NA;NA;NA;NA;NA;NA;NA;;2;2;NA;NA;NA;NA;NA;;1;2;1;2;2;2;2;2;2;2;;2;Sans Objet;0;1;4;0;2;2;0;0;0;Sans Objet;2;2;140;5;Sans Objet;Sans Objet;3;Sans Objet;2;Sans Objet;1;1;3;CUS1;1;2;2;1;2;2;Sans Objet;CHB1;2;1;2;2;2;2;Sans Objet;12;250;50;250;3;3;Sans Objet;Sans Objet;3;3;3;3;3;3;3;3;3;3;3;4;3
LOG279;48226,18109;212;76;0;2021-octobre;2021-octobre;76;Occitanie;34;Hérault;1;4;4;0;0;2;2;1;11;1;2011;2;8;2011;2;1;2;2;2;2;2;;2;NA;;3;NA;;3;NA;;1;5;;2;5;;4;NA;NA;NA;2;NA;NA;NA;NA;NA;NA;NA;NA;NA;NA;NA;NA;;3;6;;NA;NA;NA;NA;NA;NA;NA;NA;1;NA;;2;2;2;1;2;2;2;2;2;;3;3;3;NA;2;NA;1;7;Chauffe-eau thermodynamique;1;3;1;2;3;1;1;2;NA;NA;NA;NA;NA;;;1;NA;NA;NA;NA;2;2;3;1;3;1;2;2;2;0;0;2;2;0;2;NA;NA;NA;NA;NA;NA;NA;NA;NA;NA;NA;NA;;1;2;NA;NA;NA;NA;NA;;2;NA;NA;NA;NA;NA;NA;NA;NA;NA;;2;Sans Objet;1;1;2;1;1;1;0;0;0;Sans Objet;1;1;103;5;Sans Objet;Sans Objet;3;Sans Objet;2;Sans Objet;1;2;3;SEJ1;2;2;2;1;2;2;Sans Objet;CHB1;2;1;2;2;2;2;Sans Objet;13;250;24;250;3;3;Sans Objet;Sans Objet;3;3;3;3;3;3;3;4;3;3;3;4;4
LOG280;22329,79353;211;76;0;2021-octobre;2021-octobre;76;Occitanie;34;Hérault;1;4;3;1;0;2;2;1;12;1;2015;2;7;2015;2;1;2;2;2;2;2;;2;NA;;3;NA;;3;NA;;3;NA;;3;NA;;4;NA;NA;NA;2;NA;NA;NA;NA;NA;NA;NA;NA;NA;NA;NA;NA;;3;6;;NA;NA;NA;NA;NA;NA;NA;NA;1;NA;;1;2;2;2;2;2;2;2;2;;3;3;1;1;2;NA;1;6;;1;3;2;NA;3;1;1;1;2;1;2;2;2;;;2;2;2;1;2;2;2;4;2;3;1;2;2;2;0;0;2;2;0;2;NA;NA;NA;NA;NA;NA;NA;NA;NA;NA;NA;NA;;1;2;NA;NA;NA;NA;NA;;1;2;1;2;2;2;2;2;2;2;;2;Sans Objet;0;1;3;0;1;1;0;0;0;Sans Objet;2;3;95;5;Sans Objet;Sans Objet;4;Sans Objet;2;Sans Objet;1;1;3;CUS1;1;2;1;1;2;2;Sans Objet;CHB1;2;1;2;2;2;2;Sans Objet;11;250;45;250;3;3;Sans Objet;Sans Objet;3;3;3;3;3;3;3;4;3;3;3;4;4
LOG281;40356,31873;199;76;0;2021-février;2021-mars;76;Occitanie;34;Hérault;2;3;3;3;1;1;1;2;11;2;NA;2;12;2018;2;2;1;2;2;2;2;;2;NA;;3;NA;;3;NA;;3;NA;;3;NA;;4;NA;NA;NA;2;NA;NA;NA;NA;NA;NA;NA;NA;NA;NA;NA;NA;;3;6;;NA;NA;NA;NA;NA;NA;NA;NA;1;NA;;1;2;2;2;2;2;2;2;2;;3;3;3;NA;2;NA;1;6;;1;3;1;1;1;1;1;2;NA;NA;NA;NA;NA;;;1;NA;NA;NA;NA;2;2;1;0;1;2;2;2;2;0;0;2;1;0;2;NA;NA;NA;NA;NA;NA;NA;NA;NA;NA;NA;NA;;2;2;NA;NA;NA;NA;NA;;2;NA;NA;NA;NA;NA;NA;NA;NA;NA;;2;Sans Objet;0;1;2;0;1;1;0;0;0;Sans Objet;2;1;65;1;Sans Objet;Sans Objet;1;Sans Objet;2;Sans Objet;2;Sans Objet;Sans Objet;CUS1;1;2;2;1;2;2;Sans Objet;CHB1;2;1;2;2;2;2;Sans Objet;12;250;20;250;3;3;Sans Objet;Sans Objet;3;3;1;3;3;3;3;3;3;1;3;4;4
LOG282;42446,92352;211;76;0;2021-mars;2021-mars;76;Occitanie;34;Hérault;1;6;3;1;0;2;2;1;1;NA;NA;2;6;1958;2;2;2;2;1;2;2;;2;NA;;3;NA;;2;1;;1;1;;3;NA;;3;1;2;2;2;NA;NA;NA;NA;NA;NA;NA;NA;NA;NA;NA;NA;;3;6;;NA;NA;NA;NA;NA;NA;NA;NA;1;NA;;1;2;2;2;2;2;2;2;2;;1;3;1;1;3;NA;1;6;;1;3;2;NA;2;3;1;2;NA;NA;NA;NA;NA;;;1;NA;NA;NA;NA;2;2;1;0;1;1;2;2;2;0;0;2;1;0;1;NA;NA;NA;NA;NA;NA;NA;NA;NA;NA;NA;NA;;2;2;NA;NA;NA;NA;NA;;2;NA;NA;NA;NA;NA;NA;NA;NA;NA;;2;Sans Objet;1;2;5;0;1;1;0;0;2;garage + entrée + esc1;1;2;100;8;Sans Objet;Sans Objet;3;Sans Objet;2;Sans Objet;1;1;1;SEJ1;2;2;2;1;2;2;Sans Objet;CHB1;2;1;2;2;2;2;Sans Objet;14;250;14;250;3;3;Sans Objet;Sans Objet;3;3;3;3;3;3;3;3;3;3;3;3;4
LOG283;10212,89979;209;76;0;2021-février;2021-février;76;Occitanie;34;Hérault;1;8;7;3;0;2;2;2;7;NA;NA;2;5;1981;2;1;1;2;2;2;2;;2;NA;;3;NA;;3;NA;;2;1;;3;NA;;4;NA;NA;NA;2;NA;NA;NA;NA;NA;NA;NA;NA;NA;NA;NA;NA;;2;7;;2;2;2;2;1;2;2;2;2;2;;2;2;2;2;2;2;2;2;1;Pompe à chaleur;2;3;1;1;1;NA;1;6;;1;3;1;2;2;1;1;1;1;2;2;2;2;;;2;2;2;1;2;2;2;2;0;2;2;2;2;2;0;0;2;1;0;1;NA;NA;NA;NA;NA;NA;NA;NA;NA;NA;NA;NA;;2;2;NA;NA;NA;NA;NA;;2;NA;NA;NA;NA;NA;NA;NA;NA;NA;;2;Sans Objet;1;1;5;1;3;2;1;0;3;salle de jeu / entrée / dressing-lingerie ;1;1;250;4;Sans Objet;Sans Objet;4;Sans Objet;1;2;1;2;1;SEJ1;2;2;2;1;2;2;Sans Objet;CHB1;2;1;2;2;2;2;Sans Objet;25;400;70;350;3;3;Sans Objet;Sans Objet;1;3;1;3;1;3;3;3;3;1;4;4;4
LOG284;10506,37168;285;93;0;2021-mai;2021-mai;93;Provence-Alpes-Côte d'Azur;83;Var;1;6;7;0;0;2;3;1;12;2;NA;2;12;1999;2;2;2;1;2;2;2;;2;NA;;3;NA;;3;NA;;3;NA;;3;NA;;4;NA;NA;NA;1;2;1;2;2;1;2;2;2;2;2;2;2;;2;7;;2;2;2;2;1;2;2;2;2;2;;2;2;1;2;2;2;2;2;2;;2;3;3;NA;2;NA;1;6;;1;3;1;4;2;1;1;1;2;1;2;2;2;;;1;NA;NA;NA;NA;2;2;2;0;2;1;1;2;2;0;0;2;2;0;2;NA;NA;NA;NA;NA;NA;NA;NA;2;2;2;2;;2;1;2;2;1;2;2;;1;2;1;2;2;2;2;2;2;2;;2;Sans Objet;0;1;4;1;3;1;0;0;3;cellier dressing couloir ;2;1;250;5;Sans Objet;Sans Objet;3;Sans Objet;2;Sans Objet;2;Sans Objet;Sans Objet;CUS1;1;2;2;1;2;2;Sans Objet;CHB1;2;1;2;2;2;2;Sans Objet;20;270;70;270;3;3;Sans Objet;Sans Objet;3;3;3;3;3;3;3;3;3;3;3;4;4
LOG285;12341,16601;287;93;0;2021-mars;2021-avril;93;Provence-Alpes-Côte d'Azur;83;Var;1;7;7;1;0;2;3;1;9;NA;NA;1;NA;NA;2;2;2;1;2;2;2;;2;NA;;3;NA;;3;NA;;3;NA;;3;NA;;1;2;2;2;2;NA;NA;NA;NA;NA;NA;NA;NA;NA;NA;NA;NA;;2;5;;2;2;2;2;2;1;2;2;2;2;;2;2;2;2;2;2;1;2;2;;1;3;3;NA;2;NA;1;6;;1;3;1;3;2;1;1;2;NA;NA;NA;NA;NA;;;2;2;2;1;2;2;2;2;0;2;2;2;2;2;0;0;2;2;0;1;NA;NA;NA;NA;NA;NA;NA;NA;NA;NA;NA;NA;;2;1;2;2;1;2;2;;1;2;1;2;2;2;2;2;2;2;;2;Sans Objet;1;1;4;1;3;1;0;1;2;couloir et cave;1;2;157;5;Sans Objet;Sans Objet;5;Sans Objet;1;2;2;Sans Objet;Sans Objet;SEJ1;2;2;2;1;2;2;Sans Objet;CHB1;2;1;2;2;2;2;Sans Objet;22;240;50;240;3;3;Sans Objet;Sans Objet;3;1;3;3;3;3;3;4;3;1;4;4;4
LOG286;118575,1514;285;93;0;2021-juin;2021-juillet;93;Provence-Alpes-Côte d'Azur;83;Var;2;5;5;1;0;1;2;2;6;2;NA;1;NA;NA;2;2;1;2;2;2;2;;2;NA;;1;5;Pollen;1;6;Egout;2;5;;3;NA;;4;NA;NA;NA;1;2;1;2;2;2;2;2;2;2;2;2;2;;3;6;;NA;NA;NA;NA;NA;NA;NA;NA;1;NA;;2;1;2;2;2;2;2;2;2;;3;3;2;2;2;NA;1;6;;1;3;1;2;1;1;1;2;NA;NA;NA;NA;NA;;;1;NA;NA;NA;NA;2;2;4;0;3;2;2;2;2;0;0;2;1;0;2;NA;NA;NA;NA;NA;NA;NA;NA;NA;NA;NA;NA;;2;2;NA;NA;NA;NA;NA;;2;NA;NA;NA;NA;NA;NA;NA;NA;NA;;2;Sans Objet;0;1;4;0;2;1;0;0;2;cellier,couloir;2;3;105;1;Sans Objet;Sans Objet;5;Sans Objet;2;Sans Objet;2;Sans Objet;Sans Objet;CUS1;1;2;2;1;2;2;Sans Objet;CHB1;2;1;2;2;2;2;Sans Objet;12;250;23;300;3;3;Sans Objet;Sans Objet;3;3;3;1;3;3;3;3;3;3;4;4;4
LOG287;287469,2056;285;93;0;2021-septembre;2021-septembre;93;Provence-Alpes-Côte d'Azur;83;Var;2;2;1;2;0;1;2;1;12;NA;NA;1;NA;NA;2;2;1;2;2;2;2;;2;NA;;1;1;;1;1;;1;1;;1;1;;2;1;1;2;2;NA;NA;NA;NA;NA;NA;NA;NA;NA;NA;NA;NA;;3;6;;NA;NA;NA;NA;NA;NA;NA;NA;1;NA;;1;2;2;2;2;2;2;2;2;;3;3;3;NA;2;NA;2;NA;;1;3;1;4;3;1;1;2;NA;NA;NA;NA;NA;;;1;NA;NA;NA;NA;2;2;1;0;1;2;2;2;2;1;0;2;1;0;2;NA;NA;NA;NA;NA;NA;NA;NA;NA;NA;NA;NA;;2;2;NA;NA;NA;NA;NA;;2;NA;NA;NA;NA;NA;NA;NA;NA;NA;;2;Sans Objet;0;1;1;0;1;0;0;0;0;Sans Objet;2;3;44;5;Sans Objet;Sans Objet;1;Sans Objet;2;Sans Objet;2;Sans Objet;Sans Objet;CUS1;1;1;2;1;2;2;Sans Objet;CHB1;2;1;2;2;2;2;Sans Objet;12;240;26;240;3;3;Sans Objet;Sans Objet;3;3;1;3;3;3;3;4;3;1;3;3;4
LOG288;532780,8868;263;93;0;2021-septembre;2021-septembre;32;Hauts-de-France;60;Oise;2;2;2;5;0;2;1;2;7;NA;NA;2;NA;1962;2;2;1;2;2;2;2;;2;NA;;3;NA;;3;NA;;3;NA;;3;NA;;4;NA;NA;NA;2;NA;NA;NA;NA;NA;NA;NA;NA;NA;NA;NA;NA;;2;3;;NA;NA;NA;NA;NA;NA;NA;NA;1;NA;;1;2;2;2;2;2;2;2;2;;3;3;2;1;2;NA;1;3;;1;2;1;3;3;1;1;2;NA;NA;NA;NA;NA;;;2;2;2;2;2;2;2;1;0;1;1;2;2;2;0;0;2;1;0;2;NA;NA;NA;NA;NA;NA;NA;NA;NA;NA;NA;NA;;2;2;NA;NA;NA;NA;NA;;2;NA;NA;NA;NA;NA;NA;NA;NA;NA;;2;Sans Objet;0;1;1;0;1;1;0;0;0;Sans Objet;2;3;54;6;Sans Objet;1;1;Sans Objet;1;2;2;Sans Objet;Sans Objet;CUS1;1;2;2;1;2;2;Sans Objet;CHB1;2;1;1;2;2;2;Sans Objet;8;250;22;250;3;3;Sans Objet;Sans Objet;3;3;3;3;3;3;3;4;3;3;3;4;4
LOG289;39107,07887;265;93;0;2020-décembre;2020-décembre;32;Hauts-de-France;60;Oise;2;2;3;6;5;2;1;2;5;NA;NA;2;2;2017;NA;NA;NA;NA;NA;NA;1;;1;6;Tabac et cave à vin;2;1;;2;4;;1;1;;3;NA;;1;1;2;3;1;2;1;2;2;2;2;2;2;2;2;2;2;;1;3;;NA;NA;NA;NA;NA;NA;NA;NA;1;NA;;1;2;2;2;2;2;2;2;2;;3;3;2;2;2;NA;1;6;;1;3;1;3;1;2;1;2;NA;NA;NA;NA;NA;;;1;NA;NA;NA;NA;2;2;3;2;4;4;2;2;2;1;0;2;0;1;1;NA;NA;NA;NA;NA;NA;NA;NA;2;2;2;2;;1;2;NA;NA;NA;NA;NA;;1;2;2;2;2;2;2;1;2;2;;2;Sans Objet;1;1;1;0;1;1;0;0;0;Sans Objet;1;3;50;1;Sans Objet;Sans Objet;1;Sans Objet;2;Sans Objet;2;Sans Objet;Sans Objet;SEJ1;2;1;2;1;2;2;Sans Objet;CHB1;2;1;2;2;2;2;Sans Objet;13;305;24;305;3;1;4;1;1;3;1;1;3;3;3;3;3;1;3;4;4
LOG290;61888,29941;265;93;0;2021-février;2021-février;32;Hauts-de-France;60;Oise;2;2;3;5;4;1;1;2;4;NA;NA;2;NA;1978;NA;NA;NA;NA;NA;NA;1;;1;1;;3;NA;;3;NA;;3;NA;;3;NA;;4;NA;NA;NA;2;NA;NA;NA;NA;NA;NA;NA;NA;NA;NA;NA;NA;;3;6;;NA;NA;NA;NA;NA;NA;NA;NA;1;NA;;2;1;2;2;2;2;2;2;2;;3;3;3;NA;2;NA;1;6;;1;3;2;NA;1;1;1;2;NA;NA;NA;NA;NA;;;1;NA;NA;NA;NA;2;2;1;0;1;2;2;2;2;0;0;2;1;0;1;NA;NA;NA;NA;NA;NA;NA;NA;NA;NA;NA;NA;;2;2;NA;NA;NA;NA;NA;;1;2;2;2;2;2;2;1;2;2;;2;Sans Objet;1;1;1;0;1;1;0;0;0;Sans Objet;1;3;55;1;Sans Objet;Sans Objet;1;Sans Objet;2;Sans Objet;2;Sans Objet;Sans Objet;SEJ1;2;2;2;1;2;2;Sans Objet;CHB1;2;1;2;2;2;2;Sans Objet;18;320;14;320;3;3;Sans Objet;Sans Objet;3;3;3;3;3;3;3;3;3;3;3;4;3
LOG291;29242,80039;183;75;0;2021-mars;2021-mars;28;Normandie;61;Orne;1;4;5;1;0;2;3;1;2;1;2018;2;NA;2018;2;2;2;1;2;2;2;;2;NA;;3;NA;;3;NA;;2;1;;3;NA;;4;NA;NA;NA;1;2;1;2;2;2;2;2;1;2;2;2;2;;2;6;;NA;NA;NA;NA;NA;NA;NA;NA;1;NA;;2;2;2;2;2;1;2;2;2;;3;3;1;1;2;NA;1;6;;1;3;1;2;1;1;1;1;2;1;2;2;2;;;1;NA;NA;NA;NA;2;1;4;2;3;1;2;2;2;0;0;2;2;0;1;NA;NA;NA;NA;NA;NA;NA;NA;NA;NA;NA;NA;;1;2;NA;NA;NA;NA;NA;;2;NA;NA;NA;NA;NA;NA;NA;NA;NA;;2;Sans Objet;0;1;3;0;2;2;0;0;1;cellier;2;2;105;5;Sans Objet;Sans Objet;5;Sans Objet;2;Sans Objet;2;Sans Objet;Sans Objet;CUS1;1;2;2;1;2;2;Sans Objet;CHB1;2;1;2;2;2;2;Sans Objet;13;230;45;270;3;3;Sans Objet;Sans Objet;3;3;3;1;3;3;3;3;3;1;3;3;4
LOG292;48497,49449;258;93;0;2021-mars;2021-mars;24;Centre-Val de Loire;41;Loir-et-Cher;1;6;4;0;0;2;3;1;12;NA;NA;2;NA;1991;2;2;1;2;2;2;2;;2;NA;;3;NA;;3;NA;;3;NA;;3;NA;;1;1;2;2;2;NA;NA;NA;NA;NA;NA;NA;NA;NA;NA;NA;NA;;2;10;;2;2;2;2;1;2;2;2;2;2;;1;2;2;2;2;2;2;2;2;;1;3;1;1;2;NA;1;6;;1;3;1;4;3;1;1;1;2;1;2;2;2;;Traitement contre les capricornes;2;2;2;1;2;2;2;2;0;2;2;1;2;2;0;0;2;2;0;1;NA;NA;NA;NA;NA;NA;NA;NA;NA;NA;NA;NA;;2;2;NA;NA;NA;NA;NA;;1;1;2;2;2;2;2;2;1;2;Lavande;2;Sans Objet;1;1;4;0;1;1;0;1;1;garage;1;2;120;5;Sans Objet;Sans Objet;3;Sans Objet;2;Sans Objet;1;1;3;SEJ1;2;2;2;1;2;2;Sans Objet;CHB1;2;1;2;2;2;2;Sans Objet;12;250;25;250;3;3;Sans Objet;Sans Objet;3;3;3;3;3;3;3;3;3;3;4;4;4
LOG293;14966,85789;265;93;0;2021-janvier;2021-janvier;32;Hauts-de-France;60;Oise;2;3;2;3;2;2;2;2;7;NA;NA;2;NA;2009;2;2;2;2;1;2;2;;2;NA;;3;NA;;2;4;;2;1;;3;NA;;4;NA;NA;NA;1;1;2;2;2;2;1;2;2;2;2;2;2;;2;3;;NA;NA;NA;NA;NA;NA;NA;NA;1;NA;;1;2;2;2;2;2;2;2;2;;3;3;2;2;1;NA;1;3;;1;2;1;1;1;1;1;2;NA;NA;NA;NA;NA;;;1;NA;NA;NA;NA;2;2;5;2;3;1;2;2;2;0;0;2;2;0;1;NA;NA;NA;NA;NA;NA;NA;NA;NA;NA;NA;NA;;2;2;NA;NA;NA;NA;NA;;2;NA;NA;NA;NA;NA;NA;NA;NA;NA;;2;Sans Objet;0;1;2;0;1;1;0;0;0;Sans Objet;2;1;55;1;Sans Objet;Sans Objet;1;Sans Objet;1;2;1;2;1;CUS1;1;2;2;1;2;2;Sans Objet;CHB1;2;1;2;2;2;1;PRATIQUE SPORTIVE;15;320;25;320;3;1;2;1;1;3;3;1;3;3;3;3;3;3;3;3;4
LOG294;21032,25126;258;93;0;2021-janvier;2021-janvier;24;Centre-Val de Loire;41;Loir-et-Cher;1;4;4;1;0;2;3;1;3;1;1998;2;NA;2012;2;2;2;1;2;2;2;;2;NA;;3;NA;;2;4;;3;NA;;3;NA;;4;NA;NA;NA;1;2;1;2;2;2;1;2;2;2;2;2;2;;3;6;;2;2;2;2;1;2;2;2;2;2;;2;2;2;2;2;2;2;2;1;Climatisation réversible;1;3;1;1;2;NA;1;6;;1;3;1;2;1;1;1;2;NA;NA;NA;NA;NA;;;2;2;2;1;2;2;1;4;2;3;1;2;2;2;0;0;2;2;0;1;NA;NA;NA;NA;NA;NA;NA;NA;NA;NA;NA;NA;;1;2;NA;NA;NA;NA;NA;;2;NA;NA;NA;NA;NA;NA;NA;NA;NA;;2;Sans Objet;0;1;3;0;1;1;1;0;1;garage;2;2;100;8;Sans Objet;Sans Objet;5;Sans Objet;2;Sans Objet;1;1;3;CUS1;1;2;2;1;2;2;Sans Objet;CHB1;2;1;2;2;2;2;Sans Objet;15;250;35;250;3;1;4;1;3;1;1;3;3;3;3;1;3;3;4;4;4
LOG295;92912,13501;286;93;0;2021-février;2021-février;93;Provence-Alpes-Côte d'Azur;83;Var;2;4;4;4;3;2;2;2;9;NA;NA;2;11;2008;2;1;1;2;2;2;2;;1;6;Salon d'esthétique;1;1;;3;NA;;1;4;;3;NA;;2;1;2;2;1;1;1;2;2;2;2;2;2;2;2;2;2;;1;3;;NA;NA;NA;NA;NA;NA;NA;NA;1;NA;;1;2;2;2;2;2;2;2;2;;3;3;3;NA;2;NA;1;6;;1;3;1;3;2;1;1;1;2;1;2;2;2;;;1;NA;NA;NA;NA;2;2;5;1;3;1;1;2;2;3;1;2;2;0;1;NA;NA;NA;NA;NA;NA;NA;NA;NA;NA;NA;NA;;1;1;2;2;2;2;1;GARAGE/CARROSSERIE;2;NA;NA;NA;NA;NA;NA;NA;NA;NA;;2;Sans Objet;1;1;3;0;1;1;1;0;0;Sans Objet;1;1;96;1;Sans Objet;Sans Objet;1;Sans Objet;2;Sans Objet;2;Sans Objet;Sans Objet;SEJ1;2;2;2;1;2;2;Sans Objet;CHB1;2;1;2;2;2;2;Sans Objet;10;260;20;260;3;1;4;1;1;3;3;3;3;3;3;3;3;3;4;4;4
LOG296;25112,55312;263;93;0;2021-avril;2021-avril;32;Hauts-de-France;60;Oise;2;3;3;3;1;2;1;2;6;NA;NA;1;NA;NA;2;1;1;2;2;2;2;;2;NA;;2;5;Pollen;3;NA;;2;1;;3;NA;;4;NA;NA;NA;1;1;1;2;2;2;2;2;2;2;2;2;2;;2;3;;NA;NA;NA;NA;NA;NA;NA;NA;1;NA;;1;2;2;2;2;2;2;2;2;;3;3;3;NA;2;NA;1;3;;1;3;1;3;3;1;1;2;NA;NA;NA;NA;NA;;;1;NA;NA;NA;NA;2;2;2;0;2;2;2;2;2;0;0;2;1;0;1;NA;NA;NA;NA;NA;NA;NA;NA;NA;NA;NA;NA;;2;1;2;2;2;2;1;CENTRALE ELECTRIQUE;2;NA;NA;NA;NA;NA;NA;NA;NA;NA;;2;Sans Objet;1;1;2;0;1;1;0;0;0;Sans Objet;1;1;76;1;Sans Objet;Sans Objet;1;Sans Objet;1;2;2;Sans Objet;Sans Objet;SEJ1;2;2;2;1;2;2;Sans Objet;CHB1;2;1;2;2;2;2;Sans Objet;12;270;24;270;3;3;Sans Objet;Sans Objet;3;3;3;1;3;3;3;3;3;3;4;3;4
LOG297;16335,50441;262;93;0;2021-juin;2021-juin;28;Normandie;61;Orne;2;3;3;0;0;2;2;2;7;2;NA;2;NA;2017;2;2;1;2;2;2;2;;2;NA;;3;NA;;3;NA;;3;NA;;3;NA;;1;2;2;2;1;2;1;2;2;2;2;2;2;2;2;2;2;;3;6;;NA;NA;NA;NA;NA;NA;NA;NA;1;NA;;2;2;2;2;2;2;2;2;1;Climatisation réversible;3;3;1;1;2;NA;1;6;;1;3;1;1;1;1;1;1;2;1;2;2;2;;;1;NA;NA;NA;NA;2;2;3;1;3;1;2;2;2;0;0;2;0;1;2;NA;NA;NA;NA;NA;NA;NA;NA;NA;NA;NA;NA;;1;1;2;2;2;2;1;Ligne de haute tension;2;NA;NA;NA;NA;NA;NA;NA;NA;NA;;2;Sans Objet;0;1;2;0;1;1;0;0;2;garage, couloir;2;1;61;1;Sans Objet;Sans Objet;3;Sans Objet;2;Sans Objet;1;1;1;CUS1;1;2;2;1;2;2;Sans Objet;KID1;2;1;2;2;2;2;Sans Objet;11;250;22;250;3;1;3;2;3;3;1;3;3;1;1;3;3;3;3;3;4
LOG298;10540,34866;258;93;0;2021-juillet;2021-juillet;24;Centre-Val de Loire;41;Loir-et-Cher;1;7;6;1;0;2;2;1;11;1;2012;2;NA;2012;2;1;2;2;2;2;2;;2;NA;;3;NA;;3;NA;;3;NA;;3;NA;;4;NA;NA;NA;2;NA;NA;NA;NA;NA;NA;NA;NA;NA;NA;NA;NA;;3;6;;2;2;2;2;1;2;2;2;2;2;;2;1;2;2;1;2;2;2;2;;3;1;3;NA;2;NA;1;6;;1;3;1;1;1;1;1;2;NA;NA;NA;NA;NA;;;2;2;2;1;2;2;2;5;3;3;1;2;2;2;0;0;2;2;0;2;NA;NA;NA;NA;NA;NA;NA;NA;NA;NA;NA;NA;;1;1;2;2;1;2;2;;1;2;1;2;1;2;2;2;2;2;;2;Sans Objet;0;1;5;0;2;1;1;0;2;garage, dressing;2;2;147;5;Sans Objet;Sans Objet;5;Sans Objet;2;Sans Objet;1;1;1;CUS1;1;2;2;1;2;2;Sans Objet;CHB1;2;1;2;2;2;2;Sans Objet;14;250;45;260;2;1;3;2;2;3;3;3;3;3;3;3;3;3;4;3;4
LOG299;10172,09626;258;93;0;2021-avril;2021-avril;24;Centre-Val de Loire;41;Loir-et-Cher;1;5;8;1;0;2;3;1;11;2;NA;2;11;1998;2;1;2;1;2;2;2;;2;NA;;3;NA;;3;NA;;3;NA;;3;NA;;3;2;2;2;2;NA;NA;NA;NA;NA;NA;NA;NA;NA;NA;NA;NA;;2;2;;2;2;2;2;1;2;2;2;2;2;;1;2;2;2;2;2;2;2;2;;1;3;3;NA;2;NA;1;7;Solaire;1;3;1;4;1;1;1;1;2;1;2;2;2;;;2;2;2;1;2;2;2;5;1;3;1;2;2;2;0;0;2;2;0;2;NA;NA;NA;NA;NA;NA;NA;NA;NA;NA;NA;NA;;1;1;2;2;1;2;2;;1;2;1;2;2;2;2;2;2;2;;2;Sans Objet;0;1;3;1;3;1;1;0;5;dressing,chaufferie, spa, garage, couloir ;2;2;220;8;Sans Objet;Sans Objet;5;Sans Objet;2;Sans Objet;2;Sans Objet;Sans Objet;CUS1;1;2;2;1;2;2;Sans Objet;CHB1;2;1;2;2;2;2;Sans Objet;20;300;60;240;3;1;3;2;1;3;3;3;3;1;3;1;3;3;4;4;4
LOG300;36482,6027;258;93;0;2021-mars;2021-mars;24;Centre-Val de Loire;41;Loir-et-Cher;1;5;5;0;0;2;3;1;9;NA;NA;2;9;2009;2;2;2;1;2;2;2;;2;NA;;3;NA;;3;NA;;3;NA;;3;NA;;3;2;2;1;2;NA;NA;NA;NA;NA;NA;NA;NA;NA;NA;NA;NA;;3;6;;2;2;2;2;1;2;2;2;2;2;;2;1;2;2;2;2;2;1;2;;1;3;3;NA;1;NA;1;6;;1;3;3;NA;1;1;1;2;NA;NA;NA;NA;NA;;;2;2;2;1;2;2;2;4;2;3;1;2;2;2;0;0;2;2;0;1;NA;NA;NA;NA;NA;NA;NA;NA;2;2;2;2;;2;2;NA;NA;NA;NA;NA;;2;NA;NA;NA;NA;NA;NA;NA;NA;NA;;2;Sans Objet;0;1;4;0;1;1;1;0;2;atelier, couloir;2;2;130;7;Sans Objet;1;5;Sans Objet;1;1;2;Sans Objet;Sans Objet;CUS1;1;2;1;1;2;2;Sans Objet;CHB1;2;1;2;2;2;2;Sans Objet;17;280;78;270;3;3;Sans Objet;Sans Objet;1;2;2;1;3;3;3;3;3;1;4;4;4
LOG301;35770,33555;264;93;1;2021-mars;2021-avril;32;Hauts-de-France;60;Oise;2;2;3;4;4;1;2;2;6;NA;NA;1;NA;NA;2;2;1;2;2;2;2;;2;NA;;3;NA;;1;4;;1;1;;1;1;;2;1;2;4;2;NA;NA;NA;NA;NA;NA;NA;NA;NA;NA;NA;NA;;1;3;;2;2;2;2;2;1;2;2;2;2;;1;2;2;2;2;2;2;2;2;;3;3;2;1;2;NA;1;3;;1;3;1;3;1;1;1;1;1;2;2;2;2;;;1;NA;NA;NA;NA;2;2;1;0;1;2;2;2;2;0;0;2;1;0;1;NA;NA;NA;NA;NA;NA;NA;NA;NA;NA;NA;NA;;2;2;NA;NA;NA;NA;NA;;1;2;2;2;2;2;2;1;2;2;;2;Sans Objet;1;1;1;0;1;1;0;0;1;couloir;1;3;37;1;Sans Objet;Sans Objet;1;Sans Objet;1;2;2;Sans Objet;Sans Objet;SEJ1;2;2;2;1;2;2;Sans Objet;CHB1;2;1;2;2;2;2;Sans Objet;10;270;15;270;3;3;Sans Objet;Sans Objet;3;3;3;1;3;3;3;3;3;3;4;3;4
LOG302;13749,33352;286;93;0;2021-février;2021-février;93;Provence-Alpes-Côte d'Azur;83;Var;2;2;3;4;1;1;1;1;7;1;1994;2;9;2012;2;2;1;2;2;2;2;;2;NA;;3;NA;;2;6;Déchets ménagers;1;1;;3;NA;;4;NA;NA;NA;1;2;1;2;2;2;2;2;2;2;2;2;1;Plomberie;1;3;;NA;NA;NA;NA;NA;NA;NA;NA;1;NA;;1;2;2;2;2;2;2;2;2;;3;3;3;NA;1;NA;1;3;;1;2;1;3;2;2;1;1;2;2;2;1;2;;;2;2;2;1;2;2;2;2;0;2;1;1;2;2;0;0;2;2;2;1;NA;NA;NA;NA;NA;NA;NA;NA;NA;NA;NA;NA;;1;1;2;2;2;2;1;Antenne relais;2;NA;NA;NA;NA;NA;NA;NA;NA;NA;;2;Sans Objet;1;1;1;0;1;1;0;0;1;couloir;1;3;54;2;Sans Objet;Sans Objet;1;Sans Objet;2;Sans Objet;2;Sans Objet;Sans Objet;SEJ1;2;2;2;1;2;2;Sans Objet;CHB1;2;2;1;1;2;2;Sans Objet;12;250;16;250;3;3;Sans Objet;Sans Objet;1;3;3;3;3;3;3;3;3;3;3;4;4
LOG303;17072,89641;265;93;0;2021-juin;2021-juin;32;Hauts-de-France;60;Oise;2;3;3;3;3;2;1;2;9;NA;NA;2;5;2017;2;2;1;2;2;2;2;;2;NA;;3;NA;;3;NA;;1;5;;3;NA;;4;NA;NA;NA;1;2;2;2;2;1;2;2;2;2;2;2;2;;3;6;;NA;NA;NA;NA;NA;NA;NA;NA;1;NA;;2;1;2;2;2;2;2;2;2;;3;3;3;NA;2;NA;1;6;;1;3;1;3;2;1;1;2;NA;NA;NA;NA;NA;;;1;NA;NA;NA;NA;2;2;2;0;2;1;2;2;2;0;0;2;2;0;2;NA;NA;NA;NA;NA;NA;NA;NA;NA;NA;NA;NA;;2;2;NA;NA;NA;NA;NA;;1;2;2;2;2;2;2;1;2;2;;2;Sans Objet;1;1;2;0;2;0;0;0;0;Sans Objet;1;3;88;1;Sans Objet;Sans Objet;4;Sans Objet;1;2;2;Sans Objet;Sans Objet;SEJ1;2;2;1;1;2;2;Sans Objet;CHB1;2;1;2;2;2;2;Sans Objet;8,5;250;33;250;3;1;3;2;3;3;1;1;3;1;3;3;3;3;3;3;4
LOG304;13803,61534;261;93;0;2021-février;2021-février;32;Hauts-de-France;60;Oise;1;4;5;0;0;2;3;1;7;NA;NA;2;NA;1972;2;2;2;1;2;2;2;;2;NA;;2;5;Pollen;3;NA;;1;1;;3;NA;;1;1;2;1;1;2;2;2;2;2;1;2;2;2;2;2;2;;2;1;;2;2;2;2;1;2;2;2;2;2;;1;2;2;2;2;2;2;2;2;;2;3;3;NA;2;NA;1;1;;1;3;1;4;2;1;1;2;NA;NA;NA;NA;NA;;;1;NA;NA;NA;NA;2;2;2;0;2;2;1;2;2;0;0;2;2;0;1;NA;NA;NA;NA;NA;NA;NA;NA;NA;NA;NA;NA;;2;2;NA;NA;NA;NA;NA;;2;NA;NA;NA;NA;NA;NA;NA;NA;NA;;2;Sans Objet;1;1;2;0;1;1;0;0;3;garage, cellier, couloir;1;3;100;7;Sans Objet;2;3;Sans Objet;1;1;1;1;3;SEJ1;2;2;2;1;2;2;Sans Objet;CHB1;2;1;2;2;2;2;Sans Objet;15;260;20;260;3;3;Sans Objet;Sans Objet;3;3;3;3;3;3;3;3;3;1;3;3;4
LOG305;29963,77271;261;93;1;2021-janvier;2021-janvier;32;Hauts-de-France;60;Oise;2;3;3;6;3;2;1;2;6;NA;NA;1;NA;NA;2;2;1;2;2;2;2;;2;NA;;3;NA;;3;NA;;3;NA;;3;NA;;2;1;2;2;2;NA;NA;NA;NA;NA;NA;NA;NA;NA;NA;NA;NA;;3;6;;NA;NA;NA;NA;NA;NA;NA;NA;1;NA;;2;2;2;2;2;2;2;2;1;Climatisation réversible;3;3;1;1;3;NA;1;3;;1;3;1;3;3;1;1;1;1;2;2;2;2;;;1;NA;NA;NA;NA;2;2;1;0;1;2;2;2;2;1;1;2;0;0;1;NA;NA;NA;NA;NA;NA;NA;NA;NA;NA;NA;NA;;2;1;2;2;2;2;1;RESTAURATION RAPIDE ( snack);1;2;2;2;2;2;2;1;2;2;;2;Sans Objet;1;1;2;0;1;1;0;0;1;couloir;1;3;76;1;Sans Objet;Sans Objet;1;Sans Objet;1;2;2;Sans Objet;Sans Objet;SEJ1;2;1;2;1;2;2;Sans Objet;CHB1;2;1;2;1;2;2;Sans Objet;10;250;15;250;3;3;Sans Objet;Sans Objet;3;1;3;1;3;3;3;3;3;1;4;3;4
LOG306;9436,949824;287;93;0;2021-mai;2021-mai;93;Provence-Alpes-Côte d'Azur;83;Var;1;5;7;0;0;2;3;1;6;NA;NA;2;4;2012;2;2;2;1;2;2;2;;2;NA;;1;5;Pollen, circulation routière;3;NA;;3;NA;;3;NA;;1;1;2;1;2;NA;NA;NA;NA;NA;NA;NA;NA;NA;NA;NA;NA;;3;6;;2;2;2;2;1;2;2;2;2;2;;2;1;2;2;2;2;2;2;1;Climatisation réversible;1;3;2;1;2;NA;1;6;;1;2;1;3;3;2;1;1;1;1;2;2;1;Poissons;;2;2;2;1;2;2;2;4;1;3;1;2;2;2;0;0;2;2;0;2;NA;NA;NA;NA;NA;NA;NA;NA;2;2;2;2;;2;1;2;2;1;2;2;;1;2;1;2;2;2;2;2;2;2;;2;Sans Objet;1;1;3;0;2;1;1;1;2;cave et garage;1;1;160;6;Sans Objet;1;3;Sans Objet;1;1;1;1;3;SEJ1;2;2;1;1;2;2;Sans Objet;CHB1;2;1;2;2;2;2;Sans Objet;12;250;70;300;3;1;4;1;3;3;1;1;3;1;3;3;1;1;3;3;4
LOG307;75751,23762;284;93;0;2021-juin;2021-juin;93;Provence-Alpes-Côte d'Azur;83;Var;1;4;4;0;0;2;3;1;7;2;NA;1;NA;NA;2;2;2;1;2;2;2;;2;NA;;1;1;;3;NA;;3;NA;;3;NA;;4;NA;NA;NA;1;2;1;2;2;1;2;2;2;2;2;2;2;;3;6;;2;2;2;2;1;2;2;2;2;2;;2;2;2;2;2;2;2;2;1;Climatisation réversible;2;1;2;1;2;NA;1;6;;1;3;1;5;2;2;1;1;2;1;2;2;2;;;1;NA;NA;NA;NA;2;1;4;1;3;1;1;2;2;0;0;2;2;0;2;NA;NA;NA;NA;NA;NA;NA;NA;NA;NA;NA;NA;;1;1;1;2;2;2;1;ZONE COMMERCIALE, Voie de circulation;2;NA;NA;NA;NA;NA;NA;NA;NA;NA;;2;Sans Objet;0;1;3;0;1;1;0;0;2;garage attenant, couloir;2;1;90;5;Sans Objet;Sans Objet;5;Sans Objet;2;Sans Objet;1;2;3;CUS1;1;2;2;1;2;2;Sans Objet;CHB1;2;1;2;2;2;2;Sans Objet;12;250;50;240;1;3;Sans Objet;Sans Objet;3;3;3;3;3;3;3;3;3;1;4;4;3
LOG308;5321,412535;260;93;0;2022-septembre;2022-octobre;32;Hauts-de-France;60;Oise;1;8;5;2;0;2;3;1;4;NA;NA;2;NA;2014;2;2;1;2;2;2;2;;2;NA;;2;1;;2;6;Egout;1;1;;3;NA;;2;1;1;1;2;NA;NA;NA;NA;NA;NA;NA;NA;NA;NA;NA;NA;;3;6;;NA;NA;NA;NA;NA;NA;NA;NA;1;NA;;2;2;2;2;2;1;2;2;2;;3;2;2;1;2;NA;1;6;;1;3;1;1;1;1;1;1;2;1;2;2;2;;;2;2;2;1;2;2;2;5;3;3;1;1;2;2;0;0;2;2;0;2;NA;NA;NA;NA;NA;NA;NA;NA;NA;NA;NA;NA;;1;1;2;2;2;2;1;Pompe de levage des egouts;2;NA;NA;NA;NA;NA;NA;NA;NA;NA;;2;Sans Objet;0;2;4;2;4;1;1;0;0;Sans Objet;2;3;200;8;Sans Objet;Sans Objet;5;Sans Objet;1;2;1;2;3;CUS1;1;2;2;1;1;2;Sans Objet;CHB1;2;1;2;2;2;2;Sans Objet;15;220;60;250;3;1;2;1;3;3;3;3;3;3;3;4;4;1;4;4;4
LOG309;41147,93414;24;11;0;2021-octobre;2021-octobre;11;Île-de-France;77;Seine-et-Marne;1;8;7;1;0;2;2;1;1;NA;NA;2;3;1984;2;2;2;2;1;2;2;;2;NA;;3;NA;;3;NA;;2;2;;3;NA;;1;2;2;2;2;NA;NA;NA;NA;NA;NA;NA;NA;NA;NA;NA;NA;;2;3;;2;2;2;2;1;1;2;2;2;2;;1;2;2;2;2;2;2;2;2;;1;3;3;NA;1;NA;1;3;;1;3;1;4;2;1;1;1;2;1;2;2;2;;;2;2;2;1;2;2;2;2;0;2;2;2;2;2;0;0;2;2;0;1;NA;NA;NA;NA;NA;NA;NA;NA;NA;NA;NA;NA;;2;2;NA;NA;NA;NA;NA;;2;NA;NA;NA;NA;NA;NA;NA;NA;NA;;2;Sans Objet;1;2;3;1;1;2;1;0;6;entrée/ dressing / couloir / palier / débarras / cave;1;1;110;6;Sans Objet;2;3;Sans Objet;1;1;2;Sans Objet;Sans Objet;SEJ1;1;2;2;2;2;2;Sans Objet;CHB1;2;1;2;2;2;2;Sans Objet;20;394;24,795;240;3;3;Sans Objet;Sans Objet;3;3;3;3;3;3;3;3;3;3;3;3;4
LOG310;36577,07447;49;11;0;2021-juillet;2021-juillet;11;Île-de-France;94;Val-de-Marne;2;2;3;4;2;2;2;1;6;NA;NA;2;1;2017;NA;NA;NA;NA;NA;NA;1;;2;NA;;3;NA;;3;NA;;3;NA;;3;NA;;4;NA;NA;NA;2;NA;NA;NA;NA;NA;NA;NA;NA;NA;NA;NA;NA;;1;9;;NA;NA;NA;NA;NA;NA;NA;NA;NA;NA;;1;2;2;2;2;2;2;2;2;;3;3;3;NA;2;NA;1;8;;1;3;1;3;3;1;1;2;NA;NA;NA;NA;NA;;;1;NA;NA;NA;NA;2;2;1;0;1;1;2;2;2;0;0;2;1;0;2;NA;NA;NA;NA;NA;NA;NA;NA;NA;NA;NA;NA;;1;1;2;1;2;2;1;train RER A + jardinier paysagiste + imprimeur;2;NA;NA;NA;NA;NA;NA;NA;NA;NA;;2;Sans Objet;0;1;1;0;1;1;0;0;1;dressing;2;1;43;1;Sans Objet;Sans Objet;1;Sans Objet;1;2;2;Sans Objet;Sans Objet;CUS1;1;2;2;1;2;2;Sans Objet;CHB1;2;1;2;2;2;2;Sans Objet;8,4;250;28;250;3;1;2;1;1;3;3;3;3;3;3;3;3;3;3;4;4
LOG311;103214,0137;32;11;0;2021-janvier;2021-janvier;11;Île-de-France;91;Essonne;2;3;3;2;0;1;2;1;4;NA;NA;2;1;2008;2;2;1;2;2;2;2;;2;NA;;3;NA;;2;6;Chaudière de l'immeuble;2;1;;3;NA;;1;2;2;3;2;NA;NA;NA;NA;NA;NA;NA;NA;NA;NA;NA;NA;;1;3;;2;2;1;2;2;2;2;2;2;2;;1;2;2;2;2;2;2;2;2;;3;3;3;NA;2;NA;1;6;;1;3;1;3;2;1;1;2;NA;NA;NA;NA;NA;;;2;2;2;1;2;2;2;2;0;2;2;2;2;2;1;0;2;1;0;1;NA;NA;NA;NA;NA;NA;NA;NA;NA;NA;NA;NA;;2;2;NA;NA;NA;NA;NA;;1;1;2;2;2;2;2;1;2;2;;2;Sans Objet;1;1;2;0;1;1;0;0;2;couloir et dressing;1;1;73;6;Sans Objet;4;1;Sans Objet;1;2;2;Sans Objet;Sans Objet;SEJ1;2;1;2;1;2;1;COIN PEINTURE;CHB2;2;1;2;2;2;2;Sans Objet;11;252;31;251;3;3;Sans Objet;Sans Objet;3;1;1;3;3;3;3;4;3;1;3;4;4
LOG312;64928,3605;24;11;0;2021-mai;2021-mai;11;Île-de-France;77;Seine-et-Marne;1;6;5;1;0;2;2;1;6;NA;NA;2;7;2012;2;2;2;1;2;1;2;Bloc type maison phoenix;2;NA;;3;NA;;3;NA;;3;NA;;3;NA;;2;1;2;2;2;NA;NA;NA;NA;NA;NA;NA;NA;NA;NA;NA;NA;;2;1;;2;2;2;2;2;1;2;2;2;2;;1;2;2;2;2;2;2;2;2;;3;3;2;2;1;NA;1;6;;1;3;1;4;2;1;1;1;2;1;2;2;2;;;1;NA;NA;NA;NA;2;2;5;3;3;1;2;2;2;0;0;2;2;0;2;0;0;0;0;2;2;2;2;2;2;2;2;;1;1;2;2;1;2;2;;1;1;2;2;1;2;2;2;2;2;;2;Sans Objet;0;1;4;1;2;1;0;0;2;2 couloirs;2;1;160;5;Sans Objet;Sans Objet;3;Sans Objet;2;Sans Objet;2;Sans Objet;Sans Objet;CUS1;1;2;2;1;2;1;BAR ET ATELIER DE PEINTURE;CHB1;2;1;2;2;2;2;Sans Objet;14;267;65,6;252;1;3;Sans Objet;Sans Objet;3;3;1;1;3;3;1;3;3;1;3;4;4
LOG313;25355,70311;48;11;0;2021-mars;2021-mars;11;Île-de-France;94;Val-de-Marne;2;4;2;9;7;2;1;1;7;NA;NA;1;NA;NA;2;2;1;2;2;2;2;;1;6;Médecin;3;NA;;3;NA;;3;NA;;3;NA;;1;1;2;2;1;2;1;2;2;2;2;2;2;2;2;2;2;;1;7;;NA;NA;NA;NA;NA;NA;NA;NA;1;NA;;1;2;2;2;2;2;2;2;2;;3;3;3;NA;2;NA;1;7;CPCU + Chaudière;1;3;1;3;1;1;1;2;NA;NA;NA;NA;NA;;;1;NA;NA;NA;NA;2;2;3;1;3;1;2;2;2;0;0;2;2;0;1;NA;NA;NA;NA;NA;NA;NA;NA;NA;NA;NA;NA;;1;2;NA;NA;NA;NA;NA;;2;NA;NA;NA;NA;NA;NA;NA;NA;NA;;2;Sans Objet;0;1;2;0;1;1;0;0;1;débarras;2;3;86;1;Sans Objet;Sans Objet;1;Sans Objet;1;2;2;Sans Objet;Sans Objet;CUS1;1;2;1;1;2;2;Sans Objet;CHB1;2;1;2;2;2;2;Sans Objet;11,45;250;39;250;3;1;3;2;3;3;1;1;3;3;3;4;3;3;4;4;4
LOG314;21272,8594;35;11;0;2021-janvier;2021-janvier;11;Île-de-France;91;Essonne;1;7;3;1;0;2;2;1;3;NA;NA;2;3;2014;2;2;2;2;1;2;2;;2;NA;;3;NA;;3;NA;;1;1;;1;1;;1;1;2;1;1;2;1;2;2;1;2;2;2;2;2;2;2;;2;3;;2;2;2;2;1;2;2;2;2;2;;1;2;2;2;2;2;2;2;2;;2;3;3;NA;1;NA;1;3;;1;3;1;1;1;1;3;1;2;1;2;2;2;;;2;2;2;1;2;2;2;4;1;3;1;2;2;2;0;0;2;2;0;1;NA;NA;NA;NA;NA;NA;NA;NA;NA;NA;NA;NA;;1;1;2;2;2;2;1;Nationale 118 à l'arrière du jardin + Terminaux de bus de ville;1;2;2;2;2;2;2;2;1;2;Potager partagé;2;Sans Objet;1;1;5;0;1;2;0;0;0;Sans Objet;1;1;128;7;Sans Objet;2;3;Sans Objet;1;2;1;2;3;SEJ1;2;2;2;1;2;2;Sans Objet;CHB1;2;1;2;2;2;2;Sans Objet;12;268;43;280;3;1;4;1;3;3;3;1;3;3;3;3;3;3;3;3;3
LOG315;29870,35373;48;11;1;2021-mai;2021-juin;11;Île-de-France;77;Seine-et-Marne;2;4;6;9;8;1;1;1;6;NA;NA;2;3;2021;2;2;1;1;2;2;2;;1;6;Boucherie, banque, pharmacie, alimentaire;1;5;Chantiers;1;1;;2;1;;3;NA;;5;NA;NA;NA;1;2;2;2;2;2;2;2;2;2;2;2;1;Enduit et peinture;1;9;;NA;NA;NA;NA;NA;NA;NA;NA;NA;NA;;1;2;2;2;2;2;2;2;2;;3;3;3;NA;2;NA;1;8;;1;3;2;NA;1;1;1;2;NA;NA;NA;NA;NA;;;1;NA;NA;NA;NA;2;2;2;0;1;1;2;2;2;1;0;2;1;0;2;NA;NA;NA;NA;NA;NA;NA;NA;NA;NA;NA;NA;;1;1;2;1;1;2;1;ROUTE NATIONALE;1;1;2;2;1;2;2;2;2;2;;2;Sans Objet;1;1;2;0;1;1;0;0;4;entree, debarras, cellier, couloir;1;2;68;1;Sans Objet;Sans Objet;1;Sans Objet;1;2;2;Sans Objet;Sans Objet;SEJ1;2;1;2;1;2;2;Sans Objet;CHB2;2;1;2;2;2;2;Sans Objet;11,25;248;13;251;3;3;Sans Objet;Sans Objet;3;3;1;1;3;3;3;4;3;3;3;3;4
LOG316;20591,50371;32;11;0;2021-avril;2021-avril;11;Île-de-France;91;Essonne;1;5;5;2;0;2;3;1;7;NA;NA;1;NA;NA;2;1;2;2;2;2;2;;2;NA;;3;NA;;3;NA;;3;NA;;3;NA;;1;1;2;2;1;2;2;2;2;2;1;2;2;2;2;2;1;Transformation d'une pièce du sous-sol en pièce habitable (bureau);2;3;;2;2;2;2;1;1;2;2;2;2;;1;1;2;2;2;2;2;2;2;;1;1;2;1;1;NA;1;3;;1;3;1;4;1;1;1;1;2;1;2;2;2;;;2;2;2;1;2;2;3;4;1;3;1;2;2;2;0;0;2;2;0;1;NA;NA;NA;NA;NA;NA;NA;NA;NA;NA;NA;NA;;1;1;2;2;2;2;1;GARE TRANSILIEN + GARAGES AUTOMOBILES;2;NA;NA;NA;NA;NA;NA;NA;NA;NA;;2;Sans Objet;1;1;3;0;2;1;1;1;0;Sans Objet;1;2;135;8;Sans Objet;Sans Objet;5;Sans Objet;1;1;1;1;3;SEJ1;2;2;1;1;2;2;Sans Objet;CHB1;2;1;1;2;2;2;Sans Objet;17;209;30,3;251;3;1;4;2;3;3;1;1;1;1;3;3;3;1;4;3;4
LOG317;178973,9146;32;11;0;2021-avril;2021-avril;11;Île-de-France;91;Essonne;2;2;3;2;0;2;2;2;3;NA;NA;1;NA;NA;NA;NA;NA;NA;NA;NA;1;;2;NA;;3;NA;;2;1;;2;1;;3;NA;;3;1;1;3;2;NA;NA;NA;NA;NA;NA;NA;NA;NA;NA;NA;NA;;2;3;;2;2;2;2;1;2;2;2;2;2;;1;2;2;2;2;2;2;2;2;;1;3;3;NA;2;NA;1;3;;1;3;2;NA;1;1;1;2;NA;NA;NA;NA;NA;;Anti moisissures;1;NA;NA;NA;NA;4;1;3;1;3;1;2;2;2;2;0;2;0;1;1;NA;NA;NA;NA;NA;NA;NA;NA;NA;NA;NA;NA;;1;1;2;2;2;2;1;Circulation routière;2;NA;NA;NA;NA;NA;NA;NA;NA;NA;;2;Sans Objet;1;1;1;0;1;1;0;0;0;Sans Objet;1;1;43;6;Sans Objet;2;1;Sans Objet;1;2;2;Sans Objet;Sans Objet;SEJ1;2;1;1;1;2;2;Sans Objet;CHB1;2;1;2;2;2;2;Sans Objet;10;249;19;249;3;3;Sans Objet;Sans Objet;3;3;3;3;1;3;3;4;3;3;3;4;4
LOG318;43695,78256;51;11;0;2021-février;2021-mars;11;Île-de-France;94;Val-de-Marne;1;7;2;1;0;2;2;1;7;NA;NA;2;9;2014;NA;NA;NA;NA;NA;NA;1;;2;NA;;3;NA;;2;5;;3;NA;;3;NA;;4;NA;NA;NA;1;2;1;2;2;2;2;2;2;2;2;2;2;;2;3;;NA;NA;NA;NA;NA;NA;NA;NA;1;NA;;1;2;2;2;2;2;2;2;2;;2;3;3;NA;2;NA;1;3;;1;3;1;2;1;1;1;2;NA;NA;NA;NA;NA;;;1;NA;NA;NA;NA;2;2;4;2;3;1;2;2;2;0;0;2;2;0;1;NA;NA;NA;NA;NA;NA;NA;NA;NA;NA;NA;NA;;1;1;2;2;1;2;2;;1;1;2;2;1;1;1;2;2;2;;2;Sans Objet;1;1;3;0;1;1;0;0;2;salle de jeux et dressing;1;2;125;8;Sans Objet;Sans Objet;3;Sans Objet;2;Sans Objet;1;1;3;SEJ1;2;2;2;1;2;2;Sans Objet;CHB1;2;1;2;2;2;2;Sans Objet;11;227;28;248;3;1;4;1;3;1;2;1;3;3;3;3;3;1;1;1;3
LOG319;21382,07555;34;11;0;2021-mai;2021-mai;11;Île-de-France;91;Essonne;1;6;3;1;0;2;2;1;3;NA;NA;2;6;1990;2;1;2;2;2;2;2;;2;NA;;3;NA;;3;NA;;1;1;;3;NA;;2;1;2;1;1;2;1;2;2;1;2;2;2;2;1;1;2;;2;1;;2;2;2;2;2;1;2;2;2;2;;1;2;2;2;2;2;2;2;2;;3;3;3;NA;1;NA;1;6;;1;3;1;1;3;1;1;1;2;1;2;2;2;;;2;2;2;1;2;2;2;2;0;2;1;2;2;2;0;0;2;2;0;1;NA;NA;NA;NA;NA;NA;NA;NA;NA;NA;NA;NA;;1;2;NA;NA;NA;NA;NA;;2;NA;NA;NA;NA;NA;NA;NA;NA;NA;;2;Sans Objet;0;1;3;1;2;1;0;0;1;autre (grande pièce de rangement, avec siège, et aussi livres);1;1;170;5;Sans Objet;Sans Objet;5;Sans Objet;1;2;1;2;3;CUS1;1;2;2;1;2;2;Sans Objet;CHB1;2;1;2;2;2;2;Sans Objet;9,6;263;51;258;3;1;4;1;3;3;1;3;3;1;3;3;3;3;3;3;3
LOG320;22085,18887;51;11;0;2021-février;2021-février;11;Île-de-France;94;Val-de-Marne;1;6;4;2;0;2;2;1;7;NA;NA;2;11;1984;2;2;2;1;2;2;2;;2;NA;;3;NA;;3;NA;;3;NA;;3;NA;;3;1;2;1;1;2;1;2;2;2;1;1;1;1;2;2;2;;2;3;;2;2;2;2;2;1;2;2;2;2;;1;2;2;2;2;2;2;1;2;;3;3;3;NA;2;NA;1;3;;1;3;1;4;1;1;1;1;1;1;2;2;2;;;1;NA;NA;NA;NA;2;3;2;0;1;2;1;2;2;0;0;2;1;0;1;NA;NA;NA;NA;NA;NA;NA;NA;NA;NA;NA;NA;;2;2;NA;NA;NA;NA;NA;;2;NA;NA;NA;NA;NA;NA;NA;NA;NA;;2;Sans Objet;1;1;4;1;2;1;0;0;1;palier;1;1;138;11;Sans Objet;Sans Objet;5;Sans Objet;2;Sans Objet;1;1;3;SEJ1;1;2;2;2;2;2;Sans Objet;CHB1;2;1;2;2;2;2;Sans Objet;12,2;251;32;252;NA;NA;Sans Objet;Sans Objet;NA;NA;NA;NA;NA;NA;NA;NA;NA;NA;NA;NA;NA
LOG321;82321,47549;48;11;0;2021-avril;2021-mai;11;Île-de-France;94;Val-de-Marne;2;5;4;4;1;1;1;1;7;NA;NA;2;NA;2006;NA;NA;NA;NA;NA;NA;1;;2;NA;;3;NA;;3;NA;;3;NA;;3;NA;;4;NA;NA;NA;2;NA;NA;NA;NA;NA;NA;NA;NA;NA;NA;NA;NA;;3;6;;NA;NA;NA;NA;NA;NA;NA;NA;1;NA;;2;1;2;2;2;2;2;2;2;;3;3;3;NA;2;NA;1;6;;1;3;1;3;1;1;1;2;NA;NA;NA;NA;NA;;;1;NA;NA;NA;NA;2;2;2;0;2;2;2;2;2;0;0;2;2;0;1;NA;NA;NA;NA;NA;NA;NA;NA;NA;NA;NA;NA;;1;1;2;2;2;2;1;Magasin LeroyMerlin;1;2;2;2;2;2;2;1;2;2;;2;Sans Objet;1;1;1;2;2;1;0;0;1;couloir;1;1;98;1;Sans Objet;Sans Objet;1;Sans Objet;1;2;1;2;1;SEJ1;2;2;2;1;2;2;Sans Objet;CHB1;2;1;2;2;2;1;Repassage;12;250;25;252;3;3;Sans Objet;Sans Objet;3;3;3;3;3;3;3;4;3;1;3;4;4
LOG322;319091,1588;22;11;0;2021-octobre;2021-octobre;11;Île-de-France;77;Seine-et-Marne;2;1;2;2;1;1;2;2;7;NA;NA;2;9;2016;NA;NA;NA;NA;NA;NA;1;;1;1;;3;NA;;1;2;;2;1;;3;NA;;4;NA;NA;NA;1;1;2;2;2;2;2;2;2;2;2;2;2;;3;6;;NA;NA;NA;NA;NA;NA;NA;NA;1;NA;;2;1;2;2;2;2;2;2;2;;3;3;3;NA;2;NA;1;6;;1;3;1;3;1;3;1;2;NA;NA;NA;NA;NA;;;1;NA;NA;NA;NA;2;2;2;0;5;1;2;2;2;0;0;2;2;0;1;0;0;0;0;0;0;1;1;2;2;2;2;;1;2;NA;NA;NA;NA;NA;;2;NA;NA;NA;NA;NA;NA;NA;NA;NA;;2;Sans Objet;0;1;1;0;1;0;0;0;0;Sans Objet;2;3;24;1;Sans Objet;Sans Objet;1;Sans Objet;2;Sans Objet;2;Sans Objet;Sans Objet;CUS1;1;2;2;1;2;2;Sans Objet;CHB1;1;2;2;1;2;2;Sans Objet;9,75;254;9,82;254;3;3;Sans Objet;Sans Objet;3;3;3;3;3;3;3;4;3;3;3;4;3
LOG323;52334,26037;11;11;0;2021-janvier;2021-février;11;Île-de-France;94;Val-de-Marne;1;7;3;1;0;2;2;1;2;NA;NA;2;NA;2020;2;2;2;2;1;2;2;;2;NA;;3;NA;;2;4;;3;NA;;3;NA;;4;NA;NA;NA;1;1;1;2;2;2;2;2;2;2;2;2;2;;2;3;;2;2;2;2;2;1;2;2;2;2;;1;2;2;2;2;2;2;2;2;;3;3;3;NA;1;NA;1;3;;1;3;1;1;1;1;1;2;NA;NA;NA;NA;NA;;;2;2;2;1;2;2;2;3;0;3;2;2;2;2;0;0;2;1;0;1;NA;NA;NA;NA;NA;NA;NA;NA;NA;NA;NA;NA;;2;2;NA;NA;NA;NA;NA;;1;2;2;2;2;2;2;1;2;2;;2;Sans Objet;1;1;4;1;2;1;0;0;0;Sans Objet;1;2;120;6;Sans Objet;1;3;Sans Objet;1;2;2;Sans Objet;Sans Objet;SEJ1;2;2;2;1;2;2;Sans Objet;CHB1;2;1;2;2;2;2;Sans Objet;13;255;32;278;3;3;Sans Objet;Sans Objet;3;3;3;3;3;3;3;3;3;3;4;4;4
LOG324;27921,94763;50;11;0;2021-avril;2021-avril;11;Île-de-France;94;Val-de-Marne;2;6;1;4;0;2;1;1;3;NA;NA;2;NA;1932;2;1;2;2;2;2;2;;2;NA;;3;NA;;3;NA;;3;NA;;3;NA;;2;1;2;2;1;1;1;2;2;2;2;2;2;2;2;2;2;;2;3;;2;2;2;2;2;1;2;2;2;2;;1;1;2;2;2;2;2;2;2;;2;3;3;NA;1;NA;1;3;;1;3;1;1;1;1;1;1;1;2;2;2;2;;;1;NA;NA;NA;NA;2;2;2;1;4;1;1;2;2;0;0;2;1;0;1;NA;NA;NA;NA;NA;NA;NA;NA;NA;NA;NA;NA;;2;2;NA;NA;NA;NA;NA;;1;2;2;2;2;2;2;1;2;2;;2;Sans Objet;1;1;2;1;2;0;0;0;0;Sans Objet;1;2;100;8;Sans Objet;Sans Objet;1;Sans Objet;1;1;2;Sans Objet;Sans Objet;SEJ1;2;2;1;1;2;2;Sans Objet;CHB1;2;1;2;2;2;2;Sans Objet;19,8;210,3;25,547;289,4;3;1;4;1;1;3;3;1;3;3;3;3;3;3;4;3;4
LOG325;10388,65301;48;11;0;2021-avril;2021-avril;11;Île-de-France;94;Val-de-Marne;2;5;3;5;1;2;1;1;12;2;NA;1;NA;NA;2;2;1;2;2;2;2;;1;6;Grande distribution;1;4;;3;NA;;1;3;;1;3;;4;NA;NA;NA;1;2;2;2;2;2;2;2;2;2;2;2;1;Remplacement porte d'entrée;1;8;Géothermie;2;2;2;2;2;1;2;2;2;2;;1;2;2;2;2;2;2;2;1;Climatisation réversible;3;3;1;1;2;NA;1;7;Géothermie;1;3;1;1;1;1;1;1;2;2;2;1;1;Poissons, lapin;;2;2;2;1;2;2;2;5;3;3;1;2;2;2;0;0;2;2;0;1;0;0;0;0;3;3;3;1;2;2;2;2;;1;1;2;1;2;2;1;usine pharmaceutique, entrepôts, EDF;1;2;2;2;2;2;2;1;2;2;;2;Sans Objet;1;1;3;0;2;1;0;0;0;Sans Objet;1;1;91;4;Sans Objet;Sans Objet;5;Sans Objet;2;Sans Objet;2;Sans Objet;Sans Objet;SEJ1;2;2;1;1;2;2;Sans Objet;CHB1;2;1;2;2;2;2;Sans Objet;9;250;38;416;3;1;3;1;1;3;3;2;3;3;3;1;3;3;4;4;4
LOG326;53213,80945;34;11;0;2021-février;2021-mars;11;Île-de-France;91;Essonne;1;5;2;1;0;2;2;1;3;NA;NA;2;8;2016;2;2;2;1;1;2;2;;2;NA;;3;NA;;3;NA;;3;NA;;3;NA;;1;2;2;1;2;NA;NA;NA;NA;NA;NA;NA;NA;NA;NA;NA;NA;;2;3;;2;2;2;2;1;2;2;2;2;2;;1;2;2;2;2;2;2;2;2;;3;1;3;NA;1;NA;1;3;;1;3;1;2;1;1;1;2;NA;NA;NA;NA;NA;;;2;2;2;1;2;2;2;3;1;3;1;2;2;2;0;0;2;2;0;1;NA;NA;NA;NA;NA;NA;NA;NA;NA;NA;NA;NA;;2;2;NA;NA;NA;NA;NA;;2;NA;NA;NA;NA;NA;NA;NA;NA;NA;;2;Sans Objet;0;1;2;1;2;0;0;0;1;dressing;2;2;110;8;Sans Objet;Sans Objet;5;Sans Objet;1;1;2;Sans Objet;Sans Objet;CUS1;1;2;2;2;2;2;Sans Objet;CHB1;2;1;2;2;2;2;Sans Objet;9,06;271,3;27,346;315,9;3;1;4;1;3;3;3;1;3;3;3;3;3;3;4;4;4
LOG327;82030,54988;35;11;0;2021-janvier;2021-février;11;Île-de-France;91;Essonne;2;1;1;0;0;3;2;1;5;NA;NA;2;NA;2011;2;2;2;2;2;1;2;Carreaux de plâtre;2;NA;;3;NA;;1;4;;1;1;;3;NA;;2;2;2;1;1;2;2;2;2;2;2;2;1;2;1;2;1;Pose de parquets et modification des cloisons;3;6;;NA;NA;NA;NA;NA;NA;NA;NA;1;NA;;2;2;2;1;2;2;2;2;2;;3;3;3;NA;1;NA;1;3;;1;2;2;NA;2;1;1;2;NA;NA;NA;NA;NA;;Déshumidificateur;2;2;2;1;2;2;2;1;0;1;1;2;1;NA;NA;NA;2;1;0;1;NA;NA;NA;NA;NA;NA;NA;NA;NA;NA;NA;NA;;1;2;NA;NA;NA;NA;NA;;1;2;2;2;2;2;2;1;2;2;;1;1;0;1;0;0;1;0;0;0;0;Sans Objet;2;2;37;7;Sans Objet;Sans Objet;3;Sans Objet;2;Sans Objet;2;Sans Objet;Sans Objet;STUD;Sans Objet;Sans Objet;Sans Objet;Sans Objet;Sans Objet;Sans Objet;Sans Objet;STUD;1;1;1;1;2;2;Sans Objet;34;246;34;246;3;1;2;1;3;3;1;1;3;3;3;4;4;1;4;3;4
LOG328;34947,63015;31;11;0;2021-janvier;2021-janvier;11;Île-de-France;91;Essonne;1;6;5;1;0;2;3;1;11;1;2009;2;3;2010;2;2;2;1;2;2;2;;1;6;Garde d'enfants;3;NA;;3;NA;;3;NA;;3;NA;;2;2;1;1;1;2;1;2;2;2;2;2;2;2;2;2;2;;2;6;;2;2;2;2;1;2;2;2;2;2;;1;2;1;2;2;2;2;1;2;;3;1;3;NA;1;NA;1;6;;1;3;1;2;2;1;1;1;2;1;2;2;2;;;2;2;2;1;2;2;2;4;2;3;1;2;2;2;0;0;2;2;0;1;NA;NA;NA;NA;NA;NA;NA;NA;NA;NA;NA;NA;;1;1;2;2;1;2;1;FOSSE TOUTES EAUX INDIVIDUELLE;1;1;2;2;1;2;2;2;1;2;Thym;2;Sans Objet;0;1;4;0;2;2;0;0;2;salle de jeux + dressing;2;2;150;7;Sans Objet;1;5;Sans Objet;1;1;1;1;1;CUS1;1;2;2;1;2;1;pièces des enfants (assistante maternelle);CHB1;2;1;2;2;2;2;Sans Objet;11;232;57;243;3;3;Sans Objet;Sans Objet;3;1;1;3;3;3;3;3;1;1;4;4;4
LOG329;28555,97;49;11;0;2021-février;2021-février;11;Île-de-France;94;Val-de-Marne;1;8;7;1;0;2;2;1;10;1;2004;2;6;2004;2;2;2;1;2;2;2;;1;6;Expertise comptable;3;NA;;3;NA;;2;7;Ecole;3;NA;;4;NA;NA;NA;2;NA;NA;NA;NA;NA;NA;NA;NA;NA;NA;NA;NA;;2;3;;NA;NA;NA;NA;NA;NA;NA;NA;1;NA;;2;2;1;2;2;2;2;2;2;;3;3;3;NA;1;NA;1;3;;1;3;1;4;2;1;1;2;NA;NA;NA;NA;NA;;;1;NA;NA;NA;NA;2;2;2;0;2;1;2;2;2;0;0;2;2;0;1;NA;NA;NA;NA;NA;NA;NA;NA;NA;NA;NA;NA;;2;2;NA;NA;NA;NA;NA;;1;2;2;2;2;2;2;1;2;2;;2;Sans Objet;1;1;4;1;2;2;1;0;3;2 pièces de dressing et 1 salle de jeux/cinéma/sport;1;2;250;7;Sans Objet;1;4;Sans Objet;1;1;2;Sans Objet;Sans Objet;SEJ1;2;2;2;1;2;2;Sans Objet;CHB1;2;1;2;2;2;2;Sans Objet;17;255;47;266;3;1;3;1;3;3;3;1;3;3;3;4;3;3;4;3;4
LOG330;55675,54498;49;11;0;2021-février;2021-février;11;Île-de-France;94;Val-de-Marne;1;4;3;3;0;2;2;1;3;NA;NA;2;8;2005;2;1;1;2;2;2;2;;2;NA;;3;NA;;3;NA;;3;NA;;3;NA;;3;2;2;1;1;2;1;2;2;1;2;1;1;1;1;1;1;Création d'une extension, modification des murs porteurs et création d'escalier;2;3;;NA;NA;NA;NA;NA;NA;NA;NA;1;NA;;1;2;2;2;2;2;2;2;2;;2;3;3;NA;1;NA;1;3;;1;3;2;NA;2;1;1;2;NA;NA;NA;NA;NA;;;2;2;2;1;2;2;2;4;0;3;1;2;2;2;0;0;2;2;0;1;NA;NA;NA;NA;NA;NA;NA;NA;NA;NA;NA;NA;;1;2;NA;NA;NA;NA;NA;;2;NA;NA;NA;NA;NA;NA;NA;NA;NA;;2;Sans Objet;0;1;3;0;1;2;0;0;0;Sans Objet;2;1;118;6;Sans Objet;1;5;Sans Objet;1;1;2;Sans Objet;Sans Objet;CUS1;1;2;2;1;2;2;Sans Objet;CHB1;2;1;2;2;2;2;Sans Objet;14;260;57;295;3;1;4;1;3;3;3;3;3;1;1;4;3;3;3;4;4
LOG331;48494,96134;31;11;0;2021-mars;2021-mars;11;Île-de-France;91;Essonne;1;7;4;3;0;2;2;1;1;NA;NA;2;7;2015;2;2;2;2;1;2;2;;2;NA;;3;NA;;3;NA;;3;NA;;3;NA;;1;2;1;2;1;1;1;2;1;1;2;2;2;2;2;1;1;Pose de syporex et travaux sur escaliers;2;3;;2;2;2;2;1;2;2;2;2;2;;1;2;2;2;2;2;2;2;2;;1;1;3;NA;2;NA;1;3;;1;3;1;4;2;1;1;1;2;1;2;2;2;;;1;NA;NA;NA;NA;2;2;2;0;4;1;2;2;2;0;0;2;1;0;1;NA;NA;NA;NA;NA;NA;NA;NA;NA;NA;NA;NA;;1;2;NA;NA;NA;NA;NA;;2;NA;NA;NA;NA;NA;NA;NA;NA;NA;;2;Sans Objet;0;2;5;0;2;2;0;0;0;Sans Objet;2;1;180;8;Sans Objet;Sans Objet;4;Sans Objet;1;1;1;2;3;CUS1;1;2;2;1;2;2;Sans Objet;CHB1;2;1;1;2;2;2;Sans Objet;11;180;51;252;3;3;Sans Objet;Sans Objet;3;3;3;3;3;3;3;3;3;1;3;3;4
LOG332;8422,42463;49;11;0;2021-mars;2021-mars;11;Île-de-France;94;Val-de-Marne;1;9;6;3;0;2;2;1;2;NA;NA;1;NA;NA;2;2;2;2;1;2;2;;2;NA;;3;NA;;3;NA;;3;NA;;3;NA;;2;1;1;1;1;2;1;2;2;2;2;2;1;2;2;2;2;;2;5;;2;2;1;2;2;2;2;2;2;2;;1;2;2;2;2;2;2;1;2;;3;1;3;NA;4;NA;1;3;;1;3;1;1;1;1;1;1;2;2;2;1;2;;;2;2;2;1;2;4;2;6;1;3;1;2;2;2;0;0;2;2;0;1;NA;NA;NA;NA;NA;NA;NA;NA;NA;NA;NA;NA;;1;1;2;2;2;2;1;ligne de chemin de fer (RER);2;NA;NA;NA;NA;NA;NA;NA;NA;NA;;2;Sans Objet;0;1;6;1;3;3;1;0;0;Sans Objet;2;1;180;6;Sans Objet;2;5;Sans Objet;1;2;2;Sans Objet;Sans Objet;CUS1;1;2;1;1;2;2;Sans Objet;CHB1;2;1;2;2;2;2;Sans Objet;11;391;47;419;3;1;4;2;3;1;1;1;3;3;3;3;3;3;4;3;4
LOG333;121313,5032;14;11;0;2021-avril;2021-avril;11;Île-de-France;94;Val-de-Marne;2;3;2;3;1;2;2;2;12;1;2018;2;2;2018;2;2;1;2;2;2;2;;2;NA;;3;NA;;3;NA;;3;NA;;3;NA;;1;1;2;1;2;NA;NA;NA;NA;NA;NA;NA;NA;NA;NA;NA;NA;;1;3;;NA;NA;NA;NA;NA;NA;NA;NA;1;NA;;1;2;2;2;2;2;2;2;2;;3;3;3;NA;2;NA;1;3;;1;1;1;1;1;1;1;2;NA;NA;NA;NA;NA;;;1;NA;NA;NA;NA;2;2;1;0;1;1;1;2;2;1;0;2;1;0;2;NA;NA;NA;NA;NA;NA;NA;NA;NA;NA;NA;NA;;2;1;2;1;2;2;1;Nationale;2;NA;NA;NA;NA;NA;NA;NA;NA;NA;;2;Sans Objet;0;1;2;0;1;1;0;0;0;Sans Objet;2;1;80;3;Sans Objet;Sans Objet;1;Sans Objet;1;2;2;Sans Objet;Sans Objet;CUS1;1;2;2;1;2;2;Sans Objet;CHB1;2;1;1;2;2;2;Sans Objet;15,5;254;39;250;3;1;4;2;3;3;3;1;3;3;3;3;3;3;3;4;4
LOG334;7863,212789;50;11;0;2022-février;2022-mars;11;Île-de-France;94;Val-de-Marne;1;7;7;2;0;2;3;1;2;NA;NA;2;10;1990;2;1;2;2;1;2;2;;2;NA;;1;1;;1;1;;1;4;;2;1;;3;1;2;1;2;NA;NA;NA;NA;NA;NA;NA;NA;NA;NA;NA;NA;;2;3;;2;2;2;2;2;1;2;1;2;2;Radiateur bain d'huile;1;2;2;2;2;2;2;2;2;;2;3;2;1;2;NA;1;3;;1;1;1;4;3;1;1;1;2;2;2;2;1;Tortue;;1;NA;NA;NA;NA;2;2;2;0;2;2;1;2;2;0;0;2;2;2;1;NA;NA;NA;NA;NA;NA;NA;NA;NA;NA;NA;NA;;1;2;NA;NA;NA;NA;NA;;2;NA;NA;NA;NA;NA;NA;NA;NA;NA;;2;Sans Objet;1;1;3;1;2;2;0;0;4;cave, 2 palier, entree;1;2;137;6;Sans Objet;1;3;Sans Objet;1;1;2;Sans Objet;Sans Objet;SEJ1;2;2;2;1;2;2;Sans Objet;CHB1;2;1;2;2;2;2;Sans Objet;10,788;265,9;26,525;268,3;3;3;Sans Objet;Sans Objet;3;3;1;1;1;3;3;4;4;4;4;4;4
LOG335;13725,74151;45;11;1;2022-avril;2022-avril;11;Île-de-France;93;Seine-Saint-Denis;2;2;1;5;1;2;1;2;12;1;2014;2;5;2014;2;2;1;2;2;2;2;;2;NA;;1;4;;1;2;;1;1;;2;1;;4;NA;NA;NA;2;NA;NA;NA;NA;NA;NA;NA;NA;NA;NA;NA;NA;;1;5;;NA;NA;NA;NA;NA;NA;NA;NA;1;NA;;1;2;2;2;2;2;2;2;2;;3;3;3;NA;2;NA;1;5;;1;3;1;1;1;1;1;1;2;1;2;2;2;;;1;NA;NA;NA;NA;2;2;2;0;2;1;2;2;2;0;0;2;2;0;2;NA;NA;NA;NA;NA;NA;NA;NA;NA;NA;NA;NA;;2;1;2;2;2;2;1;présence d'un ferrailleur & d'un camp de Rome qui brulent des matériaux.;2;NA;NA;NA;NA;NA;NA;NA;NA;NA;;2;Sans Objet;0;1;1;0;1;0;0;0;0;Sans Objet;2;3;49;1;Sans Objet;Sans Objet;1;Sans Objet;2;Sans Objet;2;Sans Objet;Sans Objet;CUS1;1;2;1;1;2;2;Sans Objet;CHB1;2;1;2;2;2;2;Sans Objet;14;250;27;250;3;1;2;2;1;1;4;4;4;4;4;4;3;1;3;4;4
LOG336;24068,38046;56;11;0;2022-juin;2022-juillet;11;Île-de-France;95;Val-d'Oise;1;6;3;2;0;2;2;1;7;NA;NA;1;NA;NA;2;2;2;1;2;2;2;;2;NA;;3;NA;;3;NA;;2;2;;2;2;;3;2;2;1;1;2;1;2;2;1;2;1;2;2;1;2;2;;3;6;;NA;NA;NA;NA;NA;NA;NA;NA;1;NA;;2;2;2;1;2;2;2;2;2;;3;3;2;2;2;NA;1;6;;1;2;1;4;3;1;1;2;NA;NA;NA;NA;NA;;;2;2;2;1;2;2;3;4;0;3;1;2;2;2;0;0;2;2;0;2;NA;NA;NA;NA;NA;NA;NA;NA;NA;NA;NA;NA;;2;2;NA;NA;NA;NA;NA;;2;NA;NA;NA;NA;NA;NA;NA;NA;NA;;2;Sans Objet;0;1;3;2;5;0;1;0;1;pièce de rangement;2;1;200;5;Sans Objet;Sans Objet;5;Sans Objet;2;Sans Objet;2;Sans Objet;Sans Objet;CUS1;1;2;2;1;1;2;Sans Objet;CHB1;2;1;2;2;2;2;Sans Objet;21;238;48;240;3;1;3;2;3;3;1;3;3;3;3;4;3;3;3;3;3
LOG337;6246,839313;41;11;0;2022-novembre;2022-novembre;11;Île-de-France;93;Seine-Saint-Denis;1;7;4;2;0;2;2;1;1;NA;NA;2;NA;2016;2;2;2;2;1;2;2;;2;NA;;3;NA;;3;NA;;3;NA;;3;NA;;3;1;2;2;2;NA;NA;NA;NA;NA;NA;NA;NA;NA;NA;NA;NA;;2;3;;2;2;2;2;2;1;2;2;2;2;;1;2;2;2;2;2;2;2;2;;3;3;3;NA;2;NA;1;6;;1;2;2;NA;2;1;1;1;2;2;2;2;1;Poissons;;1;NA;NA;NA;NA;2;3;4;0;3;1;2;2;2;0;0;2;2;0;1;NA;NA;NA;NA;NA;NA;NA;NA;NA;NA;NA;NA;;2;1;2;2;2;2;1;travaux voisinage + gare à proximité;2;NA;NA;NA;NA;NA;NA;NA;NA;NA;;2;Sans Objet;1;2;3;1;2;1;0;0;1;cave;1;2;130;6;Sans Objet;1;5;Sans Objet;1;1;2;Sans Objet;Sans Objet;SEJ1;2;2;1;1;2;2;Sans Objet;CHB1;2;1;2;2;2;1;loisir : musique;20;160;25;270;3;1;2;1;3;3;3;1;3;3;3;1;1;3;1;4;3
LOG338;394885,8366;40;11;0;2022-décembre;2022-décembre;11;Île-de-France;93;Seine-Saint-Denis;2;2;3;5;1;1;2;2;5;NA;NA;2;8;2015;NA;NA;NA;NA;NA;NA;1;;2;NA;;3;NA;;3;NA;;2;5;;3;NA;;1;2;1;3;1;2;2;2;2;2;2;2;2;2;2;2;1;Pose de parquet;1;3;;NA;NA;NA;NA;NA;NA;NA;NA;1;NA;;2;2;1;2;2;2;2;2;2;;3;3;3;NA;2;NA;1;6;;1;1;1;3;1;1;1;2;NA;NA;NA;NA;NA;;;1;NA;NA;NA;NA;2;2;2;0;2;1;2;1;NA;NA;NA;2;2;0;1;NA;NA;NA;NA;NA;NA;NA;NA;NA;NA;NA;NA;;1;1;2;2;2;2;1;Autoroute;2;NA;NA;NA;NA;NA;NA;NA;NA;NA;;1;2;1;1;0;0;1;0;0;0;0;Sans Objet;Sans Objet;3;42;1;Sans Objet;Sans Objet;1;Sans Objet;1;2;2;Sans Objet;Sans Objet;STUD;Sans Objet;Sans Objet;Sans Objet;Sans Objet;Sans Objet;Sans Objet;Sans Objet;STUD;2;1;1;1;2;2;Sans Objet;30;245;30;245;3;1;2;1;3;3;3;3;3;3;3;4;3;3;4;4;4
LOG339;27919,37624;42;11;0;2022-avril;2022-avril;11;Île-de-France;93;Seine-Saint-Denis;2;4;4;2;0;1;2;2;10;1;2003;2;6;2003;NA;NA;NA;NA;NA;NA;1;;2;NA;;3;NA;;2;1;;2;1;;3;NA;;4;NA;NA;NA;2;NA;NA;NA;NA;NA;NA;NA;NA;NA;NA;NA;NA;;2;3;;NA;NA;NA;NA;NA;NA;NA;NA;1;NA;;1;2;2;2;2;2;2;2;2;;3;3;3;NA;1;NA;1;3;;1;3;1;1;1;1;1;2;NA;NA;NA;NA;NA;;;1;NA;NA;NA;NA;2;2;2;0;2;1;2;2;2;0;0;2;2;0;2;NA;NA;NA;NA;NA;NA;NA;NA;NA;NA;NA;NA;;1;1;2;2;2;2;1;Circulation routière;2;NA;NA;NA;NA;NA;NA;NA;NA;NA;;2;Sans Objet;1;1;3;0;1;1;0;0;3;entrée, couloir, escalier;1;3;90;11;Sans Objet;Sans Objet;1;Sans Objet;1;2;2;Sans Objet;Sans Objet;SEJ1;2;2;1;1;2;2;Sans Objet;CHB1;2;1;2;2;2;2;Sans Objet;10;248;23;251;3;1;4;4;3;1;3;3;3;3;3;3;3;3;1;4;4
LOG340;52977,00567;42;11;1;2022-juillet;2022-juillet;11;Île-de-France;93;Seine-Saint-Denis;2;3;4;5;2;1;1;2;11;1;2012;2;1;2012;2;2;1;2;2;2;2;;1;1;;2;1;;2;1;;1;1;;3;NA;;4;NA;NA;NA;2;NA;NA;NA;NA;NA;NA;NA;NA;NA;NA;NA;NA;;1;9;;NA;NA;NA;NA;NA;NA;NA;NA;NA;NA;;1;2;2;2;2;2;2;2;2;;3;3;3;NA;2;NA;1;8;;1;3;1;1;1;1;1;2;NA;NA;NA;NA;NA;;;1;NA;NA;NA;NA;2;2;1;0;1;2;2;2;2;0;0;2;1;0;2;NA;NA;NA;NA;NA;NA;NA;NA;NA;NA;NA;NA;;1;1;2;2;2;2;1;circulation automobile importante sur l'avenue;2;NA;NA;NA;NA;NA;NA;NA;NA;NA;;2;Sans Objet;1;1;2;0;1;1;0;0;0;Sans Objet;1;3;55;1;Sans Objet;Sans Objet;1;Sans Objet;2;Sans Objet;2;Sans Objet;Sans Objet;SEJ1;2;2;2;1;2;2;Sans Objet;CHB1;2;1;2;2;2;2;Sans Objet;14;250;20;250;3;3;Sans Objet;Sans Objet;3;3;3;1;3;3;3;4;4;3;3;4;4
LOG341;33267,78826;53;11;0;2022-octobre;2022-octobre;11;Île-de-France;95;Val-d'Oise;1;6;6;2;0;2;2;1;4;NA;NA;2;8;2021;NA;NA;NA;NA;NA;NA;1;;2;NA;;3;NA;;3;NA;;3;NA;;3;NA;;2;1;1;1;1;2;2;2;2;2;2;1;2;2;2;2;2;;2;1;;2;2;2;2;1;2;2;2;2;2;;1;1;2;2;2;2;2;1;2;;3;1;3;NA;2;NA;1;1;;1;3;1;1;1;1;1;2;NA;NA;NA;NA;NA;;;2;2;2;1;2;2;2;3;1;3;1;2;2;2;0;0;2;2;0;2;NA;NA;NA;NA;NA;NA;NA;NA;NA;NA;NA;NA;;1;2;NA;NA;NA;NA;NA;;2;NA;NA;NA;NA;NA;NA;NA;NA;NA;;2;Sans Objet;0;1;3;2;3;0;1;0;2;chaufferie, garage;2;1;140;8;Sans Objet;Sans Objet;5;Sans Objet;2;Sans Objet;1;1;3;CUS1;1;2;1;1;1;2;Sans Objet;CHB1;2;1;2;2;2;2;Sans Objet;20;210;40;254;3;1;2;2;3;3;3;1;3;3;3;3;3;3;3;4;4
LOG342;8670,2362;47;11;0;2022-septembre;2022-septembre;11;Île-de-France;93;Seine-Saint-Denis;1;6;3;2;0;2;2;1;2;NA;NA;2;10;2007;2;1;2;2;2;2;2;;2;NA;;3;NA;;3;NA;;3;NA;;3;NA;;3;1;2;2;1;2;1;2;2;1;2;2;2;2;2;2;2;;2;3;;NA;NA;NA;NA;NA;NA;NA;NA;1;NA;;1;2;2;2;2;2;2;2;2;;2;3;3;NA;1;NA;1;3;;1;3;1;4;3;1;1;1;1;2;2;2;2;;;1;NA;NA;NA;NA;2;2;4;2;3;1;2;2;2;0;0;2;2;0;2;NA;NA;NA;NA;NA;NA;NA;NA;NA;NA;NA;NA;;1;2;NA;NA;NA;NA;NA;;2;NA;NA;NA;NA;NA;NA;NA;NA;NA;;2;Sans Objet;0;1;3;2;2;0;0;0;1;cave;2;2;140;6;Sans Objet;2;5;Sans Objet;1;2;2;Sans Objet;Sans Objet;CUS1;1;2;2;1;1;2;Sans Objet;CHB1;2;1;2;2;2;2;Sans Objet;15;330;52;268;3;1;4;2;3;3;1;1;3;3;3;4;3;1;4;3;4
LOG343;43291,06096;53;11;0;2022-juin;2022-juin;11;Île-de-France;95;Val-d'Oise;1;4;3;2;0;2;2;1;3;NA;NA;2;11;2016;2;2;2;1;2;2;2;;2;NA;;3;NA;;3;NA;;2;2;;3;NA;;2;1;2;2;2;NA;NA;NA;NA;NA;NA;NA;NA;NA;NA;NA;NA;;2;3;;NA;NA;NA;NA;NA;NA;NA;NA;1;NA;;1;2;2;2;2;2;2;2;2;;3;3;3;NA;1;NA;1;3;;1;3;1;1;1;1;1;1;2;2;2;1;2;;;2;2;2;1;2;2;2;3;1;3;1;2;2;2;0;0;2;2;0;2;NA;NA;NA;NA;NA;NA;NA;NA;NA;NA;NA;NA;;1;2;NA;NA;NA;NA;NA;;2;NA;NA;NA;NA;NA;NA;NA;NA;NA;;2;Sans Objet;0;1;3;1;1;1;0;0;0;Sans Objet;2;2;80;6;Sans Objet;2;5;Sans Objet;1;1;2;Sans Objet;Sans Objet;CUS1;1;2;1;1;1;2;Sans Objet;CHB1;2;1;2;2;2;2;Sans Objet;10;280;24;256;3;1;2;1;3;1;1;1;3;3;3;4;3;1;3;4;3
LOG344;36869,2905;54;11;0;2022-octobre;2022-octobre;11;Île-de-France;95;Val-d'Oise;1;3;3;1;0;2;2;1;5;NA;NA;2;9;2017;2;1;2;2;1;2;2;;2;NA;;2;4;;3;NA;;2;2;;3;NA;;1;2;1;1;1;2;1;2;2;1;2;1;2;2;2;2;2;;2;3;;2;2;2;2;2;1;2;2;2;2;;1;2;2;2;2;2;2;2;2;;3;3;2;2;2;NA;1;3;;1;3;2;NA;2;1;1;1;2;1;2;2;2;;;2;2;2;1;2;2;2;2;0;5;1;2;2;2;0;0;2;1;0;1;NA;NA;NA;NA;NA;NA;NA;NA;NA;NA;NA;NA;;2;2;NA;NA;NA;NA;NA;;2;NA;NA;NA;NA;NA;NA;NA;NA;NA;;2;Sans Objet;1;1;2;0;1;1;0;0;1;combles (non accessible);1;3;65;6;Sans Objet;1;3;Sans Objet;1;1;2;Sans Objet;Sans Objet;SEJ1;2;1;1;1;2;1;atelier de peinture;CHB1;2;1;2;2;2;2;Sans Objet;11;240;32;240;3;1;3;2;3;1;1;1;1;1;1;4;1;1;3;3;4
LOG345;123882,3913;47;11;0;2022-mai;2022-mai;11;Île-de-France;93;Seine-Saint-Denis;2;2;2;3;1;2;2;2;12;1;2015;2;7;2015;1;2;2;2;2;2;2;;1;1;;3;NA;;2;2;;2;3;;2;3;;4;NA;NA;NA;1;2;2;2;2;2;2;2;2;2;1;2;2;;1;3;;NA;NA;NA;NA;NA;NA;NA;NA;1;NA;;1;2;2;2;2;2;2;2;2;;3;3;3;NA;2;NA;1;3;;1;3;2;NA;2;1;1;1;2;1;2;2;2;;;1;NA;NA;NA;NA;2;2;1;0;1;1;2;2;2;0;0;2;1;0;2;NA;NA;NA;NA;NA;NA;NA;NA;NA;NA;NA;NA;;1;2;NA;NA;NA;NA;NA;;1;2;2;2;2;2;2;1;2;2;;2;Sans Objet;0;1;1;0;1;0;0;0;0;Sans Objet;2;3;35;3;Sans Objet;Sans Objet;1;Sans Objet;2;Sans Objet;2;Sans Objet;Sans Objet;CUS1;1;2;2;1;1;2;Sans Objet;CHB1;2;1;2;2;2;2;Sans Objet;10;255;20;255;3;1;2;1;3;1;3;3;3;3;3;4;4;3;3;4;4
LOG346;20965,18738;47;11;0;2022-novembre;2022-novembre;11;Île-de-France;93;Seine-Saint-Denis;1;6;4;2;0;2;2;1;3;NA;NA;2;NA;2012;1;1;2;2;2;2;2;;2;NA;;3;NA;;3;NA;;3;NA;;3;NA;;1;2;1;1;1;2;1;2;2;1;1;1;1;2;2;1;2;;3;5;;2;2;2;2;2;1;2;2;2;2;;2;2;2;2;2;2;2;2;1;Radiateur électrique;3;2;3;NA;2;NA;1;6;;1;3;1;1;1;1;1;2;NA;NA;NA;NA;NA;;;1;NA;NA;NA;NA;2;2;5;3;3;1;2;2;2;0;0;2;2;0;1;NA;NA;NA;NA;NA;NA;NA;NA;NA;NA;NA;NA;;1;2;NA;NA;NA;NA;NA;;1;2;2;2;2;2;2;1;2;2;;2;Sans Objet;0;1;4;0;2;1;0;0;0;Sans Objet;2;1;100;8;Sans Objet;Sans Objet;5;Sans Objet;1;2;2;Sans Objet;Sans Objet;CUS1;1;2;2;1;1;2;Sans Objet;CHB1;2;1;2;2;2;2;Sans Objet;15;275;20;275;3;3;Sans Objet;Sans Objet;3;3;3;3;3;3;3;3;1;1;4;3;4
LOG347;17613,33297;47;11;1;2022-juin;2022-juin;11;Île-de-France;93;Seine-Saint-Denis;2;3;3;2;1;2;2;2;11;1;2011;2;11;2011;1;2;1;2;2;2;2;;2;NA;;3;NA;;3;NA;;2;1;;2;1;;4;NA;NA;NA;2;NA;NA;NA;NA;NA;NA;NA;NA;NA;NA;NA;NA;;2;3;;NA;NA;NA;NA;NA;NA;NA;NA;1;NA;;1;2;2;2;2;2;2;2;2;;3;3;3;NA;2;NA;1;3;;1;3;1;1;1;1;1;2;NA;NA;NA;NA;NA;;;1;NA;NA;NA;NA;2;2;3;1;5;1;2;2;2;0;0;2;1;0;2;NA;NA;NA;NA;NA;NA;NA;NA;NA;NA;NA;NA;;2;1;2;2;1;2;1;Dépôt de bus de la ville;1;2;2;2;2;2;2;1;1;2;Jardin d'une école d'horticulture;2;Sans Objet;0;1;2;0;1;1;0;0;0;Sans Objet;2;1;61;1;Sans Objet;Sans Objet;1;Sans Objet;1;2;2;Sans Objet;Sans Objet;CUS1;1;1;1;1;1;2;Sans Objet;CHB1;2;1;1;2;2;2;Sans Objet;10;251;25;250;3;1;3;1;3;3;1;3;3;3;3;4;3;1;3;4;4
LOG348;20792,19182;55;11;1;2022-juin;2022-juillet;11;Île-de-France;95;Val-d'Oise;2;3;3;4;0;1;2;1;8;NA;NA;2;11;1986;2;2;1;2;2;2;2;;2;NA;;3;NA;;2;5;;1;2;;3;NA;;1;2;1;3;2;NA;NA;NA;NA;NA;NA;NA;NA;NA;NA;NA;NA;;2;3;;NA;NA;NA;NA;NA;NA;NA;NA;1;NA;;1;2;2;2;2;2;2;2;2;;3;3;3;NA;1;NA;1;3;;2;NA;1;3;1;3;1;2;NA;NA;NA;NA;NA;;;2;2;2;1;2;2;2;2;0;2;2;2;2;2;0;0;2;1;0;2;NA;NA;NA;NA;NA;NA;NA;NA;NA;NA;NA;NA;;2;1;2;2;2;2;1;rénovation et isolation des bâtiments voisins.;2;NA;NA;NA;NA;NA;NA;NA;NA;NA;;2;Sans Objet;0;1;2;0;1;1;0;0;0;Sans Objet;2;1;85;5;Sans Objet;Sans Objet;1;Sans Objet;2;Sans Objet;2;Sans Objet;Sans Objet;CUS1;1;2;1;1;1;2;Sans Objet;CHB1;2;1;2;2;2;2;Sans Objet;10;252;31;249;3;3;Sans Objet;Sans Objet;1;3;3;3;3;3;3;4;3;1;1;4;4
LOG349;73647,02113;46;11;1;2022-mars;2022-mars;11;Île-de-France;93;Seine-Saint-Denis;2;2;2;4;3;1;2;2;9;2;NA;1;NA;NA;NA;NA;NA;NA;NA;NA;1;;1;6;Tabac;1;4;;3;NA;;1;1;;2;1;;1;1;1;4;2;NA;NA;NA;NA;NA;NA;NA;NA;NA;NA;NA;NA;;1;9;;NA;NA;NA;NA;NA;NA;NA;NA;NA;NA;;1;2;2;2;2;2;2;2;2;;3;3;3;NA;2;NA;1;8;;1;3;1;1;2;3;1;1;2;2;2;1;2;;;2;1;2;2;2;2;2;1;0;1;1;2;2;2;0;0;2;1;0;1;NA;NA;NA;NA;NA;NA;NA;NA;NA;NA;NA;NA;;2;2;NA;NA;NA;NA;NA;;1;2;2;2;2;2;2;1;2;2;;2;Sans Objet;0;1;1;0;1;0;0;0;1;entrée;2;3;49;1;Sans Objet;Sans Objet;3;Sans Objet;2;Sans Objet;2;Sans Objet;Sans Objet;CUS1;1;2;2;1;1;2;Sans Objet;CHB1;2;1;2;2;2;2;Sans Objet;11;248;23;247;3;1;2;1;2;1;1;4;1;1;4;5;4;1;1;4;1
LOG350;15748,76977;56;11;0;2022-novembre;2022-novembre;11;Île-de-France;95;Val-d'Oise;1;5;10;1;0;2;2;1;6;NA;NA;2;5;1998;2;2;2;1;2;2;2;;2;NA;;3;NA;;3;NA;;2;1;;2;2;;2;1;2;2;1;2;2;1;2;2;2;2;2;2;2;2;2;;2;3;;2;2;2;2;1;2;2;2;2;2;;1;2;2;2;2;2;2;2;2;;3;1;1;2;2;NA;1;3;;1;2;2;NA;2;1;1;2;NA;NA;NA;NA;NA;;;2;2;2;1;2;2;2;2;0;2;2;2;2;2;0;0;2;1;0;1;NA;NA;NA;NA;NA;NA;NA;NA;NA;NA;NA;NA;;1;2;NA;NA;NA;NA;NA;;1;2;2;2;2;2;2;1;2;2;;2;Sans Objet;0;1;2;2;2;2;0;0;1;cave;2;1;160;6;Sans Objet;1;3;Sans Objet;1;1;2;Sans Objet;Sans Objet;CUS1;1;2;2;1;1;2;Sans Objet;CHB1;2;1;2;2;2;2;Sans Objet;25;250;45;250;3;3;Sans Objet;Sans Objet;3;3;3;3;3;3;3;3;3;1;3;3;4
LOG351;36817,80237;41;11;0;2022-septembre;2022-octobre;11;Île-de-France;93;Seine-Saint-Denis;2;5;4;2;2;2;1;2;8;NA;NA;2;1;1989;2;2;1;2;2;2;2;;1;6;Médecin;3;NA;;2;6;Travaux;1;4;;3;NA;;1;1;2;2;2;NA;NA;NA;NA;NA;NA;NA;NA;NA;NA;NA;NA;;3;6;;NA;NA;NA;NA;NA;NA;NA;NA;1;NA;;1;2;2;2;2;2;2;2;2;;3;3;3;NA;2;NA;1;6;;1;3;1;4;1;3;1;2;NA;NA;NA;NA;NA;;;1;NA;NA;NA;NA;1;2;4;2;3;1;2;2;2;0;0;2;2;0;1;NA;NA;NA;NA;NA;NA;NA;NA;NA;NA;NA;NA;;1;2;NA;NA;NA;NA;NA;;2;NA;NA;NA;NA;NA;NA;NA;NA;NA;;2;Sans Objet;1;1;3;0;1;2;0;0;0;Sans Objet;1;1;100;1;Sans Objet;Sans Objet;5;Sans Objet;1;2;2;Sans Objet;Sans Objet;SEJ1;2;2;1;1;2;2;Sans Objet;CHB1;2;1;2;2;2;2;Sans Objet;11;232;32;250;3;1;2;1;1;3;3;3;3;3;3;3;4;1;3;4;3
LOG352;26696,22655;41;11;0;2022-octobre;2022-octobre;11;Île-de-France;93;Seine-Saint-Denis;2;2;2;4;4;1;2;2;2;NA;NA;2;3;2001;NA;NA;NA;NA;NA;NA;1;;2;NA;;3;NA;;3;NA;;3;NA;;3;NA;;4;NA;NA;NA;1;2;1;2;2;2;2;2;2;2;2;2;2;;3;6;;NA;NA;NA;NA;NA;NA;NA;NA;1;NA;;2;1;2;2;2;2;2;2;2;;3;3;3;NA;2;NA;1;6;;2;NA;1;1;3;3;1;2;NA;NA;NA;NA;NA;;;1;NA;NA;NA;NA;2;2;1;0;1;1;2;2;2;0;0;2;1;0;2;NA;NA;NA;NA;NA;NA;NA;NA;NA;NA;NA;NA;;1;2;NA;NA;NA;NA;NA;;2;NA;NA;NA;NA;NA;NA;NA;NA;NA;;2;Sans Objet;1;1;1;0;1;0;0;0;0;Sans Objet;1;3;50;1;Sans Objet;Sans Objet;5;Sans Objet;2;Sans Objet;2;Sans Objet;Sans Objet;SEJ1;2;2;1;1;2;2;Sans Objet;CHB1;2;1;2;2;2;2;Sans Objet;19;225;20;225;3;3;Sans Objet;Sans Objet;3;3;3;3;3;3;3;4;4;1;3;3;3
LOG353;5847,758807;53;11;0;2022-septembre;2022-septembre;11;Île-de-France;95;Val-d'Oise;2;4;2;3;1;2;2;2;2;NA;NA;2;9;2016;2;2;2;2;1;2;2;;1;6;Tapissier;3;NA;;2;4;;1;1;;2;1;;4;NA;NA;NA;1;2;1;2;2;2;2;2;2;2;2;2;2;;2;3;;NA;NA;NA;NA;NA;NA;NA;NA;1;NA;;1;2;2;2;2;2;2;2;2;;3;3;3;NA;2;NA;1;3;;1;3;1;1;1;1;1;1;1;2;2;2;2;;;1;NA;NA;NA;NA;2;2;4;2;3;1;2;2;2;0;0;2;0;2;2;NA;NA;NA;NA;NA;NA;NA;NA;NA;NA;NA;NA;;1;1;2;2;2;2;1;2 parkings;2;NA;NA;NA;NA;NA;NA;NA;NA;NA;;2;Sans Objet;0;1;2;1;1;1;0;0;0;Sans Objet;2;2;75;1;Sans Objet;Sans Objet;1;Sans Objet;1;2;2;Sans Objet;Sans Objet;CUS1;1;2;1;1;1;2;Sans Objet;KID1;2;1;2;2;2;2;Sans Objet;12;210;35;270;3;3;Sans Objet;Sans Objet;3;3;3;3;3;3;3;4;3;3;4;4;4
LOG354;7575,187478;41;11;0;2022-août;2022-août;11;Île-de-France;93;Seine-Saint-Denis;1;6;9;2;0;2;2;1;2;NA;NA;2;8;1972;2;1;2;2;1;2;2;;2;NA;;3;NA;;2;4;;3;NA;;3;NA;;3;1;2;1;2;NA;NA;NA;NA;NA;NA;NA;NA;NA;NA;NA;NA;;2;10;;2;2;2;2;1;2;2;2;2;2;;2;2;2;2;2;2;2;2;1;Climatisation réversible;1;3;1;1;2;NA;1;7;Énergie solaire;1;3;1;4;3;1;1;1;1;2;2;2;2;;;2;2;2;1;2;2;2;2;0;2;2;2;2;2;0;0;2;2;0;2;NA;NA;NA;NA;NA;NA;NA;NA;NA;NA;NA;NA;;2;2;NA;NA;NA;NA;NA;;2;NA;NA;NA;NA;NA;NA;NA;NA;NA;;2;Sans Objet;0;1;4;0;2;1;0;1;2;garage + cave;2;2;160;6;Sans Objet;1;5;Sans Objet;1;1;2;Sans Objet;Sans Objet;CUS1;1;2;1;1;1;2;Sans Objet;CHB1;2;1;2;2;2;2;Sans Objet;16;300;35;250;3;3;Sans Objet;Sans Objet;3;3;3;3;3;3;3;3;3;3;4;3;4
LOG355;7380,849796;56;11;0;2022-juillet;2022-juillet;11;Île-de-France;95;Val-d'Oise;1;7;7;2;1;2;3;1;1;NA;NA;2;10;1988;2;2;2;2;1;2;2;;2;NA;;3;NA;;3;NA;;3;NA;;3;NA;;2;1;2;2;1;2;1;2;2;2;2;2;2;2;2;2;2;;2;3;;2;2;2;2;1;2;2;2;2;2;;1;2;2;2;2;2;1;2;2;;1;3;3;NA;2;NA;1;3;;1;3;1;4;2;2;1;2;NA;NA;NA;NA;NA;;;2;2;2;1;2;2;2;2;0;2;2;1;2;2;0;0;2;2;0;2;NA;NA;NA;NA;NA;NA;NA;NA;NA;NA;NA;NA;;2;2;NA;NA;NA;NA;NA;;1;2;2;2;1;2;2;1;2;2;;2;Sans Objet;0;2;3;2;1;2;1;0;4;2 couloirs, 1 dressing, 1 entrée.;2;2;160;6;Sans Objet;Sans Objet;5;Sans Objet;1;2;2;Sans Objet;Sans Objet;CUS1;1;2;2;1;1;2;Sans Objet;CHB1;2;1;2;2;2;2;Sans Objet;11;227;27;246;3;3;Sans Objet;Sans Objet;3;3;3;3;3;3;3;5;4;4;4;5;5
LOG356;267936,2754;41;11;0;2022-mars;2022-mars;11;Île-de-France;93;Seine-Saint-Denis;2;3;2;3;0;2;1;1;6;NA;NA;2;7;1972;2;2;1;2;2;2;2;;2;NA;;3;NA;;3;NA;;3;NA;;3;NA;;1;1;2;3;2;NA;NA;NA;NA;NA;NA;NA;NA;NA;NA;NA;NA;;1;3;;NA;NA;NA;NA;NA;NA;NA;NA;1;NA;;1;2;2;2;2;2;2;2;2;;3;3;3;NA;2;NA;1;3;;2;NA;1;4;3;3;1;2;NA;NA;NA;NA;NA;;;1;NA;NA;NA;NA;2;2;1;0;1;2;2;2;2;0;0;2;1;0;1;NA;NA;NA;NA;NA;NA;NA;NA;NA;NA;NA;NA;;2;2;NA;NA;NA;NA;NA;;2;NA;NA;NA;NA;NA;NA;NA;NA;NA;;2;Sans Objet;1;1;2;0;1;1;0;0;0;Sans Objet;1;1;91;7;Sans Objet;4;1;Sans Objet;1;2;2;Sans Objet;Sans Objet;SEJ1;2;2;2;1;2;2;Sans Objet;CHB1;2;1;2;2;2;2;Sans Objet;13;255;33;253;3;3;Sans Objet;Sans Objet;3;3;3;3;3;3;3;4;3;3;3;4;3
LOG357;100059,402;85;28;0;2022-mars;2022-mars;28;Normandie;50;Manche;1;6;6;1;0;2;2;1;9;1;1997;2;12;2018;2;2;2;1;2;2;2;;2;NA;;3;NA;;3;NA;;3;NA;;3;NA;;4;NA;NA;NA;1;2;2;2;2;2;2;2;2;2;2;2;1;Pose de parquet stratifié;3;6;;2;2;2;2;1;2;2;2;2;2;;1;2;2;2;1;2;2;2;2;;1;1;3;NA;2;NA;1;6;;1;3;1;4;1;1;1;2;NA;NA;NA;NA;NA;;;2;2;2;1;2;2;2;2;0;2;2;2;2;2;0;0;2;2;0;2;NA;NA;NA;NA;NA;NA;NA;NA;NA;NA;NA;NA;;2;1;2;2;1;2;2;;1;1;2;2;2;2;2;2;2;2;;2;Sans Objet;0;1;5;0;2;1;1;0;2;garage, mezzanine;2;2;183;8;Sans Objet;Sans Objet;3;Sans Objet;2;Sans Objet;1;1;3;CUS1;1;2;2;1;1;2;Sans Objet;CHB1;2;1;2;2;2;2;Sans Objet;12;247;52;246;3;3;Sans Objet;Sans Objet;3;3;1;3;3;3;3;4;3;1;3;3;5
LOG358;318658,7589;88;28;0;2022-avril;2022-avril;28;Normandie;76;Seine-Maritime;1;4;2;2;0;1;2;1;3;NA;NA;2;11;2016;2;1;2;2;2;2;2;;2;NA;;3;NA;;3;NA;;2;4;;3;NA;;4;NA;NA;NA;2;NA;NA;NA;NA;NA;NA;NA;NA;NA;NA;NA;NA;;3;6;;NA;NA;NA;NA;NA;NA;NA;NA;1;NA;;2;1;2;2;2;2;2;2;2;;3;3;3;NA;2;NA;1;6;;1;3;1;1;1;2;1;2;NA;NA;NA;NA;NA;;;1;NA;NA;NA;NA;4;4;1;0;1;2;1;2;2;0;0;2;1;0;1;NA;NA;NA;NA;NA;NA;NA;NA;NA;NA;NA;NA;;1;2;NA;NA;NA;NA;NA;;2;NA;NA;NA;NA;NA;NA;NA;NA;NA;;2;Sans Objet;0;1;2;1;1;1;0;0;0;Sans Objet;2;2;59;8;Sans Objet;Sans Objet;5;Sans Objet;2;Sans Objet;2;Sans Objet;Sans Objet;CUS1;1;2;2;1;1;2;Sans Objet;CHB1;2;1;2;2;2;2;Sans Objet;17;284;26;273;3;3;Sans Objet;Sans Objet;3;3;3;3;3;3;3;4;3;3;3;3;3
LOG359;50360,421;89;28;0;2022-novembre;2022-novembre;28;Normandie;76;Seine-Maritime;1;4;6;1;0;2;2;1;12;1;2016;2;5;2016;2;2;2;1;2;2;2;;2;NA;;3;NA;;2;4;;2;3;;3;NA;;4;NA;NA;NA;1;2;1;2;2;2;2;2;1;2;2;2;2;;1;6;;NA;NA;NA;NA;NA;NA;NA;NA;1;NA;;1;2;1;2;2;2;2;2;2;;3;3;3;NA;2;NA;1;6;;1;3;2;NA;1;1;1;2;NA;NA;NA;NA;NA;;;1;NA;NA;NA;NA;2;2;3;1;3;1;2;2;2;0;0;2;2;0;1;NA;NA;NA;NA;NA;NA;NA;NA;NA;NA;NA;NA;;1;1;2;2;2;2;1;Cheminée voisin qui envoi la fumée vers la maison (le niveau de la maison du voisin est plus bas);2;NA;NA;NA;NA;NA;NA;NA;NA;NA;;2;Sans Objet;0;1;3;0;2;1;0;0;3;1 escalier, 1 cellier et 1 couloir;2;1;131;5;Sans Objet;Sans Objet;4;Sans Objet;2;Sans Objet;2;Sans Objet;Sans Objet;CUS1;1;2;2;1;1;2;Sans Objet;CHB1;2;1;2;2;2;2;Sans Objet;16;250;63;249;3;1;2;1;3;3;3;3;3;3;3;4;3;1;3;3;4
LOG360;30828,73378;88;28;0;2022-juin;2022-juin;28;Normandie;76;Seine-Maritime;1;5;10;0;0;2;2;1;11;1;2012;2;3;2012;2;2;2;1;2;2;2;;2;NA;;1;5;Végétation;2;5;;3;NA;;3;NA;;4;NA;NA;NA;1;2;1;2;2;2;2;2;2;2;2;2;2;;2;6;;2;2;2;2;1;2;2;2;2;2;;1;2;1;2;2;2;2;2;2;;3;1;3;NA;2;NA;1;6;;1;3;1;1;1;1;2;1;2;1;2;2;2;;;1;NA;NA;NA;NA;2;3;4;2;3;1;1;2;2;0;1;2;2;0;2;NA;NA;NA;NA;NA;NA;NA;NA;NA;NA;NA;NA;;2;2;NA;NA;NA;NA;NA;;2;NA;NA;NA;NA;NA;NA;NA;NA;NA;;2;Sans Objet;0;1;4;0;2;2;1;0;5;1 entrée, 1 garage, 1 couloir, 1 cellier et 1 escaliers;2;1;136;8;Sans Objet;Sans Objet;3;Sans Objet;2;Sans Objet;1;1;1;CUS1;1;2;1;1;1;2;Sans Objet;CHB1;2;1;2;2;2;2;Sans Objet;14;247;52;248;3;1;2;1;3;3;3;3;3;3;3;3;3;3;3;3;3
LOG361;24409,47944;81;28;0;2022-mars;2022-mars;28;Normandie;14;Calvados;1;7;11;1;0;2;2;1;6;NA;NA;2;8;2010;2;2;2;1;2;2;2;;2;NA;;3;NA;;3;NA;;3;NA;;3;NA;;1;2;1;2;2;NA;NA;NA;NA;NA;NA;NA;NA;NA;NA;NA;NA;;2;3;;NA;NA;NA;NA;NA;NA;NA;NA;1;NA;;1;2;2;2;2;2;2;2;2;;3;3;3;NA;2;NA;1;3;;1;3;1;2;1;1;1;1;2;1;2;2;2;;;2;2;2;1;2;2;2;5;1;3;1;2;2;2;0;0;2;2;0;1;NA;NA;NA;NA;NA;NA;NA;NA;NA;NA;NA;NA;;2;2;NA;NA;NA;NA;NA;;2;NA;NA;NA;NA;NA;NA;NA;NA;NA;;2;Sans Objet;1;1;5;0;2;2;0;0;7;dressing, garage, salle de sport, entrée, dégagement, escalier et chaufferie;1;3;200;5;Sans Objet;Sans Objet;3;Sans Objet;2;Sans Objet;1;1;3;SEJ1;2;2;2;1;2;2;Sans Objet;CHB1;2;1;2;2;2;2;Sans Objet;17;250;43;260;3;1;2;1;3;3;3;1;3;3;3;4;3;1;4;3;4
LOG362;44030,27197;82;28;0;2022-novembre;2022-décembre;28;Normandie;27;Eure;1;5;4;0;0;2;2;1;7;NA;NA;2;7;2015;2;2;2;1;2;2;2;;2;NA;;1;1;;1;3;;3;NA;;3;NA;;1;1;2;2;1;2;1;2;2;2;2;2;2;2;2;2;2;;3;5;;2;2;2;2;2;1;2;2;2;2;;2;1;2;2;2;2;2;1;2;;3;1;3;NA;2;NA;1;6;;1;3;2;NA;1;1;1;1;1;1;2;2;2;;;1;NA;NA;NA;NA;2;2;2;0;4;1;2;2;2;0;0;2;1;0;1;NA;NA;NA;NA;NA;NA;NA;NA;NA;NA;NA;NA;;1;1;2;1;1;2;2;;1;1;2;2;2;2;2;2;2;2;;2;Sans Objet;0;1;3;1;1;1;1;0;1;1 couloir;2;2;120;5;Sans Objet;Sans Objet;3;Sans Objet;2;Sans Objet;1;2;3;CUS1;1;2;2;1;1;2;Sans Objet;CHB1;2;1;2;2;2;2;Sans Objet;10;251;29;249;3;3;Sans Objet;Sans Objet;3;3;3;3;3;1;3;3;2;2;2;2;2
LOG363;78956,13425;89;28;0;2022-juin;2022-juin;28;Normandie;76;Seine-Maritime;1;8;11;1;0;2;2;1;4;NA;NA;2;1;2021;2;2;2;2;2;1;2;Maçonnerie terre cuite;2;NA;;3;NA;;3;NA;;2;1;;3;NA;;3;1;2;2;1;1;1;2;2;2;1;2;2;1;1;2;2;;2;6;;2;2;2;2;1;2;2;2;2;2;;1;2;2;2;2;2;2;2;2;;1;3;3;NA;2;NA;1;6;;1;3;1;2;2;2;1;1;2;1;2;2;2;;;1;NA;NA;NA;NA;2;2;4;2;3;1;2;2;2;0;0;2;2;0;2;NA;NA;NA;NA;NA;NA;NA;NA;2;2;2;2;;1;1;2;2;1;2;2;;1;1;2;2;2;2;2;2;2;2;;2;Sans Objet;1;1;5;1;2;1;1;0;7;2 couloirs, 1 atelier, 1 garage, 2 escaliers et 1 dressing;1;2;206;8;Sans Objet;Sans Objet;3;Sans Objet;2;Sans Objet;1;1;2;SEJ1;2;2;2;1;2;2;Sans Objet;CHB1;2;1;2;2;2;2;Sans Objet;14;256;32;256;3;1;2;1;3;3;3;1;3;3;3;1;3;3;3;3;4
LOG364;42400,76092;81;28;0;2022-mars;2022-mars;28;Normandie;14;Calvados;2;4;10;4;3;2;1;2;8;NA;NA;2;6;2011;2;2;1;1;2;2;2;;2;NA;;3;NA;;3;NA;;2;1;;3;NA;;1;2;2;2;2;NA;NA;NA;NA;NA;NA;NA;NA;NA;NA;NA;NA;;2;3;;NA;NA;NA;NA;NA;NA;NA;NA;1;NA;;1;2;2;2;2;2;2;2;2;;3;3;3;NA;3;NA;1;3;;1;3;1;3;1;1;1;2;NA;NA;NA;NA;NA;;;1;NA;NA;NA;NA;2;2;1;0;1;2;2;2;2;0;0;2;1;0;1;NA;NA;NA;NA;NA;NA;NA;NA;NA;NA;NA;NA;;2;2;NA;NA;NA;NA;NA;;2;NA;NA;NA;NA;NA;NA;NA;NA;NA;;2;Sans Objet;1;1;2;1;2;2;0;0;5;1 entrée, 1 dressing, 2 couloirs et 1 escalier;1;1;94;1;Sans Objet;Sans Objet;5;Sans Objet;1;2;2;Sans Objet;Sans Objet;SEJ1;2;2;2;1;2;2;Sans Objet;CHB1;2;1;2;2;2;2;Sans Objet;17;249;40;247;3;3;Sans Objet;Sans Objet;3;3;3;3;3;3;3;4;3;1;3;3;5
LOG365;29811,81561;87;28;0;2022-juin;2022-juin;28;Normandie;76;Seine-Maritime;1;4;7;1;0;3;2;1;9;1;1994;2;5;1997;2;2;2;1;2;2;2;;2;NA;;2;5;Activité agricole;2;3;;3;NA;;3;NA;;4;NA;NA;NA;2;NA;NA;NA;NA;NA;NA;NA;NA;NA;NA;NA;NA;;3;6;;2;2;2;2;2;2;2;1;2;2;Chauffage d'appoint à pétrole;2;1;2;2;2;2;2;2;2;;3;3;3;NA;1;NA;1;6;;1;3;1;3;1;2;1;1;2;1;2;2;2;;;2;2;2;1;2;2;2;3;0;3;1;2;2;2;0;0;2;1;0;2;NA;NA;NA;NA;NA;NA;NA;NA;NA;NA;NA;NA;;2;2;NA;NA;NA;NA;NA;;1;1;2;2;2;2;2;2;2;2;;2;Sans Objet;0;1;3;0;1;2;0;0;4;1 garage, 1 entrée, 1 couloir et 1 escalier;2;2;110;5;Sans Objet;Sans Objet;5;Sans Objet;2;Sans Objet;1;1;3;CUS1;1;2;2;1;1;2;Sans Objet;CHB1;2;1;1;2;2;2;Sans Objet;14;248;46;247;3;3;Sans Objet;Sans Objet;3;1;3;3;3;3;3;3;3;2;3;3;4
LOG366;52727,8402;87;28;0;2022-août;2022-août;28;Normandie;76;Seine-Maritime;1;5;9;1;0;2;2;1;7;NA;NA;2;8;2016;2;2;2;1;2;2;2;;2;NA;;2;5;Activité agricole;3;NA;;3;NA;;3;NA;;4;NA;NA;NA;1;2;1;2;1;2;2;2;2;2;2;2;1;Aménagement meubles cuisine et pose de parquet flottant (bois/résine);3;5;;2;2;2;2;2;1;2;2;2;2;;2;1;2;2;2;2;2;1;2;;3;1;3;NA;2;NA;1;6;;1;3;1;4;2;1;1;1;1;1;2;2;1;Lapin;;2;2;2;1;2;2;2;3;1;3;1;2;2;2;0;0;2;2;0;2;NA;NA;NA;NA;NA;NA;NA;NA;NA;NA;NA;NA;;2;1;2;2;1;2;2;;1;1;2;2;2;2;2;2;2;2;;2;Sans Objet;0;1;3;1;2;1;0;0;6;2 escaliers, 1 garage et 3 pièce se sous-sol (atelier et 2 caves);2;1;90;6;Sans Objet;1;5;Sans Objet;1;1;1;1;1;CUS1;1;2;2;1;1;2;Sans Objet;CHB1;2;1;2;2;2;2;Sans Objet;11;240;41;239;3;3;Sans Objet;Sans Objet;3;3;3;3;3;3;3;3;3;1;3;4;4
LOG367;60488,24003;87;28;0;2022-juin;2022-juin;28;Normandie;76;Seine-Maritime;1;6;9;1;0;2;2;1;9;1;1998;2;7;1998;2;2;2;1;2;2;2;;2;NA;;2;5;Activité agricole;3;NA;;3;NA;;3;NA;;3;2;2;2;2;NA;NA;NA;NA;NA;NA;NA;NA;NA;NA;NA;NA;;3;5;;2;2;2;2;2;1;2;2;2;2;;1;2;2;2;2;2;1;2;2;;1;3;3;NA;1;NA;1;6;;1;3;1;2;1;1;1;1;2;1;2;2;2;;;2;2;2;1;2;2;2;3;0;3;2;2;2;2;0;0;2;2;0;2;NA;NA;NA;NA;NA;NA;NA;NA;NA;NA;NA;NA;;1;1;2;2;1;2;2;;1;1;2;2;2;2;2;2;2;2;;2;Sans Objet;1;1;3;1;1;2;0;0;6;1 grenier, 1 couloir, 1 escalier, 1 cellier, 1 garage et 1 salle de jeu;1;1;156;8;Sans Objet;Sans Objet;5;Sans Objet;2;Sans Objet;1;1;1;SEJ1;2;2;2;1;2;2;Sans Objet;CHB1;2;1;2;2;2;2;Sans Objet;22;243;36;244;3;3;Sans Objet;Sans Objet;3;3;3;3;3;3;3;3;3;1;3;3;4
LOG368;44355,27013;91;28;0;2022-juillet;2022-juillet;28;Normandie;76;Seine-Maritime;1;5;8;2;0;2;2;1;3;NA;NA;2;7;1987;2;1;2;2;2;2;2;;1;6;Bien-être - massage;3;NA;;3;NA;;3;NA;;3;NA;;3;1;1;2;2;NA;NA;NA;NA;NA;NA;NA;NA;NA;NA;NA;NA;;3;6;;2;2;2;2;1;2;2;2;2;2;;2;1;2;2;2;2;2;2;2;;3;1;3;NA;2;NA;1;6;;1;3;1;1;1;1;1;1;2;1;2;2;2;;;2;2;2;1;2;2;2;2;0;2;2;1;2;2;0;0;2;2;2;2;NA;NA;NA;NA;NA;NA;NA;NA;NA;NA;NA;NA;;1;2;NA;NA;NA;NA;NA;;2;NA;NA;NA;NA;NA;NA;NA;NA;NA;;2;Sans Objet;0;2;3;0;2;1;0;1;4;2 couloirs, 1 escalier et 1 mezzanine;2;1;130;5;Sans Objet;Sans Objet;5;Sans Objet;2;Sans Objet;2;Sans Objet;Sans Objet;CUS1;1;2;2;1;1;2;Sans Objet;CHB1;2;1;2;2;2;2;Sans Objet;13;258;31;278;3;3;Sans Objet;Sans Objet;3;3;3;3;3;3;3;4;3;3;3;3;4
LOG369;90309,70248;90;28;0;2022-avril;2022-mai;28;Normandie;76;Seine-Maritime;1;5;6;1;0;2;2;1;6;NA;NA;2;9;2002;2;2;2;1;2;2;2;;2;NA;;3;NA;;2;4;;3;NA;;3;NA;;1;2;2;2;1;2;1;2;2;2;2;1;2;2;2;2;2;;2;3;;NA;NA;NA;NA;NA;NA;NA;NA;1;NA;;1;2;2;2;2;2;2;2;1;Radiateur électrique bain d'huile;3;3;3;NA;1;NA;1;7;Gaz de ville et solaire;1;3;1;1;1;1;3;1;2;2;2;1;2;;;2;2;2;1;2;2;2;3;0;3;1;2;2;2;1;0;2;1;0;1;NA;NA;NA;NA;NA;NA;NA;NA;NA;NA;NA;NA;;2;2;NA;NA;NA;NA;NA;;2;NA;NA;NA;NA;NA;NA;NA;NA;NA;;2;Sans Objet;0;1;3;1;2;1;0;0;3;débarras, mezzanine et couloir;2;2;150;5;Sans Objet;Sans Objet;5;Sans Objet;2;Sans Objet;2;Sans Objet;Sans Objet;CUS1;1;2;1;1;1;2;Sans Objet;CHB1;2;1;2;2;2;2;Sans Objet;11;240;42;240;3;3;Sans Objet;Sans Objet;3;3;3;3;3;1;1;4;3;3;3;3;3
LOG370;98805,41898;83;28;0;2022-octobre;2022-octobre;28;Normandie;27;Eure;1;6;11;1;0;2;2;1;8;NA;NA;2;4;2004;1;1;2;2;2;2;2;;2;NA;;3;NA;;3;NA;;3;NA;;3;NA;;3;2;2;1;2;2;2;2;2;2;2;2;2;2;2;2;2;;3;5;;2;2;2;2;1;1;2;2;2;2;;2;1;2;2;2;2;2;1;1;Cheminée;2;1;3;NA;1;NA;1;6;;1;3;2;NA;1;1;1;2;2;2;2;2;2;;;2;2;2;1;2;2;2;2;0;2;1;2;2;2;0;0;2;1;0;2;NA;NA;NA;NA;NA;NA;NA;NA;NA;NA;NA;NA;;2;2;NA;NA;NA;NA;NA;;2;NA;NA;NA;NA;NA;NA;NA;NA;NA;;2;Sans Objet;0;1;5;0;2;2;0;0;7;1 entrée, 2 escaliers, 2 couloirs, 1 cave, 1 garage;2;2;190;7;Sans Objet;1;3;Sans Objet;1;1;1;1;1;CUS1;1;2;2;1;1;2;Sans Objet;CHB1;2;1;2;2;2;2;Sans Objet;17;258;55;257;3;3;Sans Objet;Sans Objet;3;3;3;3;3;3;3;3;3;3;3;3;4
LOG371;239310,1522;94;28;0;2022-septembre;2022-septembre;28;Normandie;76;Seine-Maritime;2;2;2;6;3;1;1;2;10;1;2002;2;9;2011;2;2;1;2;2;2;2;;2;NA;;2;5;Port, trafic maritime;2;2;;3;NA;;3;NA;;4;NA;NA;NA;1;2;2;2;2;2;2;2;2;2;1;2;2;;3;6;;NA;NA;NA;NA;NA;NA;NA;NA;1;NA;;2;1;2;2;2;2;2;2;2;;3;3;3;NA;2;NA;1;6;;2;NA;1;1;1;1;1;2;NA;NA;NA;NA;NA;;;1;NA;NA;NA;NA;2;2;1;0;1;2;2;2;2;0;0;2;1;0;2;NA;NA;NA;NA;NA;NA;NA;NA;NA;NA;NA;NA;;1;1;2;1;2;2;2;;2;NA;NA;NA;NA;NA;NA;NA;NA;NA;;2;Sans Objet;0;1;1;0;1;0;0;0;1;1 entrée;2;3;40;1;Sans Objet;Sans Objet;1;Sans Objet;2;Sans Objet;2;Sans Objet;Sans Objet;CUS1;1;2;2;1;1;2;Sans Objet;CHB1;2;1;2;2;2;2;Sans Objet;10;246;22;243;3;3;Sans Objet;Sans Objet;3;3;3;3;3;3;3;4;3;3;3;3;4
LOG372;24195,05766;83;28;0;2022-novembre;2022-novembre;28;Normandie;27;Eure;1;9;10;1;0;2;2;1;1;NA;NA;2;NA;1972;2;1;2;1;1;2;2;;2;NA;;3;NA;;2;3;;3;NA;;3;NA;;1;2;2;1;2;NA;NA;NA;NA;NA;NA;NA;NA;NA;NA;NA;NA;;2;3;;2;2;2;2;1;2;2;2;2;2;;2;2;2;2;2;1;2;2;2;;2;3;3;NA;1;NA;1;6;;1;3;1;4;1;1;1;2;NA;NA;NA;NA;NA;;;1;NA;NA;NA;NA;2;2;1;0;1;2;2;2;2;0;0;2;1;0;1;NA;NA;NA;NA;NA;NA;NA;NA;NA;NA;NA;NA;;2;2;NA;NA;NA;NA;NA;;2;NA;NA;NA;NA;NA;NA;NA;NA;NA;;2;Sans Objet;1;1;6;1;2;1;0;0;7;2 cou, 1 ent, 2 cav, 2 esc;1;2;220;6;Sans Objet;1;3;Sans Objet;1;1;1;2;1;SEJ1;2;2;1;1;2;2;Sans Objet;CHB1;2;1;2;2;2;2;Sans Objet;19;265;30;292;3;3;Sans Objet;Sans Objet;3;3;3;3;3;3;3;3;3;3;3;3;4
LOG373;35672,48062;90;28;0;2022-avril;2022-mai;28;Normandie;76;Seine-Maritime;1;5;8;0;0;2;2;1;7;NA;NA;2;4;2003;2;2;2;1;2;2;2;;2;NA;;3;NA;;2;2;;3;NA;;3;NA;;1;2;2;1;1;2;1;2;2;2;2;2;1;2;2;2;1;Installation d'une cloison placo;3;6;;NA;NA;NA;NA;NA;NA;NA;NA;1;NA;;2;1;2;2;2;2;2;2;2;;3;3;3;NA;2;NA;1;6;;1;1;1;4;1;1;1;2;NA;NA;NA;NA;NA;;;2;2;2;1;2;2;2;4;0;3;1;1;2;2;0;0;2;2;0;2;NA;NA;NA;NA;NA;NA;NA;NA;NA;NA;NA;NA;;2;2;NA;NA;NA;NA;NA;;2;NA;NA;NA;NA;NA;NA;NA;NA;NA;;2;Sans Objet;1;2;3;0;1;1;0;0;5;2 couloirs, 1 escalier, 1 dressing et 1 célier;1;1;85;5;Sans Objet;Sans Objet;3;Sans Objet;1;1;1;2;3;SEJ1;2;2;2;1;2;2;Sans Objet;CHB1;2;1;2;2;2;2;Sans Objet;9;248;10;247;3;3;Sans Objet;Sans Objet;3;1;3;3;3;3;3;3;3;1;4;4;4
LOG374;28287,04529;92;28;0;2022-novembre;2022-décembre;28;Normandie;76;Seine-Maritime;1;6;14;1;0;2;2;1;7;NA;NA;2;2;2012;2;2;2;1;2;2;2;;2;NA;;3;NA;;2;2;;3;NA;;3;NA;;4;NA;NA;NA;1;1;1;2;2;2;1;2;2;2;2;2;2;;2;3;;2;2;2;2;1;2;2;2;2;2;;1;2;2;2;2;2;2;2;2;;3;1;3;NA;2;NA;1;3;;1;3;2;NA;1;1;1;2;NA;NA;NA;NA;NA;;;2;2;2;1;2;2;2;4;1;3;1;2;2;2;0;0;2;2;0;1;NA;NA;NA;NA;NA;NA;NA;NA;NA;NA;NA;NA;;2;2;NA;NA;NA;NA;NA;;2;NA;NA;NA;NA;NA;NA;NA;NA;NA;;2;Sans Objet;1;1;3;1;2;2;1;0;9;1 entrée, 2 couloirs, 2 escaliers, 1 chaufferie, 1 garage, 1 atelier, 1 dressing;1;2;280;4;Sans Objet;Sans Objet;5;Sans Objet;1;1;1;1;3;SEJ1;2;2;1;1;2;2;Sans Objet;CHB1;2;1;2;2;2;2;Sans Objet;13;247;43;249;3;3;Sans Objet;Sans Objet;3;3;3;3;3;3;3;3;3;3;3;3;4
LOG375;45867,9279;93;28;0;2022-octobre;2022-octobre;28;Normandie;76;Seine-Maritime;1;6;8;1;0;1;2;1;11;1;2009;2;8;2009;2;2;2;1;2;2;2;;2;NA;;3;NA;;2;3;;3;NA;;3;NA;;4;NA;NA;NA;2;NA;NA;NA;NA;NA;NA;NA;NA;NA;NA;NA;NA;;3;6;;NA;NA;NA;NA;NA;NA;NA;NA;1;NA;;2;1;2;2;2;2;2;2;2;;3;3;3;NA;2;NA;1;6;;1;3;1;2;1;1;1;2;NA;NA;NA;NA;NA;;;2;2;2;1;2;2;2;3;1;3;1;2;2;2;0;0;2;2;0;1;NA;NA;NA;NA;NA;NA;NA;NA;NA;NA;NA;NA;;2;1;2;2;1;2;2;;1;1;2;2;2;2;2;2;2;2;;2;Sans Objet;1;1;2;1;1;1;0;0;7;1 dressing, 2 couloirs, 1 escalier, 1 garage, 1 salle de jeux/muscu, 1 grenier;1;2;177;5;Sans Objet;Sans Objet;3;Sans Objet;2;Sans Objet;1;1;2;SEJ1;2;2;2;1;2;2;Sans Objet;CHB1;2;1;2;2;2;2;Sans Objet;12;259;33;258;3;1;2;1;3;3;3;1;3;3;3;4;3;1;3;3;4
LOG376;45498,63495;91;28;0;2022-octobre;2022-octobre;28;Normandie;76;Seine-Maritime;1;6;9;2;0;2;2;1;1;NA;NA;2;10;2015;1;1;2;1;2;2;2;;2;NA;;2;5;Activité agricole;2;2;;3;NA;;3;NA;;2;2;2;2;2;NA;NA;NA;NA;NA;NA;NA;NA;NA;NA;NA;NA;;2;1;;2;2;2;2;2;1;2;2;2;2;;1;1;2;2;2;2;2;2;2;;2;3;3;NA;2;NA;1;1;;1;3;2;NA;3;1;1;1;1;2;2;2;2;;;1;NA;NA;NA;NA;2;2;4;2;3;1;2;2;2;0;0;2;2;2;2;NA;NA;NA;NA;NA;NA;NA;NA;NA;NA;NA;NA;;2;1;2;2;1;2;2;;1;2;2;2;1;2;2;2;2;2;;2;Sans Objet;1;2;3;0;2;1;1;0;5;1 cave (semi-enterrée en bout de maison), 1 chaufferie qui sert d'arrière cuisine, 1 couloir, 1 escalier et 1 grenier;1;2;250;8;Sans Objet;Sans Objet;3;Sans Objet;1;1;2;Sans Objet;Sans Objet;SEJ1;2;2;2;1;2;2;Sans Objet;CHB1;2;1;2;2;2;2;Sans Objet;21;235;75;248;3;3;Sans Objet;Sans Objet;3;3;3;3;3;3;3;3;3;3;3;3;4
LOG377;29362,29936;85;28;0;2022-mars;2022-avril;28;Normandie;50;Manche;1;7;11;1;0;2;2;1;9;1;1997;2;12;2018;2;2;2;1;2;2;2;;2;NA;;3;NA;;3;NA;;1;1;;3;NA;;4;NA;NA;NA;1;2;1;2;2;2;2;2;2;2;2;2;2;;2;3;;2;2;2;2;1;1;2;2;2;2;;1;2;2;2;2;2;2;2;2;;1;3;3;NA;2;NA;1;3;;1;3;1;4;1;1;1;2;NA;NA;NA;NA;NA;;;2;1;2;2;2;2;2;4;2;3;1;2;2;2;0;0;2;2;0;1;NA;NA;NA;NA;NA;NA;NA;NA;NA;NA;NA;NA;;2;2;NA;NA;NA;NA;NA;;1;2;2;2;2;2;2;2;1;2;Jardins partagés;2;Sans Objet;0;1;4;1;2;2;1;1;6;1 débarras, 1 entrée, 2 escaliers, 1 garage et 1 couloir;2;1;160;5;Sans Objet;Sans Objet;3;Sans Objet;2;Sans Objet;1;1;1;CUS1;1;2;2;1;1;2;Sans Objet;CHB1;2;1;2;2;2;2;Sans Objet;17;248;50;249;3;1;2;2;3;3;3;3;3;3;3;4;3;1;3;5;5
LOG378;62574,13079;91;28;0;2022-juin;2022-juillet;28;Normandie;76;Seine-Maritime;1;5;8;1;0;1;2;1;12;1;2014;2;3;2014;2;1;2;2;2;2;2;;2;NA;;3;NA;;2;2;;3;NA;;3;NA;;4;NA;NA;NA;2;NA;NA;NA;NA;NA;NA;NA;NA;NA;NA;NA;NA;;3;5;;NA;NA;NA;NA;NA;NA;NA;NA;1;NA;;2;2;2;2;2;2;2;1;2;;3;1;3;NA;1;NA;1;6;;1;3;1;2;1;1;1;1;1;2;2;2;1;Poissons;;2;2;2;1;2;2;2;2;0;2;2;2;2;2;0;0;2;2;0;2;NA;NA;NA;NA;NA;NA;NA;NA;NA;NA;NA;NA;;2;2;NA;NA;NA;NA;NA;;1;1;2;2;2;2;2;2;2;2;;2;Sans Objet;0;1;4;0;2;2;1;0;3;escalier, garage et couloir;2;2;97;5;Sans Objet;Sans Objet;4;Sans Objet;2;Sans Objet;1;1;1;CUS1;1;2;2;1;1;2;Sans Objet;CHB1;2;1;2;2;2;2;Sans Objet;10;251;50;250;3;3;Sans Objet;Sans Objet;3;3;3;3;3;3;3;3;3;1;3;3;4
LOG379;49765,52567;88;28;0;2022-juin;2022-juillet;28;Normandie;76;Seine-Maritime;1;6;10;1;0;3;2;1;4;NA;NA;2;4;2002;2;2;2;2;1;2;2;;2;NA;;2;1;;3;NA;;2;1;;2;1;;3;2;2;1;1;1;1;2;2;2;2;2;2;2;2;2;2;;2;3;;2;2;2;2;1;2;2;2;2;2;;1;2;2;2;2;2;2;2;2;;2;3;3;NA;1;NA;1;3;;1;3;1;1;1;1;1;1;2;1;2;2;2;;;1;NA;NA;NA;NA;2;2;3;0;5;1;2;2;2;0;0;2;1;0;2;NA;NA;NA;NA;NA;NA;NA;NA;NA;NA;NA;NA;;1;2;NA;NA;NA;NA;NA;;2;NA;NA;NA;NA;NA;NA;NA;NA;NA;;2;Sans Objet;1;2;3;0;1;1;0;0;8;2 escaliers, 1 entrée, 2 couloirs, 1 cave et 2 dressing;1;3;92;6;Sans Objet;1;3;Sans Objet;1;1;1;2;1;SEJ1;2;2;1;1;2;2;Sans Objet;CHB1;2;1;1;2;2;2;Sans Objet;11;274;19;274;1;1;3;2;1;3;1;3;3;1;3;3;3;1;3;3;4
LOG380;79273,36922;94;28;1;2022-août;2022-septembre;28;Normandie;76;Seine-Maritime;2;4;5;4;4;1;2;2;5;NA;NA;2;12;2020;2;2;2;1;2;2;2;;2;NA;;3;NA;;2;2;;2;1;;3;NA;;1;1;1;1;1;2;1;2;2;2;2;2;2;2;2;2;2;;1;6;;NA;NA;NA;NA;NA;NA;NA;NA;1;NA;;1;2;2;2;2;2;2;2;2;;3;3;3;NA;2;NA;1;3;;1;3;1;3;3;2;1;1;2;2;2;2;1;Lapin;;1;NA;NA;NA;NA;2;2;3;2;4;4;2;2;2;0;0;2;1;0;2;NA;NA;NA;NA;NA;NA;NA;NA;NA;NA;NA;NA;;2;1;1;2;2;2;2;;2;NA;NA;NA;NA;NA;NA;NA;NA;NA;;2;Sans Objet;1;1;2;0;1;1;0;0;3;1 débarras, 1 entrée et 1 couloir;1;3;56;1;Sans Objet;Sans Objet;4;Sans Objet;1;2;2;Sans Objet;Sans Objet;SEJ1;2;2;2;1;2;2;Sans Objet;CHB1;2;1;2;2;2;2;Sans Objet;9;248;18;247;3;3;Sans Objet;Sans Objet;3;3;3;3;3;3;3;4;3;1;3;4;4
LOG381;6634,648375;88;28;0;2022-septembre;2022-septembre;28;Normandie;76;Seine-Maritime;1;6;6;1;0;2;2;1;2;NA;NA;2;7;2010;1;2;2;1;1;2;2;;2;NA;;3;NA;;3;NA;;3;NA;;3;NA;;1;2;2;1;1;2;2;2;2;2;2;2;1;2;2;2;2;;2;3;;2;2;2;2;1;2;2;2;2;2;;1;2;2;2;2;2;2;2;2;;2;1;3;NA;2;NA;1;3;;1;3;1;1;1;1;1;1;2;1;2;2;2;;;2;2;2;1;2;2;2;2;0;2;2;2;2;2;0;0;2;2;0;2;NA;NA;NA;NA;NA;NA;NA;NA;NA;NA;NA;NA;;1;1;2;2;2;2;1;Mécanicien sans station service;2;NA;NA;NA;NA;NA;NA;NA;NA;NA;;2;Sans Objet;1;2;3;0;1;1;1;0;3;1 couloir, 1 escalier, 1 salle de cinéma (aut1);1;3;120;8;Sans Objet;Sans Objet;3;Sans Objet;2;Sans Objet;2;Sans Objet;Sans Objet;SEJ1;2;2;2;1;2;2;Sans Objet;CHB1;2;1;2;2;2;2;Sans Objet;14;222;24;220;3;3;Sans Objet;Sans Objet;3;3;3;3;3;3;3;3;3;3;3;3;4
LOG382;6062,677742;89;28;0;2022-mai;2022-mai;28;Normandie;76;Seine-Maritime;1;7;3;1;0;2;2;1;1;NA;NA;2;9;2005;1;1;2;2;2;2;2;;2;NA;;3;NA;;2;3;;2;1;;3;NA;;3;1;2;2;2;NA;NA;NA;NA;NA;NA;NA;NA;NA;NA;NA;NA;;2;3;;NA;NA;NA;NA;NA;NA;NA;NA;1;NA;;1;2;2;2;2;2;2;2;2;;2;3;3;NA;2;NA;1;3;;1;3;1;2;2;1;1;1;2;1;2;2;2;;;2;2;2;1;2;2;2;3;0;3;1;2;2;2;0;0;2;2;0;2;NA;NA;NA;NA;NA;NA;NA;NA;NA;NA;NA;NA;;2;1;2;2;1;2;2;;1;1;2;2;2;2;2;2;2;2;;2;Sans Objet;1;1;2;1;2;1;0;0;2;mezzanine et palier/dégagement;1;1;150;8;Sans Objet;Sans Objet;3;Sans Objet;2;Sans Objet;2;Sans Objet;Sans Objet;SEJ1;2;2;1;1;2;2;Sans Objet;CHB1;2;1;2;2;2;2;Sans Objet;13;239;46;243;3;3;Sans Objet;Sans Objet;3;3;3;3;3;3;3;4;3;3;3;3;4
LOG383;15847,44653;82;28;0;2022-décembre;2022-décembre;28;Normandie;27;Eure;1;6;11;1;0;2;2;2;6;NA;NA;2;7;2003;2;1;2;1;1;2;2;;2;NA;;3;NA;;3;NA;;3;NA;;3;NA;;1;1;1;1;1;2;1;2;1;2;2;2;1;2;2;2;2;;2;6;;NA;NA;NA;NA;NA;NA;NA;NA;1;NA;;1;1;2;2;2;2;2;2;2;;3;3;3;NA;2;NA;1;6;;1;2;1;4;3;1;1;1;2;1;2;2;2;;;2;2;2;1;2;2;2;2;0;2;1;1;2;2;0;0;2;2;0;1;NA;NA;NA;NA;NA;NA;NA;NA;NA;NA;NA;NA;;2;2;NA;NA;NA;NA;NA;;2;NA;NA;NA;NA;NA;NA;NA;NA;NA;;2;Sans Objet;1;1;4;1;2;2;0;0;6;2 couloirs, 1 entrée, 1 cellier, 1 escalier, 1 débarras;1;1;140;8;Sans Objet;Sans Objet;3;Sans Objet;2;Sans Objet;2;Sans Objet;Sans Objet;SEJ1;2;2;2;1;2;2;Sans Objet;CHB1;2;1;2;2;2;2;Sans Objet;14;261;45;260;3;3;Sans Objet;Sans Objet;3;3;3;3;3;3;3;3;3;3;3;3;4
LOG384;49930,95989;58;24;0;2022-octobre;2022-octobre;24;Centre-Val de Loire;18;Cher;2;4;3;4;2;2;1;2;5;NA;NA;2;6;2006;NA;NA;NA;NA;NA;NA;1;;2;NA;;3;NA;;3;NA;;3;NA;;3;NA;;3;1;3;2;2;NA;NA;NA;NA;NA;NA;NA;NA;NA;NA;NA;NA;;2;6;;NA;NA;NA;NA;NA;NA;NA;NA;1;NA;;2;1;2;2;2;2;2;2;2;;3;3;3;NA;2;NA;1;6;;1;3;2;NA;1;1;1;2;NA;NA;NA;NA;NA;;;1;NA;NA;NA;NA;2;2;1;0;1;2;1;2;2;1;0;2;1;0;1;NA;NA;NA;NA;NA;NA;NA;NA;NA;NA;NA;NA;;2;2;NA;NA;NA;NA;NA;;2;NA;NA;NA;NA;NA;NA;NA;NA;NA;;2;Sans Objet;1;1;2;1;2;2;0;0;4;entrée / 2 dressings / débarras ;1;2;150;1;Sans Objet;Sans Objet;1;Sans Objet;1;2;2;Sans Objet;Sans Objet;SEJ1;2;2;2;1;2;2;Sans Objet;CHB1;2;1;2;2;2;2;Sans Objet;12;260;40;260;3;3;Sans Objet;Sans Objet;3;1;3;3;3;3;3;4;3;3;4;4;4
LOG385;12721,67207;58;24;0;2022-avril;2022-avril;24;Centre-Val de Loire;18;Cher;1;5;5;1;0;2;3;1;11;1;2010;2;2;2010;2;2;1;2;2;2;2;;2;NA;;3;NA;;2;6;Cheminée;2;2;;3;NA;;4;NA;NA;NA;1;2;1;2;2;2;2;2;1;2;2;2;2;;3;5;;2;2;2;2;2;1;2;1;2;2;Chauffage d'appoint à pétrole;2;1;2;2;2;2;2;1;2;;3;1;3;NA;2;NA;1;6;;1;3;1;1;1;1;1;2;NA;NA;NA;NA;NA;;;1;NA;NA;NA;NA;1;1;4;3;4;1;1;2;2;0;0;2;1;0;1;NA;NA;NA;NA;NA;NA;NA;NA;NA;NA;NA;NA;;2;1;2;2;2;2;1;Stand de tir;2;NA;NA;NA;NA;NA;NA;NA;NA;NA;;2;Sans Objet;0;1;4;0;2;1;1;0;2;dressing, pallier;2;1;140;5;Sans Objet;Sans Objet;3;Sans Objet;2;Sans Objet;2;Sans Objet;Sans Objet;CUS1;1;2;2;1;2;2;Sans Objet;CHB1;2;1;1;2;2;2;Sans Objet;12;250;45;250;2;2;4;4;2;3;3;3;1;1;1;2;1;1;1;4;4
LOG386;14805,21831;59;24;0;2022-mai;2022-juin;24;Centre-Val de Loire;18;Cher;1;6;3;1;0;2;3;1;1;NA;NA;2;6;2011;2;2;2;2;1;2;2;;2;NA;;3;NA;;3;NA;;3;NA;;3;NA;;1;1;2;2;1;2;2;2;2;1;2;2;2;1;2;2;2;;2;5;;2;2;1;2;2;2;2;2;2;2;;1;2;2;2;2;2;2;2;2;;3;1;3;NA;1;NA;1;6;;1;3;1;1;2;1;1;1;2;1;2;2;2;;;2;2;2;1;2;2;2;3;1;3;1;2;2;2;0;0;2;2;0;2;NA;NA;NA;NA;NA;NA;NA;NA;NA;NA;NA;NA;;2;1;2;2;1;2;2;;1;1;2;2;2;2;2;2;2;2;;2;Sans Objet;1;1;2;1;2;0;0;0;2;palier et dressing;1;2;140;6;Sans Objet;2;3;Sans Objet;1;2;1;2;2;SEJ1;2;2;1;1;2;2;Sans Objet;CHB1;2;1;2;2;2;2;Sans Objet;13;250;60;250;3;3;Sans Objet;Sans Objet;3;3;3;3;3;3;3;3;3;3;3;3;3
LOG387;8384,265086;58;24;0;2022-avril;2022-mai;24;Centre-Val de Loire;18;Cher;1;5;5;1;0;1;2;1;2;NA;NA;2;8;2017;2;1;2;1;1;2;2;;2;NA;;3;NA;;3;NA;;2;3;;3;NA;;4;NA;NA;NA;2;NA;NA;NA;NA;NA;NA;NA;NA;NA;NA;NA;NA;;2;3;;NA;NA;NA;NA;NA;NA;NA;NA;1;NA;;1;2;2;2;2;2;2;2;2;;3;3;3;NA;2;NA;1;3;;1;3;1;1;3;2;1;2;NA;NA;NA;NA;NA;;;2;2;2;1;2;2;2;6;4;3;1;2;2;2;1;4;2;1;0;2;NA;NA;NA;NA;NA;NA;NA;NA;NA;NA;NA;NA;;2;2;NA;NA;NA;NA;NA;;2;NA;NA;NA;NA;NA;NA;NA;NA;NA;;2;Sans Objet;0;1;4;0;2;1;0;0;2;entrée, palier;2;2;170;6;Sans Objet;2;5;Sans Objet;1;1;2;Sans Objet;Sans Objet;CUS1;1;2;1;1;2;2;Sans Objet;CHB1;2;1;2;2;2;1;Parfois couture;14;250;60;250;3;3;Sans Objet;Sans Objet;3;2;3;3;3;3;3;3;3;3;3;3;3
LOG388;15539,23048;64;24;0;2022-mars;2022-mars;24;Centre-Val de Loire;37;Indre-et-Loire;1;8;5;1;0;2;3;1;11;1;2012;2;8;2012;2;2;2;1;2;2;2;;1;6;Conseil en organisation/coaching d'entreprises;3;NA;;3;NA;;3;NA;;3;NA;;4;NA;NA;NA;2;NA;NA;NA;NA;NA;NA;NA;NA;NA;NA;NA;NA;;2;6;;NA;NA;NA;NA;NA;NA;NA;NA;1;NA;;1;2;1;2;2;2;2;2;2;;3;3;1;1;2;NA;1;6;;1;3;1;4;2;1;1;1;2;1;2;2;2;;;2;2;2;1;2;2;2;4;0;3;1;2;2;2;0;0;2;2;0;1;NA;NA;NA;NA;NA;NA;NA;NA;NA;NA;NA;NA;;2;2;NA;NA;NA;NA;NA;;2;NA;NA;NA;NA;NA;NA;NA;NA;NA;;2;Sans Objet;0;1;5;1;2;1;1;0;2;garage fermé et piscine intérieure;2;1;164;5;Sans Objet;Sans Objet;4;Sans Objet;2;Sans Objet;1;2;1;CUS1;1;2;1;1;1;2;Sans Objet;CHB1;2;1;2;2;2;2;Sans Objet;11;250;58;250;3;3;Sans Objet;Sans Objet;3;3;3;3;3;3;3;3;3;3;3;3;3
LOG389;55984,42911;289;93;0;2022-novembre;2022-novembre;24;Centre-Val de Loire;28;Eure-et-Loir;1;8;3;0;0;2;2;1;6;NA;NA;2;2;2019;2;2;2;1;2;2;2;;2;NA;;3;NA;;3;NA;;3;NA;;3;NA;;4;NA;NA;NA;2;NA;NA;NA;NA;NA;NA;NA;NA;NA;NA;NA;NA;;2;7;;NA;NA;NA;NA;NA;NA;NA;NA;1;NA;;2;1;2;2;2;2;2;2;2;;1;1;1;1;1;NA;1;3;;1;3;1;1;1;1;1;1;2;1;2;2;2;;;2;2;2;1;2;2;2;1;0;1;1;2;2;2;1;0;2;1;0;1;NA;NA;NA;NA;NA;NA;NA;NA;NA;NA;NA;NA;;1;1;2;2;2;2;1;Travaux de plusieurs maisons voisines;1;1;2;2;2;2;2;2;2;2;;2;Sans Objet;1;1;3;1;1;1;1;1;1;garage ;1;1;90;5;Sans Objet;Sans Objet;3;Sans Objet;2;Sans Objet;1;1;3;SEJ1;2;2;1;1;2;2;Sans Objet;CHB1;2;1;2;2;2;2;Sans Objet;9;200;28;200;3;3;Sans Objet;Sans Objet;3;3;3;3;3;3;3;5;4;1;4;5;5
LOG390;101255,5908;58;24;0;2022-juin;2022-juin;24;Centre-Val de Loire;18;Cher;1;5;3;0;0;2;3;1;11;1;2006;2;7;2012;2;1;2;2;2;2;2;;2;NA;;3;NA;;2;3;;3;NA;;3;NA;;4;NA;NA;NA;2;NA;NA;NA;NA;NA;NA;NA;NA;NA;NA;NA;NA;;3;6;;2;2;2;2;1;2;2;2;2;2;;2;1;2;2;2;2;2;1;2;;3;1;3;NA;1;NA;1;6;;1;3;1;4;3;1;1;1;2;2;2;1;2;;;2;2;2;1;2;2;2;3;1;3;1;2;2;2;0;0;2;2;0;2;NA;NA;NA;NA;NA;NA;NA;NA;NA;NA;NA;NA;;2;1;2;2;1;2;2;;1;1;2;2;2;2;2;2;2;2;;2;Sans Objet;0;1;4;1;1;1;1;0;1;couloir;2;2;110;5;Sans Objet;Sans Objet;3;Sans Objet;2;Sans Objet;2;Sans Objet;Sans Objet;CUS1;1;2;2;1;1;2;Sans Objet;CHB1;2;1;2;2;2;2;Sans Objet;14;250;45;250;3;3;Sans Objet;Sans Objet;3;3;3;3;3;3;3;3;3;3;3;3;3
LOG391;20274,6208;63;24;0;2022-mars;2022-mars;24;Centre-Val de Loire;37;Indre-et-Loire;1;10;5;1;0;2;3;1;8;NA;NA;2;5;1988;2;1;1;2;2;2;2;;2;NA;;3;NA;;2;3;;3;NA;;3;NA;;2;2;2;1;1;2;1;2;2;1;2;2;2;2;2;2;2;;3;6;;NA;NA;NA;NA;NA;NA;NA;NA;1;NA;;2;2;2;2;2;2;2;1;2;;3;1;3;NA;2;NA;1;6;;1;3;1;2;2;1;1;2;NA;NA;NA;NA;NA;;;2;1;2;2;2;2;2;2;0;2;2;2;2;2;0;0;2;2;0;1;NA;NA;NA;NA;NA;NA;NA;NA;NA;NA;NA;NA;;2;1;2;2;1;2;2;;1;1;2;2;2;2;2;2;2;2;;2;Sans Objet;1;1;4;2;2;2;0;1;4;pallier, garage, couloirs 1 et 2;1;2;157;7;Sans Objet;1;4;Sans Objet;1;1;1;1;2;SEJ1;2;2;2;1;2;2;Sans Objet;CHB1;2;1;2;2;2;2;Sans Objet;13;200;12;250;3;3;Sans Objet;Sans Objet;3;3;3;3;3;3;3;3;3;3;3;3;4
LOG392;11980,74399;65;24;0;2022-mars;2022-mars;24;Centre-Val de Loire;37;Indre-et-Loire;1;7;2;2;0;2;3;1;6;NA;NA;2;5;2000;2;2;2;1;2;2;2;;2;NA;;3;NA;;3;NA;;2;5;;3;NA;;1;2;2;2;1;2;2;2;2;2;2;1;2;2;2;2;2;;2;3;;NA;NA;NA;NA;NA;NA;NA;NA;1;NA;;1;2;2;2;2;2;2;2;2;;3;1;2;2;3;NA;1;3;;1;3;1;2;2;1;1;2;NA;NA;NA;NA;NA;;;2;2;2;1;2;2;2;4;1;3;1;1;2;2;2;0;2;1;0;2;NA;NA;NA;NA;NA;NA;NA;NA;NA;NA;NA;NA;;2;2;NA;NA;NA;NA;NA;;2;NA;NA;NA;NA;NA;NA;NA;NA;NA;;2;Sans Objet;1;1;4;0;1;1;0;1;2;pallier, garage;1;2;120;5;Sans Objet;Sans Objet;3;Sans Objet;2;Sans Objet;1;1;3;SEJ1;2;2;1;1;2;2;Sans Objet;CHB1;2;1;1;2;2;2;Sans Objet;10;250;32;250;3;3;Sans Objet;Sans Objet;3;3;3;3;3;3;3;3;3;4;4;3;4
LOG393;25811,02611;63;24;0;2022-février;2022-février;24;Centre-Val de Loire;37;Indre-et-Loire;1;5;5;1;0;2;3;1;1;NA;NA;2;6;2019;2;2;2;2;1;2;2;;2;NA;;3;NA;;3;NA;;3;NA;;3;NA;;1;1;2;1;2;NA;NA;NA;NA;NA;NA;NA;NA;NA;NA;NA;NA;;3;6;;2;2;2;2;1;2;2;2;2;2;;2;2;2;2;2;2;1;2;2;;1;1;3;NA;2;NA;1;6;;1;3;1;1;3;1;1;1;2;1;2;2;2;;;2;2;2;1;2;2;2;2;0;2;2;2;2;2;0;0;2;2;0;2;NA;NA;NA;NA;NA;NA;NA;NA;NA;NA;NA;NA;;2;2;NA;NA;NA;NA;NA;;1;1;2;2;2;1;2;2;2;2;;2;Sans Objet;1;1;2;2;1;1;0;0;2;cellier, palier ;1;2;120;8;Sans Objet;Sans Objet;5;Sans Objet;2;Sans Objet;2;Sans Objet;Sans Objet;SEJ1;2;2;2;1;2;2;Sans Objet;CHB1;2;1;2;2;2;2;Sans Objet;15;190;50;200;3;3;Sans Objet;Sans Objet;3;3;3;3;3;3;3;4;4;4;4;4;4
LOG394;50102,34667;59;24;0;2022-juillet;2022-juillet;24;Centre-Val de Loire;18;Cher;1;7;3;1;0;2;3;1;8;NA;NA;2;3;1986;2;2;2;2;1;2;2;;2;NA;;2;5;Activité agricole;3;NA;;2;5;;3;NA;;1;2;2;1;2;NA;NA;NA;NA;NA;NA;NA;NA;NA;NA;NA;NA;;2;1;;2;2;2;2;1;2;2;2;2;2;;1;2;2;2;2;2;2;2;2;;1;1;3;NA;1;NA;1;6;;1;3;2;NA;3;1;1;1;2;1;2;2;2;;;2;2;2;1;2;2;2;1;0;1;2;2;2;2;0;0;2;1;0;2;NA;NA;NA;NA;NA;NA;NA;NA;NA;NA;NA;NA;;2;1;2;2;1;2;2;;1;2;2;2;2;2;2;2;1;2;Prairie avec traitement;2;Sans Objet;1;1;5;1;1;1;0;0;8;un pallier, trois débarras, deux ateliers, un grenier et une chaufferie;1;2;200;8;Sans Objet;Sans Objet;3;Sans Objet;2;Sans Objet;1;2;1;SEJ1;2;2;1;1;2;2;Sans Objet;CHB1;2;1;2;2;2;2;Sans Objet;36;250;50;250;3;3;Sans Objet;Sans Objet;3;3;1;3;3;3;3;4;3;3;3;4;4
LOG395;6611,18754;59;24;0;2022-décembre;2022-décembre;24;Centre-Val de Loire;18;Cher;1;7;5;3;0;2;3;1;1;NA;NA;2;4;2017;2;1;2;2;2;2;2;;2;NA;;3;NA;;3;NA;;3;NA;;3;NA;;1;1;2;2;2;NA;NA;NA;NA;NA;NA;NA;NA;NA;NA;NA;NA;;2;1;;NA;NA;NA;NA;NA;NA;NA;NA;1;NA;;1;2;2;2;2;2;2;2;2;;1;3;3;NA;2;NA;1;6;;1;3;1;2;1;1;1;2;NA;NA;NA;NA;NA;;;2;2;2;1;2;2;2;3;1;3;1;2;2;2;0;0;2;2;0;1;NA;NA;NA;NA;NA;NA;NA;NA;NA;NA;NA;NA;;2;2;NA;NA;NA;NA;NA;;2;NA;NA;NA;NA;NA;NA;NA;NA;NA;;2;Sans Objet;1;1;4;1;2;1;0;0;4;2 couloirs et 2 caves;1;1;200;6;Sans Objet;2;5;Sans Objet;1;1;2;Sans Objet;Sans Objet;SEJ1;2;2;2;1;2;2;Sans Objet;CHB1;2;1;2;2;2;2;Sans Objet;30;200;60;200;3;3;Sans Objet;Sans Objet;3;3;3;3;3;3;3;3;3;3;4;4;4
LOG396;55997,05107;68;24;0;2022-février;2022-février;24;Centre-Val de Loire;45;Loiret;1;5;3;0;0;2;3;1;7;NA;NA;2;1;2018;2;2;1;2;2;2;2;;2;NA;;3;NA;;2;2;;3;NA;;3;NA;;4;NA;NA;NA;1;1;1;2;2;2;2;2;2;2;2;2;1;Pose de parquet;3;7;;2;2;2;2;1;2;2;2;2;2;;2;1;2;2;2;2;2;2;2;;2;3;1;1;2;NA;1;2;;1;3;2;NA;2;1;1;1;2;1;2;2;2;;;2;2;2;1;2;2;2;4;1;3;1;2;2;2;0;0;2;1;0;1;0;0;0;0;2;1;1;2;2;2;2;2;;2;1;2;1;2;2;2;;2;NA;NA;NA;NA;NA;NA;NA;NA;NA;;2;Sans Objet;1;1;3;1;1;0;1;0;0;Sans Objet;1;2;85;8;Sans Objet;Sans Objet;3;Sans Objet;2;Sans Objet;1;2;3;SEJ1;2;2;2;1;2;2;Sans Objet;CHB1;2;1;2;2;2;2;Sans Objet;10;205;35;205;3;3;Sans Objet;Sans Objet;3;3;3;3;3;1;3;4;4;4;4;4;4
LOG397;10960,35851;63;24;0;2022-février;2022-mars;24;Centre-Val de Loire;37;Indre-et-Loire;1;6;6;1;0;2;3;1;11;1;2008;2;9;2008;2;2;2;1;2;2;2;;2;NA;;3;NA;;2;4;;3;NA;;3;NA;;4;NA;NA;NA;2;NA;NA;NA;NA;NA;NA;NA;NA;NA;NA;NA;NA;;2;7;;2;2;2;2;1;2;2;2;2;2;;2;2;1;2;2;2;2;2;2;;1;1;3;NA;1;NA;1;3;;1;3;1;4;1;1;1;2;NA;NA;NA;NA;NA;;;2;2;2;1;2;2;2;2;0;2;2;1;2;2;0;0;2;0;2;1;NA;NA;NA;NA;NA;NA;NA;NA;NA;NA;NA;NA;;2;2;NA;NA;NA;NA;NA;;2;NA;NA;NA;NA;NA;NA;NA;NA;NA;;2;Sans Objet;0;1;3;3;2;2;1;0;2;palier et garage;2;2;170;5;Sans Objet;Sans Objet;3;Sans Objet;2;Sans Objet;1;1;3;CUS1;2;2;2;1;2;2;Sans Objet;CHB1;2;1;2;2;2;2;Sans Objet;13;200;35;200;3;3;Sans Objet;Sans Objet;3;3;3;3;3;3;3;3;3;3;4;3;4
LOG398;38250,88023;62;24;0;2022-mai;2022-mai;24;Centre-Val de Loire;36;Indre;1;5;2;1;0;2;3;1;12;1;2015;2;10;2015;1;2;2;2;2;2;2;;2;NA;;3;NA;;3;NA;;3;NA;;3;NA;;4;NA;NA;NA;2;NA;NA;NA;NA;NA;NA;NA;NA;NA;NA;NA;NA;;3;5;;2;2;2;2;2;1;2;2;2;2;;2;2;2;2;2;2;2;1;2;;3;1;3;NA;2;NA;1;6;;1;3;1;4;2;1;1;1;2;1;2;2;2;;;2;2;2;1;2;2;2;2;0;2;1;2;2;2;0;0;2;2;0;2;NA;NA;NA;NA;NA;NA;NA;NA;NA;NA;NA;NA;;2;1;2;2;1;2;2;;1;1;2;2;2;2;2;2;2;2;;2;Sans Objet;0;1;3;0;1;1;1;0;1;couloir;2;3;140;5;Sans Objet;Sans Objet;5;Sans Objet;2;Sans Objet;2;Sans Objet;Sans Objet;CUS1;1;2;2;1;2;2;Sans Objet;CHB1;2;1;2;2;2;2;Sans Objet;15;230;67;300;3;3;Sans Objet;Sans Objet;3;3;1;3;3;3;3;3;3;3;3;3;3
LOG399;169582,9422;60;24;0;2022-août;2022-août;24;Centre-Val de Loire;28;Eure-et-Loir;1;4;3;0;0;2;3;1;11;1;2012;2;2;2012;2;1;2;2;2;2;2;;2;NA;;2;5;Activité agricole;3;NA;;3;NA;;3;NA;;4;NA;NA;NA;1;2;1;2;2;2;2;2;2;2;2;2;2;;3;6;;NA;NA;NA;NA;NA;NA;NA;NA;1;NA;;1;1;2;2;2;2;2;2;2;;3;3;3;NA;2;NA;1;7;Panneau solaire;1;3;1;2;1;1;1;2;NA;NA;NA;NA;NA;;;1;NA;NA;NA;NA;2;2;1;0;1;1;2;2;2;0;0;2;1;0;2;NA;NA;NA;NA;NA;NA;NA;NA;NA;NA;NA;NA;;2;2;NA;NA;NA;NA;NA;;1;1;2;2;2;2;2;2;2;2;;2;Sans Objet;0;1;2;1;1;1;0;0;2;cellier, garage;2;1;88;5;Sans Objet;Sans Objet;3;Sans Objet;2;Sans Objet;1;1;3;CUS1;1;2;2;1;2;2;Sans Objet;CHB1;2;1;2;2;2;2;Sans Objet;12;240;30;240;3;3;Sans Objet;Sans Objet;3;3;3;3;3;3;3;4;3;3;3;3;4
LOG400;131081,9281;65;24;0;2022-avril;2022-avril;24;Centre-Val de Loire;37;Indre-et-Loire;2;1;4;16;5;2;1;2;6;NA;NA;2;2;2014;2;2;2;1;2;2;2;;2;NA;;3;NA;;3;NA;;3;NA;;3;NA;;4;NA;NA;NA;2;NA;NA;NA;NA;NA;NA;NA;NA;NA;NA;NA;NA;;1;3;;NA;NA;NA;NA;NA;NA;NA;NA;NA;1;;1;2;2;2;2;2;2;2;2;;3;3;3;NA;2;NA;1;3;;1;3;1;3;2;1;1;2;NA;NA;NA;NA;NA;;;1;NA;NA;NA;NA;2;2;1;0;1;2;2;2;2;0;0;2;1;0;2;NA;NA;NA;NA;NA;NA;NA;NA;NA;NA;NA;NA;;2;2;NA;NA;NA;NA;NA;;2;NA;NA;NA;NA;NA;NA;NA;NA;NA;;2;Sans Objet;0;1;2;0;1;1;0;0;2;couloir, entrée;2;1;74;1;Sans Objet;Sans Objet;1;Sans Objet;1;2;2;Sans Objet;Sans Objet;CUS1;1;2;1;1;2;2;Sans Objet;CHB1;2;1;2;2;2;2;Sans Objet;9;250;39;250;3;3;Sans Objet;Sans Objet;3;3;3;3;3;3;3;4;3;3;3;4;4
LOG401;26710,73716;64;24;0;2022-mai;2022-mai;24;Centre-Val de Loire;37;Indre-et-Loire;1;5;5;1;0;2;3;1;11;1;2010;2;2;2014;2;2;1;2;2;2;2;;2;NA;;3;NA;;3;NA;;2;1;;3;NA;;1;2;2;1;2;NA;NA;NA;NA;NA;NA;NA;NA;NA;NA;NA;NA;;3;6;;2;2;2;2;1;2;2;2;2;2;;2;1;2;2;2;2;2;2;2;;3;1;2;1;2;NA;1;6;;1;3;2;NA;2;1;1;1;2;1;2;2;2;;;1;NA;NA;NA;NA;2;2;2;1;4;1;2;2;2;0;0;2;1;0;2;0;0;0;0;0;1;0;2;2;2;2;2;;2;2;NA;NA;NA;NA;NA;;2;NA;NA;NA;NA;NA;NA;NA;NA;NA;;2;Sans Objet;0;1;4;1;2;2;1;0;2;sous-sol, cellier;2;2;250;7;Sans Objet;1;5;Sans Objet;1;1;1;2;3;CUS1;1;2;2;1;2;2;Sans Objet;CHB1;2;1;2;2;2;2;Sans Objet;12;250;50;250;3;1;3;2;3;3;3;3;3;3;3;3;3;3;3;3;3
LOG402;5115,891007;126;44;1;2022-mars;2022-mars;44;Grand Est;54;Meurthe-et-Moselle;2;3;3;5;1;2;2;2;7;NA;NA;2;9;2017;2;2;2;1;2;2;2;;2;NA;;3;NA;;2;4;;3;NA;;3;NA;;5;NA;NA;NA;1;2;1;2;2;1;2;2;1;2;2;2;2;;2;3;;NA;NA;NA;NA;NA;NA;NA;NA;1;NA;;1;2;2;2;2;2;2;2;2;;3;3;3;NA;2;NA;1;3;;1;3;1;3;2;1;1;2;NA;NA;NA;NA;NA;;;1;NA;NA;NA;NA;2;2;4;2;3;1;2;2;2;0;0;2;2;0;1;NA;NA;NA;NA;NA;NA;NA;NA;NA;NA;NA;NA;;2;2;NA;NA;NA;NA;NA;;2;NA;NA;NA;NA;NA;NA;NA;NA;NA;;2;Sans Objet;1;1;2;0;1;1;0;0;0;Sans Objet;1;1;62;6;Sans Objet;1;1;Sans Objet;1;2;2;Sans Objet;Sans Objet;SEJ1;2;2;2;1;2;2;Sans Objet;CHB1;2;1;2;2;2;2;Sans Objet;14;250;17;250;3;1;3;2;3;3;3;3;3;3;3;4;3;3;3;4;4
LOG403;32636,3577;126;44;1;2022-juin;2022-juin;44;Grand Est;54;Meurthe-et-Moselle;2;5;3;7;6;1;1;2;7;NA;NA;2;NA;2017;2;2;1;2;2;2;2;;2;NA;;3;NA;;2;5;;1;1;;1;1;;5;NA;NA;NA;1;2;1;2;2;2;2;2;2;2;2;2;2;;2;3;;NA;NA;NA;NA;NA;NA;NA;NA;1;NA;;1;2;2;2;2;2;2;2;2;;3;3;3;NA;3;NA;1;3;;1;3;2;NA;1;1;1;1;2;2;1;2;2;;;1;NA;NA;NA;NA;2;2;7;3;3;1;2;2;1;NA;NA;2;2;0;2;NA;NA;NA;NA;NA;NA;NA;NA;NA;NA;NA;NA;;2;1;2;2;2;2;1;Autoroute;2;NA;NA;NA;NA;NA;NA;NA;NA;NA;;2;Sans Objet;1;1;4;0;1;1;0;0;0;Sans Objet;1;1;100;1;Sans Objet;Sans Objet;1;Sans Objet;1;2;2;Sans Objet;Sans Objet;SEJ1;2;2;2;1;2;2;Sans Objet;CHB1;2;1;2;2;1;2;Sans Objet;12;250;17;250;3;3;Sans Objet;Sans Objet;3;3;3;3;3;3;3;3;3;3;3;4;4
LOG404;144496,9305;119;44;0;2022-août;2022-août;44;Grand Est;10;Aube;1;4;3;1;0;1;2;1;1;NA;NA;2;9;2001;NA;NA;NA;NA;NA;NA;1;;2;NA;;2;5;Activité agricole;2;3;;1;1;;1;1;;4;NA;NA;NA;2;NA;NA;NA;NA;NA;NA;NA;NA;NA;NA;NA;NA;;2;6;;NA;NA;NA;NA;NA;NA;NA;NA;1;NA;;2;1;2;2;2;2;2;2;2;;3;3;3;NA;3;NA;1;6;;1;3;2;NA;3;2;1;1;2;1;2;2;2;;;1;NA;NA;NA;NA;2;2;2;0;5;2;1;2;2;0;0;2;1;0;2;NA;NA;NA;NA;NA;NA;NA;NA;NA;NA;NA;NA;;2;1;2;2;1;2;2;;1;1;2;2;2;2;2;2;2;2;;2;Sans Objet;1;1;3;0;1;1;0;0;0;Sans Objet;1;3;85;6;Sans Objet;2;3;Sans Objet;1;1;2;Sans Objet;Sans Objet;SEJ1;2;2;2;1;2;2;Sans Objet;CHB1;2;1;2;2;2;2;Sans Objet;16;231;20;232;3;3;Sans Objet;Sans Objet;3;3;3;3;3;3;3;5;4;4;4;5;5
LOG405;6672,491328;126;44;0;2022-mars;2022-mars;44;Grand Est;54;Meurthe-et-Moselle;2;4;5;3;1;2;2;1;4;NA;NA;2;5;2004;2;2;1;2;1;2;2;;2;NA;;3;NA;;3;NA;;2;5;;3;NA;;2;1;1;1;2;NA;NA;NA;NA;NA;NA;NA;NA;NA;NA;NA;NA;;3;6;;NA;NA;NA;NA;NA;NA;NA;NA;1;NA;;2;2;2;2;1;2;2;2;2;;3;3;3;NA;2;NA;1;6;;1;3;1;2;1;1;1;2;NA;NA;NA;NA;NA;;;1;NA;NA;NA;NA;2;2;2;0;2;2;2;2;2;0;0;2;2;0;1;NA;NA;NA;NA;NA;NA;NA;NA;NA;NA;NA;NA;;2;2;NA;NA;NA;NA;NA;;2;NA;NA;NA;NA;NA;NA;NA;NA;NA;;2;Sans Objet;0;1;2;1;2;2;0;0;0;Sans Objet;2;1;90;1;Sans Objet;Sans Objet;1;Sans Objet;1;2;1;2;1;CUS1;1;2;2;1;2;2;Sans Objet;CHB1;2;1;2;2;2;2;Sans Objet;10;375;36;375;3;3;Sans Objet;Sans Objet;3;3;3;3;3;3;3;4;3;3;3;4;4
LOG406;117958,7939;123;44;0;2022-septembre;2022-octobre;44;Grand Est;52;Haute-Marne;1;6;2;1;0;2;2;1;3;NA;NA;2;6;2006;2;1;2;1;1;2;2;;2;NA;;3;NA;;2;6;Fosse septique;3;NA;;3;NA;;1;1;1;1;1;2;1;2;2;1;1;2;2;2;1;2;2;;2;5;;2;2;2;2;2;1;2;2;2;2;;2;2;2;2;2;2;2;1;2;;3;1;2;1;3;NA;1;6;;1;3;1;1;1;1;1;1;1;2;2;2;2;;;1;NA;NA;NA;NA;2;2;4;2;3;1;2;2;2;0;0;2;2;0;1;NA;NA;NA;NA;NA;NA;NA;NA;NA;NA;NA;NA;;2;1;2;2;1;2;2;;1;2;2;2;2;2;2;2;1;2;Prairie;2;Sans Objet;1;1;4;0;1;1;0;0;0;Sans Objet;1;2;123;6;Sans Objet;2;5;Sans Objet;1;2;1;2;3;SEJ1;2;2;2;1;2;2;Sans Objet;CHB1;2;1;1;2;2;2;Sans Objet;14;248;36;245;3;3;Sans Objet;Sans Objet;3;3;3;3;3;1;1;4;3;1;3;4;4
LOG407;236636,5737;121;44;0;2022-février;2022-mars;44;Grand Est;51;Marne;1;5;3;0;0;2;2;1;12;1;2017;2;6;2017;2;2;2;1;2;2;2;;2;NA;;3;NA;;3;NA;;3;NA;;3;NA;;4;NA;NA;NA;2;NA;NA;NA;NA;NA;NA;NA;NA;NA;NA;NA;NA;;2;3;;2;2;2;2;2;1;2;2;2;2;;1;2;2;2;2;2;2;2;2;;3;3;2;1;2;NA;1;6;;1;3;1;2;1;1;1;2;NA;NA;NA;NA;NA;;;1;NA;NA;NA;NA;2;2;2;0;2;2;2;2;2;0;0;2;1;0;1;NA;NA;NA;NA;NA;NA;NA;NA;NA;NA;NA;NA;;2;2;NA;NA;NA;NA;NA;;2;NA;NA;NA;NA;NA;NA;NA;NA;NA;;2;Sans Objet;0;1;4;0;1;1;0;0;1;cellier;2;1;100;7;Sans Objet;1;5;Sans Objet;1;1;1;1;1;CUS1;1;2;2;1;2;2;Sans Objet;CHB1;2;1;2;2;2;2;Sans Objet;11;247;42;247;3;3;Sans Objet;Sans Objet;3;3;3;1;3;3;3;4;3;3;3;4;4
LOG408;72584,8919;121;44;0;2022-février;2022-février;44;Grand Est;51;Marne;1;6;6;1;0;2;2;1;6;NA;NA;2;12;1994;2;1;2;2;2;2;2;;2;NA;;3;NA;;2;3;;3;NA;;3;NA;;3;1;2;2;2;NA;NA;NA;NA;NA;NA;NA;NA;NA;NA;NA;NA;;2;10;;NA;NA;NA;NA;NA;NA;NA;NA;1;NA;;1;2;2;2;2;2;2;2;2;;1;3;3;NA;3;NA;1;7;PAC thermodynamique;1;3;1;2;2;2;1;2;NA;NA;NA;NA;NA;;;2;2;2;1;2;2;2;2;0;2;2;2;2;2;0;0;2;2;0;1;NA;NA;NA;NA;NA;NA;NA;NA;NA;NA;NA;NA;;1;2;NA;NA;NA;NA;NA;;2;NA;NA;NA;NA;NA;NA;NA;NA;NA;;2;Sans Objet;1;1;4;1;2;1;1;0;0;Sans Objet;1;2;170;7;Sans Objet;1;5;Sans Objet;1;1;1;1;3;SEJ1;2;2;1;1;2;2;Sans Objet;CHB1;2;1;2;2;2;2;Sans Objet;11;250;29;250;3;3;Sans Objet;Sans Objet;3;3;1;3;3;3;3;4;3;3;4;4;4
LOG409;21619,41532;125;44;0;2023-février;2023-février;44;Grand Est;54;Meurthe-et-Moselle;1;8;2;1;0;2;2;1;1;NA;NA;2;7;1999;2;2;2;2;1;2;2;;2;NA;;3;NA;;2;1;;3;NA;;3;NA;;2;2;1;1;2;NA;NA;NA;NA;NA;NA;NA;NA;NA;NA;NA;NA;;2;3;;2;2;2;2;1;2;2;2;2;2;;1;2;2;2;2;2;2;1;2;;3;1;3;NA;3;NA;1;3;;1;3;1;2;1;1;1;1;2;1;2;2;2;;;2;2;2;1;2;2;2;1;0;1;1;2;2;2;0;0;2;1;0;1;NA;NA;NA;NA;NA;NA;NA;NA;NA;NA;NA;NA;;1;1;2;2;1;2;2;;1;1;1;1;2;2;2;2;2;2;;2;Sans Objet;1;1;4;2;1;1;1;0;0;Sans Objet;1;2;160;6;Sans Objet;2;5;Sans Objet;1;2;1;1;1;SEJ1;2;2;2;1;2;2;Sans Objet;CHB1;2;1;2;2;2;2;Sans Objet;16;250;40;226;3;3;Sans Objet;Sans Objet;3;4;4;1;4;4;4;3;3;3;3;3;4
LOG410;37960,45758;122;44;0;2022-février;2022-février;44;Grand Est;51;Marne;1;6;6;1;0;2;2;1;12;1;2021;2;9;2021;2;2;2;1;2;2;2;;2;NA;;3;NA;;2;3;;3;NA;;3;NA;;1;1;1;1;1;2;2;2;2;2;2;2;2;2;2;2;1;Construction neuve;2;10;;NA;NA;NA;NA;NA;NA;NA;NA;1;NA;;1;2;1;2;2;2;2;2;2;;3;3;3;NA;2;NA;1;6;;1;3;1;2;2;1;1;2;NA;NA;NA;NA;NA;;;1;NA;NA;NA;NA;2;2;4;2;3;1;2;2;2;0;0;2;2;1;1;NA;NA;NA;NA;NA;NA;NA;NA;NA;NA;NA;NA;;1;1;2;2;1;2;2;;1;1;2;2;2;2;2;2;2;2;;2;Sans Objet;1;1;4;1;2;2;1;0;0;Sans Objet;1;1;130;5;Sans Objet;Sans Objet;3;Sans Objet;2;Sans Objet;1;1;3;SEJ1;2;2;1;1;2;2;Sans Objet;CHB1;2;1;2;2;2;2;Sans Objet;18;245;30;245;3;3;Sans Objet;Sans Objet;3;4;4;4;4;4;4;4;3;3;3;4;4
LOG411;26308,8743;119;44;0;2023-février;2023-février;44;Grand Est;10;Aube;1;4;4;0;0;2;2;1;9;1;2000;2;3;2000;2;2;2;1;2;2;2;;2;NA;;3;NA;;3;NA;;3;NA;;3;NA;;4;NA;NA;NA;1;1;1;2;2;2;2;2;2;2;2;2;2;;3;6;;2;2;2;2;1;2;2;2;2;2;;2;1;2;2;2;2;1;2;2;;1;3;2;1;2;NA;1;6;;1;3;1;2;1;1;1;2;NA;NA;NA;NA;NA;;;2;2;2;1;2;2;2;2;0;2;1;1;2;2;0;0;2;2;0;1;NA;NA;NA;NA;NA;NA;NA;NA;NA;NA;NA;NA;;2;1;2;1;1;2;2;;1;1;2;1;2;2;2;2;2;2;;2;Sans Objet;1;1;3;0;1;1;1;1;0;Sans Objet;1;2;115;7;Sans Objet;1;5;Sans Objet;1;1;1;1;1;SEJ1;2;2;2;1;2;2;Sans Objet;CHB1;2;1;2;2;2;2;Sans Objet;11;250;36;250;3;3;Sans Objet;Sans Objet;3;3;3;3;3;3;3;4;3;3;3;4;4
LOG412;25492,94224;126;44;1;2022-avril;2022-avril;44;Grand Est;54;Meurthe-et-Moselle;2;2;3;4;4;1;2;2;5;NA;NA;2;12;2014;NA;NA;NA;NA;NA;NA;1;;2;NA;;3;NA;;3;NA;;3;NA;;3;NA;;5;NA;NA;NA;2;NA;NA;NA;NA;NA;NA;NA;NA;NA;NA;NA;NA;;2;3;;NA;NA;NA;NA;NA;NA;NA;NA;1;NA;;1;2;2;2;2;2;2;2;2;;3;3;3;NA;3;NA;1;3;;1;3;1;3;1;1;1;2;NA;NA;NA;NA;NA;;;1;NA;NA;NA;NA;2;2;1;0;1;2;2;2;2;0;0;2;1;0;2;NA;NA;NA;NA;NA;NA;NA;NA;NA;NA;NA;NA;;2;2;NA;NA;NA;NA;NA;;2;NA;NA;NA;NA;NA;NA;NA;NA;NA;;2;Sans Objet;1;1;1;0;1;1;0;0;0;Sans Objet;1;3;45;1;Sans Objet;Sans Objet;4;Sans Objet;1;2;2;Sans Objet;Sans Objet;SEJ1;2;2;2;1;2;2;Sans Objet;CHB1;2;1;2;2;2;2;Sans Objet;13;250;17;250;3;1;4;2;1;3;3;3;1;3;3;4;3;4;4;4;4
LOG413;5818,171432;141;44;0;2022-juillet;2022-juillet;44;Grand Est;88;Vosges;1;7;5;1;0;2;2;1;9;1;1993;2;4;1994;2;1;2;1;2;2;2;;2;NA;;2;5;Carrière;3;NA;;3;NA;;3;NA;;4;NA;NA;NA;2;NA;NA;NA;NA;NA;NA;NA;NA;NA;NA;NA;NA;;2;3;;NA;NA;NA;NA;NA;NA;NA;NA;1;NA;;1;2;1;2;2;2;2;2;2;;3;3;3;NA;2;NA;1;3;;1;3;1;3;1;1;1;2;NA;NA;NA;NA;NA;;;1;NA;NA;NA;NA;2;2;2;0;2;2;1;2;2;0;0;2;2;0;2;NA;NA;NA;NA;NA;NA;NA;NA;NA;NA;NA;NA;;2;1;2;1;2;2;2;;2;NA;NA;NA;NA;NA;NA;NA;NA;NA;;2;Sans Objet;1;1;4;1;2;2;1;1;0;Sans Objet;1;2;200;7;Sans Objet;1;5;Sans Objet;1;1;1;1;1;SEJ1;2;2;2;1;2;2;Sans Objet;CHB1;2;1;2;2;2;2;Sans Objet;14;250;30;250;3;3;Sans Objet;Sans Objet;3;3;3;3;1;1;1;4;3;1;4;4;4
LOG414;12380,25879;121;44;0;2022-février;2022-mars;44;Grand Est;51;Marne;1;7;2;1;0;2;2;1;2;NA;NA;2;9;2009;2;2;2;2;1;2;2;;2;NA;;3;NA;;2;4;;2;1;;2;1;;2;1;2;1;2;NA;NA;NA;NA;NA;NA;NA;NA;NA;NA;NA;NA;;2;5;;1;2;2;2;2;2;2;2;2;2;;1;2;2;2;2;2;2;2;2;;3;3;2;1;1;NA;1;1;;1;2;1;2;2;2;2;1;1;1;2;2;1;Poissons;;2;2;2;1;2;2;2;5;3;3;1;2;2;2;0;0;2;2;0;1;NA;NA;NA;NA;NA;NA;NA;NA;NA;NA;NA;NA;;1;1;2;2;1;2;2;;1;1;2;1;1;2;2;2;2;2;;2;Sans Objet;1;1;4;1;2;0;0;0;0;Sans Objet;1;2;180;7;Sans Objet;1;5;Sans Objet;1;1;2;Sans Objet;Sans Objet;SEJ1;2;2;2;1;2;2;Sans Objet;CHB1;2;1;2;2;2;2;Sans Objet;13;340;35;300;3;1;2;1;3;3;1;3;3;3;3;4;3;1;3;3;3
LOG415;110385,4029;120;44;0;2022-octobre;2022-octobre;44;Grand Est;10;Aube;1;5;3;1;0;2;2;1;3;NA;NA;2;11;1989;2;2;2;1;2;1;2;Torchis;2;NA;;3;NA;;2;4;;3;NA;;3;NA;;1;2;1;2;1;1;1;2;2;2;2;2;2;2;2;2;2;;2;3;;2;2;2;2;1;2;2;2;2;2;;1;2;2;2;2;2;2;2;2;;3;1;2;1;3;NA;1;3;;1;3;1;1;2;1;1;1;1;2;2;2;2;;;2;2;2;1;2;2;2;2;0;2;2;2;2;2;0;0;2;2;0;2;NA;NA;NA;NA;NA;NA;NA;NA;NA;NA;NA;NA;;1;2;NA;NA;NA;NA;NA;;2;NA;NA;NA;NA;NA;NA;NA;NA;NA;;2;Sans Objet;1;1;2;0;1;2;0;1;0;Sans Objet;1;2;110;6;Sans Objet;1;5;Sans Objet;1;1;1;2;1;SEJ1;2;2;2;1;2;2;Sans Objet;CHB1;2;1;2;2;2;2;Sans Objet;14;270;19;400;3;3;Sans Objet;Sans Objet;3;3;1;3;3;3;3;3;3;3;4;4;4
LOG416;9930,577456;119;44;0;2022-août;2022-août;44;Grand Est;10;Aube;1;7;5;1;0;2;2;1;2;NA;NA;2;NA;1990;1;1;2;2;2;2;2;;2;NA;;2;5;Activité agricole;2;3;;3;NA;;3;NA;;3;1;1;1;2;NA;NA;NA;NA;NA;NA;NA;NA;NA;NA;NA;NA;;2;10;;2;2;2;2;1;2;2;2;2;2;;1;2;1;2;2;2;2;2;2;;2;3;3;NA;1;NA;1;2;;1;3;2;NA;3;1;1;1;2;1;2;2;2;;;2;2;2;1;2;2;2;2;0;2;2;1;2;2;0;0;2;1;0;2;NA;NA;NA;NA;NA;NA;NA;NA;NA;NA;NA;NA;;2;1;2;2;1;2;2;;2;NA;NA;NA;NA;NA;NA;NA;NA;NA;;2;Sans Objet;1;1;4;1;2;2;1;0;0;Sans Objet;1;2;160;8;Sans Objet;Sans Objet;3;Sans Objet;2;Sans Objet;1;1;1;SEJ1;2;2;2;1;2;2;Sans Objet;CHB1;2;1;2;2;2;2;Sans Objet;22;250;60;400;3;3;Sans Objet;Sans Objet;3;3;3;3;3;3;3;4;3;3;4;4;4
LOG417;10048,01151;126;44;0;2022-avril;2022-avril;44;Grand Est;54;Meurthe-et-Moselle;1;7;5;1;0;1;2;1;2;NA;NA;2;1;2008;2;2;2;2;1;2;2;;2;NA;;3;NA;;3;NA;;2;1;;2;1;;4;NA;NA;NA;1;2;1;2;2;2;2;2;1;2;2;2;2;;2;3;;NA;NA;NA;NA;NA;NA;NA;NA;1;NA;;1;2;2;2;2;2;2;2;2;;3;3;3;NA;3;NA;1;3;;1;3;2;NA;3;1;1;2;NA;NA;NA;NA;NA;;;2;2;2;1;2;2;2;1;0;1;4;2;2;2;0;0;2;1;0;1;NA;NA;NA;NA;NA;NA;NA;NA;NA;NA;NA;NA;;2;2;NA;NA;NA;NA;NA;;2;NA;NA;NA;NA;NA;NA;NA;NA;NA;;2;Sans Objet;1;2;2;2;1;1;0;1;2;dressing et débaras;1;2;140;6;Sans Objet;1;5;Sans Objet;1;1;2;Sans Objet;Sans Objet;SEJ1;2;2;2;1;2;2;Sans Objet;CHB1;2;1;2;2;2;2;Sans Objet;14;274;14;274;3;3;Sans Objet;Sans Objet;3;3;3;1;3;3;3;4;3;4;4;3;4
LOG418;24468,76201;121;44;0;2022-octobre;2022-octobre;44;Grand Est;51;Marne;1;5;2;0;0;2;2;1;11;1;2009;2;7;2012;2;2;2;1;2;2;2;;2;NA;;3;NA;;3;NA;;3;NA;;3;NA;;4;NA;NA;NA;2;NA;NA;NA;NA;NA;NA;NA;NA;NA;NA;NA;NA;;2;5;;2;2;2;2;2;1;2;2;2;2;;2;2;2;2;1;2;2;1;2;;3;1;2;1;2;NA;1;6;;1;3;1;2;1;1;1;2;NA;NA;NA;NA;NA;;;1;NA;NA;NA;NA;2;2;4;2;3;1;2;2;2;0;0;2;2;0;1;NA;NA;NA;NA;NA;NA;NA;NA;NA;NA;NA;NA;;2;1;2;2;1;2;2;;1;1;2;2;2;2;2;2;2;2;;2;Sans Objet;0;1;3;0;1;1;0;1;0;Sans Objet;2;2;155;7;Sans Objet;1;5;Sans Objet;1;1;1;1;1;CUS1;1;2;2;1;2;2;Sans Objet;CHB1;2;1;2;2;2;2;Sans Objet;15;250;57;250;3;1;4;3;3;3;3;3;3;3;3;4;3;3;3;4;4
LOG419;9945,365118;123;44;0;2022-juin;2022-juin;44;Grand Est;52;Haute-Marne;1;8;5;1;0;2;2;1;11;1;2009;2;1;2009;2;1;2;2;2;2;2;;2;NA;;3;NA;;2;4;;3;NA;;3;NA;;4;NA;NA;NA;2;NA;NA;NA;NA;NA;NA;NA;NA;NA;NA;NA;NA;;2;2;;2;2;2;2;2;2;2;1;2;2;chauffage solaire;1;2;1;2;2;2;2;2;2;;3;3;3;NA;2;NA;1;2;;1;3;1;2;1;1;1;1;2;1;2;2;2;;;2;1;2;1;2;2;2;5;1;3;1;2;2;2;0;0;2;2;0;2;NA;NA;NA;NA;NA;NA;NA;NA;NA;NA;NA;NA;;1;1;2;2;1;2;2;;2;NA;NA;NA;NA;NA;NA;NA;NA;NA;;2;Sans Objet;1;1;5;2;2;2;1;0;1;cellier;1;2;210;8;Sans Objet;Sans Objet;5;Sans Objet;2;Sans Objet;1;1;1;SEJ1;2;2;2;1;2;2;Sans Objet;CHB1;2;1;2;2;2;2;Sans Objet;12;250;40;247;3;3;Sans Objet;Sans Objet;3;3;3;3;3;3;3;4;3;3;4;3;4
LOG420;5940,209102;125;44;0;2022-novembre;2022-novembre;44;Grand Est;54;Meurthe-et-Moselle;1;8;3;1;0;2;2;1;1;NA;NA;2;7;1976;2;2;2;2;1;2;2;;2;NA;;3;NA;;2;3;;3;NA;;3;NA;;3;1;1;1;2;NA;NA;NA;NA;NA;NA;NA;NA;NA;NA;NA;NA;;2;3;;2;2;2;2;1;2;2;2;2;2;;1;2;2;2;2;2;2;2;2;;2;3;3;NA;3;NA;1;3;;1;3;1;2;1;1;1;2;NA;NA;NA;NA;NA;;;2;2;2;1;2;2;2;2;0;2;2;2;2;2;0;0;2;2;0;1;NA;NA;NA;NA;NA;NA;NA;NA;NA;NA;NA;NA;;2;1;2;2;1;2;2;;1;1;2;2;2;2;2;2;2;2;;2;Sans Objet;1;1;5;1;2;3;1;0;0;Sans Objet;1;2;240;8;Sans Objet;Sans Objet;3;Sans Objet;2;Sans Objet;1;1;1;SEJ1;2;2;2;1;2;2;Sans Objet;CHB1;1;2;2;2;1;2;Sans Objet;25;255;46;260;3;3;Sans Objet;Sans Objet;3;3;3;3;3;3;3;4;3;3;3;4;4
LOG421;16030,79713;126;44;0;2022-mai;2022-mai;44;Grand Est;54;Meurthe-et-Moselle;1;6;6;1;0;2;2;1;1;NA;NA;2;6;2021;2;2;2;2;1;2;2;;2;NA;;3;NA;;3;NA;;2;1;;3;NA;;3;1;2;2;1;1;1;2;2;2;2;2;2;2;2;2;2;;2;1;;2;2;2;2;1;2;2;2;2;2;;1;2;2;2;2;2;2;2;2;;1;1;3;NA;2;NA;1;6;;1;1;1;1;2;1;3;1;1;1;2;1;1;Poissons;;2;2;2;1;2;2;2;5;3;4;1;1;2;2;0;0;2;0;1;1;NA;NA;NA;NA;NA;NA;NA;NA;NA;NA;NA;NA;;1;1;2;2;1;2;2;;1;1;2;1;1;2;1;1;2;2;;2;Sans Objet;1;1;5;1;2;1;1;0;1;dressing;1;2;240;6;Sans Objet;2;3;Sans Objet;1;1;2;Sans Objet;Sans Objet;SEJ1;2;2;2;1;2;2;Sans Objet;KID1;2;1;2;2;2;2;Sans Objet;16;256;47;267;3;1;3;1;1;3;3;3;3;3;3;4;3;3;3;3;4
LOG422;175305,6646;124;44;0;2022-septembre;2022-septembre;44;Grand Est;52;Haute-Marne;1;4;5;1;0;1;2;1;10;2;NA;2;9;2009;2;2;1;2;2;2;2;;2;NA;;3;NA;;2;2;;1;2;;1;2;;4;NA;NA;NA;1;1;2;2;2;2;2;2;2;2;2;2;2;;2;3;;2;2;2;2;2;1;2;2;2;2;;1;2;2;2;2;2;2;2;2;;3;3;3;NA;3;NA;1;3;;1;2;1;2;1;2;1;1;2;1;2;2;2;;;1;NA;NA;NA;NA;2;2;4;1;3;1;2;2;2;0;0;2;2;0;2;NA;NA;NA;NA;NA;NA;NA;NA;NA;NA;NA;NA;;2;1;2;2;2;2;1;Base aérienne militaire;2;2;2;2;2;2;2;2;2;2;;2;Sans Objet;1;1;3;0;1;2;0;0;2;cagibis;1;1;118;8;Sans Objet;Sans Objet;3;Sans Objet;2;Sans Objet;1;1;3;SEJ1;2;2;1;1;2;2;Sans Objet;CHB1;2;1;2;2;2;2;Sans Objet;17;247;35;250;3;1;2;1;1;3;3;3;3;3;1;4;3;3;4;4;4
LOG423;220209,7333;70;27;0;2022-septembre;2022-septembre;27;Bourgogne-Franche-Comté;21;Côte-d'Or;2;3;5;4;2;2;2;2;6;NA;NA;2;3;1970;2;2;1;2;2;2;2;;2;NA;;3;NA;;2;1;;2;1;;3;NA;;2;1;2;2;2;NA;NA;NA;NA;NA;NA;NA;NA;NA;NA;NA;NA;;1;7;;NA;NA;NA;NA;NA;NA;NA;NA;1;NA;;1;2;2;2;2;2;2;2;2;;3;3;3;NA;2;NA;1;8;;1;3;3;NA;3;1;1;2;NA;NA;NA;NA;NA;;;1;NA;NA;NA;NA;2;2;1;0;1;2;2;2;2;0;0;2;1;0;2;NA;NA;NA;NA;NA;NA;NA;NA;NA;NA;NA;NA;;1;1;2;2;2;2;1;Démolition station de lavage en J1;2;NA;NA;NA;NA;NA;NA;NA;NA;NA;;2;Sans Objet;1;1;2;0;1;1;0;0;2;cav1 + cou1;1;3;100;1;Sans Objet;Sans Objet;1;Sans Objet;1;2;2;Sans Objet;Sans Objet;SEJ1;2;2;2;1;2;2;Sans Objet;CHB1;2;1;1;2;2;2;Sans Objet;12;260;32;260;3;3;Sans Objet;Sans Objet;3;3;3;3;3;3;3;3;3;3;3;4;4
LOG424;15146,05204;79;27;0;2022-mai;2022-mai;27;Bourgogne-Franche-Comté;71;Saône-et-Loire;1;5;4;0;0;2;3;1;11;1;2008;2;5;2015;2;2;2;1;2;2;2;;2;NA;;3;NA;;2;5;;3;NA;;3;NA;;1;2;2;1;2;NA;NA;NA;NA;NA;NA;NA;NA;NA;NA;NA;NA;;3;6;;NA;NA;NA;NA;NA;NA;NA;NA;1;NA;;2;1;2;2;1;2;2;2;2;;3;3;3;NA;2;NA;1;7;Chauffe-eau thermodynamique;1;2;1;2;1;1;1;1;2;2;2;2;1;Poissons;;1;NA;NA;NA;NA;2;2;4;2;3;1;2;2;2;0;0;2;2;0;2;NA;NA;NA;NA;NA;NA;NA;NA;NA;NA;NA;NA;;2;2;NA;NA;NA;NA;NA;;2;NA;NA;NA;NA;NA;NA;NA;NA;NA;;2;Sans Objet;0;1;4;0;1;1;0;0;2;cel1 + gar1;2;2;112;8;Sans Objet;Sans Objet;3;Sans Objet;2;Sans Objet;1;1;3;CUS1;1;2;1;1;1;2;Sans Objet;CHB1;2;1;2;2;2;2;Sans Objet;10;250;35;250;3;3;Sans Objet;Sans Objet;3;3;3;3;3;3;3;3;3;1;3;3;4
LOG425;53112,5275;72;27;0;2022-juin;2022-juin;27;Bourgogne-Franche-Comté;39;Jura;1;4;6;1;1;1;3;1;6;NA;NA;2;7;2021;2;2;2;1;2;2;2;;2;NA;;3;NA;;3;NA;;3;NA;;3;NA;;5;NA;NA;NA;2;NA;NA;NA;NA;NA;NA;NA;NA;NA;NA;NA;NA;;2;1;;2;2;2;2;2;1;2;2;2;2;;1;2;2;2;2;2;2;2;2;;3;3;3;NA;3;NA;1;1;;1;3;1;2;2;4;4;1;1;1;2;2;2;;;1;NA;NA;NA;NA;4;2;2;0;2;1;2;2;2;0;0;2;2;0;2;NA;NA;NA;NA;NA;NA;NA;NA;NA;NA;NA;NA;;1;2;NA;NA;NA;NA;NA;;1;2;1;2;2;2;2;2;2;2;;2;Sans Objet;1;1;2;1;1;1;0;0;3;gar1 + cou1 + ent1;1;3;120;4;Sans Objet;Sans Objet;3;Sans Objet;2;Sans Objet;1;1;2;SEJ1;2;1;1;1;2;2;Sans Objet;CHB1;2;1;2;2;2;2;Sans Objet;10;248;30;247;3;3;Sans Objet;Sans Objet;3;3;3;3;3;3;3;3;3;3;3;3;3
LOG426;171158,7051;80;27;0;2022-mars;2022-mars;27;Bourgogne-Franche-Comté;89;Yonne;1;5;4;1;0;2;3;1;12;1;2014;2;8;2014;1;2;2;2;2;2;2;;2;NA;;3;NA;;2;3;;3;NA;;3;NA;;4;NA;NA;NA;1;1;2;2;2;2;2;2;2;2;2;2;2;;3;5;;2;2;2;2;2;1;2;2;2;2;;2;2;2;2;2;2;2;1;2;;3;2;3;NA;2;NA;1;7;Chauffe-eau thermodynamique;1;3;2;NA;1;1;1;1;2;1;2;2;2;;;2;2;2;1;2;4;2;3;0;3;1;2;2;2;0;0;2;1;0;1;NA;NA;NA;NA;NA;NA;NA;NA;NA;NA;NA;NA;;2;1;2;2;1;2;2;;1;1;2;2;2;2;2;2;2;2;;2;Sans Objet;0;1;3;1;2;1;0;0;1;cellier;2;1;112;5;Sans Objet;Sans Objet;3;Sans Objet;2;Sans Objet;2;Sans Objet;Sans Objet;CUS1;1;2;2;1;1;2;Sans Objet;CHB1;2;1;2;2;2;2;Sans Objet;11;250;35;250;3;1;2;1;1;3;3;3;3;3;3;4;3;1;4;4;4
LOG427;14123,88435;75;27;0;2022-juillet;2022-juillet;27;Bourgogne-Franche-Comté;70;Haute-Saône;1;4;3;0;0;2;2;1;11;1;2012;2;7;2012;2;1;2;2;2;2;2;;2;NA;;3;NA;;3;NA;;2;2;;2;2;;1;2;2;2;1;2;1;2;2;2;2;2;2;2;2;2;2;;2;6;;NA;NA;NA;NA;NA;NA;NA;NA;1;NA;;2;1;2;2;1;2;2;2;2;;3;3;3;NA;2;NA;1;6;;1;3;1;2;2;2;1;2;NA;NA;NA;NA;NA;;;2;2;2;1;2;2;2;4;2;3;1;2;2;2;0;0;2;2;0;2;NA;NA;NA;NA;NA;NA;NA;NA;NA;NA;NA;NA;;2;1;2;2;1;2;2;;2;NA;NA;NA;NA;NA;NA;NA;NA;NA;;2;Sans Objet;0;1;3;0;1;1;0;0;1;cellier;2;1;95;11;Sans Objet;Sans Objet;5;Sans Objet;2;Sans Objet;1;1;1;CUS1;1;2;2;1;2;2;Sans Objet;CHB1;2;1;1;2;2;2;Sans Objet;13;250;44;250;3;3;Sans Objet;Sans Objet;3;3;1;3;3;3;3;4;4;1;4;4;4
LOG428;40592,43866;79;27;0;2022-avril;2022-avril;27;Bourgogne-Franche-Comté;71;Saône-et-Loire;1;5;6;1;0;2;3;1;8;NA;NA;2;6;1985;2;2;2;1;2;2;2;;2;NA;;3;NA;;3;NA;;3;NA;;3;NA;;4;NA;NA;NA;1;1;1;2;2;2;2;2;2;2;2;2;2;;3;6;;2;2;2;2;1;2;2;2;2;2;;2;2;2;1;2;2;2;2;2;;1;1;2;1;2;NA;1;6;;1;3;1;4;2;1;1;1;1;2;2;2;2;;;1;NA;NA;NA;NA;2;2;2;0;2;2;2;2;2;0;0;2;1;0;1;NA;NA;NA;NA;NA;NA;NA;NA;NA;NA;NA;NA;;1;2;NA;NA;NA;NA;NA;;2;NA;NA;NA;NA;NA;NA;NA;NA;NA;;2;Sans Objet;1;1;3;0;2;2;0;0;1;entrée;1;2;120;8;Sans Objet;Sans Objet;3;Sans Objet;2;Sans Objet;1;1;1;SEJ1;2;2;2;1;2;2;Sans Objet;CHB1;2;1;2;2;2;2;Sans Objet;12;250;46;270;3;3;Sans Objet;Sans Objet;3;3;3;3;3;3;3;3;3;3;3;3;4
LOG429;21237,55994;75;27;0;2022-novembre;2022-novembre;27;Bourgogne-Franche-Comté;70;Haute-Saône;1;8;5;2;0;2;2;1;7;NA;NA;2;7;1981;2;2;2;1;2;2;2;;2;NA;;3;NA;;3;NA;;3;NA;;3;NA;;1;1;2;1;2;NA;NA;NA;NA;NA;NA;NA;NA;NA;NA;NA;NA;;2;5;;1;2;2;2;2;2;2;2;2;2;;1;2;1;2;2;2;2;2;2;;1;3;2;1;2;NA;1;6;;1;3;1;2;1;1;1;2;NA;NA;NA;NA;NA;;;2;2;2;1;2;2;2;2;0;2;2;2;2;2;0;0;2;2;0;1;NA;NA;NA;NA;NA;NA;NA;NA;NA;NA;NA;NA;;2;2;NA;NA;NA;NA;NA;;2;NA;NA;NA;NA;NA;NA;NA;NA;NA;;2;Sans Objet;2;2;3;1;2;3;0;0;0;Sans Objet;1;1;100;8;Sans Objet;Sans Objet;5;Sans Objet;2;Sans Objet;1;1;2;SEJ1;2;2;2;1;2;2;Sans Objet;CHB1;2;1;2;2;2;2;Sans Objet;12,4;232;32;239;3;3;Sans Objet;Sans Objet;3;3;3;3;3;3;3;4;3;1;4;4;4
LOG430;14256,23634;77;27;0;2022-avril;2022-avril;27;Bourgogne-Franche-Comté;71;Saône-et-Loire;1;5;8;1;0;2;3;1;1;NA;NA;2;7;2001;2;2;2;2;1;2;2;;2;NA;;3;NA;;2;3;;3;NA;;3;NA;;3;1;2;1;1;2;1;2;2;2;2;2;2;2;2;2;2;;2;3;;NA;NA;NA;NA;NA;NA;NA;NA;1;NA;;1;2;2;2;2;2;2;2;2;;3;3;3;NA;3;NA;1;3;;1;2;1;1;1;1;1;1;2;1;2;2;2;;;1;NA;NA;NA;NA;4;2;2;0;2;2;2;2;2;0;0;2;2;0;1;NA;NA;NA;NA;NA;NA;NA;NA;NA;NA;NA;NA;;2;2;NA;NA;NA;NA;NA;;1;2;1;2;2;2;2;2;2;2;;2;Sans Objet;0;1;3;1;2;2;0;0;4;cellier (cel1) - garage attenant (gar1) - entrée (ent1) - cave (cav1);2;2;140;6;Sans Objet;2;3;Sans Objet;1;2;1;1;1;CUS1;1;2;1;1;2;2;Sans Objet;CHB1;2;1;2;2;2;2;Sans Objet;12;248;66;267;3;3;Sans Objet;Sans Objet;3;3;1;3;3;3;3;4;3;1;3;3;4
LOG431;83220,00372;79;27;0;2022-janvier;2022-février;27;Bourgogne-Franche-Comté;71;Saône-et-Loire;2;4;4;2;1;2;2;2;7;NA;NA;2;1;2013;2;2;1;2;2;2;2;;2;NA;;3;NA;;3;NA;;2;5;;3;NA;;2;2;2;3;2;NA;NA;NA;NA;NA;NA;NA;NA;NA;NA;NA;NA;;2;3;;NA;NA;NA;NA;NA;NA;NA;NA;1;NA;;1;2;2;2;2;2;2;2;2;;3;3;3;NA;2;NA;1;3;;1;3;1;3;1;3;3;1;2;1;2;2;2;;;1;NA;NA;NA;NA;2;2;1;0;1;1;2;2;2;0;0;2;1;0;1;NA;NA;NA;NA;NA;NA;NA;NA;NA;NA;NA;NA;;2;2;NA;NA;NA;NA;NA;;2;NA;NA;NA;NA;NA;NA;NA;NA;NA;;2;Sans Objet;1;1;3;0;2;1;0;0;0;Sans Objet;1;2;98;1;Sans Objet;Sans Objet;1;Sans Objet;1;2;2;Sans Objet;Sans Objet;SEJ1;2;2;1;2;2;2;Sans Objet;CHB1;2;1;2;2;2;2;Sans Objet;12;300;30;300;3;3;Sans Objet;Sans Objet;3;3;3;2;3;3;3;4;3;3;3;3;3
LOG432;47876,05177;70;27;0;2022-janvier;2022-janvier;27;Bourgogne-Franche-Comté;21;Côte-d'Or;1;4;3;1;0;2;3;1;4;NA;NA;2;5;1991;2;1;2;2;1;2;2;;2;NA;;2;5;Cheminées du voisinage;2;1;;2;1;;3;NA;;3;1;2;1;1;2;1;2;2;2;2;2;2;2;2;2;2;;2;3;;2;2;2;2;1;2;2;2;2;2;;1;2;2;2;2;2;2;2;2;;1;3;3;NA;2;NA;1;3;;1;3;1;2;2;1;3;1;1;2;2;2;2;;;2;2;2;1;2;2;2;2;0;2;2;2;2;2;0;0;2;2;0;1;NA;NA;NA;NA;NA;NA;NA;NA;NA;NA;NA;NA;;2;2;NA;NA;NA;NA;NA;;2;NA;NA;NA;NA;NA;NA;NA;NA;NA;;2;Sans Objet;1;1;3;0;1;1;0;0;1;atelier sous-sol;1;2;105;6;Sans Objet;1;5;Sans Objet;1;1;2;Sans Objet;Sans Objet;SEJ1;2;2;2;1;2;2;Sans Objet;CHB1;2;1;2;2;2;2;Sans Objet;18;272;34;272;3;3;Sans Objet;Sans Objet;3;3;3;3;3;3;3;3;3;1;3;3;3
LOG433;261205,1997;71;27;0;2022-février;2022-février;27;Bourgogne-Franche-Comté;25;Doubs;1;7;2;1;0;2;3;1;4;NA;NA;1;NA;NA;2;1;2;1;2;2;2;;2;NA;;3;NA;;3;NA;;2;5;;2;5;;1;1;1;1;1;2;2;2;1;1;1;2;1;2;2;2;2;;2;3;;NA;NA;NA;NA;NA;NA;NA;NA;1;NA;;1;2;2;2;2;2;2;2;2;;3;3;3;NA;2;NA;1;3;;1;3;2;NA;2;2;1;1;2;1;2;2;2;;;2;2;2;1;2;2;2;5;2;3;1;2;2;2;0;0;2;1;0;1;NA;NA;NA;NA;NA;NA;NA;NA;NA;NA;NA;NA;;1;2;NA;NA;NA;NA;NA;;2;NA;NA;NA;NA;NA;NA;NA;NA;NA;;2;Sans Objet;0;1;3;2;1;0;0;1;2;garage + entree;2;1;90;4;Sans Objet;Sans Objet;5;Sans Objet;2;Sans Objet;1;2;2;CUS1;1;2;2;1;2;2;Sans Objet;CHB1;2;1;2;2;2;2;Sans Objet;11;250;48;412;3;3;Sans Objet;Sans Objet;3;3;3;3;3;3;3;5;4;1;5;5;4
LOG434;121950,0117;72;27;1;2022-février;2022-février;27;Bourgogne-Franche-Comté;25;Doubs;2;2;3;3;2;1;2;2;9;NA;NA;2;3;2017;2;2;1;2;2;2;2;;2;NA;;3;NA;;2;6;Enlèvement des ordures ménagères;3;NA;;3;NA;;2;3;2;3;2;NA;NA;NA;NA;NA;NA;NA;NA;NA;NA;NA;NA;;2;3;;NA;NA;NA;NA;NA;NA;NA;NA;1;NA;;1;2;2;2;2;2;2;2;2;;3;3;3;NA;2;NA;1;3;;1;3;1;4;1;1;1;2;NA;NA;NA;NA;NA;;;1;NA;NA;NA;NA;4;2;1;0;1;4;2;2;2;0;0;2;1;0;1;0;0;0;0;2;2;1;2;2;2;2;2;;2;2;NA;NA;NA;NA;NA;;2;NA;NA;NA;NA;NA;NA;NA;NA;NA;;2;Sans Objet;1;1;1;0;1;0;0;0;1;entrée;1;3;56;1;Sans Objet;Sans Objet;1;Sans Objet;2;Sans Objet;2;Sans Objet;Sans Objet;SEJ1;2;2;2;1;2;2;Sans Objet;CHB1;2;1;2;2;2;2;Sans Objet;9;240;23;240;3;3;Sans Objet;Sans Objet;3;1;3;3;3;3;3;4;3;1;3;4;4
LOG435;38687,14816;80;27;0;2022-mars;2022-mars;27;Bourgogne-Franche-Comté;89;Yonne;1;5;3;0;0;2;3;1;9;1;1998;2;5;1998;2;2;1;1;2;2;2;;2;NA;;1;5;Pollen;1;2;;3;NA;;3;NA;;1;2;2;2;1;2;1;2;2;2;2;2;2;2;2;2;2;;2;3;;NA;NA;NA;NA;NA;NA;NA;NA;1;NA;;1;2;2;2;2;2;2;2;2;;3;3;3;NA;3;NA;1;3;;1;2;1;1;1;1;1;1;1;2;2;2;2;;;2;2;2;1;2;4;4;3;0;3;1;2;2;2;1;0;2;2;0;1;NA;NA;NA;NA;NA;NA;NA;NA;NA;NA;NA;NA;;2;1;2;2;2;2;1;brulis voisinage;1;1;2;2;2;2;2;2;2;2;;2;Sans Objet;1;1;3;1;1;1;0;0;0;Sans Objet;1;1;85;5;Sans Objet;Sans Objet;3;Sans Objet;2;Sans Objet;2;Sans Objet;Sans Objet;SEJ1;2;2;2;1;2;2;Sans Objet;CHB1;2;1;2;2;2;2;Sans Objet;11;240;32;240;3;3;Sans Objet;Sans Objet;3;3;3;3;3;3;3;4;3;1;3;3;4
LOG436;36100,80803;74;27;0;2022-juillet;2022-juillet;27;Bourgogne-Franche-Comté;58;Nièvre;1;5;5;1;0;2;3;1;2;NA;NA;2;4;2005;2;2;2;2;1;2;2;;1;6;Vente de miel;3;NA;;1;4;;3;NA;;3;NA;;2;1;2;1;2;NA;NA;NA;NA;NA;NA;NA;NA;NA;NA;NA;NA;;3;5;;2;2;2;2;2;1;2;2;2;2;;2;2;2;2;2;2;2;1;2;;1;1;2;2;3;NA;1;6;;1;3;1;1;2;1;1;1;1;2;2;2;2;;;2;2;2;1;2;4;2;2;0;2;2;2;2;2;0;0;2;2;0;2;NA;NA;NA;NA;NA;NA;NA;NA;NA;NA;NA;NA;;2;2;NA;NA;NA;NA;NA;;1;2;2;2;2;2;1;2;2;2;;2;Sans Objet;1;2;2;0;1;1;0;0;3;cou1 + ate1 + gar1;1;2;180;8;Sans Objet;Sans Objet;3;Sans Objet;2;Sans Objet;1;2;2;SEJ1;2;2;1;1;2;2;Sans Objet;CHB1;2;1;2;2;2;2;Sans Objet;16;250;30;260;3;3;Sans Objet;Sans Objet;3;3;3;3;1;1;3;3;3;1;3;3;4
LOG437;25978,58237;72;27;0;2022-janvier;2022-janvier;27;Bourgogne-Franche-Comté;25;Doubs;2;4;2;1;1;2;2;1;3;NA;NA;2;4;2021;2;2;2;2;1;2;2;;2;NA;;1;1;;3;NA;;2;1;;3;NA;;2;1;2;1;2;NA;NA;NA;NA;NA;NA;NA;NA;NA;NA;NA;NA;;2;3;;2;2;2;2;1;2;2;2;2;2;;1;2;2;2;2;2;2;2;2;;2;3;3;NA;3;NA;1;3;;1;3;1;2;2;2;2;2;NA;NA;NA;NA;NA;;;2;2;2;1;2;2;1;6;4;3;1;1;2;2;0;0;2;2;0;1;NA;NA;NA;NA;NA;NA;NA;NA;NA;NA;NA;NA;;2;2;NA;NA;NA;NA;NA;;2;NA;NA;NA;NA;NA;NA;NA;NA;NA;;2;Sans Objet;0;1;3;0;1;1;0;0;0;Sans Objet;2;1;130;1;Sans Objet;Sans Objet;3;Sans Objet;1;2;1;2;3;CUS1;1;2;2;1;2;2;Sans Objet;CHB1;2;1;2;2;2;2;Sans Objet;14;300;60;300;3;3;Sans Objet;Sans Objet;3;3;3;3;3;3;3;4;4;4;4;4;4
LOG438;58455,32495;69;27;0;2022-janvier;2022-janvier;27;Bourgogne-Franche-Comté;21;Côte-d'Or;1;5;3;0;0;2;3;1;12;1;2014;2;4;2014;2;1;2;2;2;2;2;;2;NA;;3;NA;;3;NA;;3;NA;;3;NA;;4;NA;NA;NA;2;NA;NA;NA;NA;NA;NA;NA;NA;NA;NA;NA;NA;;3;5;;2;2;2;2;2;1;2;2;2;2;;2;1;2;2;2;2;2;1;2;;3;1;3;NA;2;NA;1;6;;1;3;1;2;1;2;1;1;1;1;2;2;2;;;2;2;2;1;2;2;2;4;2;3;1;2;2;2;0;0;2;2;0;1;NA;NA;NA;NA;NA;NA;NA;NA;NA;NA;NA;NA;;1;1;2;2;1;2;2;;1;1;2;1;2;2;2;2;2;2;;2;Sans Objet;0;1;3;1;1;1;1;0;0;Sans Objet;2;1;125;5;Sans Objet;Sans Objet;5;Sans Objet;2;Sans Objet;1;1;3;CUS1;1;2;2;1;2;2;Sans Objet;CHB1;2;1;2;2;2;2;Sans Objet;13,5;242;45;242;3;1;2;1;3;4;4;4;4;4;4;4;4;1;4;4;4
LOG439;334119,0354;71;27;0;2022-juin;2022-juin;27;Bourgogne-Franche-Comté;39;Jura;1;5;4;1;0;1;3;1;6;NA;NA;2;8;2021;2;2;2;2;1;2;2;;2;NA;;2;5;Conditions météorologiques;3;NA;;3;NA;;3;NA;;2;1;2;1;2;NA;NA;NA;NA;NA;NA;NA;NA;NA;NA;NA;NA;;2;1;;2;2;2;2;1;2;2;2;2;2;;1;2;2;2;2;2;2;2;2;;1;1;3;NA;1;NA;1;1;;2;NA;1;1;1;2;1;1;1;2;2;2;2;;;2;1;2;2;2;2;2;3;1;3;1;1;2;2;0;0;2;2;0;2;NA;NA;NA;NA;NA;NA;NA;NA;NA;NA;NA;NA;;2;2;NA;NA;NA;NA;NA;;2;NA;NA;NA;NA;NA;NA;NA;NA;NA;;2;Sans Objet;0;1;3;1;1;1;0;0;2;cav1 + ent1;2;3;150;8;Sans Objet;Sans Objet;3;Sans Objet;1;1;2;Sans Objet;Sans Objet;CUS1;1;2;2;1;1;2;Sans Objet;CHB1;2;1;2;2;2;2;Sans Objet;15;215;22;262;3;3;Sans Objet;Sans Objet;3;3;3;3;3;3;3;3;3;1;3;3;3
LOG440;35313,48331;75;27;0;2022-septembre;2022-septembre;27;Bourgogne-Franche-Comté;70;Haute-Saône;1;3;7;1;0;2;2;1;6;NA;NA;2;4;2007;2;2;2;1;2;2;2;;2;NA;;3;NA;;3;NA;;3;NA;;3;NA;;1;1;2;2;2;NA;NA;NA;NA;NA;NA;NA;NA;NA;NA;NA;NA;;3;5;;2;2;2;2;2;1;2;2;2;2;;2;1;2;2;2;2;1;2;2;;1;1;3;NA;2;NA;1;6;;1;3;1;4;3;1;1;1;1;1;2;2;2;;;1;NA;NA;NA;NA;2;2;1;0;1;2;2;2;2;0;0;2;1;0;2;NA;NA;NA;NA;NA;NA;NA;NA;NA;NA;NA;NA;;2;2;NA;NA;NA;NA;NA;;2;NA;NA;NA;NA;NA;NA;NA;NA;NA;;2;Sans Objet;0;1;2;0;3;1;0;1;2;gar1 + cav1;2;2;120;7;Sans Objet;2;5;Sans Objet;1;1;1;1;3;CUS1;1;2;2;1;2;2;Sans Objet;CHB1;2;1;2;2;2;2;Sans Objet;16;220;46;267;3;1;3;1;3;3;3;1;3;3;3;4;3;1;4;4;4
LOG441;11860,39882;256;84;0;2022-juillet;2022-juillet;27;Bourgogne-Franche-Comté;58;Nièvre;2;5;6;4;4;1;1;2;2;NA;NA;2;3;2021;2;2;1;2;2;2;2;;1;6;MACIF, centre de formation, technologique;3;NA;;3;NA;;2;1;;3;NA;;5;NA;NA;NA;2;NA;NA;NA;NA;NA;NA;NA;NA;NA;NA;NA;NA;;3;6;;2;2;2;2;2;2;2;1;2;2;Chauffage d'appoint à pétrole;2;1;2;2;2;2;2;2;2;;3;3;3;NA;2;NA;1;6;;1;3;1;3;1;2;1;1;1;2;2;2;2;;;1;NA;NA;NA;NA;2;4;5;3;3;1;2;2;2;0;0;2;2;0;2;NA;NA;NA;NA;NA;NA;NA;NA;NA;NA;NA;NA;;2;2;NA;NA;NA;NA;NA;;2;NA;NA;NA;NA;NA;NA;NA;NA;NA;;2;Sans Objet;1;1;4;0;2;1;0;0;2;cel1 + cou1;1;1;123;1;Sans Objet;Sans Objet;4;Sans Objet;1;2;2;Sans Objet;Sans Objet;SEJ1;2;2;2;1;2;2;Sans Objet;CHB1;2;1;2;2;2;2;Sans Objet;11;247;18;247;3;3;Sans Objet;Sans Objet;3;3;3;3;3;3;3;3;3;1;3;3;3
LOG442;21804,17719;255;84;0;2022-juin;2022-juin;84;Auvergne-Rhône-Alpes;73;Savoie;2;3;2;5;3;1;1;2;12;2;NA;2;9;2017;2;2;1;2;2;2;2;;1;6;Médecin;3;NA;;3;NA;;1;1;;3;NA;;4;NA;NA;NA;2;NA;NA;NA;NA;NA;NA;NA;NA;NA;NA;NA;NA;;1;3;;NA;NA;NA;NA;NA;NA;NA;NA;1;NA;;1;2;2;2;2;2;2;2;2;;3;3;3;NA;2;NA;1;3;;1;3;2;NA;1;1;1;2;NA;NA;NA;NA;NA;;;1;NA;NA;NA;NA;4;2;2;0;2;2;2;2;2;0;0;2;2;0;2;NA;NA;NA;NA;NA;NA;NA;NA;NA;NA;NA;NA;;2;2;NA;NA;NA;NA;NA;;1;1;2;2;2;2;2;2;1;2;Fourrage;2;Sans Objet;0;1;2;0;1;1;0;0;0;Sans Objet;2;1;77;1;Sans Objet;Sans Objet;1;Sans Objet;2;Sans Objet;2;Sans Objet;Sans Objet;CUS1;1;2;2;1;2;2;Sans Objet;CHB1;2;1;2;2;2;2;Sans Objet;12;250;40;250;3;3;Sans Objet;Sans Objet;3;3;3;3;3;3;3;4;3;1;3;3;4
LOG443;135317,8748;227;84;1;2022-octobre;2022-octobre;84;Auvergne-Rhône-Alpes;38;Isère;2;3;3;14;10;1;1;2;5;NA;NA;2;NA;2010;2;2;1;2;2;2;2;;2;NA;;2;5;Voisin secouant son linge;2;4;;3;NA;;3;NA;;2;2;2;2;2;NA;NA;NA;NA;NA;NA;NA;NA;NA;NA;NA;NA;;1;9;;NA;NA;NA;NA;NA;NA;NA;NA;NA;NA;;1;2;2;2;2;2;2;2;2;;3;3;3;NA;3;NA;1;8;;1;3;2;NA;3;3;1;2;NA;NA;NA;NA;NA;;;1;NA;NA;NA;NA;2;2;1;0;1;2;1;2;2;0;0;2;1;0;2;NA;NA;NA;NA;NA;NA;NA;NA;NA;NA;NA;NA;;2;2;NA;NA;NA;NA;NA;;2;NA;NA;NA;NA;NA;NA;NA;NA;NA;;2;Sans Objet;1;1;1;0;1;1;0;0;1;entrée;1;1;56;1;Sans Objet;Sans Objet;1;Sans Objet;2;Sans Objet;2;Sans Objet;Sans Objet;SEJ1;2;2;1;1;2;2;Sans Objet;CHB1;2;1;2;2;2;2;Sans Objet;12;250;20;250;3;3;Sans Objet;Sans Objet;3;3;3;3;3;3;3;4;3;1;4;4;3
LOG444;136549,1677;219;84;0;2023-janvier;2023-janvier;44;Grand Est;10;Aube;2;4;3;4;2;1;1;2;9;NA;NA;2;NA;2014;2;2;1;2;2;2;2;;2;NA;;3;NA;;3;NA;;1;7;Squatteurs;1;5;;4;NA;NA;NA;2;NA;NA;NA;NA;NA;NA;NA;NA;NA;NA;NA;NA;;1;6;;NA;NA;NA;NA;NA;NA;NA;NA;1;NA;;2;1;2;2;2;2;2;2;2;;3;3;2;2;2;NA;1;6;;1;3;2;NA;2;2;1;2;NA;NA;NA;NA;NA;;;1;NA;NA;NA;NA;2;4;1;0;1;2;2;2;2;0;0;2;1;0;2;NA;NA;NA;NA;NA;NA;NA;NA;NA;NA;NA;NA;;1;2;NA;NA;NA;NA;NA;;2;NA;NA;NA;NA;NA;NA;NA;NA;NA;;2;Sans Objet;1;1;2;0;1;1;0;0;1;couloir;1;3;72;1;Sans Objet;Sans Objet;1;Sans Objet;1;2;2;Sans Objet;Sans Objet;SEJ1;2;2;2;1;2;2;Sans Objet;CHB1;2;1;2;2;2;2;Sans Objet;10;249;22;249;3;3;Sans Objet;Sans Objet;3;4;4;4;4;4;4;5;4;1;5;5;4
LOG445;15233,2441;230;84;0;2023-janvier;2023-janvier;84;Auvergne-Rhône-Alpes;38;Isère;1;4;9;2;1;2;3;1;4;NA;NA;2;5;2002;2;2;1;2;2;2;2;;2;NA;;2;1;;2;2;;2;1;;3;NA;;1;1;2;2;1;2;1;2;2;2;2;2;1;2;2;2;2;;2;1;;2;2;2;2;1;2;2;2;2;2;;1;2;2;2;2;2;2;2;2;;2;3;3;NA;2;NA;1;1;;1;3;2;NA;1;1;1;2;NA;NA;NA;NA;NA;;;2;2;2;1;2;4;2;2;0;2;1;1;2;2;0;0;2;2;0;1;NA;NA;NA;NA;NA;NA;NA;NA;NA;NA;NA;NA;;1;1;2;2;2;2;1;Axes routiers;1;2;2;2;2;2;2;1;2;2;;2;Sans Objet;0;1;3;0;2;2;1;0;4;atelier 1 / atelier 2 / chaufferie / débarras;2;2;240;7;Sans Objet;1;5;Sans Objet;1;1;2;Sans Objet;Sans Objet;CUS1;1;2;2;1;2;2;Sans Objet;CHB1;2;1;2;2;2;2;Sans Objet;12;250;60;250;3;1;2;1;3;3;3;3;3;3;3;3;3;3;5;3;5
LOG446;56626,43434;254;84;0;2022-mai;2022-mai;84;Auvergne-Rhône-Alpes;73;Savoie;1;3;3;1;0;2;2;1;1;NA;NA;2;NA;2016;1;2;2;2;1;2;2;;2;NA;;3;NA;;3;NA;;2;1;;3;NA;;1;1;1;1;1;2;1;2;2;2;2;2;1;2;2;2;2;;3;5;;2;2;2;2;2;1;2;2;2;2;;2;2;2;2;2;2;2;1;2;;3;1;3;NA;2;NA;1;6;;1;3;1;1;3;1;1;2;NA;NA;NA;NA;NA;;;1;NA;NA;NA;NA;2;2;1;0;1;1;2;2;2;0;0;2;1;0;2;NA;NA;NA;NA;NA;NA;NA;NA;NA;NA;NA;NA;;2;1;2;2;1;2;2;;2;NA;NA;NA;NA;NA;NA;NA;NA;NA;;2;Sans Objet;0;1;1;1;2;1;0;0;0;Sans Objet;2;2;70;8;Sans Objet;Sans Objet;5;Sans Objet;1;1;2;Sans Objet;Sans Objet;CUS1;1;2;2;1;2;2;Sans Objet;CHB1;2;1;2;2;2;2;Sans Objet;11;214;42;250;3;3;Sans Objet;Sans Objet;3;3;3;3;3;3;3;4;3;3;3;3;4
LOG447;48873,39511;220;84;0;2022-mars;2022-mars;76;Occitanie;11;Aude;1;9;7;2;0;2;3;1;7;NA;NA;2;7;1979;2;2;2;2;1;2;2;;2;NA;;3;NA;;3;NA;;3;NA;;3;NA;;2;1;2;2;1;2;1;2;2;1;1;2;2;2;1;2;2;;2;3;;NA;NA;NA;NA;NA;NA;NA;NA;1;NA;;1;2;2;2;2;2;2;2;2;;2;3;3;NA;1;NA;1;3;;1;3;1;4;3;1;1;1;1;1;2;2;2;;;2;2;2;1;2;4;2;2;0;2;1;1;2;2;0;0;2;2;0;1;NA;NA;NA;NA;NA;NA;NA;NA;NA;NA;NA;NA;;1;2;NA;NA;NA;NA;NA;;2;NA;NA;NA;NA;NA;NA;NA;NA;NA;;2;Sans Objet;0;1;4;2;2;1;1;0;4;chaufferie / autre pièce / hall1 / hall 2;2;2;300;8;Sans Objet;Sans Objet;5;Sans Objet;2;Sans Objet;2;Sans Objet;Sans Objet;CUS1;1;2;2;1;2;2;Sans Objet;CHB1;2;1;2;2;2;2;Sans Objet;12;300;50;300;3;3;Sans Objet;Sans Objet;3;3;1;3;3;3;3;4;3;1;3;3;4
LOG448;4593,421147;222;84;0;2022-mai;2022-mai;76;Occitanie;12;Aveyron;1;7;8;1;0;2;3;1;10;1;2001;2;12;2001;2;2;2;1;2;2;2;;2;NA;;2;1;;3;NA;;3;NA;;3;NA;;1;2;2;2;1;1;1;2;2;2;2;2;1;2;2;2;2;;2;3;;NA;NA;NA;NA;NA;NA;NA;NA;1;NA;;1;2;1;2;2;2;2;2;2;;3;3;3;NA;1;NA;1;3;;1;3;1;4;2;1;1;2;NA;NA;NA;NA;NA;;;2;2;2;1;2;4;2;2;0;2;2;2;2;2;0;0;2;2;0;1;NA;NA;NA;NA;NA;NA;NA;NA;NA;NA;NA;NA;;2;2;NA;NA;NA;NA;NA;;2;NA;NA;NA;NA;NA;NA;NA;NA;NA;;2;Sans Objet;0;1;5;1;2;2;1;0;3;cave / garage / hall d'entrée;2;2;177;7;Sans Objet;3;3;Sans Objet;1;1;1;1;1;CUS1;1;2;2;1;2;2;Sans Objet;CHB1;2;1;2;2;2;2;Sans Objet;13;250;61;350;3;3;Sans Objet;Sans Objet;3;3;3;3;3;3;3;4;3;3;4;3;4
LOG449;6880,035761;219;84;0;2022-mars;2022-mars;76;Occitanie;12;Aveyron;1;9;4;2;0;2;3;1;1;NA;NA;2;9;2014;2;2;2;2;1;2;2;;2;NA;;3;NA;;2;3;;2;2;;3;NA;;1;2;2;2;1;2;1;2;1;1;1;1;2;2;1;1;2;;2;1;;2;2;2;2;1;1;2;2;2;2;;1;1;1;2;2;2;1;1;2;;2;3;3;NA;2;NA;1;1;;1;3;1;2;1;1;1;1;1;2;2;2;2;;;2;2;2;1;2;2;2;2;0;2;2;1;2;2;0;0;2;2;0;1;NA;NA;NA;NA;NA;NA;NA;NA;NA;NA;NA;NA;;1;2;NA;NA;NA;NA;NA;;2;NA;NA;NA;NA;NA;NA;NA;NA;NA;;2;Sans Objet;0;1;3;3;2;1;1;1;0;Sans Objet;2;2;200;8;Sans Objet;Sans Objet;5;Sans Objet;2;Sans Objet;2;Sans Objet;Sans Objet;CUS1;1;2;2;1;2;2;Sans Objet;CHB1;2;1;2;2;2;2;Sans Objet;18;250;78;250;3;3;Sans Objet;Sans Objet;3;3;3;3;3;1;1;4;3;3;3;3;4
LOG450;8254,129245;227;84;1;2022-mai;2022-mai;84;Auvergne-Rhône-Alpes;38;Isère;2;5;5;17;8;2;1;2;6;NA;NA;2;NA;1979;2;2;1;2;2;2;2;;2;NA;;3;NA;;3;NA;;3;NA;;3;NA;;4;NA;NA;NA;2;NA;NA;NA;NA;NA;NA;NA;NA;NA;NA;NA;NA;;1;6;;NA;NA;NA;NA;NA;NA;NA;NA;1;NA;;1;2;2;2;2;2;2;2;2;;3;3;3;NA;2;NA;1;6;;1;3;1;3;3;1;1;2;NA;NA;NA;NA;NA;;;1;NA;NA;NA;NA;2;2;2;0;2;2;2;2;2;0;0;2;1;0;2;NA;NA;NA;NA;NA;NA;NA;NA;NA;NA;NA;NA;;2;1;2;2;2;2;1;Circulation;1;2;2;2;2;2;2;1;2;2;;2;Sans Objet;1;1;3;0;2;1;0;2;1;entrée;1;1;90;1;Sans Objet;Sans Objet;1;Sans Objet;1;2;2;Sans Objet;Sans Objet;SEJ1;2;2;2;1;2;2;Sans Objet;CHB1;2;1;2;2;2;2;Sans Objet;12;250;28;250;3;3;Sans Objet;Sans Objet;3;3;3;3;3;3;3;4;3;3;3;3;4
LOG451;27656,43797;227;84;0;2022-mai;2022-mai;84;Auvergne-Rhône-Alpes;38;Isère;2;4;4;0;4;2;1;2;6;NA;NA;2;NA;2008;2;2;1;2;2;2;2;;2;NA;;3;NA;;3;NA;;2;1;;3;NA;;3;1;2;2;2;NA;NA;NA;NA;NA;NA;NA;NA;NA;NA;NA;NA;;2;3;;2;2;2;2;2;1;2;2;2;2;;1;2;2;2;2;2;2;2;2;;3;3;3;NA;2;NA;1;3;;1;3;1;3;2;1;1;2;NA;NA;NA;NA;NA;;;2;1;2;2;2;2;2;3;1;3;1;2;2;2;0;0;2;2;0;2;NA;NA;NA;NA;NA;NA;NA;NA;NA;NA;NA;NA;;2;2;NA;NA;NA;NA;NA;;1;2;2;2;2;2;2;1;2;2;;2;Sans Objet;1;0;2;1;1;1;0;0;0;Sans Objet;1;1;68;1;Sans Objet;Sans Objet;1;Sans Objet;1;2;2;Sans Objet;Sans Objet;SEJ1;2;2;1;1;2;2;Sans Objet;CHB1;2;1;2;2;2;2;Sans Objet;12;250;22;250;3;3;Sans Objet;Sans Objet;3;3;3;3;3;3;3;4;3;1;3;4;4
LOG452;55734,72209;229;84;0;2022-novembre;2022-décembre;84;Auvergne-Rhône-Alpes;38;Isère;1;4;4;0;0;2;3;1;7;NA;NA;2;7;1979;2;2;2;1;2;2;2;;2;NA;;3;NA;;3;NA;;2;1;;3;NA;;1;1;2;1;2;NA;NA;NA;NA;NA;NA;NA;NA;NA;NA;NA;NA;;2;1;;2;2;2;2;1;2;2;2;2;2;;1;2;2;2;2;2;2;2;2;;3;1;3;NA;2;NA;1;1;;1;3;1;4;1;1;1;2;NA;NA;NA;NA;NA;;;2;2;2;1;2;4;2;2;0;2;2;2;2;2;0;0;2;2;0;2;NA;NA;NA;NA;NA;NA;NA;NA;NA;NA;NA;NA;;1;2;NA;NA;NA;NA;NA;;2;NA;NA;NA;NA;NA;NA;NA;NA;NA;;2;Sans Objet;0;1;3;0;2;1;0;0;1;garage;2;2;120;7;Sans Objet;1;3;Sans Objet;1;1;1;1;3;CUS1;1;2;1;1;2;2;Sans Objet;CHB1;2;1;2;2;2;2;Sans Objet;11;250;70;250;3;3;Sans Objet;Sans Objet;3;3;1;3;3;3;3;3;3;1;4;4;4
LOG453;20531,81383;227;84;0;2022-novembre;2022-novembre;84;Auvergne-Rhône-Alpes;38;Isère;2;4;3;5;5;2;1;2;6;NA;NA;2;1;1980;2;2;1;2;2;2;2;;2;NA;;3;NA;;2;4;;3;NA;;3;NA;;1;2;1;1;2;NA;NA;NA;NA;NA;NA;NA;NA;NA;NA;NA;NA;;1;3;;NA;NA;NA;NA;NA;NA;NA;NA;1;NA;;1;2;2;2;2;2;2;2;2;;3;3;3;NA;1;NA;1;3;;1;3;1;3;1;1;1;2;NA;NA;NA;NA;NA;;;1;NA;NA;NA;NA;2;2;1;0;1;2;2;2;2;0;0;2;1;0;1;NA;NA;NA;NA;NA;NA;NA;NA;NA;NA;NA;NA;;2;1;2;2;2;2;1;goudronnage à moins de 30m de l'immeuble;2;NA;NA;NA;NA;NA;NA;NA;NA;NA;;2;Sans Objet;0;1;3;0;1;1;0;0;1;cellier;2;1;83;1;Sans Objet;Sans Objet;4;Sans Objet;2;Sans Objet;2;Sans Objet;Sans Objet;CUS1;1;2;1;1;2;2;Sans Objet;CHB1;2;1;1;2;2;2;Sans Objet;12;250;34;250;3;3;Sans Objet;Sans Objet;3;3;3;3;3;3;3;4;3;3;1;4;4
LOG454;34609,19447;228;84;0;2022-juillet;2022-juillet;84;Auvergne-Rhône-Alpes;38;Isère;1;5;2;2;0;2;3;1;1;NA;NA;2;9;2017;2;2;2;2;1;2;2;;2;NA;;3;NA;;3;NA;;2;1;;3;NA;;1;1;1;1;2;NA;NA;NA;NA;NA;NA;NA;NA;NA;NA;NA;NA;;3;6;;2;2;2;2;1;2;2;2;2;2;;2;2;2;1;2;2;2;2;2;;1;3;3;NA;2;NA;1;6;;2;NA;1;1;2;1;1;2;NA;NA;NA;NA;NA;;;1;NA;NA;NA;NA;2;2;1;0;1;1;1;2;2;0;0;2;1;0;2;NA;NA;NA;NA;NA;NA;NA;NA;NA;NA;NA;NA;;1;1;2;2;2;2;1;Travaux maçonnerie de la personne;2;NA;NA;NA;NA;NA;NA;NA;NA;NA;;2;Sans Objet;0;1;2;2;2;1;0;0;0;Sans Objet;2;2;92;8;Sans Objet;Sans Objet;5;Sans Objet;2;Sans Objet;2;Sans Objet;Sans Objet;CUS1;1;2;1;1;1;2;Sans Objet;CHB1;2;1;2;2;2;2;Sans Objet;12;240;25;240;3;3;Sans Objet;Sans Objet;3;3;3;3;3;3;3;3;3;1;4;3;4
LOG455;40754,19115;223;84;0;2022-septembre;2022-septembre;76;Occitanie;12;Aveyron;1;4;5;1;0;2;3;1;11;1;2008;2;12;2008;2;2;2;1;2;2;2;;2;NA;;3;NA;;3;NA;;1;1;;3;NA;;1;2;2;1;1;2;1;2;2;2;2;2;2;2;2;2;2;;3;6;;NA;NA;NA;NA;NA;NA;NA;NA;1;NA;;2;2;2;2;2;2;2;2;1;Climatisation réversible;3;3;1;1;1;NA;1;6;;1;3;1;2;2;1;1;2;NA;NA;NA;NA;NA;;;2;2;2;1;2;2;2;2;0;5;1;2;2;2;0;0;2;1;0;2;NA;NA;NA;NA;NA;NA;NA;NA;NA;NA;NA;NA;;1;2;NA;NA;NA;NA;NA;;1;2;2;2;2;2;2;1;2;2;;2;Sans Objet;0;1;3;0;1;2;1;0;1;garage;2;1;110;8;Sans Objet;Sans Objet;3;Sans Objet;2;Sans Objet;1;1;1;CUS1;1;2;1;1;2;2;Sans Objet;CHB1;2;1;2;2;2;2;Sans Objet;13;250;60;250;3;3;Sans Objet;Sans Objet;3;3;3;3;3;3;3;4;3;3;3;3;4
LOG456;4159,001716;222;84;0;2022-août;2022-septembre;76;Occitanie;12;Aveyron;1;8;4;1;0;2;3;1;10;1;2001;2;12;2001;2;2;2;1;2;2;2;;2;NA;;3;NA;;3;NA;;2;1;;3;NA;;1;2;2;1;2;NA;NA;NA;NA;NA;NA;NA;NA;NA;NA;NA;NA;;2;3;;NA;NA;NA;NA;NA;NA;NA;NA;1;NA;;1;2;2;2;2;2;2;2;2;;1;3;3;NA;2;NA;1;3;;1;3;1;2;2;1;1;1;1;1;2;2;2;;;2;2;2;1;2;4;4;4;0;3;1;1;2;2;0;0;2;2;0;2;NA;NA;NA;NA;NA;NA;NA;NA;NA;NA;NA;NA;;1;2;NA;NA;NA;NA;NA;;2;NA;NA;NA;NA;NA;NA;NA;NA;NA;;2;Sans Objet;1;0;4;2;2;1;1;0;1;garage;1;1;130;5;Sans Objet;Sans Objet;3;Sans Objet;2;Sans Objet;1;1;3;SEJ1;2;2;2;1;2;2;Sans Objet;CHB1;2;1;2;2;2;2;Sans Objet;14;250;45;250;3;1;2;1;3;3;3;1;3;3;3;3;3;1;3;4;4
LOG457;427984,7953;254;84;0;2022-avril;2022-avril;84;Auvergne-Rhône-Alpes;73;Savoie;1;6;7;1;0;2;3;1;8;NA;NA;2;NA;1989;2;2;2;2;1;2;2;;2;NA;;3;NA;;3;NA;;3;NA;;3;NA;;3;2;2;1;2;NA;NA;NA;NA;NA;NA;NA;NA;NA;NA;NA;NA;;2;6;;2;2;2;2;1;2;2;2;2;2;;2;2;2;2;1;2;2;2;2;;3;1;3;NA;2;NA;1;6;;1;3;1;4;2;1;1;2;NA;NA;NA;NA;NA;;;2;2;2;1;2;2;2;1;0;1;2;1;2;2;0;0;2;1;0;1;NA;NA;NA;NA;NA;NA;NA;NA;NA;NA;NA;NA;;2;1;2;2;2;2;1;boulangerie: nettoyage du silo;2;NA;NA;NA;NA;NA;NA;NA;NA;NA;;2;Sans Objet;0;1;4;1;1;2;1;0;3;atelier et 2 caves;2;2;150;7;Sans Objet;1;3;Sans Objet;1;1;2;Sans Objet;Sans Objet;CUS1;1;2;2;1;2;2;Sans Objet;CHB1;2;1;2;2;2;2;Sans Objet;12;250;50;275;3;3;Sans Objet;Sans Objet;3;3;3;3;3;3;3;3;3;3;3;3;4
LOG458;23828,41869;255;84;0;2022-novembre;2022-novembre;84;Auvergne-Rhône-Alpes;73;Savoie;1;11;6;2;1;2;3;1;8;NA;NA;2;12;1999;2;2;2;1;2;2;2;;2;NA;;3;NA;;3;NA;;3;NA;;3;NA;;1;2;1;2;2;NA;NA;NA;NA;NA;NA;NA;NA;NA;NA;NA;NA;;2;3;;2;2;2;2;2;1;2;2;2;2;;1;2;1;2;2;2;2;2;2;;1;3;2;1;1;NA;1;3;;1;3;1;2;1;1;1;2;NA;NA;NA;NA;NA;;;2;2;2;1;2;2;2;2;0;2;2;2;2;2;0;0;2;2;0;1;NA;NA;NA;NA;NA;NA;NA;NA;NA;NA;NA;NA;;1;2;NA;NA;NA;NA;NA;;1;1;2;2;2;2;2;2;2;2;;2;Sans Objet;1;0;5;1;3;2;0;1;4;cave / garage / chaufferie / entrée;1;2;154;5;Sans Objet;Sans Objet;5;Sans Objet;1;1;1;1;1;SEJ1;2;2;1;1;2;2;Sans Objet;CHB1;2;1;2;2;2;2;Sans Objet;11;250;35;250;3;3;Sans Objet;Sans Objet;3;3;1;3;3;3;3;4;3;1;5;4;5
LOG459;21390,51343;227;84;0;2022-septembre;2022-septembre;84;Auvergne-Rhône-Alpes;38;Isère;2;4;4;8;8;1;1;2;6;NA;NA;2;3;2012;2;2;1;2;2;2;2;;2;NA;;2;1;;2;2;;1;1;;2;1;;1;1;2;2;2;NA;NA;NA;NA;NA;NA;NA;NA;NA;NA;NA;NA;;1;9;;NA;NA;NA;NA;NA;NA;NA;NA;NA;NA;;1;2;2;2;2;2;2;2;2;;3;3;2;1;3;NA;1;8;;1;3;1;3;3;1;1;2;NA;NA;NA;NA;NA;;;2;1;2;2;2;4;4;2;0;2;2;1;2;2;0;0;2;2;0;2;NA;NA;NA;NA;NA;NA;NA;NA;NA;NA;NA;NA;;1;1;2;2;2;2;1;Circulation;1;2;2;2;2;2;2;1;2;2;;2;Sans Objet;0;1;3;0;2;1;1;0;0;Sans Objet;2;2;92;1;Sans Objet;Sans Objet;4;Sans Objet;2;Sans Objet;2;Sans Objet;Sans Objet;CUS1;1;2;2;1;2;2;Sans Objet;CHB1;2;1;2;2;2;2;Sans Objet;12;250;40;250;3;3;Sans Objet;Sans Objet;3;3;1;3;3;3;3;4;1;1;4;4;4
LOG460;30903,61033;229;84;0;2022-février;2022-mars;84;Auvergne-Rhône-Alpes;38;Isère;1;6;4;1;0;1;3;1;8;NA;NA;2;3;2011;2;2;2;1;2;2;2;;2;NA;;3;NA;;3;NA;;2;3;;3;NA;;4;NA;NA;NA;2;NA;NA;NA;NA;NA;NA;NA;NA;NA;NA;NA;NA;;2;1;;NA;NA;NA;NA;NA;NA;NA;NA;1;NA;;1;2;2;2;2;2;2;2;2;;3;3;3;NA;1;NA;1;6;;1;3;1;2;2;2;1;1;1;2;2;2;1;Tortue;;2;2;2;1;2;4;2;2;0;2;2;2;2;2;0;0;2;2;0;1;NA;NA;NA;NA;NA;NA;NA;NA;NA;NA;NA;NA;;2;2;NA;NA;NA;NA;NA;;1;1;2;2;2;2;2;2;2;2;;2;Sans Objet;1;0;3;1;1;2;1;0;1;garage;1;2;140;8;Sans Objet;Sans Objet;3;Sans Objet;2;Sans Objet;1;1;1;SEJ1;2;2;2;1;2;2;Sans Objet;CHB1;2;1;2;2;2;2;Sans Objet;12;250;40;250;3;3;Sans Objet;Sans Objet;3;3;3;3;3;3;3;4;3;1;1;3;4
LOG461;3004,980799;223;84;0;2022-juin;2022-juin;93;Provence-Alpes-Côte d'Azur;13;Bouches-du-Rhône;1;7;4;1;0;2;3;1;1;NA;NA;2;NA;1991;2;2;2;2;2;1;2;Pisé;2;NA;;3;NA;;3;NA;;2;1;;3;NA;;3;1;2;1;2;NA;NA;NA;NA;NA;NA;NA;NA;NA;NA;NA;NA;;2;1;;2;2;2;2;1;2;2;2;2;2;;1;2;2;2;2;2;2;2;2;;1;3;3;NA;1;NA;1;1;;1;2;1;4;1;1;1;1;2;1;2;2;2;;;2;2;2;1;2;2;2;1;0;1;2;1;2;2;0;0;2;1;0;2;NA;NA;NA;NA;NA;NA;NA;NA;NA;NA;NA;NA;;1;2;NA;NA;NA;NA;NA;;1;1;2;2;2;2;2;2;2;2;;2;Sans Objet;0;1;4;1;2;2;1;0;1;garage;2;1;160;8;Sans Objet;Sans Objet;5;Sans Objet;2;Sans Objet;1;1;3;CUS1;1;2;1;1;2;2;Sans Objet;CHB1;2;1;2;2;2;2;Sans Objet;14;250;72;350;3;3;Sans Objet;Sans Objet;3;3;3;3;3;3;3;4;3;3;3;3;4
LOG462;15486,44377;257;84;0;2022-septembre;2022-octobre;84;Auvergne-Rhône-Alpes;74;Haute-Savoie;1;4;8;1;0;2;3;1;12;1;2015;2;2;2015;1;2;2;2;2;2;2;;2;NA;;3;NA;;3;NA;;2;3;;3;NA;;4;NA;NA;NA;2;NA;NA;NA;NA;NA;NA;NA;NA;NA;NA;NA;NA;;2;5;;2;2;2;2;2;1;2;2;2;2;;2;2;2;2;2;2;2;1;2;;3;1;3;NA;2;NA;1;7;Chauffe-eau thermodynamique;1;3;1;2;3;1;1;1;1;2;2;2;2;;;2;2;2;1;2;4;2;2;0;2;2;2;2;2;0;0;2;2;0;2;NA;NA;NA;NA;NA;NA;NA;NA;NA;NA;NA;NA;;1;1;2;1;2;2;2;;1;2;2;2;2;2;2;1;2;2;;2;Sans Objet;0;1;3;0;2;2;1;0;3;arrière cuisine / cellier / garage;2;1;130;8;Sans Objet;Sans Objet;4;Sans Objet;2;Sans Objet;1;2;3;CUS1;1;2;2;1;2;2;Sans Objet;CHB1;2;1;2;2;2;2;Sans Objet;20;270;45;270;3;3;Sans Objet;Sans Objet;3;3;3;3;3;3;3;4;3;3;3;3;4
LOG463;13006,32644;182;75;0;2022-octobre;2022-octobre;84;Auvergne-Rhône-Alpes;74;Haute-Savoie;2;4;3;2;1;2;1;2;12;1;2017;2;6;2018;2;2;1;2;2;2;2;;2;NA;;3;NA;;2;4;;2;7;Conteneurs poubelles;2;7;Conteneurs poubelles;4;NA;NA;NA;1;2;1;2;2;2;2;2;2;2;2;2;2;;2;3;;NA;NA;NA;NA;NA;NA;NA;NA;1;NA;;1;2;2;2;2;2;2;2;2;;3;3;3;NA;2;NA;1;3;;1;3;1;2;1;1;1;2;NA;NA;NA;NA;NA;;;1;NA;NA;NA;NA;2;2;2;0;2;1;2;2;2;0;0;2;2;0;2;NA;NA;NA;NA;NA;NA;NA;NA;NA;NA;NA;NA;;2;1;2;2;2;2;1;cheminée des voisins;2;NA;NA;NA;NA;NA;NA;NA;NA;NA;;2;Sans Objet;0;1;2;0;2;1;1;0;0;Sans Objet;2;1;87;1;Sans Objet;Sans Objet;1;Sans Objet;1;2;2;Sans Objet;Sans Objet;CUS1;1;2;1;1;2;2;Sans Objet;CHB1;2;1;2;2;2;2;Sans Objet;15;250;33;250;3;1;4;1;3;3;3;3;3;3;3;4;3;1;3;4;4
LOG464;6623,895205;257;84;0;2022-novembre;2022-novembre;84;Auvergne-Rhône-Alpes;74;Haute-Savoie;2;4;2;5;2;2;2;2;2;NA;NA;2;11;2017;2;2;2;2;1;2;2;;1;6;Bar;3;NA;;1;1;;2;5;;3;NA;;3;1;2;1;2;NA;NA;NA;NA;NA;NA;NA;NA;NA;NA;NA;NA;;2;3;;2;2;2;2;1;2;2;2;2;2;;1;2;2;2;2;2;2;2;2;;2;3;3;NA;2;NA;1;3;;1;3;1;4;1;1;1;1;1;2;2;2;1;Poissons;;1;NA;NA;NA;NA;2;2;2;1;4;1;2;2;2;0;0;2;1;1;1;NA;NA;NA;NA;NA;NA;NA;NA;NA;NA;NA;NA;;1;1;2;2;2;2;1;trafic;1;2;2;2;2;2;2;1;2;2;;2;Sans Objet;0;1;1;1;1;1;0;0;1;hall d'entrée;2;1;100;1;Sans Objet;Sans Objet;1;Sans Objet;2;Sans Objet;2;Sans Objet;Sans Objet;CUS1;1;2;1;1;2;2;Sans Objet;CHB1;2;1;2;2;2;2;Sans Objet;15;290;35;300;2;1;3;1;3;3;3;3;3;3;3;4;3;1;4;3;4
LOG465;129811,7239;255;84;0;2022-novembre;2022-décembre;84;Auvergne-Rhône-Alpes;73;Savoie;1;5;7;1;0;2;3;1;8;NA;NA;2;8;2021;2;1;2;2;2;2;2;;2;NA;;3;NA;;2;2;;2;1;;3;NA;;1;1;2;1;1;2;1;2;2;1;2;2;2;2;2;2;1;Volets extérieurs;2;3;;2;2;2;2;1;2;2;2;2;2;;1;2;2;2;2;2;2;1;2;;3;1;3;NA;2;NA;1;3;;1;3;1;4;1;1;1;2;NA;NA;NA;NA;NA;;;2;2;2;1;2;2;2;3;1;3;1;2;2;2;0;0;2;2;0;1;NA;NA;NA;NA;NA;NA;NA;NA;NA;NA;NA;NA;;1;2;NA;NA;NA;NA;NA;;2;NA;NA;NA;NA;NA;NA;NA;NA;NA;;2;Sans Objet;1;1;5;5;2;1;1;0;0;Sans Objet;1;1;130;4;Sans Objet;Sans Objet;5;Sans Objet;1;1;1;1;1;SEJ1;2;2;1;1;2;2;Sans Objet;CHB1;2;1;2;2;2;2;Sans Objet;14;250;42;250;3;3;Sans Objet;Sans Objet;3;3;3;3;3;3;3;4;3;1;4;4;4
LOG466;5656,219169;256;84;0;2022-juin;2022-juin;84;Auvergne-Rhône-Alpes;74;Haute-Savoie;1;5;5;1;0;2;2;1;12;1;2013;2;11;2013;2;2;2;1;2;2;2;;2;NA;;2;1;;3;NA;;3;NA;;3;NA;;4;NA;NA;NA;1;2;2;2;2;2;2;2;1;2;2;2;2;;2;6;;2;2;2;2;1;2;2;2;2;2;;2;2;1;2;2;2;2;2;2;;3;1;3;NA;2;NA;1;7;Ballon thermo-solaire;1;3;1;1;2;1;1;2;NA;NA;NA;NA;NA;;;1;NA;NA;NA;NA;4;4;4;1;3;1;2;2;2;0;0;2;2;0;2;NA;NA;NA;NA;NA;NA;NA;NA;NA;NA;NA;NA;;1;1;2;2;1;2;2;;1;1;2;2;2;2;2;2;2;2;;2;Sans Objet;0;1;3;1;1;2;1;0;1;garage;2;1;140;5;Sans Objet;Sans Objet;3;Sans Objet;2;Sans Objet;1;1;1;CUS1;1;2;1;1;2;2;Sans Objet;CHB1;2;1;2;2;1;2;Sans Objet;18;250;70;250;3;1;3;1;3;3;3;3;3;3;3;4;3;1;4;3;4
LOG467;4177,313054;223;84;0;2022-avril;2022-avril;93;Provence-Alpes-Côte d'Azur;13;Bouches-du-Rhône;1;7;4;1;0;2;3;1;1;NA;NA;2;4;2000;2;2;2;2;2;1;2;Pisé, galets;2;NA;;3;NA;;2;3;;2;3;;3;NA;;1;1;2;2;2;NA;NA;NA;NA;NA;NA;NA;NA;NA;NA;NA;NA;;2;1;;2;2;2;2;1;2;2;2;2;2;;1;2;1;2;2;2;2;2;2;;1;1;3;NA;1;NA;1;6;;1;3;1;4;3;1;1;1;1;2;2;2;2;;;2;2;2;1;2;2;2;2;0;2;1;1;2;2;0;0;2;2;0;2;NA;NA;NA;NA;NA;NA;NA;NA;NA;NA;NA;NA;;1;1;2;2;1;2;2;;1;1;2;2;2;2;2;2;2;2;;2;Sans Objet;1;2;4;0;3;1;1;0;0;Sans Objet;1;3;180;8;Sans Objet;Sans Objet;5;Sans Objet;2;Sans Objet;2;Sans Objet;Sans Objet;SEJ1;2;2;1;1;2;2;Sans Objet;CHB1;2;1;2;2;2;2;Sans Objet;20;250;50;250;3;3;Sans Objet;Sans Objet;3;3;3;3;3;3;3;3;3;3;4;3;4
LOG468;79047,26413;222;84;0;2022-avril;2022-mai;76;Occitanie;12;Aveyron;2;4;3;4;4;1;1;2;7;NA;NA;2;8;2016;NA;NA;NA;NA;NA;NA;1;;2;NA;;2;5;Poussière;3;NA;;3;NA;;3;NA;;1;1;2;1;2;NA;NA;NA;NA;NA;NA;NA;NA;NA;NA;NA;NA;;2;3;;2;2;2;2;2;1;2;2;2;2;;1;2;2;2;2;2;2;2;2;;3;3;3;NA;2;NA;1;3;;1;3;1;3;1;1;1;1;2;1;2;2;2;;;1;NA;NA;NA;NA;4;2;2;0;4;1;2;2;2;0;0;2;1;0;2;NA;NA;NA;NA;NA;NA;NA;NA;NA;NA;NA;NA;;2;1;2;2;2;2;1;Circulation routière;2;NA;NA;NA;NA;NA;NA;NA;NA;NA;;2;Sans Objet;1;0;2;1;1;1;0;0;1;cellier;1;3;70;1;Sans Objet;Sans Objet;5;Sans Objet;1;2;2;Sans Objet;Sans Objet;SEJ1;2;2;2;1;2;2;Sans Objet;CHB1;2;1;2;2;2;2;Sans Objet;13;250;25;250;3;3;Sans Objet;Sans Objet;3;3;3;3;3;3;3;4;3;1;3;3;4
LOG469;30033,43496;220;84;0;2022-avril;2022-mai;28;Normandie;14;Calvados;1;6;4;1;0;2;3;1;9;2;NA;2;2;1994;2;2;2;1;2;2;2;;2;NA;;3;NA;;2;3;;3;NA;;3;NA;;2;1;1;1;1;2;2;2;2;2;2;2;1;2;2;2;2;;3;5;;2;2;2;2;2;1;2;2;2;2;;2;2;2;2;2;2;2;2;1;pierre réfractaire sur la cheminée;3;1;3;NA;2;NA;1;6;;1;3;1;4;2;1;1;1;1;1;2;2;2;;;2;2;2;1;2;2;2;2;0;2;2;1;2;2;0;0;2;2;0;1;NA;NA;NA;NA;NA;NA;NA;NA;NA;NA;NA;NA;;2;1;2;2;1;2;2;;2;NA;NA;NA;NA;NA;NA;NA;NA;NA;;2;Sans Objet;0;1;3;0;1;1;0;1;3;atelier / cave / dressing;2;2;120;8;Sans Objet;Sans Objet;3;Sans Objet;1;1;2;Sans Objet;Sans Objet;CUS1;1;2;2;1;2;2;Sans Objet;CHB1;2;1;2;2;2;2;Sans Objet;12;250;30;250;3;3;Sans Objet;Sans Objet;3;3;1;3;3;3;3;4;3;1;3;3;4
LOG470;19173,9559;223;84;0;2022-octobre;2022-octobre;44;Grand Est;10;Aube;1;4;5;0;0;2;3;1;9;1;1990;2;11;1990;2;2;2;1;2;2;2;;2;NA;;3;NA;;2;3;;3;NA;;3;NA;;2;2;2;1;2;NA;NA;NA;NA;NA;NA;NA;NA;NA;NA;NA;NA;;3;6;;2;2;2;2;1;2;2;1;2;2;Chauffage d'appoint à pétrole;2;1;2;2;2;2;2;2;2;;1;3;3;NA;2;NA;1;6;;1;3;2;NA;2;1;1;1;2;1;2;2;2;;;1;NA;NA;NA;NA;2;2;2;0;2;1;2;2;2;0;0;2;1;0;2;NA;NA;NA;NA;NA;NA;NA;NA;NA;NA;NA;NA;;2;2;NA;NA;NA;NA;NA;;1;1;2;2;2;1;2;2;2;2;;2;Sans Objet;0;1;3;0;1;1;1;0;2;garage / salle de jeux;2;1;120;7;Sans Objet;1;3;Sans Objet;1;1;1;1;1;CUS1;1;2;1;1;2;2;Sans Objet;CHB1;2;1;2;2;2;2;Sans Objet;12;250;67;250;3;1;3;2;3;3;3;3;3;3;3;3;3;1;3;3;4
LOG471;90361,76185;229;84;0;2022-décembre;2022-décembre;84;Auvergne-Rhône-Alpes;38;Isère;1;4;6;1;0;2;3;1;4;NA;NA;2;1;2007;2;2;2;1;2;1;2;Pizay;2;NA;;2;2;;2;5;;3;NA;;3;NA;;1;1;2;2;1;2;1;2;1;1;2;2;2;2;2;2;2;;2;6;;NA;NA;NA;NA;NA;NA;NA;NA;1;NA;;1;2;1;2;2;2;2;2;2;;3;3;3;NA;1;NA;1;6;;1;3;1;1;1;1;1;2;NA;NA;NA;NA;NA;;;2;2;2;1;2;2;4;4;1;3;1;1;2;2;0;0;2;2;0;1;NA;NA;NA;NA;NA;NA;NA;NA;NA;NA;NA;NA;;1;1;2;2;2;2;1;carrière;2;NA;NA;NA;NA;NA;NA;NA;NA;NA;;2;Sans Objet;0;1;3;0;1;2;1;0;2;cave / couloir;2;1;160;6;Sans Objet;2;3;Sans Objet;1;2;2;Sans Objet;Sans Objet;CUS1;1;2;2;1;2;2;Sans Objet;CHB1;2;1;2;2;2;2;Sans Objet;12;250;80;250;3;3;Sans Objet;Sans Objet;3;3;3;3;3;3;3;4;3;3;3;3;4
LOG472;10279,45617;229;84;0;2023-janvier;2023-janvier;84;Auvergne-Rhône-Alpes;38;Isère;1;5;5;0;0;2;3;1;10;1;2002;2;10;2002;2;2;2;1;2;2;2;;2;NA;;3;NA;;1;4;;2;5;;3;NA;;4;NA;NA;NA;2;NA;NA;NA;NA;NA;NA;NA;NA;NA;NA;NA;NA;;3;6;;2;2;2;2;1;2;2;2;2;2;;2;2;2;2;2;2;2;2;1;Plancher chauffant électrique;3;1;2;1;2;NA;1;6;;1;3;1;2;2;2;1;1;1;2;2;2;2;;;2;2;2;1;2;2;2;2;0;2;1;2;2;2;0;0;2;2;0;1;NA;NA;NA;NA;NA;NA;NA;NA;NA;NA;NA;NA;;2;2;NA;NA;NA;NA;NA;;2;NA;NA;NA;NA;NA;NA;NA;NA;NA;;2;Sans Objet;1;1;3;0;2;1;1;0;1;garage ;1;2;109;7;Sans Objet;1;3;Sans Objet;1;1;1;1;3;SEJ1;2;2;1;1;2;2;Sans Objet;CHB1;2;1;2;2;2;2;Sans Objet;13;250;30;250;3;1;2;1;3;4;4;4;4;4;4;4;4;4;4;4;4
LOG473;14234,90274;222;84;0;2022-décembre;2022-décembre;76;Occitanie;12;Aveyron;1;7;8;1;0;2;3;1;3;NA;NA;2;11;2014;2;2;2;1;2;2;2;;2;NA;;3;NA;;3;NA;;2;1;;3;NA;;2;2;2;1;1;2;1;2;2;2;2;2;2;2;2;2;2;;2;3;;2;2;2;2;2;1;2;2;2;2;;1;1;2;2;2;2;2;2;2;;3;3;3;NA;1;NA;1;3;;1;3;1;2;1;1;1;1;2;1;2;1;2;;;2;2;2;1;2;2;2;5;3;3;1;2;2;2;0;0;2;2;0;1;NA;NA;NA;NA;NA;NA;NA;NA;NA;NA;NA;NA;;2;2;NA;NA;NA;NA;NA;;2;NA;NA;NA;NA;NA;NA;NA;NA;NA;;2;Sans Objet;1;1;5;0;3;1;0;0;6;garage, célier, chaufferie, couloir x2, cave;1;1;135;6;Sans Objet;2;5;Sans Objet;1;1;1;1;3;SEJ1;2;2;1;1;2;2;Sans Objet;CHB1;2;1;2;2;2;2;Sans Objet;13;275;42;280;3;3;Sans Objet;Sans Objet;3;3;3;3;3;3;3;4;3;3;4;3;4
LOG474;99357,93462;255;84;0;2022-novembre;2022-novembre;84;Auvergne-Rhône-Alpes;73;Savoie;1;4;2;1;0;2;3;1;11;2;NA;2;1;2015;1;2;2;2;1;2;2;;2;NA;;3;NA;;2;3;;3;NA;;3;NA;;2;1;1;1;2;NA;NA;NA;NA;NA;NA;NA;NA;NA;NA;NA;NA;;3;3;;2;2;2;2;1;2;2;2;2;2;;1;1;2;2;2;2;2;1;2;;3;1;2;1;2;NA;1;6;;1;3;2;NA;2;1;3;2;NA;NA;NA;NA;NA;;;2;2;2;1;2;2;2;1;0;1;1;1;2;2;0;0;2;1;0;1;NA;NA;NA;NA;NA;NA;NA;NA;NA;NA;NA;NA;;1;2;NA;NA;NA;NA;NA;;1;1;2;1;1;2;2;2;2;2;;2;Sans Objet;0;1;3;0;1;1;0;0;0;Sans Objet;2;1;85;8;Sans Objet;Sans Objet;5;Sans Objet;2;Sans Objet;2;Sans Objet;Sans Objet;CUS1;1;2;2;1;2;2;Sans Objet;CHB1;2;1;2;2;2;2;Sans Objet;12;250;30;460;3;3;Sans Objet;Sans Objet;3;3;3;3;3;3;3;4;4;4;4;5;5
LOG475;12776,25354;176;75;0;2022-octobre;2022-octobre;75;Nouvelle-Aquitaine;24;Dordogne;1;5;2;1;0;2;2;1;1;NA;NA;2;NA;2011;2;2;2;2;1;2;2;;2;NA;;3;NA;;3;NA;;3;NA;;3;NA;;3;2;2;1;2;NA;NA;NA;NA;NA;NA;NA;NA;NA;NA;NA;NA;;3;6;;2;2;2;2;1;2;2;2;2;2;;2;2;2;2;2;1;2;2;2;;3;1;1;1;1;NA;1;6;;1;3;2;NA;2;1;1;1;1;2;2;2;2;;;2;2;2;1;2;2;2;4;1;3;1;2;2;2;0;0;2;2;0;2;NA;NA;NA;NA;NA;NA;NA;NA;NA;NA;NA;NA;;2;2;NA;NA;NA;NA;NA;;1;1;2;2;2;2;2;2;2;2;;2;Sans Objet;1;1;3;0;1;2;1;0;0;Sans Objet;1;2;102;8;Sans Objet;Sans Objet;5;Sans Objet;2;Sans Objet;2;Sans Objet;Sans Objet;SEJ1;2;2;2;1;2;2;Sans Objet;CHB1;2;1;2;2;2;2;Sans Objet;36;250;36;300;3;3;Sans Objet;Sans Objet;3;3;3;3;3;3;3;3;3;1;3;3;4
LOG476;13838,33385;194;75;0;2022-mars;2022-mars;75;Nouvelle-Aquitaine;87;Haute-Vienne;1;4;2;1;0;2;3;1;1;NA;NA;2;NA;1980;2;2;2;2;1;2;2;;2;NA;;3;NA;;2;4;;3;NA;;3;NA;;3;1;2;1;2;NA;NA;NA;NA;NA;NA;NA;NA;NA;NA;NA;NA;;2;1;;2;2;2;2;1;2;2;2;2;2;;1;2;2;2;2;2;2;2;2;;1;1;2;2;1;NA;1;1;;1;3;1;1;2;1;1;1;2;1;2;2;2;;;1;NA;NA;NA;NA;2;2;1;0;1;2;2;2;2;0;0;2;1;0;1;NA;NA;NA;NA;NA;NA;NA;NA;NA;NA;NA;NA;;2;2;NA;NA;NA;NA;NA;;2;NA;NA;NA;NA;NA;NA;NA;NA;NA;;2;Sans Objet;0;1;2;1;1;1;0;0;1;cellier;2;3;100;8;Sans Objet;Sans Objet;5;Sans Objet;2;Sans Objet;2;Sans Objet;Sans Objet;CUS1;1;2;2;1;2;2;Sans Objet;CHB1;2;1;2;1;2;2;Sans Objet;14;250;30;210;3;3;Sans Objet;Sans Objet;3;3;3;3;3;3;3;4;3;3;3;3;3
LOG477;23938,48654;192;75;0;2022-septembre;2022-octobre;75;Nouvelle-Aquitaine;87;Haute-Vienne;2;4;2;3;1;2;1;2;10;1;2001;2;NA;2001;2;2;2;1;2;2;2;;1;6;Coiffeur;2;1;;1;6;Cigarette;1;1;;2;1;;4;NA;NA;NA;2;NA;NA;NA;NA;NA;NA;NA;NA;NA;NA;NA;NA;;2;3;;NA;NA;NA;NA;NA;NA;NA;NA;1;NA;;1;2;2;2;2;2;2;2;2;;3;3;3;NA;1;NA;1;3;;2;NA;1;1;2;1;1;2;NA;NA;NA;NA;NA;;;1;NA;NA;NA;NA;2;2;1;0;1;2;2;2;2;0;0;2;0;0;2;NA;NA;NA;NA;NA;NA;NA;NA;NA;NA;NA;NA;;2;1;1;2;2;2;1;Circulation;1;2;2;2;2;2;2;1;2;2;;2;Sans Objet;1;1;2;0;1;1;0;0;0;Sans Objet;1;3;72;3;Sans Objet;Sans Objet;1;Sans Objet;1;2;1;2;1;SEJ1;2;2;1;1;2;2;Sans Objet;CHB1;2;1;2;2;2;2;Sans Objet;12;250;27;250;3;3;Sans Objet;Sans Objet;3;3;3;3;3;3;3;4;1;3;4;4;4
LOG478;4438,211545;171;75;0;2022-mars;2022-mars;75;Nouvelle-Aquitaine;16;Charente;1;10;4;2;0;2;2;1;1;NA;NA;1;NA;NA;2;2;2;2;1;2;2;;2;NA;;3;NA;;2;3;;3;NA;;3;NA;;4;NA;NA;NA;1;2;2;2;2;1;2;2;2;2;2;2;2;;3;6;;2;2;2;2;1;2;2;2;2;2;;1;2;2;2;2;2;2;2;2;;1;3;3;NA;2;NA;1;6;;1;3;1;4;2;1;1;2;NA;NA;NA;NA;NA;;;2;2;2;1;2;2;2;2;0;2;2;2;2;2;0;0;2;1;0;1;NA;NA;NA;NA;NA;NA;NA;NA;NA;NA;NA;NA;;2;2;NA;NA;NA;NA;NA;;2;NA;NA;NA;NA;NA;NA;NA;NA;NA;;2;Sans Objet;1;3;4;1;2;1;1;0;0;Sans Objet;1;2;350;8;Sans Objet;Sans Objet;3;Sans Objet;2;Sans Objet;2;Sans Objet;Sans Objet;SEJ1;2;2;2;1;2;2;Sans Objet;CHB1;2;1;2;2;1;2;Sans Objet;30;300;27;300;3;3;Sans Objet;Sans Objet;3;3;3;3;3;3;3;4;4;4;4;5;5
LOG479;42349,13399;188;75;0;2022-juin;2022-juillet;75;Nouvelle-Aquitaine;79;Deux-Sèvres;1;5;5;0;0;2;3;1;8;NA;NA;2;NA;2003;2;2;2;1;2;2;2;;2;NA;;3;NA;;2;3;;1;1;;3;NA;;4;NA;NA;NA;2;NA;NA;NA;NA;NA;NA;NA;NA;NA;NA;NA;NA;;2;1;;2;2;2;2;1;2;2;2;2;2;;1;2;2;2;2;2;2;2;2;;1;3;3;NA;1;NA;1;6;;1;3;2;NA;2;1;1;2;NA;NA;NA;NA;NA;;;2;2;2;1;2;2;2;5;0;5;1;2;2;2;0;0;2;2;0;2;NA;NA;NA;NA;NA;NA;NA;NA;NA;NA;NA;NA;;2;1;2;2;2;2;1;RUE;2;NA;NA;NA;NA;NA;NA;NA;NA;NA;;2;Sans Objet;1;1;3;0;1;1;0;0;0;Sans Objet;1;2;130;4;Sans Objet;Sans Objet;3;Sans Objet;2;Sans Objet;1;2;1;SEJ1;2;2;2;1;2;2;Sans Objet;CHB1;2;1;2;2;2;2;Sans Objet;11;250;20;250;3;3;Sans Objet;Sans Objet;3;3;3;3;3;3;3;4;3;3;3;3;4
LOG480;15214,08051;175;75;0;2022-septembre;2022-septembre;75;Nouvelle-Aquitaine;19;Corrèze;1;6;5;2;0;2;3;1;1;NA;NA;2;7;2000;2;2;2;2;1;2;2;;2;NA;;1;5;Jardin;2;6;Egout;2;1;;3;NA;;2;1;2;1;1;2;1;2;2;1;2;1;1;2;2;1;1;Aménagement d'une nouvelle pièce;2;3;;2;2;2;2;1;2;2;2;2;2;;1;2;2;2;2;2;2;1;2;;3;1;3;NA;2;NA;1;6;;1;3;1;4;3;1;1;1;2;1;2;2;2;;;2;2;2;1;2;2;2;2;0;2;2;1;2;2;0;0;2;1;0;1;NA;NA;NA;NA;NA;NA;NA;NA;NA;NA;NA;NA;;2;2;NA;NA;NA;NA;NA;;2;NA;NA;NA;NA;NA;NA;NA;NA;NA;;2;Sans Objet;0;1;5;0;3;1;0;0;1;cave;2;2;250;6;Sans Objet;1;4;Sans Objet;1;1;2;Sans Objet;Sans Objet;CUS1;1;2;1;1;1;2;Sans Objet;CHB1;2;1;2;2;2;2;Sans Objet;30;250;40;270;3;3;Sans Objet;Sans Objet;3;3;3;3;3;3;3;3;3;1;4;4;4
LOG481;43451,38597;195;75;0;2023-janvier;2023-janvier;75;Nouvelle-Aquitaine;87;Haute-Vienne;1;5;3;1;0;2;3;1;3;NA;NA;2;11;2011;2;2;2;2;1;2;2;;2;NA;;2;3;;3;NA;;3;NA;;3;NA;;1;1;2;2;1;2;1;2;2;2;2;2;2;2;2;2;2;;2;3;;2;2;2;2;1;2;2;2;2;2;;1;2;2;2;2;2;2;1;2;;3;1;3;NA;1;NA;1;3;;1;3;1;2;2;1;1;1;2;1;2;2;2;;;2;2;2;1;2;2;2;3;1;3;1;2;2;2;0;0;2;2;0;1;NA;NA;NA;NA;NA;NA;NA;NA;NA;NA;NA;NA;;1;1;2;2;2;2;1;Gare SNCF;2;NA;NA;NA;NA;NA;NA;NA;NA;NA;;2;Sans Objet;0;1;3;1;1;2;0;0;1;grenier;2;2;150;6;Sans Objet;2;3;Sans Objet;1;1;1;1;1;CUS1;1;2;1;1;1;2;Sans Objet;CHB1;2;1;2;2;2;2;Sans Objet;16;280;50;270;3;3;Sans Objet;Sans Objet;3;3;1;1;3;3;3;3;3;1;4;3;4
LOG482;96861,95072;171;75;0;2022-novembre;2022-novembre;75;Nouvelle-Aquitaine;17;Charente-Maritime;1;4;4;3;0;2;3;1;5;NA;NA;2;NA;2005;2;2;2;1;2;2;2;;2;NA;;2;1;;2;6;Evacuation d'eau;2;1;;2;5;;1;1;2;2;1;1;1;2;2;2;2;2;1;2;2;1;1;Changement de porte intérieure;2;3;;NA;NA;NA;NA;NA;NA;NA;NA;1;NA;;1;2;2;2;2;2;2;2;2;;3;3;3;NA;2;NA;1;3;;1;1;1;2;2;1;1;1;2;1;2;2;2;;;2;2;2;1;2;2;2;3;1;3;1;2;2;2;0;0;2;2;0;1;NA;NA;NA;NA;NA;NA;NA;NA;NA;NA;NA;NA;;1;1;2;2;2;2;1;Circulation rocade;2;NA;NA;NA;NA;NA;NA;NA;NA;NA;;2;Sans Objet;0;1;2;1;1;1;0;0;2;garage + atelier;2;1;79;8;Sans Objet;Sans Objet;5;Sans Objet;2;Sans Objet;1;1;3;CUS1;1;2;1;1;1;2;Sans Objet;CHB1;2;1;2;2;2;2;Sans Objet;11;250;22;250;3;3;Sans Objet;Sans Objet;3;3;3;3;3;3;3;4;3;3;3;4;4
LOG483;12008,62465;174;75;0;2022-novembre;2022-novembre;75;Nouvelle-Aquitaine;17;Charente-Maritime;1;6;3;1;0;2;3;1;10;2;NA;2;NA;2005;2;2;2;1;2;2;2;;2;NA;;3;NA;;3;NA;;3;NA;;3;NA;;4;NA;NA;NA;1;2;1;2;2;2;2;2;1;2;2;2;2;;2;3;;NA;NA;NA;NA;NA;NA;NA;NA;1;NA;;1;2;2;2;2;2;2;2;2;;3;3;3;NA;1;NA;1;2;;1;3;1;2;2;1;1;1;2;1;2;2;2;;;1;NA;NA;NA;NA;2;2;4;1;3;1;1;2;2;5;0;2;2;0;1;NA;NA;NA;NA;NA;NA;NA;NA;NA;NA;NA;NA;;1;1;2;2;2;2;1;Ateiers municipaux pas loin (Camion, matériel etc...);2;NA;NA;NA;NA;NA;NA;NA;NA;NA;;2;Sans Objet;1;1;3;1;2;1;1;0;1;garage;1;2;100;8;Sans Objet;Sans Objet;5;Sans Objet;2;Sans Objet;1;1;1;SEJ1;2;2;2;1;2;2;Sans Objet;CHB1;2;1;2;2;2;2;Sans Objet;11;250;25;250;3;3;Sans Objet;Sans Objet;3;3;2;3;3;3;3;4;3;3;3;3;4
LOG484;18535,69751;189;75;0;2022-mars;2022-avril;75;Nouvelle-Aquitaine;86;Vienne;1;7;2;0;0;2;3;1;11;2;NA;2;NA;2012;2;2;2;1;2;2;2;;2;NA;;3;NA;;1;2;;3;NA;;3;NA;;1;2;2;1;1;1;1;2;2;1;2;2;1;2;2;2;2;;3;6;;NA;NA;NA;NA;NA;NA;NA;NA;1;NA;;2;2;2;2;1;2;2;2;2;;3;3;3;NA;2;NA;1;6;;1;3;2;NA;2;1;1;1;1;2;2;2;2;;;1;NA;NA;NA;NA;2;2;4;2;3;1;2;2;2;0;0;2;2;0;1;NA;NA;NA;NA;NA;NA;NA;NA;NA;NA;NA;NA;;2;1;2;1;1;2;2;;1;1;2;2;2;2;2;2;2;2;;2;Sans Objet;0;1;3;1;1;1;1;0;0;Sans Objet;2;2;120;8;Sans Objet;Sans Objet;3;Sans Objet;2;Sans Objet;2;Sans Objet;Sans Objet;CUS1;1;2;2;1;1;2;Sans Objet;CHB1;2;1;2;2;2;2;Sans Objet;14;250;56;250;3;1;4;1;3;3;3;3;3;1;1;4;3;1;1;3;4
LOG485;15462,52583;171;75;0;2022-avril;2022-avril;75;Nouvelle-Aquitaine;16;Charente;1;6;4;1;0;2;3;1;10;1;2003;2;NA;2020;2;2;2;1;2;2;2;;2;NA;;3;NA;;3;NA;;3;NA;;3;NA;;1;2;1;1;1;2;1;2;2;2;1;2;2;2;2;2;2;;3;6;;2;2;2;2;1;2;2;2;2;2;;2;2;2;2;2;1;2;2;2;;1;1;1;1;2;NA;1;6;;1;3;1;1;2;1;1;1;1;2;2;2;2;;;1;NA;NA;NA;NA;2;2;2;0;2;2;1;2;2;0;0;2;0;0;2;NA;NA;NA;NA;NA;NA;NA;NA;NA;NA;NA;NA;;1;1;2;2;1;2;2;;1;1;2;2;2;2;2;2;2;2;;2;Sans Objet;0;1;4;1;1;1;1;0;0;Sans Objet;2;2;150;5;Sans Objet;Sans Objet;3;Sans Objet;2;Sans Objet;2;Sans Objet;Sans Objet;CUS1;1;2;2;2;1;2;Sans Objet;CHB1;2;1;2;2;2;2;Sans Objet;14;250;45;250;3;3;Sans Objet;Sans Objet;3;3;3;3;3;3;3;3;3;3;3;3;4
LOG486;20037,9021;193;75;0;2022-juin;2022-juin;75;Nouvelle-Aquitaine;87;Haute-Vienne;1;8;4;1;0;2;3;1;8;NA;NA;2;NA;1983;2;2;2;1;2;2;2;;2;NA;;2;5;Carrière;3;NA;;2;1;;3;NA;;4;NA;NA;NA;1;2;1;2;2;2;1;1;2;2;2;2;2;;3;6;;NA;NA;NA;NA;NA;NA;NA;NA;1;NA;;2;1;2;2;2;2;2;2;2;;1;3;3;NA;2;NA;1;6;;1;3;1;2;1;1;1;1;1;2;2;2;2;;;2;2;2;1;2;2;2;2;0;2;2;2;2;2;0;0;2;2;0;2;NA;NA;NA;NA;NA;NA;NA;NA;NA;NA;NA;NA;;2;1;2;2;2;2;1;Carrière à ciel ouvert a environ 500m, les vents poussent les poussières sur les logements.;2;NA;NA;NA;NA;NA;NA;NA;NA;NA;;2;Sans Objet;1;1;5;1;1;1;0;0;1;dressing;1;2;150;8;Sans Objet;Sans Objet;4;Sans Objet;1;2;1;1;3;SEJ1;2;2;2;1;2;2;Sans Objet;CHB1;2;1;2;2;2;2;Sans Objet;14;250;30;250;3;3;Sans Objet;Sans Objet;3;1;1;3;3;1;3;3;3;1;3;3;4
LOG487;40607,92485;176;75;0;2022-octobre;2022-octobre;75;Nouvelle-Aquitaine;24;Dordogne;1;7;3;1;0;2;3;1;12;1;2018;2;11;2018;2;1;2;2;1;2;2;;2;NA;;3;NA;;3;NA;;3;NA;;3;NA;;4;NA;NA;NA;2;NA;NA;NA;NA;NA;NA;NA;NA;NA;NA;NA;NA;;3;6;;NA;NA;NA;NA;NA;NA;NA;NA;1;NA;;2;2;1;2;2;2;2;2;2;;3;3;3;NA;2;NA;1;6;;1;3;1;4;1;1;1;1;2;1;2;2;2;;;2;2;2;1;2;2;2;4;2;3;1;2;2;2;0;0;2;2;0;2;NA;NA;NA;NA;NA;NA;NA;NA;NA;NA;NA;NA;;1;2;NA;NA;NA;NA;NA;;2;NA;NA;NA;NA;NA;NA;NA;NA;NA;;2;Sans Objet;0;1;4;0;2;1;1;0;0;Sans Objet;2;2;170;8;Sans Objet;Sans Objet;5;Sans Objet;2;Sans Objet;2;Sans Objet;Sans Objet;CUS1;1;2;1;1;1;2;Sans Objet;CHB1;2;1;2;2;2;2;Sans Objet;20;260;60;260;3;3;Sans Objet;Sans Objet;3;3;3;3;3;3;3;4;3;1;3;4;4
LOG488;152983,5376;176;75;0;2022-octobre;2022-novembre;75;Nouvelle-Aquitaine;24;Dordogne;1;5;2;0;0;2;3;1;9;2;NA;2;NA;2015;2;1;2;1;2;2;2;;2;NA;;3;NA;;3;NA;;3;NA;;3;NA;;2;2;2;1;1;2;1;2;2;2;2;2;2;2;2;2;2;;3;6;;2;2;2;2;1;2;2;2;2;2;;2;2;2;2;2;1;1;2;2;;1;3;2;1;1;NA;1;6;;1;3;1;1;2;4;1;1;1;2;2;2;2;;;2;2;2;1;2;2;2;2;0;2;1;2;2;2;0;0;2;2;0;2;NA;NA;NA;NA;NA;NA;NA;NA;NA;NA;NA;NA;;1;2;NA;NA;NA;NA;NA;;2;NA;NA;NA;NA;NA;NA;NA;NA;NA;;2;Sans Objet;0;2;2;1;1;1;0;0;0;Sans Objet;2;2;125;8;Sans Objet;Sans Objet;3;Sans Objet;2;Sans Objet;2;Sans Objet;Sans Objet;SEJ1;2;2;2;1;2;2;Sans Objet;CHB1;2;1;2;2;2;2;Sans Objet;20;340;20;340;3;3;Sans Objet;Sans Objet;3;3;1;3;3;3;3;4;3;3;3;3;3
LOG489;44572,60155;193;75;0;2022-mars;2022-mars;75;Nouvelle-Aquitaine;87;Haute-Vienne;1;5;2;0;0;2;3;1;10;1;2002;2;9;2012;2;2;2;1;2;2;2;;2;NA;;3;NA;;3;NA;;3;NA;;3;NA;;4;NA;NA;NA;1;2;2;2;2;2;2;2;2;2;2;2;1;Abattement d'une cloison;3;6;;NA;NA;NA;NA;NA;NA;NA;NA;1;NA;;2;2;2;2;1;2;2;2;2;;3;3;3;NA;1;NA;1;6;;1;3;1;4;1;1;1;2;NA;NA;NA;NA;NA;;;2;2;2;1;2;2;2;4;2;3;1;2;2;2;0;0;2;2;0;1;NA;NA;NA;NA;NA;NA;NA;NA;NA;NA;NA;NA;;2;2;NA;NA;NA;NA;NA;;2;NA;NA;NA;NA;NA;NA;NA;NA;NA;;2;Sans Objet;1;1;3;0;1;1;0;0;0;Sans Objet;1;1;96;7;Sans Objet;1;5;Sans Objet;1;1;1;1;1;SEJ1;2;2;2;1;2;2;Sans Objet;CHB1;2;1;2;2;2;2;Sans Objet;12;250;30;250;3;1;2;1;3;3;3;1;3;1;3;4;3;1;4;4;4
LOG490;171017,2175;189;75;0;2022-septembre;2022-septembre;75;Nouvelle-Aquitaine;86;Vienne;1;5;4;0;0;2;3;1;5;NA;NA;2;NA;2021;2;1;2;2;1;2;2;;2;NA;;3;NA;;3;NA;;2;1;;1;1;;5;NA;NA;NA;1;1;1;2;2;2;1;2;2;2;1;2;1;Pose de parquet;3;5;;NA;NA;NA;NA;NA;NA;NA;NA;1;NA;;2;2;2;2;2;2;2;1;2;;3;1;3;NA;2;NA;1;6;;1;3;2;NA;2;1;1;1;1;1;2;2;2;;;1;NA;NA;NA;NA;2;2;5;3;3;1;2;2;2;1;0;2;0;0;2;NA;NA;NA;NA;NA;NA;NA;NA;2;2;2;2;;1;2;NA;NA;NA;NA;NA;;1;1;2;2;2;2;1;2;2;2;;2;Sans Objet;0;1;4;0;1;1;1;0;0;Sans Objet;2;3;104;8;Sans Objet;Sans Objet;3;Sans Objet;1;1;1;1;3;CUS1;1;2;2;1;1;2;Sans Objet;CHB1;2;1;2;2;2;2;Sans Objet;12;250;30;250;3;3;Sans Objet;Sans Objet;3;3;3;3;3;3;3;3;3;3;3;3;4
LOG491;32708,11909;189;75;0;2022-septembre;2022-septembre;75;Nouvelle-Aquitaine;86;Vienne;1;7;4;1;0;2;3;1;7;NA;NA;1;NA;NA;2;2;2;1;2;2;2;;2;NA;;3;NA;;3;NA;;2;1;;3;NA;;2;1;2;1;2;NA;NA;NA;NA;NA;NA;NA;NA;NA;NA;NA;NA;;2;3;;NA;NA;NA;NA;NA;NA;NA;NA;1;NA;;1;2;2;2;2;2;2;2;2;;3;3;3;NA;1;NA;1;3;;1;3;1;2;1;1;1;1;2;1;2;2;2;;;1;NA;NA;NA;NA;2;2;2;0;2;2;2;2;2;0;0;2;2;0;2;NA;NA;NA;NA;NA;NA;NA;NA;NA;NA;NA;NA;;1;1;2;2;1;2;2;;1;1;2;2;2;2;2;2;2;2;;2;Sans Objet;1;1;3;2;1;1;1;0;0;Sans Objet;1;1;140;8;Sans Objet;Sans Objet;5;Sans Objet;2;Sans Objet;2;Sans Objet;Sans Objet;SEJ1;2;2;2;1;2;2;Sans Objet;CHB1;2;1;2;2;2;2;Sans Objet;14;250;27;250;3;3;Sans Objet;Sans Objet;3;3;1;3;3;3;3;4;3;3;3;3;4
LOG492;45535,23113;174;75;0;2022-février;2022-février;75;Nouvelle-Aquitaine;17;Charente-Maritime;1;3;4;0;0;2;3;1;3;NA;NA;2;NA;2011;2;2;2;1;2;2;2;;2;NA;;3;NA;;3;NA;;3;NA;;3;NA;;1;1;2;1;2;NA;NA;NA;NA;NA;NA;NA;NA;NA;NA;NA;NA;;2;3;;NA;NA;NA;NA;NA;NA;NA;NA;1;NA;;1;2;2;2;2;2;2;2;2;;3;3;3;NA;1;NA;1;3;;1;3;2;NA;2;2;1;2;NA;NA;NA;NA;NA;;;2;2;2;1;2;2;2;2;0;2;2;2;2;2;0;0;2;0;0;1;NA;NA;NA;NA;NA;NA;NA;NA;NA;NA;NA;NA;;2;2;NA;NA;NA;NA;NA;;2;NA;NA;NA;NA;NA;NA;NA;NA;NA;;2;Sans Objet;1;1;2;1;1;1;0;0;1;cave;2;2;93;6;Sans Objet;1;5;Sans Objet;1;2;2;Sans Objet;Sans Objet;CUS1;1;2;2;1;2;2;Sans Objet;CHB1;2;1;2;2;2;2;Sans Objet;14,5;250;22;300;3;3;Sans Objet;Sans Objet;3;3;3;3;3;3;3;3;3;3;3;3;3
LOG493;23165,61317;192;75;0;2022-septembre;2022-octobre;75;Nouvelle-Aquitaine;87;Haute-Vienne;1;5;3;1;0;2;3;1;3;NA;NA;2;NA;2005;2;2;2;2;1;2;2;;2;NA;;3;NA;;3;NA;;3;NA;;3;NA;;3;1;2;1;1;1;1;2;2;2;2;2;2;2;2;2;2;;3;5;;2;2;2;2;2;1;2;2;2;2;;2;1;2;2;2;2;2;1;2;;3;1;3;NA;2;NA;1;6;;1;3;1;4;1;1;1;2;NA;NA;NA;NA;NA;;;2;2;2;1;2;2;2;2;0;2;1;1;2;2;0;0;2;2;0;1;NA;NA;NA;NA;NA;NA;NA;NA;NA;NA;NA;NA;;2;1;2;2;1;2;2;;1;1;2;1;2;2;2;2;2;2;;2;Sans Objet;0;1;4;0;1;1;0;0;1;cellier;2;2;140;6;Sans Objet;2;3;Sans Objet;1;2;2;Sans Objet;Sans Objet;CUS1;1;2;1;1;1;2;Sans Objet;CHB1;2;1;2;2;2;2;Sans Objet;14;250;60;300;3;3;Sans Objet;Sans Objet;3;3;1;3;3;3;3;3;3;1;3;4;4
LOG494;10572,66374;194;75;0;2022-avril;2022-avril;75;Nouvelle-Aquitaine;87;Haute-Vienne;1;6;3;2;0;2;2;1;1;NA;NA;1;NA;NA;2;2;2;2;1;2;2;;2;NA;;3;NA;;2;3;;3;NA;;3;NA;;4;NA;NA;NA;2;NA;NA;NA;NA;NA;NA;NA;NA;NA;NA;NA;NA;;3;6;;2;2;2;2;1;2;2;2;2;2;;1;2;2;2;2;2;2;2;2;;1;1;3;NA;2;NA;1;6;;1;3;1;1;2;1;1;1;2;1;2;2;2;;;2;2;2;1;2;2;2;2;0;2;2;1;2;2;0;0;2;2;0;1;NA;NA;NA;NA;NA;NA;NA;NA;NA;NA;NA;NA;;2;2;NA;NA;NA;NA;NA;;2;NA;NA;NA;NA;NA;NA;NA;NA;NA;;2;Sans Objet;0;1;3;0;1;0;0;0;0;Sans Objet;2;3;180;8;Sans Objet;Sans Objet;5;Sans Objet;2;Sans Objet;2;Sans Objet;Sans Objet;CUS1;1;2;1;1;1;2;Sans Objet;CHB1;2;1;2;2;2;2;Sans Objet;24;200;48;212;3;3;Sans Objet;Sans Objet;3;3;3;3;3;3;3;3;3;3;4;4;4
LOG495;8238,689265;194;75;0;2022-juin;2022-juin;75;Nouvelle-Aquitaine;87;Haute-Vienne;1;7;7;1;0;2;3;1;2;NA;NA;2;NA;2011;2;2;2;1;1;2;2;;2;NA;;2;1;;3;NA;;2;1;;2;1;;3;1;2;2;2;NA;NA;NA;NA;NA;NA;NA;NA;NA;NA;NA;NA;;3;6;;2;2;2;2;1;2;2;2;2;2;;2;1;2;2;2;2;2;2;2;;3;1;3;NA;2;NA;1;6;;1;3;1;1;1;1;1;1;2;1;2;2;2;;;1;NA;NA;NA;NA;2;2;2;0;2;2;2;2;2;0;0;2;2;0;2;NA;NA;NA;NA;NA;NA;NA;NA;NA;NA;NA;NA;;2;2;NA;NA;NA;NA;NA;;2;NA;NA;NA;NA;NA;NA;NA;NA;NA;;2;Sans Objet;1;1;4;0;2;1;0;0;0;Sans Objet;1;1;130;6;Sans Objet;1;3;Sans Objet;2;Sans Objet;2;Sans Objet;Sans Objet;SEJ1;2;2;1;1;2;2;Sans Objet;CHB1;2;1;2;2;2;2;Sans Objet;15;250;55;250;3;3;Sans Objet;Sans Objet;3;3;3;3;3;3;3;3;3;1;3;3;4
LOG496;23364,14915;172;75;0;2022-avril;2022-avril;75;Nouvelle-Aquitaine;16;Charente;1;3;3;0;0;2;3;1;11;1;2006;2;9;2007;2;1;2;2;2;2;2;;2;NA;;3;NA;;3;NA;;3;NA;;3;NA;;4;NA;NA;NA;2;NA;NA;NA;NA;NA;NA;NA;NA;NA;NA;NA;NA;;3;6;;2;2;2;2;1;2;2;2;2;2;;2;2;1;2;2;2;2;1;2;;3;1;1;1;3;NA;1;6;;1;3;1;4;3;1;1;1;1;2;2;2;2;;;1;NA;NA;NA;NA;2;2;3;1;3;1;1;2;2;0;0;2;2;0;2;NA;NA;NA;NA;NA;NA;NA;NA;NA;NA;NA;NA;;2;1;2;2;1;2;2;;1;1;1;2;2;2;2;2;2;2;;2;Sans Objet;0;1;2;0;1;1;1;0;0;Sans Objet;2;2;98;8;Sans Objet;Sans Objet;3;Sans Objet;2;Sans Objet;1;2;3;CUS1;1;2;1;1;1;2;Sans Objet;CHB1;2;1;2;2;2;2;Sans Objet;15;250;52,5;250;3;3;Sans Objet;Sans Objet;3;3;3;3;3;3;3;1;3;1;3;3;4
LOG497;15834,50018;171;75;0;2022-mars;2022-mars;75;Nouvelle-Aquitaine;16;Charente;1;5;4;0;0;2;2;1;10;1;2004;1;NA;NA;2;2;2;1;2;2;2;;2;NA;;3;NA;;3;NA;;3;NA;;3;NA;;2;2;2;1;2;NA;NA;NA;NA;NA;NA;NA;NA;NA;NA;NA;NA;;3;6;;2;2;2;2;1;2;2;2;2;2;;2;2;2;2;1;2;2;2;2;;3;1;3;NA;2;NA;1;6;;1;3;2;NA;1;1;1;1;1;2;2;2;2;;;2;2;2;1;2;2;2;4;1;3;1;2;2;2;0;0;2;2;0;1;NA;NA;NA;NA;NA;NA;NA;NA;NA;NA;NA;NA;;2;1;2;2;1;2;2;;1;1;2;2;2;2;2;2;2;2;;2;Sans Objet;0;1;3;0;1;1;0;0;0;Sans Objet;2;2;121;8;Sans Objet;Sans Objet;3;Sans Objet;2;Sans Objet;1;2;3;CUS1;1;2;2;1;1;2;Sans Objet;CHB1;2;1;2;2;2;2;Sans Objet;14;250;60;250;3;3;Sans Objet;Sans Objet;3;3;3;3;3;3;3;3;3;3;4;3;4
LOG498;8024,703013;190;75;0;2022-juin;2022-juin;75;Nouvelle-Aquitaine;86;Vienne;1;7;6;1;0;2;3;1;9;2;NA;2;NA;1999;2;1;2;2;2;2;2;;2;NA;;3;NA;;3;NA;;1;5;;3;NA;;1;2;2;1;1;2;1;2;2;2;2;2;2;2;2;2;2;;3;6;;NA;NA;NA;NA;NA;NA;NA;NA;1;NA;;2;1;2;2;1;2;2;2;2;;1;3;3;NA;1;NA;1;6;;1;3;2;NA;1;1;1;2;NA;NA;NA;NA;NA;;;2;2;2;1;2;2;2;2;0;2;1;2;2;2;0;0;2;2;0;2;NA;NA;NA;NA;NA;NA;NA;NA;NA;NA;NA;NA;;2;1;2;2;1;2;2;;1;1;2;2;2;2;2;2;2;2;;2;Sans Objet;1;1;4;1;2;2;0;0;0;Sans Objet;1;2;130;5;Sans Objet;Sans Objet;3;Sans Objet;1;1;1;1;1;SEJ1;2;2;2;1;2;2;Sans Objet;CHB1;2;1;2;2;2;2;Sans Objet;15;250;34;250;3;3;Sans Objet;Sans Objet;3;3;3;3;3;3;3;4;3;1;3;4;4
LOG499;22805,32255;190;75;0;2022-juin;2022-juin;75;Nouvelle-Aquitaine;86;Vienne;1;4;5;1;0;2;3;1;6;NA;NA;2;NA;2009;2;1;2;2;2;2;2;;2;NA;;3;NA;;3;NA;;3;NA;;3;NA;;3;2;1;1;2;NA;NA;NA;NA;NA;NA;NA;NA;NA;NA;NA;NA;;2;3;;NA;NA;NA;NA;NA;NA;NA;NA;1;NA;;1;2;2;2;2;2;2;2;2;;2;3;3;NA;1;NA;1;3;;2;NA;2;NA;2;3;1;1;2;1;2;2;2;;;2;2;2;1;2;2;2;4;2;3;1;2;2;2;0;0;2;2;0;2;NA;NA;NA;NA;NA;NA;NA;NA;NA;NA;NA;NA;;1;1;1;2;2;2;2;;2;NA;NA;NA;NA;NA;NA;NA;NA;NA;;2;Sans Objet;0;1;3;0;1;1;1;0;1;entree;2;1;180;8;Sans Objet;Sans Objet;3;Sans Objet;2;Sans Objet;2;Sans Objet;Sans Objet;CUS1;1;2;1;1;1;2;Sans Objet;CHB1;2;1;2;2;2;2;Sans Objet;35;250;45;250;3;3;Sans Objet;Sans Objet;3;3;3;3;1;3;1;4;3;1;3;3;3
LOG500;35545,58575;191;75;0;2022-mai;2022-mai;75;Nouvelle-Aquitaine;86;Vienne;1;4;3;0;0;2;3;1;11;1;2009;1;NA;NA;2;2;2;1;2;2;2;;2;NA;;3;NA;;3;NA;;3;NA;;3;NA;;1;2;1;2;2;NA;NA;NA;NA;NA;NA;NA;NA;NA;NA;NA;NA;;3;6;;NA;NA;NA;NA;NA;NA;NA;NA;1;NA;;2;2;1;2;2;2;2;2;2;;3;3;3;NA;2;NA;1;6;;1;3;1;2;1;1;1;1;2;1;2;2;2;;;2;2;2;1;2;2;2;1;0;1;2;2;2;2;0;0;2;1;0;2;NA;NA;NA;NA;NA;NA;NA;NA;NA;NA;NA;NA;;2;2;NA;NA;NA;NA;NA;;1;1;2;2;2;2;2;2;2;2;;2;Sans Objet;0;1;3;0;1;1;1;0;0;Sans Objet;2;2;97;5;Sans Objet;Sans Objet;3;Sans Objet;2;Sans Objet;2;Sans Objet;Sans Objet;CUS1;1;2;1;1;1;2;Sans Objet;CHB1;2;1;2;2;2;2;Sans Objet;13;250;47;250;3;3;Sans Objet;Sans Objet;3;3;3;3;3;3;3;4;3;3;4;4;4
LOG501;16725,46418;176;75;0;2022-juillet;2022-juillet;75;Nouvelle-Aquitaine;24;Dordogne;1;6;3;0;0;2;3;1;9;2;NA;2;NA;2013;2;1;2;2;2;2;2;;2;NA;;3;NA;;2;3;;3;NA;;3;NA;;1;1;2;1;2;NA;NA;NA;NA;NA;NA;NA;NA;NA;NA;NA;NA;;3;6;;2;2;2;2;1;2;2;2;2;2;;2;1;2;2;2;2;2;1;2;;3;1;3;NA;2;NA;1;6;;1;3;1;4;3;1;1;1;1;2;2;2;2;;;2;2;2;1;2;2;2;2;0;2;2;1;2;2;0;0;2;2;0;2;NA;NA;NA;NA;NA;NA;NA;NA;NA;NA;NA;NA;;2;2;NA;NA;NA;NA;NA;;1;1;2;2;1;2;2;2;2;2;;2;Sans Objet;1;2;5;1;2;2;1;0;0;Sans Objet;2;3;145;8;Sans Objet;Sans Objet;3;Sans Objet;1;1;1;1;1;SEJ1;2;2;2;1;2;2;Sans Objet;CHB1;2;1;2;2;2;2;Sans Objet;11;250;20;250;3;3;Sans Objet;Sans Objet;3;1;1;3;3;1;3;4;1;1;4;4;4
LOG502;5066,061008;174;75;0;2022-août;2022-septembre;75;Nouvelle-Aquitaine;17;Charente-Maritime;1;9;5;2;0;2;3;1;1;NA;NA;2;NA;1981;2;2;2;2;1;2;2;;2;NA;;3;NA;;2;6;Marché;1;1;;3;NA;;2;1;2;1;2;NA;NA;NA;NA;NA;NA;NA;NA;NA;NA;NA;NA;;3;6;;2;2;2;2;1;2;2;2;2;2;;1;2;2;2;2;2;2;2;2;;2;3;3;NA;2;NA;1;6;;1;3;1;1;3;1;1;2;NA;NA;NA;NA;NA;;;1;NA;NA;NA;NA;2;2;2;0;2;2;2;2;2;0;0;2;1;0;2;NA;NA;NA;NA;NA;NA;NA;NA;NA;NA;NA;NA;;1;1;2;2;2;2;1;Circulation;2;NA;NA;NA;NA;NA;NA;NA;NA;NA;;2;Sans Objet;1;2;5;0;2;3;1;0;0;Sans Objet;1;2;180;6;Sans Objet;1;3;Sans Objet;1;1;2;Sans Objet;Sans Objet;SEJ1;2;2;1;1;2;2;Sans Objet;CHB1;2;1;2;2;2;2;Sans Objet;22,6;300;22,6;320;3;3;Sans Objet;Sans Objet;3;3;3;3;3;3;3;4;3;3;3;4;3
LOG503;28293,07115;175;75;0;2022-septembre;2022-septembre;75;Nouvelle-Aquitaine;19;Corrèze;1;5;6;1;0;2;3;1;3;NA;NA;2;NA;1985;2;2;2;1;1;2;2;;2;NA;;2;1;;3;NA;;2;1;;2;1;;2;2;2;1;1;2;1;2;1;2;2;2;2;2;2;2;2;;3;6;;2;2;2;2;1;2;2;2;2;2;;2;1;2;2;2;1;1;1;2;;1;1;1;1;2;NA;1;6;;1;3;1;4;1;1;1;2;NA;NA;NA;NA;NA;;;2;2;2;1;2;2;2;2;0;2;1;2;2;2;0;0;2;1;0;2;NA;NA;NA;NA;NA;NA;NA;NA;NA;NA;NA;NA;;1;1;1;2;2;2;1;CIRCULATION, CHAMPS EN JACHERE;2;NA;NA;NA;NA;NA;NA;NA;NA;NA;;2;Sans Objet;0;2;3;2;2;1;0;0;1;cave;2;2;170;8;Sans Objet;Sans Objet;5;Sans Objet;1;2;2;Sans Objet;Sans Objet;SEJ1;2;2;2;1;2;2;Sans Objet;CHB1;2;1;2;2;2;2;Sans Objet;12;250;45;240;3;3;Sans Objet;Sans Objet;3;3;1;1;3;3;3;1;3;1;3;4;4
LOG504;24263,99527;188;75;0;2022-juin;2022-juillet;75;Nouvelle-Aquitaine;17;Charente-Maritime;1;5;6;1;0;2;3;1;5;NA;NA;2;2;2020;2;2;2;2;1;2;2;;2;NA;;3;NA;;3;NA;;3;NA;;3;NA;;1;2;2;1;1;2;1;2;2;2;2;2;1;2;2;1;1;Pose de cloison et de parquet;2;3;;NA;NA;NA;NA;NA;NA;NA;NA;1;NA;;1;2;2;2;2;2;2;2;2;;3;3;3;NA;3;NA;1;3;;1;3;2;NA;2;1;1;2;NA;NA;NA;NA;NA;;;2;2;2;1;2;2;2;3;1;3;1;2;2;2;0;0;2;2;0;2;NA;NA;NA;NA;NA;NA;NA;NA;NA;NA;NA;NA;;1;2;NA;NA;NA;NA;NA;;2;NA;NA;NA;NA;NA;NA;NA;NA;NA;;2;Sans Objet;1;1;2;1;2;1;0;1;0;Sans Objet;1;2;120;8;Sans Objet;Sans Objet;3;Sans Objet;2;Sans Objet;1;2;3;SEJ1;2;2;1;1;2;2;Sans Objet;CHB1;2;1;2;2;2;2;Sans Objet;10,5;300;17,5;300;3;1;2;1;3;3;3;1;3;3;3;4;3;3;4;3;4
LOG505;22248,67426;216;76;0;2022-octobre;2022-octobre;76;Occitanie;65;Hautes-Pyrénées;1;7;6;1;0;2;2;1;10;1;2005;2;7;2005;2;2;2;1;2;2;2;;2;NA;;3;NA;;3;NA;;3;NA;;3;NA;;4;NA;NA;NA;1;2;1;2;2;1;1;2;2;2;2;2;1;Réfection salle de bain;3;6;;NA;NA;NA;NA;NA;NA;NA;NA;1;NA;;2;1;2;2;1;2;2;2;2;;3;3;3;NA;2;NA;1;6;;1;3;1;1;1;1;1;1;2;1;2;2;2;;;2;2;2;1;2;2;2;1;0;1;1;2;2;2;0;0;2;1;0;2;NA;NA;NA;NA;NA;NA;NA;NA;NA;NA;NA;NA;;2;1;2;2;1;2;2;;1;1;2;2;2;2;2;2;2;2;;2;Sans Objet;1;1;3;1;2;2;1;0;1;dressing;1;2;135;8;Sans Objet;Sans Objet;3;Sans Objet;2;Sans Objet;1;2;1;SEJ1;2;2;2;1;2;2;Sans Objet;CHB1;2;1;2;2;2;2;Sans Objet;12;260;34;250;2;3;Sans Objet;Sans Objet;3;3;3;3;3;3;3;4;4;4;4;4;4
LOG506;28679,78592;214;76;0;2023-janvier;2023-janvier;76;Occitanie;46;Lot;1;2;5;1;0;1;2;1;9;NA;NA;2;7;2022;2;2;2;1;2;2;2;;2;NA;;3;NA;;3;NA;;3;NA;;3;NA;;5;NA;NA;NA;2;NA;NA;NA;NA;NA;NA;NA;NA;NA;NA;NA;NA;;2;6;;NA;NA;NA;NA;NA;NA;NA;NA;1;NA;;1;2;2;2;2;2;2;2;2;;3;3;3;NA;2;NA;1;6;;1;3;1;2;2;3;1;1;1;1;2;2;2;;;2;2;1;2;2;2;2;4;2;3;1;2;2;2;0;0;2;2;0;1;NA;NA;NA;NA;NA;NA;NA;NA;NA;NA;NA;NA;;2;2;NA;NA;NA;NA;NA;;1;2;2;2;1;2;2;2;2;2;;2;Sans Objet;0;1;3;0;1;1;1;0;0;Sans Objet;2;1;75;8;Sans Objet;Sans Objet;3;Sans Objet;2;Sans Objet;2;Sans Objet;Sans Objet;CUS1;1;2;1;1;2;2;Sans Objet;CHB1;2;1;2;2;2;2;Sans Objet;10;250;27;249;3;3;Sans Objet;Sans Objet;3;3;3;3;3;3;3;3;3;1;3;3;3
LOG507;92642,76812;204;76;0;2022-avril;2022-avril;76;Occitanie;31;Haute-Garonne;1;3;2;1;0;1;2;1;10;2;NA;2;1;2021;2;2;2;1;2;2;2;;2;NA;;3;NA;;3;NA;;2;1;;3;NA;;4;NA;NA;NA;2;NA;NA;NA;NA;NA;NA;NA;NA;NA;NA;NA;NA;;3;6;;NA;NA;NA;NA;NA;NA;NA;NA;1;NA;;2;2;2;2;2;2;2;2;1;Climatisation réversible;3;3;2;1;1;NA;1;6;;1;3;1;2;2;2;3;1;2;1;2;2;2;;;1;NA;NA;NA;NA;2;2;2;0;2;1;2;2;2;0;0;2;2;0;2;NA;NA;NA;NA;NA;NA;NA;NA;NA;NA;NA;NA;;1;2;NA;NA;NA;NA;NA;;2;NA;NA;NA;NA;NA;NA;NA;NA;NA;;2;Sans Objet;0;1;1;1;1;1;0;0;0;Sans Objet;2;1;63;5;Sans Objet;Sans Objet;5;Sans Objet;2;Sans Objet;1;1;3;CUS1;1;1;2;1;1;2;Sans Objet;CHB1;2;1;2;2;2;2;Sans Objet;9;230;30;380;3;3;Sans Objet;Sans Objet;3;3;3;3;3;3;3;3;3;1;3;4;3
LOG508;39475,99335;214;76;0;2022-octobre;2022-octobre;76;Occitanie;46;Lot;1;4;2;1;1;1;2;1;2;NA;NA;2;10;2018;2;2;2;2;1;2;2;;2;NA;;3;NA;;2;3;;3;NA;;3;NA;;3;3;1;1;2;NA;NA;NA;NA;NA;NA;NA;NA;NA;NA;NA;NA;;2;6;;NA;NA;NA;NA;NA;NA;NA;NA;1;NA;;2;2;1;2;2;2;2;2;2;;3;3;3;NA;2;NA;1;6;;1;3;1;2;1;1;1;1;2;1;2;2;2;;;2;2;2;1;2;2;2;1;0;1;1;2;2;2;0;0;2;1;0;2;NA;NA;NA;NA;NA;NA;NA;NA;NA;NA;NA;NA;;2;2;NA;NA;NA;NA;NA;;2;NA;NA;NA;NA;NA;NA;NA;NA;NA;;2;Sans Objet;1;1;3;0;1;1;0;0;0;Sans Objet;1;1;105;4;Sans Objet;Sans Objet;3;Sans Objet;2;Sans Objet;1;2;3;SEJ1;2;2;2;1;2;2;Sans Objet;CHB1;2;1;2;2;2;2;Sans Objet;10;270;31;293;3;3;Sans Objet;Sans Objet;3;3;3;3;3;2;3;4;3;3;3;3;3
LOG509;10301,69549;218;76;0;2022-septembre;2022-septembre;76;Occitanie;82;Tarn-et-Garonne;1;2;7;0;0;2;3;1;12;1;2013;2;4;2014;2;2;2;1;2;2;2;;2;NA;;3;NA;;3;NA;;3;NA;;3;NA;;1;2;2;2;1;2;1;2;2;2;2;2;2;2;2;2;2;;2;3;;NA;NA;NA;NA;NA;NA;NA;NA;1;NA;;1;2;2;2;2;2;2;2;2;;3;3;1;1;2;NA;1;6;;1;3;1;2;1;1;1;1;2;1;2;2;2;;;2;2;2;1;2;2;2;5;3;3;1;2;2;2;0;0;2;2;0;2;NA;NA;NA;NA;NA;NA;NA;NA;NA;NA;NA;NA;;2;1;2;2;1;2;2;;1;1;2;2;2;2;2;2;2;2;;2;Sans Objet;0;1;4;0;2;1;0;0;0;Sans Objet;2;1;152;8;Sans Objet;Sans Objet;3;Sans Objet;2;Sans Objet;1;2;3;CUS1;1;2;2;1;2;2;Sans Objet;CHB1;2;1;2;2;2;2;Sans Objet;13;261;61;261;3;3;Sans Objet;Sans Objet;3;3;3;3;3;3;3;5;4;4;4;4;4
LOG510;286745,5797;218;76;0;2022-juillet;2022-juillet;76;Occitanie;82;Tarn-et-Garonne;2;1;3;1;0;1;2;2;11;NA;NA;2;5;2010;2;2;2;1;2;2;2;;2;NA;;3;NA;;2;4;;2;1;;3;NA;;4;NA;NA;NA;2;NA;NA;NA;NA;NA;NA;NA;NA;NA;NA;NA;NA;;3;6;;NA;NA;NA;NA;NA;NA;NA;NA;1;NA;;2;1;2;2;2;2;2;2;2;;3;3;3;NA;2;NA;1;6;;1;3;1;1;3;1;1;1;2;1;2;2;2;;Traitement de la moquette chambre;1;NA;NA;NA;NA;2;2;1;0;1;2;2;2;2;0;0;2;1;0;2;NA;NA;NA;NA;NA;NA;NA;NA;NA;NA;NA;NA;;2;2;NA;NA;NA;NA;NA;;2;NA;NA;NA;NA;NA;NA;NA;NA;NA;;2;Sans Objet;0;1;1;0;1;1;0;0;0;Sans Objet;2;3;45;8;Sans Objet;Sans Objet;1;Sans Objet;2;Sans Objet;2;Sans Objet;Sans Objet;CUS1;1;2;2;1;1;2;Sans Objet;CHB1;2;1;2;2;2;2;Sans Objet;10;250;25;250;3;3;Sans Objet;Sans Objet;3;1;1;3;3;3;3;4;3;1;3;4;4
LOG511;9830,715523;204;76;0;2022-mars;2022-mars;76;Occitanie;31;Haute-Garonne;1;5;4;1;0;2;3;1;10;1;2003;2;7;2016;2;1;2;1;2;2;2;;2;NA;;3;NA;;3;NA;;2;1;;3;NA;;4;NA;NA;NA;2;NA;NA;NA;NA;NA;NA;NA;NA;NA;NA;NA;NA;;2;3;;2;2;2;2;1;2;2;2;2;2;;1;2;2;2;2;2;2;1;2;;3;1;3;NA;3;NA;1;3;;1;3;1;1;2;1;1;1;2;1;2;2;2;;;2;1;2;1;2;2;2;3;1;3;1;2;2;2;1;0;2;2;0;1;NA;NA;NA;NA;NA;NA;NA;NA;NA;NA;NA;NA;;1;1;1;2;2;2;1;Autoroute;2;NA;NA;NA;NA;NA;NA;NA;NA;NA;;2;Sans Objet;0;1;2;1;2;1;0;0;1;atelier;2;1;94;8;Sans Objet;Sans Objet;3;Sans Objet;2;Sans Objet;2;Sans Objet;Sans Objet;CUS1;1;2;1;1;2;2;Sans Objet;CHB1;2;1;2;2;2;2;Sans Objet;11;250;28;250;3;1;2;1;3;3;1;1;3;3;3;3;3;3;3;3;4
LOG512;151848,4986;218;76;0;2022-novembre;2022-novembre;76;Occitanie;82;Tarn-et-Garonne;1;5;2;1;0;2;2;1;6;NA;NA;2;NA;2005;2;2;2;1;2;2;2;;2;NA;;3;NA;;3;NA;;3;NA;;3;NA;;4;NA;NA;NA;1;2;1;2;2;2;2;2;2;2;2;2;2;;3;6;;2;2;2;2;1;2;2;2;2;2;;2;2;2;2;2;2;1;2;2;;1;1;3;NA;2;NA;1;6;;1;3;1;2;2;1;1;2;NA;NA;NA;NA;NA;;;1;NA;NA;NA;NA;2;2;2;0;2;2;2;2;2;0;0;2;2;0;1;NA;NA;NA;NA;NA;NA;NA;NA;NA;NA;NA;NA;;2;1;1;1;2;2;2;;1;NA;NA;NA;NA;NA;NA;NA;NA;1;;2;Sans Objet;1;1;2;0;2;1;0;0;0;Sans Objet;1;2;130;4;Sans Objet;Sans Objet;3;Sans Objet;2;Sans Objet;1;1;3;SEJ1;2;2;2;1;2;2;Sans Objet;CHB1;2;1;2;2;2;2;Sans Objet;12;252;26;250;3;3;Sans Objet;Sans Objet;3;3;3;3;3;3;3;4;3;3;3;3;3
LOG513;25946,69473;196;76;0;2022-août;2022-août;11;Île-de-France;93;Seine-Saint-Denis;1;6;3;2;0;2;3;1;1;NA;NA;2;11;2015;2;2;2;2;1;2;2;;2;NA;;1;1;;1;1;;1;1;;3;NA;;2;2;2;1;2;NA;NA;NA;NA;NA;NA;NA;NA;NA;NA;NA;NA;;3;5;;NA;NA;NA;NA;NA;NA;NA;NA;1;NA;;1;2;2;2;2;2;2;2;2;;1;1;3;NA;1;NA;1;6;;1;3;2;NA;3;1;1;1;1;2;2;2;2;;;1;NA;NA;NA;NA;2;2;2;0;2;2;2;2;2;0;0;2;2;0;2;NA;NA;NA;NA;NA;NA;NA;NA;NA;NA;NA;NA;;2;2;NA;NA;NA;NA;NA;;2;NA;NA;NA;NA;NA;NA;NA;NA;NA;;2;Sans Objet;0;2;4;0;1;1;1;0;0;Sans Objet;2;1;240;8;Sans Objet;Sans Objet;3;Sans Objet;2;Sans Objet;2;Sans Objet;Sans Objet;SEJ1;1;2;2;1;2;2;Sans Objet;CHB1;2;1;2;2;2;2;Sans Objet;17;280;33;280;3;3;Sans Objet;Sans Objet;3;3;3;3;3;3;3;3;3;3;3;3;3
LOG514;27995,99134;217;76;0;2022-décembre;2022-décembre;76;Occitanie;66;Pyrénées-Orientales;1;2;5;0;0;2;2;1;6;NA;NA;2;NA;1999;2;2;1;2;2;2;2;;2;NA;;1;5;Déchetterie;3;NA;;3;NA;;3;NA;;3;1;2;2;2;NA;NA;NA;NA;NA;NA;NA;NA;NA;NA;NA;NA;;2;6;;NA;NA;NA;NA;NA;NA;NA;NA;1;NA;;1;2;2;2;2;2;2;2;2;;1;1;1;1;2;NA;1;6;;1;3;1;4;2;2;1;1;2;1;2;2;2;;;1;NA;NA;NA;NA;2;2;2;0;2;1;2;2;2;0;0;2;2;0;1;NA;NA;NA;NA;NA;NA;NA;NA;NA;NA;NA;NA;;2;2;NA;NA;NA;NA;NA;;2;NA;NA;NA;NA;NA;NA;NA;NA;NA;;2;Sans Objet;1;0;2;1;1;1;0;0;0;Sans Objet;1;2;86;8;Sans Objet;Sans Objet;3;Sans Objet;2;Sans Objet;1;1;3;SEJ1;2;2;2;1;2;2;Sans Objet;CHB1;2;1;2;2;2;2;Sans Objet;12;251;25;250;3;3;Sans Objet;Sans Objet;3;3;3;3;3;3;3;4;3;3;3;3;3
LOG515;60272,44638;216;76;0;2022-septembre;2022-septembre;76;Occitanie;65;Hautes-Pyrénées;1;3;7;1;0;2;2;1;12;1;2015;2;9;2015;2;2;2;1;2;2;2;;2;NA;;3;NA;;2;3;;3;NA;;3;NA;;4;NA;NA;NA;2;NA;NA;NA;NA;NA;NA;NA;NA;NA;NA;NA;NA;;3;1;;NA;NA;NA;NA;NA;NA;NA;NA;1;NA;;2;1;2;2;2;2;2;2;2;;3;3;2;1;2;NA;1;1;;1;3;2;NA;2;1;1;1;2;1;2;2;2;;;1;NA;NA;NA;NA;2;2;5;3;3;1;1;2;2;0;0;2;2;0;2;NA;NA;NA;NA;NA;NA;NA;NA;NA;NA;NA;NA;;2;1;2;2;1;2;2;;1;1;2;2;2;2;2;2;2;2;;2;Sans Objet;0;1;5;0;1;2;1;0;0;Sans Objet;2;1;140;4;Sans Objet;Sans Objet;3;Sans Objet;2;Sans Objet;1;2;3;CUS1;1;2;2;1;2;2;Sans Objet;CHB1;2;1;2;2;2;2;Sans Objet;19;263;53;268;3;3;Sans Objet;Sans Objet;3;3;3;3;3;3;3;5;4;1;5;5;5
LOG516;16040,41911;207;76;0;2022-août;2022-août;76;Occitanie;32;Gers;1;5;3;1;0;2;2;1;10;1;2004;2;5;2004;2;2;2;1;2;2;2;;2;NA;;2;5;Activité agricole;3;NA;;3;NA;;3;NA;;4;NA;NA;NA;1;2;1;2;2;2;2;2;2;2;2;2;2;;2;3;;NA;NA;NA;NA;NA;NA;NA;NA;1;NA;;2;2;2;2;2;2;1;2;2;;1;3;3;NA;1;NA;1;3;;1;3;1;2;3;1;3;1;1;1;2;2;2;;;1;NA;NA;NA;NA;2;2;3;1;3;1;2;2;2;0;0;2;2;0;2;NA;NA;NA;NA;NA;NA;NA;NA;NA;NA;NA;NA;;1;1;2;2;1;2;2;;1;1;2;2;2;2;2;2;2;2;;2;Sans Objet;0;1;3;1;2;1;0;0;0;Sans Objet;2;1;125;8;Sans Objet;Sans Objet;5;Sans Objet;2;Sans Objet;1;1;1;CUS1;1;2;1;1;2;2;Sans Objet;CHB1;2;1;1;2;2;2;Sans Objet;12;290;50;400;3;1;3;2;3;3;3;3;3;3;3;4;3;4;4;3;3
LOG517;46309,33807;205;76;0;2022-mai;2022-mai;76;Occitanie;31;Haute-Garonne;1;4;5;1;0;2;2;1;8;NA;NA;2;5;1993;2;1;2;2;2;2;2;;2;NA;;3;NA;;2;2;;2;1;;3;NA;;3;2;2;1;2;NA;NA;NA;NA;NA;NA;NA;NA;NA;NA;NA;NA;;3;6;;2;2;2;2;1;2;2;2;2;2;;2;2;2;2;2;2;1;2;2;;1;3;2;1;3;NA;1;6;;1;3;1;4;2;1;1;1;2;1;2;2;2;;;2;2;2;1;2;2;2;2;0;2;1;1;2;2;0;0;2;2;0;2;NA;NA;NA;NA;NA;NA;NA;NA;NA;NA;NA;NA;;2;2;NA;NA;NA;NA;NA;;2;NA;NA;NA;NA;NA;NA;NA;NA;NA;;2;Sans Objet;0;1;4;0;1;1;1;0;0;Sans Objet;2;2;116;5;Sans Objet;Sans Objet;3;Sans Objet;1;1;1;2;3;CUS1;1;1;1;1;1;2;Sans Objet;CHB1;2;1;2;2;2;2;Sans Objet;14;250;35;251;3;1;3;1;1;3;1;1;3;3;3;1;3;3;4;3;4
LOG518;56506,60789;206;76;0;2022-mai;2022-mai;76;Occitanie;31;Haute-Garonne;2;1;5;2;1;2;2;2;4;NA;NA;2;3;2019;2;1;2;2;2;2;2;;2;NA;;3;NA;;3;NA;;2;1;;3;NA;;3;3;2;1;1;1;1;2;1;2;2;2;2;2;2;2;2;;2;3;;NA;NA;NA;NA;NA;NA;NA;NA;1;NA;;1;2;2;2;2;2;2;2;2;;3;3;3;NA;2;NA;1;3;;1;3;1;3;2;2;1;1;2;1;2;2;2;;;1;NA;NA;NA;NA;2;1;3;1;4;1;2;2;2;0;0;2;1;0;2;NA;NA;NA;NA;NA;NA;NA;NA;NA;NA;NA;NA;;2;2;NA;NA;NA;NA;NA;;2;NA;NA;NA;NA;NA;NA;NA;NA;NA;;2;Sans Objet;1;1;3;0;1;1;0;0;0;Sans Objet;1;1;66;1;Sans Objet;Sans Objet;1;Sans Objet;1;2;2;Sans Objet;Sans Objet;SEJ1;2;1;1;1;2;2;Sans Objet;CHB1;2;1;2;2;2;2;Sans Objet;11;250;16;250;3;3;Sans Objet;Sans Objet;3;3;1;1;3;1;3;3;1;1;3;1;3
LOG519;17145,75343;204;76;0;2022-septembre;2022-septembre;76;Occitanie;31;Haute-Garonne;1;3;2;0;0;2;2;1;8;NA;NA;2;8;2014;2;2;2;1;2;2;2;;2;NA;;3;NA;;3;NA;;2;1;;3;NA;;2;2;2;1;1;2;1;2;2;2;2;2;2;2;2;2;2;;3;5;;2;2;2;2;2;1;2;2;2;2;;1;2;2;2;2;2;2;2;2;;3;1;2;1;2;NA;1;6;;1;3;1;4;2;1;1;2;NA;NA;NA;NA;NA;;;1;NA;NA;NA;NA;2;2;4;2;3;1;2;2;2;0;0;2;2;0;2;NA;NA;NA;NA;NA;NA;NA;NA;NA;NA;NA;NA;;2;1;2;2;1;2;2;;1;1;2;2;2;2;2;2;2;2;;2;Sans Objet;0;1;3;0;2;1;0;0;0;Sans Objet;2;1;110;8;Sans Objet;Sans Objet;3;Sans Objet;2;Sans Objet;1;2;1;CUS1;1;2;2;1;2;2;Sans Objet;CHB1;2;1;2;2;1;2;Sans Objet;11;247;45;247;3;1;3;2;3;3;3;1;3;3;3;4;3;3;3;3;4
LOG520;100695,6079;216;76;0;2022-octobre;2022-octobre;76;Occitanie;65;Hautes-Pyrénées;1;3;2;1;0;1;2;1;1;NA;NA;2;3;2006;2;2;2;2;1;2;2;;2;NA;;3;NA;;3;NA;;2;1;;3;NA;;1;1;2;2;2;NA;NA;NA;NA;NA;NA;NA;NA;NA;NA;NA;NA;;3;6;;NA;NA;NA;NA;NA;NA;NA;NA;1;NA;;2;1;2;2;2;2;2;2;2;;2;3;3;NA;1;NA;1;6;;1;3;1;4;2;1;1;1;1;1;2;2;2;;;1;NA;NA;NA;NA;2;2;2;0;4;1;2;2;2;0;0;2;1;0;2;NA;NA;NA;NA;NA;NA;NA;NA;NA;NA;NA;NA;;2;2;NA;NA;NA;NA;NA;;2;NA;NA;NA;NA;NA;NA;NA;NA;NA;;2;Sans Objet;0;1;2;0;2;1;0;0;1;dressing;2;3;100;8;Sans Objet;Sans Objet;3;Sans Objet;2;Sans Objet;2;Sans Objet;Sans Objet;CUS1;1;2;1;1;2;2;Sans Objet;CHB1;2;1;2;2;2;2;Sans Objet;25;275;42;306;3;3;Sans Objet;Sans Objet;3;3;1;1;3;3;3;4;3;3;3;3;3
LOG521;27026,60949;206;76;0;2022-avril;2022-avril;76;Occitanie;31;Haute-Garonne;1;6;2;1;0;2;3;1;4;NA;NA;2;10;2016;2;1;2;2;2;2;2;;2;NA;;3;NA;;3;NA;;1;2;;1;2;;1;1;1;1;2;NA;NA;NA;NA;NA;NA;NA;NA;NA;NA;NA;NA;;2;3;;NA;NA;NA;NA;NA;NA;NA;NA;1;NA;;1;2;2;2;2;2;2;2;2;;3;3;3;NA;1;NA;1;3;;1;3;1;1;1;1;1;2;NA;NA;NA;NA;NA;;;2;2;2;1;2;2;2;5;3;3;1;2;2;2;0;0;2;2;0;1;NA;NA;NA;NA;NA;NA;NA;NA;NA;NA;NA;NA;;2;2;NA;NA;NA;NA;NA;;2;NA;NA;NA;NA;NA;NA;NA;NA;NA;;2;Sans Objet;0;2;4;0;1;1;0;0;0;Sans Objet;2;2;98;8;Sans Objet;Sans Objet;5;Sans Objet;2;Sans Objet;2;Sans Objet;Sans Objet;CUS1;1;2;2;1;2;2;Sans Objet;CHB1;2;1;1;2;2;2;Sans Objet;11;247;25;255;3;3;Sans Objet;Sans Objet;3;3;3;3;3;3;3;3;3;1;3;4;3
LOG522;6532,997762;207;76;0;2022-septembre;2022-octobre;76;Occitanie;32;Gers;1;4;4;0;0;2;2;1;12;1;2013;2;12;2013;2;1;2;2;2;2;2;;2;NA;;3;NA;;3;NA;;3;NA;;3;NA;;4;NA;NA;NA;2;NA;NA;NA;NA;NA;NA;NA;NA;NA;NA;NA;NA;;2;3;;2;2;2;2;1;2;2;2;2;2;;2;2;2;2;2;2;2;1;2;;1;1;3;NA;2;NA;1;6;;1;3;1;1;2;1;1;1;1;2;2;2;2;;;2;2;2;1;2;2;2;4;2;3;1;2;2;2;0;0;2;0;1;2;NA;NA;NA;NA;NA;NA;NA;NA;NA;NA;NA;NA;;1;1;2;2;1;2;2;;1;1;2;2;2;2;2;2;2;2;;2;Sans Objet;0;1;4;0;2;1;1;0;0;Sans Objet;2;1;135;5;Sans Objet;Sans Objet;3;Sans Objet;2;Sans Objet;1;2;3;CUS1;1;2;1;1;2;2;Sans Objet;KID2;2;1;2;2;2;2;Sans Objet;13;250;55;250;3;1;4;2;3;1;1;1;3;3;1;4;3;1;3;3;4
LOG523;9256,940971;205;76;0;2022-mai;2022-mai;76;Occitanie;31;Haute-Garonne;1;3;4;0;0;2;2;1;9;1;1993;1;NA;NA;2;1;2;2;2;2;2;;2;NA;;3;NA;;3;NA;;3;NA;;3;NA;;2;1;2;1;2;NA;NA;NA;NA;NA;NA;NA;NA;NA;NA;NA;NA;;2;3;;2;2;2;2;1;2;2;2;2;2;;1;2;2;2;2;2;1;2;2;;1;3;2;1;3;NA;1;3;;1;3;1;4;1;1;1;1;2;1;2;2;2;;;2;2;2;1;2;1;2;5;3;3;1;2;2;2;0;0;2;2;0;2;NA;NA;NA;NA;NA;NA;NA;NA;NA;NA;NA;NA;;2;2;NA;NA;NA;NA;NA;;2;NA;NA;NA;NA;NA;NA;NA;NA;NA;;2;Sans Objet;0;1;3;0;1;1;0;1;0;Sans Objet;2;1;110;5;Sans Objet;Sans Objet;3;Sans Objet;2;Sans Objet;1;1;3;CUS1;1;1;1;1;1;2;Sans Objet;CHB1;2;1;2;2;2;2;Sans Objet;12;250;51;250;3;1;4;4;1;3;1;3;3;3;1;4;3;3;4;3;4
LOG524;57046,2653;197;76;0;2022-avril;2022-avril;76;Occitanie;31;Haute-Garonne;2;3;3;1;1;1;2;2;6;NA;NA;2;9;2020;2;2;2;1;2;2;2;;1;1;;2;5;Végétation;3;NA;;2;1;;3;NA;;1;2;2;1;2;NA;NA;NA;NA;NA;NA;NA;NA;NA;NA;NA;NA;;3;1;;2;2;2;2;2;1;2;2;2;2;;1;2;2;2;2;2;2;2;2;;3;3;3;NA;2;NA;1;6;;1;3;1;4;2;1;3;1;2;1;2;2;2;;;1;NA;NA;NA;NA;2;2;2;0;2;1;2;2;2;0;0;2;2;0;1;NA;NA;NA;NA;NA;NA;NA;NA;NA;NA;NA;NA;;1;2;NA;NA;NA;NA;NA;;1;2;2;2;2;2;2;1;2;2;;2;Sans Objet;1;1;2;0;1;0;0;1;0;Sans Objet;1;2;70;3;Sans Objet;Sans Objet;3;Sans Objet;2;Sans Objet;2;Sans Objet;Sans Objet;SEJ1;2;2;1;1;2;2;Sans Objet;CHB1;2;1;2;2;2;2;Sans Objet;15;267;24;267;3;3;Sans Objet;Sans Objet;1;3;3;3;3;3;3;3;3;1;3;3;3
LOG525;6929,472123;217;76;0;2022-décembre;2022-décembre;76;Occitanie;66;Pyrénées-Orientales;1;5;4;1;0;2;2;1;7;NA;NA;2;NA;1978;2;2;2;1;2;2;2;;2;NA;;3;NA;;2;4;;3;NA;;3;NA;;3;1;2;2;2;NA;NA;NA;NA;NA;NA;NA;NA;NA;NA;NA;NA;;3;6;;2;2;2;2;2;1;2;2;2;2;;1;2;2;2;2;2;2;2;2;;3;3;2;1;1;NA;1;6;;1;3;1;4;1;1;1;2;NA;NA;NA;NA;NA;;;1;NA;NA;NA;NA;2;2;2;0;2;2;2;2;2;0;0;2;2;0;1;NA;NA;NA;NA;NA;NA;NA;NA;NA;NA;NA;NA;;2;2;NA;NA;NA;NA;NA;;2;NA;NA;NA;NA;NA;NA;NA;NA;NA;;2;Sans Objet;1;0;2;1;1;2;0;0;0;Sans Objet;1;2;110;5;Sans Objet;Sans Objet;3;Sans Objet;2;Sans Objet;1;1;1;SEJ1;2;2;2;1;2;2;Sans Objet;CHB1;2;1;2;2;2;2;Sans Objet;14;252;30;251;3;3;Sans Objet;Sans Objet;3;1;1;3;3;3;3;4;1;3;3;3;3
LOG526;5920,427165;217;76;0;2022-novembre;2022-décembre;76;Occitanie;66;Pyrénées-Orientales;1;4;3;1;0;2;2;1;9;2;NA;2;NA;2010;2;2;2;1;2;2;2;;2;NA;;2;5;Végétation;3;NA;;3;NA;;3;NA;;4;NA;NA;NA;1;2;2;2;2;2;2;2;2;2;2;2;1;Installation d'une climatisation;2;3;;2;2;2;2;1;2;2;2;2;2;;2;2;2;2;2;2;1;2;2;;1;1;2;1;2;NA;1;3;;1;3;1;4;1;1;1;2;NA;NA;NA;NA;NA;;;1;NA;NA;NA;NA;2;2;4;2;3;1;1;2;2;0;0;2;2;0;1;NA;NA;NA;NA;NA;NA;NA;NA;NA;NA;NA;NA;;2;1;2;2;1;2;2;;1;2;1;2;1;2;2;2;2;2;;2;Sans Objet;1;1;3;1;1;1;0;0;0;Sans Objet;2;1;140;5;Sans Objet;Sans Objet;5;Sans Objet;2;Sans Objet;2;Sans Objet;Sans Objet;CUS1;1;2;1;1;2;2;Sans Objet;CHB1;2;1;2;2;2;2;Sans Objet;12;252;58;305;3;3;Sans Objet;Sans Objet;3;3;3;3;3;3;3;4;3;4;4;4;4
LOG527;6472,512868;216;76;0;2022-septembre;2022-septembre;76;Occitanie;65;Hautes-Pyrénées;1;3;2;2;0;2;3;1;1;NA;NA;2;3;2019;2;2;2;2;1;2;2;;2;NA;;3;NA;;3;NA;;3;NA;;3;NA;;1;1;1;1;1;1;1;2;1;1;1;1;2;2;1;1;2;;3;5;;2;2;2;2;2;1;2;2;2;2;;1;2;2;2;2;2;2;2;2;;2;3;3;NA;1;NA;1;6;;1;3;1;1;1;1;1;1;1;2;2;2;2;;;2;2;2;1;2;2;2;4;2;3;1;1;2;2;0;0;2;2;0;2;NA;NA;NA;NA;NA;NA;NA;NA;NA;NA;NA;NA;;1;1;2;2;1;2;2;;1;1;2;2;2;2;2;2;2;2;;2;Sans Objet;0;1;3;0;0;1;0;0;0;Sans Objet;2;3;240;8;Sans Objet;Sans Objet;3;Sans Objet;2;Sans Objet;2;Sans Objet;Sans Objet;CUS1;1;2;2;1;2;2;Sans Objet;KID1;2;1;2;2;2;2;Sans Objet;16;275;65;270;3;3;Sans Objet;Sans Objet;3;3;3;3;3;3;3;4;3;4;3;3;3
LOG528;31407,11049;197;76;0;2022-octobre;2022-novembre;76;Occitanie;11;Aude;1;5;3;1;0;2;2;1;9;1;1995;2;9;1995;2;1;2;2;2;2;2;;2;NA;;3;NA;;3;NA;;3;NA;;3;NA;;2;1;2;2;1;1;1;2;2;2;2;2;2;2;2;2;2;;3;5;;2;2;2;2;2;2;2;1;2;2;Chauffage d'appoint à pétrole;2;2;2;2;2;2;1;2;2;;1;1;2;1;1;NA;1;6;;1;3;1;4;1;1;1;2;NA;NA;NA;NA;NA;;;2;2;2;1;2;2;2;2;0;2;2;2;2;2;0;0;2;2;0;2;NA;NA;NA;NA;NA;NA;NA;NA;NA;NA;NA;NA;;2;2;NA;NA;NA;NA;NA;;2;NA;NA;NA;NA;NA;NA;NA;NA;NA;;2;Sans Objet;1;1;2;1;1;2;0;1;0;Sans Objet;1;1;160;8;Sans Objet;Sans Objet;3;Sans Objet;2;Sans Objet;2;Sans Objet;Sans Objet;SEJ1;2;2;2;1;2;2;Sans Objet;CHB1;2;1;2;2;2;2;Sans Objet;12;255;37;258;3;3;Sans Objet;Sans Objet;3;3;3;3;3;3;3;3;3;3;3;4;4
LOG529;74827,85451;217;76;0;2022-novembre;2022-novembre;76;Occitanie;66;Pyrénées-Orientales;1;4;4;0;0;2;2;1;9;2;NA;2;7;2013;2;2;2;1;2;2;2;;2;NA;;3;NA;;3;NA;;3;NA;;3;NA;;2;2;2;1;2;NA;NA;NA;NA;NA;NA;NA;NA;NA;NA;NA;NA;;2;3;;NA;NA;NA;NA;NA;NA;NA;NA;1;NA;;1;2;2;2;2;2;2;2;2;;3;3;2;1;2;NA;1;3;;1;3;1;4;1;1;1;1;2;1;2;2;2;;;2;2;2;1;2;2;1;1;0;1;2;2;2;2;0;0;2;1;0;1;NA;NA;NA;NA;NA;NA;NA;NA;NA;NA;NA;NA;;2;2;NA;NA;NA;NA;NA;;2;NA;NA;NA;NA;NA;NA;NA;NA;NA;;2;Sans Objet;1;1;2;0;1;1;1;0;0;Sans Objet;1;2;100;5;Sans Objet;Sans Objet;3;Sans Objet;2;Sans Objet;1;2;3;SEJ1;2;2;2;1;2;2;Sans Objet;CHB1;2;1;2;2;2;2;Sans Objet;12;252;32;252;3;3;Sans Objet;Sans Objet;3;1;1;3;3;3;3;3;3;3;3;3;4
LOG530;84840,49156;218;76;0;2022-juillet;2022-juillet;76;Occitanie;82;Tarn-et-Garonne;2;2;2;1;0;1;2;1;11;2;NA;2;3;2016;2;2;2;1;2;2;2;;2;NA;;3;NA;;3;NA;;3;NA;;3;NA;;4;NA;NA;NA;1;2;1;2;2;2;2;2;2;2;2;2;2;;3;6;;NA;NA;NA;NA;NA;NA;NA;NA;1;NA;;1;2;2;2;2;2;2;2;2;;3;3;3;NA;2;NA;1;6;;1;3;1;1;2;1;1;1;2;1;2;2;2;;;1;NA;NA;NA;NA;2;2;2;0;2;1;2;2;2;0;0;2;2;0;2;NA;NA;NA;NA;NA;NA;NA;NA;NA;NA;NA;NA;;1;2;NA;NA;NA;NA;NA;;2;NA;NA;NA;NA;NA;NA;NA;NA;NA;;2;Sans Objet;0;1;1;0;1;1;0;0;0;Sans Objet;2;3;45;8;Sans Objet;Sans Objet;1;Sans Objet;2;Sans Objet;2;Sans Objet;Sans Objet;CUS1;1;2;1;1;1;2;Sans Objet;CHB1;2;1;2;2;2;2;Sans Objet;11;250;25;250;3;3;Sans Objet;Sans Objet;3;3;1;3;3;3;3;4;3;1;3;3;3
LOG531;20472,40274;217;76;0;2022-novembre;2022-novembre;76;Occitanie;66;Pyrénées-Orientales;1;4;3;2;0;2;2;2;9;1;1992;2;NA;1992;2;2;2;1;2;2;2;;2;NA;;3;NA;;3;NA;;3;NA;;3;NA;;4;NA;NA;NA;2;NA;NA;NA;NA;NA;NA;NA;NA;NA;NA;NA;NA;;2;6;;NA;NA;NA;NA;NA;NA;NA;NA;1;NA;;1;2;2;2;2;2;2;2;2;;3;3;3;NA;1;NA;1;6;;1;2;1;2;3;1;1;1;2;2;2;2;1;Tortue;;2;2;2;1;2;2;2;2;0;2;1;2;2;2;0;0;2;2;0;2;NA;NA;NA;NA;NA;NA;NA;NA;NA;NA;NA;NA;;2;2;NA;NA;NA;NA;NA;;2;NA;NA;NA;NA;NA;NA;NA;NA;NA;;2;Sans Objet;0;1;2;0;1;1;2;0;0;Sans Objet;2;1;100;4;Sans Objet;Sans Objet;3;Sans Objet;2;Sans Objet;2;Sans Objet;Sans Objet;CUS1;1;2;2;1;2;2;Sans Objet;CHB1;2;1;2;2;2;2;Sans Objet;12;253;37;273;3;3;Sans Objet;Sans Objet;3;3;1;3;3;3;3;3;1;3;3;4;4
LOG532;169301,0146;218;76;0;2022-juin;2022-juillet;76;Occitanie;82;Tarn-et-Garonne;1;2;3;0;0;1;2;1;12;1;2013;2;5;2013;2;2;2;1;2;2;2;;2;NA;;1;4;;3;NA;;3;NA;;3;NA;;4;NA;NA;NA;2;NA;NA;NA;NA;NA;NA;NA;NA;NA;NA;NA;NA;;2;3;;NA;NA;NA;NA;NA;NA;NA;NA;1;NA;;1;2;2;2;2;2;2;2;2;;3;3;3;NA;1;NA;1;3;;1;3;1;2;1;4;1;1;1;2;2;2;2;;;1;NA;NA;NA;NA;2;2;2;0;5;2;2;2;2;0;0;2;1;0;2;NA;NA;NA;NA;NA;NA;NA;NA;NA;NA;NA;NA;;2;2;NA;NA;NA;NA;NA;;1;2;2;2;2;2;2;1;2;2;;2;Sans Objet;0;1;2;0;1;1;0;0;0;Sans Objet;2;3;61;8;Sans Objet;Sans Objet;5;Sans Objet;2;Sans Objet;1;1;2;CUS1;1;2;2;1;1;2;Sans Objet;CHB1;2;1;2;2;2;2;Sans Objet;14;250;27;250;3;3;Sans Objet;Sans Objet;3;3;1;3;3;3;3;4;3;1;3;4;3
LOG533;17937,66986;205;76;0;2022-juin;2022-juin;76;Occitanie;31;Haute-Garonne;1;8;1;1;0;2;2;1;6;NA;NA;2;5;2006;2;2;2;1;2;2;2;;2;NA;;3;NA;;3;NA;;2;5;;3;NA;;2;2;2;1;1;2;1;2;2;2;2;2;2;2;2;2;1;Pose de placo et de plâtre;2;3;;2;2;2;2;1;2;2;2;2;2;;1;2;2;2;2;2;2;2;1;Climatisation réversible;1;3;1;1;1;NA;1;6;;1;3;1;4;1;1;1;2;NA;NA;NA;NA;NA;;;2;2;2;1;2;2;2;4;1;3;1;1;2;2;0;0;2;2;0;2;NA;NA;NA;NA;NA;NA;NA;NA;NA;NA;NA;NA;;2;1;1;2;2;2;2;;1;2;2;2;2;2;2;1;2;2;;2;Sans Objet;1;2;4;0;2;0;0;0;0;Sans Objet;2;2;140;5;Sans Objet;Sans Objet;3;Sans Objet;2;Sans Objet;1;1;2;CUS1;1;2;2;1;1;2;Sans Objet;CHB1;2;1;2;2;2;2;Sans Objet;14;250;25;240;3;1;3;2;3;3;1;1;3;3;3;4;1;3;4;4;4
LOG534;19865,6881;206;76;0;2022-août;2022-septembre;76;Occitanie;31;Haute-Garonne;1;7;4;1;0;2;2;1;4;NA;NA;2;7;2007;2;2;1;2;2;2;2;;2;NA;;3;NA;;3;NA;;3;NA;;3;NA;;2;1;1;1;1;2;2;2;2;1;2;2;2;2;2;2;2;;2;3;;2;2;2;2;2;1;2;2;2;2;;1;2;2;2;2;2;2;2;2;;2;3;2;1;2;NA;1;3;;1;3;1;1;1;1;1;1;2;1;2;2;2;;;2;2;2;1;2;2;2;4;2;3;1;2;2;2;0;0;2;2;0;2;NA;NA;NA;NA;NA;NA;NA;NA;NA;NA;NA;NA;;1;2;NA;NA;NA;NA;NA;;1;2;2;2;2;2;2;1;2;2;;2;Sans Objet;1;1;3;2;2;1;1;0;0;Sans Objet;1;2;150;5;Sans Objet;Sans Objet;3;Sans Objet;2;Sans Objet;1;2;3;SEJ1;2;2;1;1;2;2;Sans Objet;CHB1;2;1;2;2;2;2;Sans Objet;20;250;38;250;3;3;Sans Objet;Sans Objet;3;3;1;3;3;1;3;4;1;3;4;3;4
LOG535;18940,16909;205;76;0;2022-juin;2022-juin;76;Occitanie;31;Haute-Garonne;1;1;5;1;0;2;2;1;11;1;2008;2;9;2016;2;2;2;1;2;2;2;;2;NA;;3;NA;;3;NA;;3;NA;;3;NA;;1;2;2;1;1;2;2;2;2;2;2;2;2;2;2;2;1;Pose de parquet;2;3;;2;2;2;2;2;1;2;2;2;2;;1;2;2;2;2;2;2;2;1;Climatisation réversible;3;3;1;1;2;NA;1;3;;1;3;1;2;1;1;1;2;NA;NA;NA;NA;NA;;;2;2;2;1;2;2;2;4;2;3;1;2;2;2;0;0;2;2;0;2;NA;NA;NA;NA;NA;NA;NA;NA;NA;NA;NA;NA;;2;2;NA;NA;NA;NA;NA;;1;2;2;2;2;2;2;1;2;2;;2;Sans Objet;0;1;3;0;1;1;0;0;0;Sans Objet;2;1;90;8;Sans Objet;Sans Objet;3;Sans Objet;2;Sans Objet;1;1;3;CUS1;1;2;1;1;1;2;Sans Objet;CHB1;2;1;1;2;2;2;Sans Objet;11;250;32;250;3;1;3;2;3;2;3;1;1;3;1;4;2;3;3;4;4
LOG536;130292,3341;218;76;0;2022-juillet;2022-juillet;76;Occitanie;82;Tarn-et-Garonne;1;1;5;1;1;2;2;1;8;NA;NA;2;6;1987;2;1;2;1;2;2;2;;2;NA;;3;NA;;1;3;;3;NA;;3;NA;;2;1;2;1;2;NA;NA;NA;NA;NA;NA;NA;NA;NA;NA;NA;NA;;3;5;;2;2;2;2;2;1;2;2;2;2;;2;1;2;2;2;2;2;1;2;;1;1;3;NA;1;NA;1;6;;1;3;1;3;3;1;1;1;1;2;2;2;2;;;2;2;2;1;2;2;2;1;0;1;2;2;2;2;0;0;2;1;0;2;NA;NA;NA;NA;NA;NA;NA;NA;NA;NA;NA;NA;;2;1;2;2;1;2;2;;1;2;2;1;2;2;2;2;2;2;;2;Sans Objet;0;1;2;1;1;1;0;0;0;Sans Objet;2;2;92;7;Sans Objet;2;3;Sans Objet;1;1;1;1;1;CUS1;1;2;2;1;1;2;Sans Objet;CHB1;2;1;2;2;2;2;Sans Objet;11;247;43;247;3;3;Sans Objet;Sans Objet;3;3;3;3;3;3;3;4;3;1;3;4;4
LOG537;10613,90969;207;76;0;2022-septembre;2022-octobre;76;Occitanie;32;Gers;1;6;4;1;0;2;2;1;1;NA;NA;2;8;2008;2;2;1;2;2;2;2;;2;NA;;2;1;;2;1;;2;1;;2;1;;1;2;2;1;1;2;2;2;2;2;1;2;2;2;2;2;2;;2;3;;NA;NA;NA;NA;NA;NA;NA;NA;1;NA;;1;2;2;2;2;2;2;2;2;;1;3;2;1;1;NA;1;3;;1;3;2;NA;1;1;1;1;1;1;2;2;2;;;2;2;2;1;2;2;2;3;0;3;1;2;2;2;0;0;2;2;0;2;NA;NA;NA;NA;NA;NA;NA;NA;NA;NA;NA;NA;;2;1;2;1;2;2;2;;2;NA;NA;NA;NA;NA;NA;NA;NA;NA;;2;Sans Objet;1;1;4;0;2;2;1;1;1;13;1;2;230;8;Sans Objet;Sans Objet;3;Sans Objet;2;Sans Objet;1;1;3;SEJ1;2;2;2;1;2;2;Sans Objet;CHB1;2;1;2;2;2;2;Sans Objet;25;278;22;240;3;3;Sans Objet;Sans Objet;3;3;3;3;3;3;3;3;3;3;3;3;3
LOG538;12462,21958;218;76;0;2022-novembre;2022-novembre;76;Occitanie;82;Tarn-et-Garonne;1;5;3;0;0;2;2;1;2;NA;NA;2;NA;1963;2;2;2;2;1;2;2;;2;NA;;3;NA;;3;NA;;3;NA;;3;NA;;2;1;2;2;1;2;2;2;2;2;2;2;1;2;2;2;2;;2;5;;2;2;1;2;2;2;2;2;2;2;;2;2;2;2;2;2;2;1;2;;3;1;3;NA;2;NA;1;3;;1;3;1;2;2;1;1;1;1;1;2;2;2;;;2;2;2;1;2;2;2;1;0;1;2;1;2;2;1;0;2;1;0;1;NA;NA;NA;NA;NA;NA;NA;NA;NA;NA;NA;NA;;2;1;2;2;1;2;2;;1;1;1;2;2;2;2;2;2;2;;2;Sans Objet;1;1;2;0;1;1;0;0;0;Sans Objet;1;2;140;8;Sans Objet;Sans Objet;3;Sans Objet;2;Sans Objet;2;Sans Objet;Sans Objet;SEJ1;2;2;2;1;2;2;Sans Objet;CHB1;2;1;2;2;2;2;Sans Objet;12;268;39;270;3;3;Sans Objet;Sans Objet;3;3;3;3;3;3;3;3;3;3;3;3;4
LOG539;8847,057119;289;93;0;2022-avril;2022-avril;93;Provence-Alpes-Côte d'Azur;84;Vaucluse;1;4;2;0;0;2;3;1;9;1;2000;2;10;2010;2;2;2;1;2;2;2;;2;NA;;3;NA;;3;NA;;3;NA;;3;NA;;1;2;2;1;1;1;1;2;2;2;2;2;2;2;2;2;2;;3;6;;NA;NA;NA;NA;NA;NA;NA;NA;1;NA;;2;1;2;2;2;2;2;2;2;;3;3;1;1;2;NA;2;NA;;1;3;1;2;3;1;1;2;NA;NA;NA;NA;NA;;;1;NA;NA;NA;NA;2;2;2;0;2;2;2;2;2;0;0;2;2;0;1;NA;NA;NA;NA;NA;NA;NA;NA;NA;NA;NA;NA;;2;1;2;2;1;2;2;;1;2;1;2;2;2;2;2;2;2;;2;Sans Objet;0;1;3;0;1;1;0;0;1;garage;2;2;105;5;Sans Objet;Sans Objet;3;Sans Objet;2;Sans Objet;1;1;3;CUS1;1;2;2;1;2;2;Sans Objet;CHB1;2;1;2;2;2;2;Sans Objet;13;230;57;230;3;3;Sans Objet;Sans Objet;3;3;1;3;3;3;1;3;3;3;3;3;3
LOG540;161470,2778;266;93;0;2022-septembre;2022-octobre;93;Provence-Alpes-Côte d'Azur;13;Bouches-du-Rhône;2;2;1;2;2;1;1;2;9;NA;NA;2;NA;2010;2;2;2;1;2;2;2;;2;NA;;1;1;;2;6;Ordures;2;1;;3;NA;;4;NA;NA;NA;2;NA;NA;NA;NA;NA;NA;NA;NA;NA;NA;NA;NA;;1;3;;NA;NA;NA;NA;NA;NA;NA;NA;1;NA;;1;2;2;2;2;2;2;2;2;;3;3;3;NA;2;NA;1;3;;1;3;2;NA;2;1;1;2;NA;NA;NA;NA;NA;;;1;NA;NA;NA;NA;2;2;2;0;2;1;2;2;2;0;0;2;2;0;2;NA;NA;NA;NA;NA;NA;NA;NA;NA;NA;NA;NA;;2;2;NA;NA;NA;NA;NA;;2;NA;NA;NA;NA;NA;NA;NA;NA;NA;;2;Sans Objet;0;1;1;0;1;0;0;0;0;Sans Objet;2;3;40;1;Sans Objet;Sans Objet;1;Sans Objet;2;Sans Objet;2;Sans Objet;Sans Objet;CUS1;1;2;2;1;2;2;Sans Objet;CHB1;2;1;2;2;2;2;Sans Objet;12;250;25;250;3;3;Sans Objet;Sans Objet;3;1;3;3;3;3;3;4;1;1;4;4;4
LOG541;6794,71371;275;93;0;2022-mars;2022-mars;93;Provence-Alpes-Côte d'Azur;13;Bouches-du-Rhône;2;6;3;8;1;2;1;1;4;NA;NA;2;11;1998;2;2;1;2;2;2;2;;2;NA;;2;1;;3;NA;;1;1;;3;NA;;3;1;1;3;1;2;1;2;2;2;2;2;2;2;1;2;2;;1;3;;2;2;2;2;2;1;2;2;2;2;;2;2;1;2;2;2;2;2;2;;2;3;1;1;1;NA;2;NA;;1;3;3;NA;1;1;1;2;NA;NA;NA;NA;NA;;;1;NA;NA;NA;NA;2;2;2;0;2;2;2;2;2;0;0;2;2;0;1;NA;NA;NA;NA;NA;NA;NA;NA;NA;NA;NA;NA;;2;2;NA;NA;NA;NA;NA;;2;NA;NA;NA;NA;NA;NA;NA;NA;NA;;2;Sans Objet;1;2;3;0;1;1;0;1;0;Sans Objet;1;1;150;4;Sans Objet;Sans Objet;1;Sans Objet;1;2;2;Sans Objet;Sans Objet;SEJ1;2;2;2;1;2;2;Sans Objet;CHB1;2;1;2;2;2;2;Sans Objet;14;290;37;290;3;3;Sans Objet;Sans Objet;3;3;3;3;3;3;3;3;3;3;3;3;3
LOG542;4483,569222;290;93;0;2022-août;2022-août;93;Provence-Alpes-Côte d'Azur;84;Vaucluse;1;4;2;1;0;2;2;2;2;NA;NA;1;NA;NA;2;2;2;2;1;2;2;;2;NA;;2;1;;3;NA;;2;5;;3;NA;;2;2;2;1;2;NA;NA;NA;NA;NA;NA;NA;NA;NA;NA;NA;NA;;3;6;;NA;NA;NA;NA;NA;NA;NA;NA;1;NA;;1;2;2;2;2;2;2;2;2;;3;3;3;NA;2;NA;1;6;;1;3;1;1;1;1;1;1;2;1;2;2;2;;;1;NA;NA;NA;NA;2;2;4;1;3;1;2;2;2;1;0;2;1;1;2;NA;NA;NA;NA;NA;NA;NA;NA;NA;NA;NA;NA;;2;2;NA;NA;NA;NA;NA;;2;NA;NA;NA;NA;NA;NA;NA;NA;NA;;2;Sans Objet;1;1;2;0;1;1;0;0;0;Sans Objet;1;3;55;8;Sans Objet;Sans Objet;5;Sans Objet;2;Sans Objet;2;Sans Objet;Sans Objet;SEJ1;1;2;2;2;2;2;Sans Objet;KID1;2;1;1;2;2;2;Sans Objet;15;230;15;230;3;1;4;4;1;3;3;3;3;3;3;3;3;3;3;3;4
LOG543;24884,27831;266;93;0;2022-avril;2022-avril;93;Provence-Alpes-Côte d'Azur;13;Bouches-du-Rhône;1;5;5;1;0;2;3;1;4;NA;NA;2;1;2014;2;1;2;2;2;2;2;;2;NA;;2;5;Pollen;3;NA;;2;1;;3;NA;;1;1;2;2;1;2;1;2;2;2;1;2;2;2;2;2;2;;2;3;;2;2;2;2;1;2;2;2;2;2;;1;2;2;2;2;2;2;2;2;;3;1;1;1;1;NA;2;NA;;1;3;1;2;2;1;1;1;1;2;2;2;2;;;1;NA;NA;NA;NA;2;2;3;0;4;1;2;2;2;0;0;2;1;0;1;NA;NA;NA;NA;NA;NA;NA;NA;NA;NA;NA;NA;;1;2;NA;NA;NA;NA;NA;;2;NA;NA;NA;NA;NA;NA;NA;NA;NA;;2;Sans Objet;1;1;3;1;1;1;0;1;1;entrée;1;2;100;6;Sans Objet;1;5;Sans Objet;1;2;2;Sans Objet;Sans Objet;SEJ1;2;2;1;1;2;2;Sans Objet;CHB2;2;1;1;2;2;2;Sans Objet;15;300;23;460;3;1;4;5;3;3;3;3;3;3;3;3;3;1;3;3;3
LOG544;67988,75535;289;93;0;2022-avril;2022-avril;93;Provence-Alpes-Côte d'Azur;84;Vaucluse;1;5;5;1;0;2;3;1;9;1;1991;2;6;1991;2;2;2;1;2;2;2;;2;NA;;3;NA;;3;NA;;3;NA;;3;NA;;1;2;2;1;1;2;1;2;2;2;1;2;2;2;2;2;2;;2;3;;NA;NA;NA;NA;NA;NA;NA;NA;1;NA;;1;2;2;2;2;2;2;2;2;;1;3;3;NA;1;NA;2;NA;;1;3;1;4;1;1;1;1;1;2;2;2;2;;;2;2;2;1;2;2;2;1;0;1;1;2;2;2;0;0;2;1;0;2;NA;NA;NA;NA;NA;NA;NA;NA;NA;NA;NA;NA;;2;2;NA;NA;NA;NA;NA;;2;NA;NA;NA;NA;NA;NA;NA;NA;NA;;2;Sans Objet;1;1;3;0;1;2;1;0;1;garage;1;2;130;5;Sans Objet;Sans Objet;5;Sans Objet;2;Sans Objet;1;1;3;SEJ1;2;2;1;1;2;2;Sans Objet;CHB1;2;1;2;2;2;2;Sans Objet;12;220;50;250;3;3;Sans Objet;Sans Objet;3;3;3;3;3;3;3;3;1;1;3;3;3
LOG545;6562,407859;290;93;0;2022-juin;2022-juin;93;Provence-Alpes-Côte d'Azur;13;Bouches-du-Rhône;1;7;6;1;0;2;2;1;5;NA;NA;2;1;2019;2;2;2;2;1;2;2;;2;NA;;3;NA;;3;NA;;3;NA;;3;NA;;3;1;1;1;1;2;2;2;2;2;2;1;1;2;2;2;2;;2;1;;NA;NA;NA;NA;NA;NA;NA;NA;1;NA;;1;2;1;2;2;2;2;2;2;;1;1;2;1;2;NA;2;NA;;1;3;1;4;3;1;1;1;1;2;2;2;2;;;1;NA;NA;NA;NA;2;2;5;3;3;1;2;2;2;0;0;2;2;0;2;NA;NA;NA;NA;NA;NA;NA;NA;NA;NA;NA;NA;;2;1;2;2;1;2;2;;1;NA;NA;NA;NA;NA;NA;NA;NA;1;;2;Sans Objet;0;1;5;1;3;2;1;0;2;gararge et dressing;2;2;260;8;Sans Objet;Sans Objet;3;Sans Objet;2;Sans Objet;1;2;3;CUS1;1;2;2;1;2;2;Sans Objet;CHB1;2;1;2;2;2;2;Sans Objet;15;250;65;250;3;1;2;1;3;3;3;3;3;3;3;3;3;3;3;3;3
LOG546;27738,67721;267;93;0;2022-mars;2022-mars;93;Provence-Alpes-Côte d'Azur;13;Bouches-du-Rhône;1;5;4;0;0;2;3;1;8;NA;NA;2;11;2015;2;2;2;1;2;2;2;;2;NA;;1;5;Pollen;3;NA;;2;1;;3;NA;;2;1;2;1;2;NA;NA;NA;NA;NA;NA;NA;NA;NA;NA;NA;NA;;3;6;;NA;NA;NA;NA;NA;NA;NA;NA;1;NA;;2;1;2;2;2;2;2;2;2;;3;3;3;NA;2;NA;2;NA;;1;3;1;4;2;1;1;1;1;2;2;2;2;;;2;2;2;1;2;2;2;4;2;3;1;2;2;2;0;0;2;2;0;1;NA;NA;NA;NA;NA;NA;NA;NA;NA;NA;NA;NA;;2;2;NA;NA;NA;NA;NA;;2;NA;NA;NA;NA;NA;NA;NA;NA;NA;;2;Sans Objet;1;1;4;0;2;0;0;0;2;garage + cave;1;2;117;5;Sans Objet;Sans Objet;5;Sans Objet;1;2;1;1;3;SEJ1;2;2;2;1;2;2;Sans Objet;CHB1;2;1;1;2;2;2;Sans Objet;15;320;39,5;320;3;3;Sans Objet;Sans Objet;3;3;3;3;3;3;3;3;3;3;3;3;3
LOG547;30763,21179;289;93;0;2022-juin;2022-juin;93;Provence-Alpes-Côte d'Azur;84;Vaucluse;1;5;4;1;0;2;3;1;1;NA;NA;2;1;1994;2;2;2;2;1;2;2;;2;NA;;3;NA;;2;3;;3;NA;;3;NA;;1;1;2;2;2;NA;NA;NA;NA;NA;NA;NA;NA;NA;NA;NA;NA;;3;5;;1;2;1;2;2;1;2;2;2;2;;2;2;2;2;2;2;2;1;2;;1;1;3;NA;1;NA;1;2;;1;3;2;NA;3;1;1;1;1;2;2;2;2;;;2;2;2;1;2;2;2;1;0;1;2;1;2;2;0;0;2;1;0;2;NA;NA;NA;NA;NA;NA;NA;NA;NA;NA;NA;NA;;2;1;2;2;1;2;2;;1;2;2;2;1;2;2;2;2;2;;2;Sans Objet;1;1;2;1;2;1;0;0;1;garage;1;2;100;8;Sans Objet;Sans Objet;5;Sans Objet;2;Sans Objet;1;2;3;SEJ1;2;2;2;1;2;2;Sans Objet;CHB1;2;1;2;2;2;2;Sans Objet;13;230;35;230;3;3;Sans Objet;Sans Objet;3;3;3;3;3;3;3;3;3;3;4;4;4
LOG548;64903,97335;267;93;1;2022-juillet;2022-juillet;93;Provence-Alpes-Côte d'Azur;13;Bouches-du-Rhône;2;4;3;5;5;1;1;2;7;NA;NA;2;3;2014;2;2;1;2;2;2;2;;2;NA;;3;NA;;3;NA;;1;1;;3;NA;;1;1;2;1;2;NA;NA;NA;NA;NA;NA;NA;NA;NA;NA;NA;NA;;1;9;;NA;NA;NA;NA;NA;NA;NA;NA;NA;NA;;1;2;2;2;2;2;2;2;2;;3;3;3;NA;3;NA;1;8;;1;3;1;3;1;2;1;1;2;1;2;2;2;;;1;NA;NA;NA;NA;2;2;5;2;3;1;2;2;2;0;0;2;2;0;2;NA;NA;NA;NA;NA;NA;NA;NA;NA;NA;NA;NA;;2;2;NA;NA;NA;NA;NA;;2;NA;NA;NA;NA;NA;NA;NA;NA;NA;;2;Sans Objet;1;1;3;0;1;1;0;0;0;Sans Objet;1;3;102;1;Sans Objet;Sans Objet;5;Sans Objet;2;Sans Objet;2;Sans Objet;Sans Objet;SEJ1;2;2;2;1;2;2;Sans Objet;CHB1;2;1;2;2;2;2;Sans Objet;15;230;50;230;3;3;Sans Objet;Sans Objet;3;3;3;3;3;3;3;3;3;3;3;3;3
LOG549;2781,544586;289;93;0;2022-avril;2022-avril;93;Provence-Alpes-Côte d'Azur;84;Vaucluse;1;7;5;2;0;2;3;1;2;NA;NA;2;10;1999;2;2;2;1;1;2;2;;2;NA;;3;NA;;3;NA;;1;1;;3;NA;;3;2;2;2;2;NA;NA;NA;NA;NA;NA;NA;NA;NA;NA;NA;NA;;2;2;;2;2;2;2;1;2;2;2;2;2;;1;2;2;2;2;2;2;1;2;;3;1;3;NA;2;NA;1;6;;1;3;1;4;3;1;1;2;NA;NA;NA;NA;NA;;;2;2;2;1;2;2;2;2;0;2;2;1;2;2;0;0;2;2;0;1;NA;NA;NA;NA;NA;NA;NA;NA;NA;NA;NA;NA;;2;1;2;2;1;2;2;;1;2;1;1;2;2;2;2;2;2;;2;Sans Objet;0;1;5;2;2;2;1;0;1;garage;2;2;200;8;Sans Objet;Sans Objet;3;Sans Objet;2;Sans Objet;1;2;3;CUS1;1;2;1;1;2;2;Sans Objet;CHB1;2;1;2;2;2;2;Sans Objet;15;250;100;240;3;3;Sans Objet;Sans Objet;3;3;3;3;3;3;3;3;3;3;3;3;3
LOG550;15514,17112;39;11;0;2022-mai;2022-mai;11;Île-de-France;92;Hauts-de-Seine;2;4;4;5;4;2;1;2;9;1;1990;1;NA;NA;2;2;2;1;2;2;2;;2;NA;;3;NA;;3;NA;;3;NA;;3;NA;;1;1;2;2;2;NA;NA;NA;NA;NA;NA;NA;NA;NA;NA;NA;NA;;3;6;;NA;NA;NA;NA;NA;NA;NA;NA;1;NA;;2;1;2;2;2;2;2;2;2;;3;3;3;NA;2;NA;1;6;;1;1;1;3;3;1;1;2;NA;NA;NA;NA;NA;;;1;NA;NA;NA;NA;2;2;2;0;2;2;2;2;2;0;0;2;2;0;2;NA;NA;NA;NA;NA;NA;NA;NA;NA;NA;NA;NA;;1;2;NA;NA;NA;NA;NA;;1;2;2;2;2;2;2;1;2;2;;2;Sans Objet;0;1;2;1;2;1;1;0;0;Sans Objet;2;1;90;1;Sans Objet;Sans Objet;3;Sans Objet;2;Sans Objet;2;Sans Objet;Sans Objet;CUS1;1;2;2;1;1;2;Sans Objet;CHB1;2;1;2;2;1;2;Sans Objet;20;232;40;380;3;3;Sans Objet;Sans Objet;3;1;1;3;3;3;3;3;1;1;3;4;4
LOG551;42439,65181;25;11;0;2022-juin;2022-juillet;11;Île-de-France;92;Hauts-de-Seine;2;2;3;3;2;2;1;2;12;1;2013;2;8;2020;2;2;1;2;2;2;2;;1;3;;3;NA;;1;1;;1;7;Activités industrielles, circulation routière et crèche;1;7;Activités industrielles, circulation routière et crèche;4;NA;NA;NA;2;NA;NA;NA;NA;NA;NA;NA;NA;NA;NA;NA;NA;;3;6;;NA;NA;NA;NA;NA;NA;NA;NA;1;NA;;2;1;2;2;2;2;2;2;2;;3;3;3;NA;2;NA;1;6;;1;3;1;1;1;1;1;2;NA;NA;NA;NA;NA;;;1;NA;NA;NA;NA;2;2;2;0;2;1;2;2;2;0;0;2;2;0;2;NA;NA;NA;NA;NA;NA;NA;NA;NA;NA;NA;NA;;2;1;2;2;2;2;1;Carrosserie (soudure, peinture);2;NA;NA;NA;NA;NA;NA;NA;NA;NA;;2;Sans Objet;0;1;1;0;1;1;1;0;0;Sans Objet;2;1;55;1;Sans Objet;Sans Objet;1;Sans Objet;2;Sans Objet;2;Sans Objet;Sans Objet;CUS1;1;2;1;1;2;2;Sans Objet;CHB1;2;1;1;2;2;2;Sans Objet;14,893;254;31,09;245;3;1;4;2;3;2;1;1;2;3;3;4;2;2;1;4;4
LOG552;25142,1266;36;11;0;2022-juin;2022-juin;11;Île-de-France;92;Hauts-de-Seine;2;3;4;4;1;2;1;2;6;NA;NA;2;1;2017;NA;NA;NA;NA;NA;NA;1;;2;NA;;3;NA;;2;4;;3;NA;;3;NA;;1;1;2;2;1;2;2;2;2;2;2;1;2;2;2;2;2;;3;6;;2;2;2;2;2;1;2;2;2;2;;2;1;2;2;2;2;2;2;2;;3;3;3;NA;2;NA;2;NA;;1;2;1;3;1;1;1;2;NA;NA;NA;NA;NA;;;1;NA;NA;NA;NA;2;2;6;2;5;1;1;2;2;1;0;2;2;0;2;NA;NA;NA;NA;NA;NA;NA;NA;NA;NA;NA;NA;;1;1;2;2;2;2;1;Garage;2;NA;NA;NA;NA;NA;NA;NA;NA;NA;;2;Sans Objet;1;1;2;0;1;1;0;0;0;Sans Objet;1;2;84;1;Sans Objet;Sans Objet;1;Sans Objet;1;2;2;Sans Objet;Sans Objet;SEJ1;2;2;2;1;2;2;Sans Objet;CHB1;2;1;1;2;2;2;Sans Objet;16,471;260;34;260;3;1;3;4;3;1;1;3;3;3;3;1;3;1;4;4;4
LOG553;23352,22499;37;11;0;2022-septembre;2022-septembre;11;Île-de-France;92;Hauts-de-Seine;2;3;4;4;3;2;2;1;3;NA;NA;2;8;2002;NA;NA;NA;NA;NA;NA;1;;2;NA;;3;NA;;3;NA;;2;1;;3;NA;;3;1;2;3;2;NA;NA;NA;NA;NA;NA;NA;NA;NA;NA;NA;NA;;2;6;;NA;NA;NA;NA;NA;NA;NA;NA;1;NA;;2;1;2;2;2;2;2;2;2;;3;3;3;NA;2;NA;1;6;;1;2;1;2;2;1;1;2;NA;NA;NA;NA;NA;;;1;NA;NA;NA;NA;2;2;3;0;3;1;2;2;2;0;0;2;2;0;2;NA;NA;NA;NA;NA;NA;NA;NA;NA;NA;NA;NA;;1;2;NA;NA;NA;NA;NA;;2;NA;NA;NA;NA;NA;NA;NA;NA;NA;;2;Sans Objet;1;1;2;0;1;0;1;0;0;Sans Objet;1;1;51;1;Sans Objet;Sans Objet;1;Sans Objet;2;Sans Objet;2;Sans Objet;Sans Objet;SEJ1;2;2;2;1;2;2;Sans Objet;CHB1;2;1;2;2;2;2;Sans Objet;13,9;261;14;261;3;3;Sans Objet;Sans Objet;3;3;3;3;1;3;3;5;4;4;4;4;5
LOG554;26212,26449;25;11;0;2022-mars;2022-mars;11;Île-de-France;78;Yvelines;1;6;4;1;0;2;2;1;8;NA;NA;2;3;2000;2;2;2;1;2;2;2;;2;NA;;3;NA;;2;6;Restauration;3;NA;;3;NA;;3;2;2;1;2;NA;NA;NA;NA;NA;NA;NA;NA;NA;NA;NA;NA;;2;3;;NA;NA;NA;NA;NA;NA;NA;NA;1;NA;;1;2;2;2;2;2;2;2;2;;3;3;3;NA;1;NA;1;3;;1;3;1;3;1;1;1;2;NA;NA;NA;NA;NA;;;1;NA;NA;NA;NA;2;2;2;0;2;1;1;2;2;0;0;2;2;0;1;NA;NA;NA;NA;NA;NA;NA;NA;NA;NA;NA;NA;;1;2;NA;NA;NA;NA;NA;;2;NA;NA;NA;NA;NA;NA;NA;NA;NA;;2;Sans Objet;1;0;3;0;2;1;0;0;3;couloir, cellier, dressing.;1;1;110;8;Sans Objet;Sans Objet;3;Sans Objet;2;Sans Objet;2;Sans Objet;Sans Objet;SEJ1;2;2;1;1;2;2;Sans Objet;CHB1;2;1;2;2;2;2;Sans Objet;18;270;36;250;3;1;3;1;3;3;1;1;3;3;3;4;3;3;3;3;3
LOG555;33759,81543;50;11;0;2022-avril;2022-avril;11;Île-de-France;78;Yvelines;1;5;6;0;0;2;2;1;4;NA;NA;2;7;1999;2;1;2;2;2;2;2;;2;NA;;3;NA;;2;4;;2;2;;3;NA;;1;1;1;1;2;NA;NA;NA;NA;NA;NA;NA;NA;NA;NA;NA;NA;;2;3;;2;1;2;2;2;2;2;2;2;2;;1;2;2;2;2;2;2;2;2;;3;1;3;NA;1;NA;1;3;;1;3;2;NA;2;1;1;2;NA;NA;NA;NA;NA;;;1;NA;NA;NA;NA;4;2;2;0;2;1;2;2;2;0;0;2;2;0;1;NA;NA;NA;NA;NA;NA;NA;NA;NA;NA;NA;NA;;1;2;NA;NA;NA;NA;NA;;2;NA;NA;NA;NA;NA;NA;NA;NA;NA;;2;Sans Objet;1;1;4;0;2;2;1;0;2;garage, escalier;1;2;120;7;Sans Objet;2;3;Sans Objet;1;2;1;2;3;SEJ1;2;2;2;1;2;2;Sans Objet;CHB1;2;1;2;2;2;2;Sans Objet;16;262;28;260;3;1;2;1;1;1;1;4;1;1;4;5;4;4;4;4;4
LOG556;23023,20588;38;11;0;2022-avril;2022-avril;11;Île-de-France;92;Hauts-de-Seine;2;8;1;7;1;2;1;2;4;NA;NA;2;NA;2013;NA;NA;NA;NA;NA;NA;1;;2;NA;;3;NA;;3;NA;;1;1;;3;NA;;3;1;2;2;1;2;1;2;2;2;2;2;2;2;2;2;2;;1;1;;NA;NA;NA;NA;NA;NA;NA;NA;NA;1;;1;2;2;2;2;2;2;2;2;;3;3;3;NA;2;NA;2;NA;;1;3;1;3;1;1;1;2;NA;NA;NA;NA;NA;;;1;NA;NA;NA;NA;2;2;4;2;3;1;2;2;2;1;0;2;1;0;1;NA;NA;NA;NA;NA;NA;NA;NA;2;2;2;2;;1;1;2;2;2;2;1;Atelier métallurgie;2;NA;NA;NA;NA;NA;NA;NA;NA;NA;;2;Sans Objet;1;1;3;0;1;1;1;0;0;Sans Objet;1;2;122;1;Sans Objet;Sans Objet;1;Sans Objet;1;2;2;Sans Objet;Sans Objet;SEJ1;2;2;2;1;2;2;Sans Objet;CHB1;2;1;2;2;2;2;Sans Objet;15,19;262;46;261;3;3;Sans Objet;Sans Objet;3;3;3;3;3;3;3;4;4;4;4;4;4
LOG557;33897,94735;27;11;0;2022-août;2022-août;11;Île-de-France;78;Yvelines;1;5;4;2;0;2;2;1;3;NA;NA;2;NA;2010;2;1;2;1;2;2;2;;2;NA;;3;NA;;3;NA;;3;NA;;3;NA;;3;1;1;1;1;1;1;2;2;2;2;2;2;2;2;2;2;;2;3;;NA;NA;NA;NA;NA;NA;NA;NA;1;NA;;1;2;2;2;2;2;2;2;2;;3;3;3;NA;2;NA;1;3;;1;3;1;1;1;1;1;2;NA;NA;NA;NA;NA;;;2;2;2;1;2;2;2;3;0;3;1;2;2;2;0;0;2;2;0;2;NA;NA;NA;NA;NA;NA;NA;NA;NA;NA;NA;NA;;2;2;NA;NA;NA;NA;NA;;2;NA;NA;NA;NA;NA;NA;NA;NA;NA;;2;Sans Objet;1;1;3;0;1;1;1;0;0;Sans Objet;1;1;95;7;Sans Objet;1;3;Sans Objet;1;1;1;1;2;SEJ1;2;2;1;1;2;2;Sans Objet;CHB1;2;1;2;2;2;2;Sans Objet;10,6;260;35,5;270;3;1;3;2;2;3;3;3;3;3;1;4;3;1;4;3;4
LOG558;13006,24016;47;11;0;2022-mai;2022-mai;11;Île-de-France;92;Hauts-de-Seine;1;5;4;4;0;2;2;1;3;NA;NA;1;NA;NA;2;1;2;2;2;2;2;;2;NA;;2;3;;3;NA;;3;NA;;3;NA;;1;2;2;1;1;2;1;2;2;1;2;2;2;2;1;1;2;;2;3;;NA;NA;NA;NA;NA;NA;NA;NA;1;NA;;1;2;2;2;2;2;2;2;2;;3;3;3;NA;2;NA;1;3;;1;3;1;4;2;1;1;1;2;2;2;1;2;;;2;2;1;1;2;2;2;4;2;3;1;2;2;2;0;0;2;2;0;2;NA;NA;NA;NA;NA;NA;NA;NA;NA;NA;NA;NA;;1;1;1;2;2;2;1;VOIE FERREE;2;NA;NA;NA;NA;NA;NA;NA;NA;NA;;2;Sans Objet;0;1;3;1;2;2;1;0;0;Sans Objet;2;2;104;8;Sans Objet;Sans Objet;3;Sans Objet;2;Sans Objet;2;Sans Objet;Sans Objet;CUS1;1;2;2;1;1;2;Sans Objet;CHB1;2;1;1;2;2;2;Sans Objet;10;220;37;277;3;1;3;2;3;4;1;4;4;4;4;5;5;1;5;5;5
LOG559;172816,9103;28;11;0;2022-mars;2022-mars;11;Île-de-France;78;Yvelines;2;3;3;4;4;2;1;2;9;1;1991;2;7;2019;2;2;2;1;2;2;2;;2;NA;;3;NA;;3;NA;;3;NA;;3;NA;;1;1;2;2;2;NA;NA;NA;NA;NA;NA;NA;NA;NA;NA;NA;NA;;1;3;;NA;NA;NA;NA;NA;NA;NA;NA;1;NA;;1;2;2;2;2;2;2;2;2;;3;3;3;NA;2;NA;1;3;;1;3;3;NA;1;1;1;2;NA;NA;NA;NA;NA;;;1;NA;NA;NA;NA;2;2;1;0;1;2;1;2;2;0;0;2;1;0;1;NA;NA;NA;NA;NA;NA;NA;NA;NA;NA;NA;NA;;1;1;2;2;2;2;1;Centre auto Euromaster (entretien freins et pneus);2;NA;NA;NA;NA;NA;NA;NA;NA;NA;;2;Sans Objet;0;1;2;0;1;1;1;0;0;Sans Objet;2;1;71;1;Sans Objet;Sans Objet;3;Sans Objet;1;2;2;Sans Objet;Sans Objet;CUS1;1;2;2;1;1;2;Sans Objet;CHB1;2;1;2;2;2;2;Sans Objet;10,67;247;35;248;3;3;Sans Objet;Sans Objet;1;3;3;3;3;3;3;4;4;4;4;4;4
LOG560;106276,7729;39;11;0;2022-juin;2022-juin;11;Île-de-France;92;Hauts-de-Seine;2;3;2;7;6;1;1;2;3;NA;NA;2;NA;2009;NA;NA;NA;NA;NA;NA;1;;2;NA;;1;3;;3;NA;;3;NA;;3;NA;;3;1;1;2;1;2;1;2;2;2;2;2;2;2;2;2;2;;1;3;;2;2;2;2;2;1;2;2;2;2;;1;2;2;2;2;2;2;2;2;;3;3;3;NA;1;NA;1;6;;1;3;1;1;1;1;1;2;NA;NA;NA;NA;NA;;;1;NA;NA;NA;NA;2;2;4;1;3;1;1;2;2;0;0;2;2;0;2;NA;NA;NA;NA;NA;NA;NA;NA;NA;NA;NA;NA;;1;2;NA;NA;NA;NA;NA;;2;NA;NA;NA;NA;NA;NA;NA;NA;NA;;2;Sans Objet;1;1;2;0;1;0;1;0;1;cellier;1;3;70;1;Sans Objet;Sans Objet;1;Sans Objet;1;2;2;Sans Objet;Sans Objet;SEJ1;2;2;2;1;2;2;Sans Objet;CHB1;2;1;2;2;2;2;Sans Objet;15,981;273;17,521;261;3;1;2;1;3;3;1;3;3;3;3;5;4;1;5;5;5
LOG561;2741,857487;38;11;0;2022-octobre;2022-octobre;11;Île-de-France;92;Hauts-de-Seine;1;7;7;2;0;2;2;1;2;NA;NA;2;7;1999;NA;NA;NA;NA;NA;NA;1;;2;NA;;3;NA;;3;NA;;3;NA;;3;NA;;3;1;2;2;2;NA;NA;NA;NA;NA;NA;NA;NA;NA;NA;NA;NA;;3;3;;2;2;2;2;2;1;2;2;2;2;;1;2;2;2;2;2;2;2;2;;2;3;3;NA;2;NA;1;3;;1;3;3;NA;1;2;2;2;NA;NA;NA;NA;NA;;;1;NA;NA;NA;NA;2;2;4;0;3;1;1;2;2;0;0;2;2;0;2;NA;NA;NA;NA;NA;NA;NA;NA;NA;NA;NA;NA;;2;2;NA;NA;NA;NA;NA;;2;NA;NA;NA;NA;NA;NA;NA;NA;NA;;2;Sans Objet;0;2;5;1;3;3;1;0;0;Sans Objet;2;3;180;7;Sans Objet;4;5;Sans Objet;1;1;1;1;3;CUS1;2;2;1;1;2;2;Sans Objet;CHB1;2;1;2;2;2;2;Sans Objet;17;247;59,36;270;3;1;4;2;1;3;3;3;3;3;3;5;4;1;4;4;4
LOG562;10510,37453;29;11;0;2022-octobre;2022-octobre;11;Île-de-France;78;Yvelines;8;2;5;4;4;3;2;2;1;NA;NA;2;8;2014;NA;NA;NA;NA;NA;NA;1;;2;NA;;1;1;;3;NA;;3;NA;;3;NA;;4;NA;NA;NA;2;NA;NA;NA;NA;NA;NA;NA;NA;NA;NA;NA;NA;;1;7;;NA;NA;NA;NA;NA;NA;NA;NA;1;NA;;1;2;2;2;2;2;2;2;2;;3;3;3;NA;2;NA;1;9;;1;3;2;NA;1;1;1;1;1;2;2;2;2;;Spray anti moisissures pour les joints de la SDB;1;NA;NA;NA;NA;2;2;3;0;3;1;1;2;2;0;0;2;2;0;1;NA;NA;NA;NA;NA;NA;NA;NA;NA;NA;NA;NA;;2;2;NA;NA;NA;NA;NA;;1;2;2;2;2;2;1;1;2;2;;2;Sans Objet;1;1;3;0;1;1;1;0;0;Sans Objet;1;3;72;1;Sans Objet;Sans Objet;5;Sans Objet;1;2;2;Sans Objet;Sans Objet;SEJ1;2;2;1;1;2;2;Sans Objet;CHB1;2;1;2;2;2;2;Sans Objet;9,3;250;21;250;3;3;Sans Objet;Sans Objet;3;3;3;3;3;1;3;3;3;3;3;3;3
LOG563;5269,311943;36;11;0;2022-mai;2022-mai;11;Île-de-France;92;Hauts-de-Seine;1;3;7;4;0;2;2;1;2;NA;NA;2;10;2005;2;2;2;2;1;2;2;;2;NA;;3;NA;;3;NA;;3;NA;;3;NA;;3;1;2;2;2;NA;NA;NA;NA;NA;NA;NA;NA;NA;NA;NA;NA;;2;3;;2;2;1;2;2;2;2;2;2;2;;1;2;2;2;2;2;2;2;2;;3;3;3;NA;1;NA;2;NA;;1;1;1;1;1;1;1;1;2;1;2;2;2;;;1;NA;NA;NA;NA;2;2;4;0;3;1;1;2;2;0;0;2;2;0;2;NA;NA;NA;NA;NA;NA;NA;NA;NA;NA;NA;NA;;1;2;2;2;2;2;2;;1;2;2;2;2;2;2;1;2;2;;2;Sans Objet;1;1;4;1;2;1;1;0;0;Sans Objet;1;2;150;7;Sans Objet;2;5;Sans Objet;1;1;2;Sans Objet;Sans Objet;SEJ1;2;2;1;1;2;2;Sans Objet;CHB1;2;1;1;2;2;2;Sans Objet;14,5;275;25,5;278;3;1;4;3;3;3;1;3;3;3;3;4;3;3;4;3;4
LOG564;11185,81016;37;11;0;2022-juin;2022-juillet;11;Île-de-France;92;Hauts-de-Seine;2;3;4;6;5;2;1;2;11;1;2011;2;10;2011;2;2;1;2;2;2;2;;1;6;Vêtements et médecin;2;1;;1;1;;1;7;Circulation, école et crèche;3;NA;;4;NA;NA;NA;1;2;2;2;2;2;2;2;2;2;2;2;1;Pose de parquet;3;6;;NA;NA;NA;NA;NA;NA;NA;NA;1;NA;;2;1;2;2;2;2;2;2;2;;3;3;3;NA;2;NA;1;6;;1;2;1;1;1;2;2;1;1;2;2;2;1;Tortues, poissons, hamster;;1;NA;NA;NA;NA;2;2;4;0;3;1;2;2;2;0;0;2;2;0;2;NA;NA;NA;NA;NA;NA;NA;NA;NA;NA;NA;NA;;1;2;2;2;2;2;2;;1;2;2;2;2;2;2;1;2;2;;2;Sans Objet;0;1;3;0;2;1;0;0;0;Sans Objet;2;1;85;1;Sans Objet;Sans Objet;1;Sans Objet;1;2;2;Sans Objet;Sans Objet;CUS1;1;2;2;1;2;2;Sans Objet;CHB1;2;1;1;2;2;2;Sans Objet;12,6;244;31,2;249;3;1;4;1;1;3;3;1;3;3;3;4;1;1;3;4;4
LOG565;50039,5879;29;11;0;2022-novembre;2022-novembre;11;Île-de-France;78;Yvelines;2;2;2;6;2;2;1;2;5;NA;NA;2;6;2000;2;2;1;2;2;2;2;;2;NA;;3;NA;;1;4;;1;1;;1;7;Ecole;1;2;1;2;2;NA;NA;NA;NA;NA;NA;NA;NA;NA;NA;NA;NA;;1;3;;NA;NA;NA;NA;NA;NA;NA;NA;1;NA;;1;2;2;2;2;2;2;2;2;;3;3;3;NA;2;NA;1;3;;1;3;1;3;1;1;1;2;NA;NA;NA;NA;NA;;;1;NA;NA;NA;NA;2;2;1;0;1;1;2;2;2;0;0;2;1;0;1;NA;NA;NA;NA;NA;NA;NA;NA;NA;NA;NA;NA;;2;2;NA;NA;NA;NA;NA;;2;NA;NA;NA;NA;NA;NA;NA;NA;NA;;2;Sans Objet;1;1;1;0;1;0;0;0;0;Sans Objet;1;1;72;1;Sans Objet;Sans Objet;1;Sans Objet;1;2;2;Sans Objet;Sans Objet;SEJ1;2;2;1;1;2;2;Sans Objet;CHB1;2;1;2;2;2;2;Sans Objet;15;260;37,77;259;3;3;Sans Objet;Sans Objet;3;3;3;3;3;3;3;4;3;3;4;4;4
LOG566;126520,3843;26;11;0;2022-octobre;2022-octobre;11;Île-de-France;78;Yvelines;2;3;7;5;1;2;1;1;6;NA;NA;2;6;2003;NA;NA;NA;NA;NA;NA;1;;2;NA;;3;NA;;3;NA;;2;1;;2;7;Jardinage;2;1;2;2;2;NA;NA;NA;NA;NA;NA;NA;NA;NA;NA;NA;NA;;1;3;;NA;NA;NA;NA;NA;NA;NA;NA;1;NA;;1;2;2;2;2;2;2;2;2;;3;3;3;NA;2;NA;1;3;;1;3;1;3;1;1;1;1;2;1;2;2;1;Tortue;;1;NA;NA;NA;NA;2;2;1;0;1;2;2;2;2;0;0;2;1;0;1;NA;NA;NA;NA;NA;NA;NA;NA;NA;NA;NA;NA;;2;2;NA;NA;NA;NA;NA;;2;NA;NA;NA;NA;NA;NA;NA;NA;NA;;2;Sans Objet;0;1;3;0;2;1;1;0;0;Sans Objet;2;1;100;1;Sans Objet;Sans Objet;1;Sans Objet;2;Sans Objet;2;Sans Objet;Sans Objet;CUS1;2;2;2;1;2;2;Sans Objet;CHB1;2;1;2;2;2;2;Sans Objet;13;247;30;247;3;3;Sans Objet;Sans Objet;3;3;3;3;3;3;3;3;3;3;3;3;3
LOG567;14747,7334;39;11;0;2022-novembre;2022-novembre;11;Île-de-France;92;Hauts-de-Seine;1;5;4;3;0;2;2;1;3;NA;NA;2;3;1985;1;2;2;2;2;1;2;, parpaing de mâchefer;2;NA;;3;NA;;3;NA;;3;NA;;3;NA;;2;1;1;1;2;2;2;2;2;2;2;2;2;2;2;2;2;;2;3;;2;2;2;2;2;2;2;2;1;2;;1;2;2;2;2;2;2;2;2;;3;3;3;NA;2;NA;1;3;;1;3;1;4;2;1;1;2;2;2;2;2;2;;;1;2;2;2;2;2;2;2;0;2;2;1;2;2;0;0;2;2;0;1;NA;NA;NA;NA;NA;NA;NA;NA;NA;NA;NA;NA;;1;2;NA;NA;NA;NA;NA;;2;NA;NA;NA;NA;NA;NA;NA;NA;NA;;2;Sans Objet;0;1;3;1;2;2;0;0;1;garage;2;3;150;4;Sans Objet;Sans Objet;5;Sans Objet;2;Sans Objet;1;2;3;CUS1;1;2;2;1;2;2;Sans Objet;CHB1;2;1;2;2;2;2;Sans Objet;27,6;250;25;415;3;3;Sans Objet;Sans Objet;4;3;3;3;3;3;1;4;3;1;4;4;4
LOG568;38966,41033;26;11;0;2022-septembre;2022-septembre;11;Île-de-France;78;Yvelines;1;6;3;3;0;2;3;1;6;NA;NA;2;8;2021;2;1;2;2;2;2;2;;2;NA;;3;NA;;1;4;;2;1;;3;NA;;4;NA;NA;NA;1;1;1;2;1;1;2;2;1;2;1;2;1;Enduit et ponçage;2;3;;2;2;2;2;2;1;2;2;2;2;;2;2;2;2;2;1;2;2;2;;3;3;3;NA;1;NA;1;6;;1;3;1;2;1;1;1;2;NA;NA;NA;NA;NA;;;1;NA;NA;NA;NA;2;2;3;1;4;1;2;2;2;0;0;2;1;0;2;NA;NA;NA;NA;NA;NA;NA;NA;NA;NA;NA;NA;;1;1;1;2;2;2;2;;1;2;2;2;2;2;2;1;2;2;;2;Sans Objet;0;1;3;2;1;1;1;0;0;Sans Objet;2;3;84;4;Sans Objet;Sans Objet;5;Sans Objet;2;Sans Objet;1;1;3;CUS1;2;2;1;1;2;2;Sans Objet;CHB2;2;1;2;2;2;2;Sans Objet;9,9;254;33,5;255;2;3;Sans Objet;Sans Objet;3;4;4;1;4;1;1;4;3;4;4;4;4
LOG569;30798,70833;27;11;0;2022-septembre;2022-septembre;11;Île-de-France;78;Yvelines;2;2;6;6;3;2;1;2;6;NA;NA;2;10;2014;2;2;1;2;2;2;2;;2;NA;;3;NA;;3;NA;;1;1;;3;NA;;2;1;2;1;1;2;1;2;2;1;2;2;2;2;2;2;2;;2;3;;NA;NA;NA;NA;NA;NA;NA;NA;NA;1;;1;2;2;2;2;2;2;2;2;;3;3;3;NA;2;NA;1;3;;1;1;1;3;1;1;1;2;NA;NA;NA;NA;NA;;;1;NA;NA;NA;NA;2;1;6;4;3;1;2;2;2;0;0;2;2;0;1;NA;NA;NA;NA;NA;NA;NA;NA;NA;NA;NA;NA;;1;2;NA;NA;NA;NA;NA;;1;2;2;2;2;2;2;1;2;2;;2;Sans Objet;1;1;3;0;1;1;1;0;0;Sans Objet;1;1;87;1;Sans Objet;Sans Objet;1;Sans Objet;1;2;2;Sans Objet;Sans Objet;SEJ1;2;2;2;1;2;2;Sans Objet;CHB1;2;1;2;2;2;2;Sans Objet;9,5;252;30,5;242;3;1;2;2;3;3;3;3;3;3;3;4;1;1;1;3;4
LOG570;116257,862;30;11;0;2022-avril;2022-avril;11;Île-de-France;78;Yvelines;1;6;4;1;0;2;2;1;7;NA;NA;2;4;2022;2;2;2;1;2;2;2;;2;NA;;3;NA;;3;NA;;3;NA;;3;NA;;4;NA;NA;NA;2;NA;NA;NA;NA;NA;NA;NA;NA;NA;NA;NA;NA;;3;5;;NA;NA;NA;NA;NA;NA;NA;NA;1;NA;;1;2;2;2;2;2;2;2;2;;2;1;3;NA;2;NA;1;6;;2;NA;1;4;3;1;1;2;NA;NA;NA;NA;NA;;;1;NA;NA;NA;NA;3;3;5;1;3;1;2;2;2;0;0;2;2;0;1;NA;NA;NA;NA;NA;NA;NA;NA;NA;NA;NA;NA;;1;2;NA;NA;NA;NA;NA;;2;NA;NA;NA;NA;NA;NA;NA;NA;NA;;2;Sans Objet;1;1;4;0;2;2;1;1;1;mezzanine à usage de couloir;1;1;165;7;Sans Objet;1;3;Sans Objet;1;1;1;1;3;SEJ1;2;2;2;1;2;2;Sans Objet;CHB1;2;1;2;2;2;2;Sans Objet;10,8;253;55,3;250;3;1;4;2;1;3;1;1;4;4;4;4;4;4;4;4;4
LOG571;142567,7733;27;11;1;2022-juillet;2022-août;11;Île-de-France;78;Yvelines;2;5;3;8;4;2;1;2;8;NA;NA;2;8;1995;2;2;1;2;2;2;2;;2;NA;;3;NA;;3;NA;;3;NA;;3;NA;;4;NA;NA;NA;2;NA;NA;NA;NA;NA;NA;NA;NA;NA;NA;NA;NA;;1;3;;2;2;2;2;2;1;2;2;2;2;;1;2;2;2;2;2;2;2;2;;3;3;3;NA;2;NA;1;3;;1;3;1;3;1;1;1;1;2;1;2;2;2;;;1;NA;NA;NA;NA;2;2;2;0;2;1;2;2;2;0;0;2;2;0;2;NA;NA;NA;NA;NA;NA;NA;NA;NA;NA;NA;NA;;2;1;2;2;2;2;1;Centre commercial;1;2;2;2;2;2;2;2;1;2;Parc arboré sans traitement;2;Sans Objet;0;1;3;0;1;1;1;0;0;Sans Objet;2;1;86;1;Sans Objet;Sans Objet;1;Sans Objet;1;2;2;Sans Objet;Sans Objet;CUS1;1;2;1;1;2;2;Sans Objet;CHB1;2;1;2;2;2;2;Sans Objet;5,826;226;38,5;250;3;1;4;1;3;3;3;3;3;3;3;4;4;4;4;4;4
